time,Muttonpulao_02_serum_glucose_mg_dl,Cholebhature_01_serum_glucose_mg_dl,Curdrice_01_serum_glucose_mg_dl,Lemonrice_01_serum_glucose_mg_dl,Pasta_01_serum_glucose_mg_dl,Masaladosa_01_serum_glucose_mg_dl,Vegetable_Biryani_01_serum_glucose_mg_dl,Rapid_starch_01_serum_glucose_mg_dl,Chickenbreast_01_serum_glucose_mg_dl,Rice_01_serum_glucose_mg_dl,Eggwhite_01_serum_glucose_mg_dl,Paneer_01_serum_glucose_mg_dl,Milk_Chocolate_01_serum_glucose_mg_dl,Peanuts_01_serum_glucose_mg_dl,Curd_01_serum_glucose_mg_dl,Glucose_01_serum_glucose_mg_dl,Biscuit_01_serum_glucose_mg_dl,Glucose_02_serum_glucose_mg_dl,Bread_Meal_01_100_serum_glucose_mg_dl,Chickensandwich_01_serum_glucose_mg_dl,Ghee_01_serum_glucose_mg_dl,Apple_Pineapplesalad_01_serum_glucose_mg_dl,Spinach_01_serum_glucose_mg_dl,Bread_meal_02_serum_glucose_mg_dl,Orange_01_serum_glucose_mg_dl,Omelette_01_serum_glucose_mg_dl,Muttonpulao_01_serum_glucose_mg_dl,Arabinose_01_serum_glucose_mg_dl
1.01,84.94921,84.95095,84.95708,84.9557,84.93318,84.94918,84.95837,84.93303,84.93299,84.93314,84.93299,84.93778,84.93301,84.93397,84.93369,85.26315,84.93299,85.26315,84.93319,84.95134,84.93299,84.94454,84.93308,84.93319,84.93569,84.93945,84.9557,84.93299
2.01,85.23208,85.2582,85.27289,85.21716,85.08492,85.15507,85.28363,85.02347,84.93299,85.04758,84.93299,85.03051,84.9522,84.96481,84.95687,86.78484,84.93327,86.78484,85.09312,85.20823,84.93299,85.13602,84.93534,85.09312,84.99522,85.03985,85.21716,84.93299
3.01,85.93504,86.01815,86.01045,85.82803,85.63893,85.57889,86.0549,85.51112,84.93299,85.52456,84.93299,85.26322,85.07554,85.07712,85.03944,89.43496,84.94152,89.4361,85.68205,85.78663,84.93299,85.6725,84.94415,85.68205,85.19427,85.27984,85.82803,84.93299
4.01,87.06043,87.24769,87.15619,86.78569,86.63312,86.1425,87.27875,86.56807,84.93299,86.4384,84.93299,85.6436,85.39719,85.30417,85.19345,93.02567,84.98073,93.03676,86.76917,86.60524,84.93299,86.56973,84.96161,86.76917,85.56701,85.66818,86.78569,84.93299
5.01,88.56069,88.92897,88.70777,88.05716,88.06461,86.77556,88.95561,88.26692,84.93299,87.79628,84.93299,86.14415,85.97205,85.66095,85.40285,97.33005,85.08163,97.36805,88.37283,87.5641,84.93299,87.7769,84.9875,88.37283,86.10918,86.21321,88.05716,84.93299
6.01,90.34354,90.95246,90.66877,89.61255,89.9126,87.4532,91.05067,90.58488,84.93299,89.58224,84.93299,86.67268,86.81042,86.14544,85.63661,102.13575,85.27786,102.22752,90.45821,88.59133,84.93299,89.23197,85.02079,90.45821,86.80494,86.90497,89.61255,84.93299
7.01,92.28066,93.08946,93.01045,91.42124,92.13516,88.15776,93.44902,93.46289,84.93299,91.76562,84.93299,87.16267,87.88777,86.74359,85.87228,107.26881,85.60459,107.45601,92.96019,89.64669,84.93299,90.87922,85.06008,92.96019,87.63514,87.67889,91.42124,84.93298
8.01,94.26969,95.16664,95.6675,93.44928,94.67603,88.86737,95.97616,96.82749,84.93299,94.30672,84.93299,87.59521,89.15685,87.43382,86.09756,112.54363,86.09651,112.87732,95.80708,90.70584,84.93299,92.67108,85.10373,95.80708,88.57885,88.41411,93.44928,84.93297
9.01,96.25037,97.07447,98.53735,95.65988,97.47261,89.56392,98.49517,100.59015,84.93299,97.16214,84.93299,87.97252,90.55853,88.19069,86.3071,117.64976,86.78215,118.16947,98.92922,91.74998,84.93299,94.56652,85.15012,98.92922,89.61403,89.04125,95.65988,84.93296
10.01,98.17645,98.7434,101.50116,98.00543,100.46087,90.23794,100.91254,104.64887,84.93299,100.286,84.93299,88.30439,92.03101,88.98808,86.49915,122.25458,87.68389,122.9904,102.25763,92.76263,84.93299,96.52855,85.19779,102.25763,90.71927,89.55818,98.00543,84.93294
11.01,100.0047,100.15023,104.44245,100.42718,103.57351,90.88629,103.14403,108.87979,84.93299,103.62483,84.93299,88.60133,93.51734,89.80174,86.67371,126.54258,88.81921,127.54266,105.71464,93.72984,84.93299,98.52138,85.24554,105.71464,91.87499,89.98852,100.42718,84.93292
12.01,101.68934,101.29957,107.21577,102.87087,106.73039,91.5076,105.10144,113.10507,84.93299,107.10681,84.93299,88.8719,94.97017,90.61118,86.83196,130.75152,90.1998,132.03393,109.19592,94.64041,84.93299,100.50758,85.29236,109.19592,93.06309,90.35746,102.87087,84.93289
13.01,103.17851,102.20389,109.65102,105.27381,109.82118,92.09929,106.6871,117.06444,84.93299,110.6224,84.93299,89.12197,96.35272,91.40035,86.97573,134.85408,91.82969,136.40967,112.54583,95.48543,84.93299,102.44486,85.33748,112.54583,94.2661,90.6842,105.27381,84.93286
14.01,104.41511,102.87574,111.58402,107.54343,112.69294,92.65698,107.81821,120.58897,84.93299,114.0058,84.93299,89.355,97.63751,92.15719,87.10712,138.69515,93.70629,140.55651,115.57161,96.25709,84.93299,104.28265,85.38035,115.57161,95.46684,90.98083,107.54343,84.93283
15.01,105.3462,103.32881,112.94185,109.56358,115.19388,93.17554,108.47666,123.83944,84.93299,117.09088,84.93299,89.57265,98.80408,92.87273,87.22813,142.02306,95.82157,144.3509,118.18844,96.94756,84.93299,105.95974,85.4206,118.18844,96.64848,91.25366,109.56358,84.93279
16.01,105.94134,103.58147,113.79519,111.25292,117.29861,93.65038,108.73015,127.00168,84.93298,119.88405,84.93299,89.77553,99.83617,93.54006,87.34042,144.66999,98.16018,147.66538,120.51539,97.54828,84.93299,107.40687,85.45799,120.51539,97.79449,91.5053,111.25292,84.93275
17.01,106.2095,103.65813,114.26263,112.63377,119.12265,94.07821,108.6925,130.10222,84.93298,122.54794,84.93299,89.96379,100.71786,94.15366,87.4452,146.69152,100.6975,150.37724,122.68959,98.04993,84.93299,108.56023,85.49239,122.68959,98.88811,91.73646,112.63377,84.9327
18.01,106.19724,103.58723,114.43055,113.79847,120.77255,94.45703,108.46833,133.10179,84.93298,125.18613,84.93299,90.13751,101.43213,94.7088,87.54342,147.90248,103.39678,152.3804,124.74988,98.4431,84.93299,109.38506,85.52372,124.74988,99.91182,91.94719,113.79847,84.93265
19.01,105.96771,103.39737,114.36128,114.8176,122.28205,94.78565,108.12987,135.94859,84.93297,127.80465,84.93298,90.29679,101.96307,95.20125,87.63582,148.37187,106.20167,153.43126,126.67819,98.71952,84.93298,109.89186,85.55193,126.67819,100.8472,92.13741,114.8176,84.9326
20.01,105.57948,103.11424,114.10775,115.7104,123.64296,95.06313,107.7205,138.58519,84.93297,130.36728,84.93298,90.44182,102.29986,95.62708,87.72304,,109.02518,153.40676,128.44027,98.8736,84.93298,110.12678,85.57702,128.44027,101.67531,92.30713,115.7104,84.93255
21.01,105.0772,102.75908,113.71433,116.46258,124.83428,95.28831,107.26466,140.9441,84.93297,132.82407,84.93298,90.57279,102.44052,95.98261,87.80552,,111.74986,152.53913,129.9996,98.90371,84.93298,110.14555,85.59901,129.9996,102.37761,92.45648,116.46258,84.93249
22.01,104.49187,102.34868,113.21606,117.04576,125.83424,95.45965,106.7757,142.95823,84.93296,135.11894,84.93297,90.6899,102.39366,96.26447,87.88346,,114.27535,150.82772,131.32137,98.813,84.93297,109.99486,85.61792,131.32137,102.93741,92.58563,117.04576,84.93242
23.01,103.84446,101.89609,112.63936,117.43019,126.62476,95.57535,106.2608,144.56832,84.93295,137.19254,84.93297,90.79331,102.17764,96.46977,87.95682,,116.60676,148.50028,132.37436,98.60929,84.93297,109.70811,85.63378,132.37435,103.34177,92.69481,117.43019,84.93236
24.01,103.14945,101.41152,112.00348,117.59503,127.19262,95.63381,105.7238,145.72823,84.93294,138.98646,84.93296,90.88321,101.8177,96.59638,88.0255,,118.85038,145.46708,133.13224,98.30423,84.93296,109.30851,85.6466,133.13197,103.58354,92.78423,117.59503,84.93229
25.01,102.41739,100.90322,111.32203,117.53443,127.52988,95.63422,105.16688,146.40737,84.93293,140.44926,84.93295,90.9598,101.34235,96.64325,88.08941,,121.10193,142.19163,133.57496,97.91203,84.93295,108.81315,85.65642,133.57331,103.66272,92.85419,117.53443,84.93222
26.01,101.65654,100.37811,110.60452,117.25606,127.63449,95.57703,104.59147,146.58932,84.93292,141.54092,84.93295,91.02329,100.78027,96.61066,88.14854,,123.39466,138.56937,133.68869,97.44812,84.93295,108.2357,85.66328,133.68421,103.58641,92.90505,117.25606,84.93215
27.01,100.87388,99.84225,109.85754,116.77543,127.51011,95.46427,103.99884,146.2744,84.93291,142.23379,84.93294,91.07395,100.15834,96.50048,88.2029,,125.71939,134.4704,133.46517,96.92803,84.93294,107.58794,85.66722,133.4588,103.36745,92.9373,116.77543,84.93207
28.01,100.07573,99.30114,109.08575,116.11107,127.16381,95.29954,103.39035,145.4857,84.9329,142.51226,84.93292,91.11206,99.50074,96.31617,88.25251,,128.04899,130.5075,132.90177,96.36661,84.93292,106.88043,85.66827,132.90038,103.02225,92.95152,116.11107,84.932
29.01,99.26819,98.75995,108.29258,115.28207,126.60376,95.08775,102.76764,144.26514,84.93288,142.37295,84.93291,91.13796,98.8287,96.06272,88.29733,,130.34958,126.29184,132.00194,95.77756,84.93291,106.12278,85.66647,132.02147,102.56887,92.94841,115.28207,84.93192
30.01,98.4574,98.22362,107.48071,114.30718,125.83808,94.83474,102.13269,142.66843,84.93286,141.82472,84.93289,91.15205,98.16062,95.74644,88.33729,,132.58362,122.19894,130.77559,95.17325,84.93289,105.32386,85.66187,130.8431,102.02556,92.92874,114.30718,84.93184
31.01,97.64967,97.69694,106.65248,113.2046,124.87515,94.54685,101.48787,140.75885,84.93284,140.88802,84.93288,91.15474,97.51228,95.37467,88.37233,,134.71174,117.92336,129.23919,94.5646,84.93288,104.49182,85.65454,129.39367,101.4098,92.89336,113.2046,84.93176
32.01,96.85165,97.18454,105.81011,111.99205,123.72482,94.23057,100.83591,138.59892,84.93282,139.59326,84.93286,91.14655,96.89696,94.95547,88.40245,,136.69346,112.87823,127.41539,93.96113,84.93286,103.63421,85.64452,127.70728,100.73796,92.84322,111.99205,84.93168
33.01,96.0703,96.6908,104.9559,110.68695,122.40002,93.89228,100.17992,136.24998,84.93279,137.97836,84.93283,91.128,96.32545,94.49728,88.42766,,138.48733,107.44488,125.33188,93.37096,84.93283,102.75808,85.63186,125.82135,100.0253,92.77933,110.68695,84.93159
34.01,95.31294,96.21982,104.09232,109.3065,120.91822,93.53807,99.52339,133.77216,84.93276,136.0859,84.93281,91.09963,95.80608,94.00863,88.44804,,140.05189,101.98414,123.01971,92.80087,84.93281,101.87016,85.61664,123.77453,99.28599,92.70277,109.3065,84.93151
35.01,94.58709,95.77526,103.22213,107.86774,119.30169,93.1737,98.87014,131.22129,84.93273,133.96039,84.93278,91.06202,95.34462,93.49783,88.46364,,141.3477,96.69506,120.51215,92.2563,84.93278,100.97694,85.59891,121.60515,98.53329,92.61467,107.86774,84.93143
36.01,93.90031,95.36026,102.34839,106.3873,117.57653,92.80451,98.22429,128.64592,84.9327,131.64571,84.93275,91.01575,94.94428,92.97275,88.47456,,142.33978,91.68059,117.8453,91.74147,84.93275,100.08488,85.57874,119.35031,97.77962,92.51619,106.3873,84.93134
37.01,93.25982,94.9773,101.47456,104.88111,115.77073,92.43544,97.59025,126.08642,84.93266,129.18305,84.93272,90.96142,94.60581,92.44064,88.48083,,143.00019,86.98268,115.06061,91.25934,84.93272,99.20055,85.55621,117.04481,97.03649,92.40845,104.88111,84.93125
38.01,92.67216,94.62815,100.60443,103.36392,113.91234,92.07093,96.97267,123.57367,84.93262,126.60924,84.93268,90.89966,94.3278,91.908,88.48253,,143.30999,82.60734,112.20584,90.81177,84.93268,98.33074,85.53139,114.72023,96.31421,92.29259,103.36392,84.93117
39.01,92.1427,94.31376,99.74211,101.84891,112.0279,91.71485,96.37636,121.12918,84.93258,123.95542,84.93264,90.83108,94.10702,91.38049,88.47972,,143.2607,78.54252,109.33139,90.39959,84.93264,97.48255,85.50436,112.40457,95.62155,92.16969,101.84891,84.93108
40.01,91.67528,94.0343,98.89193,100.34752,110.14152,91.37044,95.80623,118.76831,84.93253,121.24589,84.9326,90.75633,93.93896,90.86288,88.4725,,142.8554,75.36739,106.48456,90.02271,84.9326,96.66342,85.47518,110.1224,94.96542,92.04083,100.34752,84.93099
41.01,91.2719,93.78918,98.05847,98.86939,108.27429,91.04025,95.26713,116.49197,84.93248,118.49727,84.93256,90.67601,93.81824,90.35904,88.46096,,142.10877,73.07208,103.70558,89.68024,84.93256,95.88102,85.44393,107.89497,94.35059,91.90706,98.86939,84.93091
42.01,90.93259,93.57706,97.24647,97.42249,106.44415,90.72607,94.76368,114.20411,84.93243,115.71858,84.93251,90.59073,93.73909,89.87194,88.44522,,141.04616,70.5047,101.02643,89.37068,84.93251,95.1431,85.4107,105.73998,93.77961,91.76936,97.42249,84.93082
43.01,90.65553,93.39603,96.46091,96.01343,104.66588,90.429,94.30014,111.77051,84.93237,112.91522,84.93246,90.50106,93.6956,89.40369,88.42543,,139.70173,67.74754,98.47106,89.09199,84.93246,94.4572,85.37556,103.67174,93.25297,91.62864,96.01343,84.93073
44.01,90.43723,93.24372,95.70708,94.64783,102.95125,90.14947,93.88015,109.2411,84.93232,110.09928,84.93241,90.40757,93.68194,88.95562,88.4017,,138.11582,64.93574,96.05644,88.84174,84.93241,93.83021,85.33861,101.70162,92.76942,91.48574,94.64783,84.93065
45.01,90.27288,93.11741,94.99062,93.33086,101.30933,89.88735,93.50656,106.70991,84.93225,107.29742,84.93235,90.31085,93.69254,88.52836,88.37418,,136.33228,62.13306,93.7936,88.61726,84.93235,93.26786,85.29991,99.83853,92.32627,91.34142,93.33086,84.93056
46.01,90.1568,93.01417,94.31753,92.06774,99.74684,89.64212,93.18127,104.24266,84.93219,104.54529,84.93229,90.21141,93.72221,88.12197,88.34299,,134.39602,59.35221,91.68887,88.41572,84.93229,92.77429,85.25956,98.0892,91.91983,91.19635,92.06774,84.93048
47.01,90.08279,92.93098,93.69403,90.8645,98.26843,89.41298,92.90506,101.87769,84.93212,101.87692,84.93223,90.10978,93.76616,87.73604,88.30826,,132.35083,56.55518,89.74492,88.23423,84.93223,92.35161,85.21763,96.45869,91.54583,91.05118,90.8645,84.93039
48.01,90.04448,92.86483,93.12626,89.72854,96.87715,89.19899,92.67764,99.63157,84.93205,99.31952,84.93216,90.00642,93.82013,87.36981,88.27013,,130.23742,,87.96185,88.06996,84.93216,91.9998,85.1742,94.94991,91.19984,90.90652,89.72854,84.93031
49.01,90.03563,92.8128,92.61992,88.66921,95.57473,88.99919,92.49759,97.5016,84.93198,96.89272,84.93209,89.90176,93.88038,87.02223,88.22876,,128.09212,,86.3383,87.92017,84.93209,91.71671,85.12935,93.56296,90.87764,90.76291,88.66921,84.93022
50.01,90.05028,92.77213,92.17986,87.69791,94.362,88.81264,92.36252,95.42484,84.9319,94.60935,84.93202,89.79618,93.94362,86.69208,88.18428,,125.94647,,84.87288,87.78228,84.93202,91.49833,85.08316,92.29542,90.57533,90.62085,87.69791,84.93014
51.01,90.08295,92.74029,91.80967,86.82762,93.23913,88.63847,92.26921,93.42064,84.93182,92.4766,84.93194,89.69007,94.007,86.378,88.13683,,123.82734,,83.56589,87.65391,84.93194,91.33919,85.03571,91.14308,90.28945,90.48073,86.82762,84.93006
52.01,90.12864,92.71496,91.51135,86.07169,92.20604,88.47585,92.21377,91.53523,84.93173,90.49714,84.93187,89.58377,94.06809,86.07861,88.08655,,121.75704,,82.42092,87.53295,84.93187,91.23277,84.98708,90.10068,90.01704,90.34292,86.07169,84.92998
53.01,90.18295,92.69414,91.28509,85.44198,91.26272,88.32401,92.19191,89.79075,84.93165,88.67012,84.93178,89.47759,94.12483,85.79251,88.03357,,119.75306,,81.44571,87.41751,84.93178,91.17202,84.93735,89.16261,89.75559,90.2077,85.44198,84.92989
54.01,90.24208,92.67604,91.12924,84.94672,90.40947,88.18217,92.19907,88.19583,84.93155,86.99198,84.9317,89.37182,94.17557,85.51835,87.97805,,117.82827,,80.65147,87.306,84.9317,91.14966,84.88659,88.32346,89.50298,90.07532,84.94672,84.92981
55.01,90.30273,92.65919,91.04038,84.58894,89.64706,88.04955,92.23066,86.75069,84.93146,85.45733,84.93161,89.26669,94.21903,85.25485,87.92013,,115.99163,,80.05003,87.1971,84.93161,91.15853,84.83488,87.57838,89.25752,89.94599,84.58894,84.92974
56.01,90.36221,92.64233,91.01356,84.36578,88.97669,87.92532,92.28217,85.44688,84.93136,84.05952,84.93152,89.1624,94.2543,85.00076,87.85994,,114.24924,,79.64968,87.08971,84.93152,91.19184,84.78227,86.92321,89.01793,89.81983,84.36578,84.92966
57.01,90.41832,92.62448,91.04264,84.26894,88.39972,87.8086,92.3493,84.1141,84.93126,82.7912,84.93143,89.05916,94.28075,84.75493,87.79759,,112.60443,,79.45131,86.983,84.93143,91.24331,84.72886,86.35461,88.78319,89.69694,84.26894,84.92958
58.01,90.46933,92.60486,91.12065,84.28614,87.91732,87.69851,92.428,82.39748,84.93116,81.64469,84.93133,88.95714,94.29801,84.51626,87.73321,,111.05713,,79.44668,86.87633,84.93133,91.30729,84.6747,85.86997,88.55254,89.57738,84.28614,84.92951
59.01,90.51398,92.58296,91.2402,84.40274,87.53002,87.59414,92.51459,80.498,84.93106,80.61222,84.93123,88.85651,94.30596,84.28374,87.66693,,109.60426,,79.61928,86.76921,84.93123,91.37881,84.61988,85.46723,88.32542,89.46114,84.40274,84.92943
60.01,90.55137,92.55849,91.39375,84.60338,87.2373,87.49466,92.60574,78.56133,84.93095,79.68607,84.93113,88.75742,94.30465,84.05649,87.59888,,108.24016,,79.9469,86.66133,84.93113,91.45358,84.56445,85.14462,88.10143,89.34827,84.60338,84.92936
61.01,90.58095,92.53139,91.5739,84.8731,87.03728,87.39929,92.6985,77.62484,84.93083,78.85875,84.93102,88.65998,94.29436,83.8337,87.52918,,106.95759,,80.40462,86.55248,84.93102,91.52794,84.50848,84.90033,87.8803,89.23875,84.8731,84.92929
62.01,90.60248,92.50177,91.77361,85.19808,86.92646,87.30739,92.79039,77.08336,84.93072,78.1231,84.93092,88.5643,94.27557,83.61461,87.45797,,105.7474,,80.9673,86.44257,84.93092,91.59885,84.45204,84.7323,87.66184,89.13261,85.19808,84.92921
63.01,90.61595,92.46984,91.9863,85.56592,86.89975,87.21843,92.87936,76.01157,84.9306,77.47243,84.93081,88.47046,94.24886,83.39855,87.38537,,104.59831,,81.6111,86.33153,84.93081,91.66383,84.39518,84.63793,87.44596,89.02983,85.56592,84.92915
64.01,90.62157,92.4359,92.20602,85.96574,86.95047,87.13204,92.96383,74.66509,84.93048,76.90056,84.93069,88.37853,94.21495,83.18488,87.31147,,103.4998,,82.31415,86.21938,84.93069,91.72094,84.33798,84.61404,87.23265,88.93038,85.96574,84.92908
65.01,90.61972,92.4003,92.42744,86.38802,87.07071,87.04793,93.04257,73.21866,84.93036,76.40186,84.93058,88.28858,94.1746,82.97303,87.2364,,102.44428,,83.05671,86.10613,84.93058,91.76871,84.28048,84.65672,87.02195,88.83425,86.38802,84.92901
66.01,90.61096,92.36344,92.64595,86.82446,87.25164,86.96592,93.1147,71.77104,84.93023,75.97109,84.93046,88.20067,94.12859,82.76248,87.16025,,101.43041,,83.8211,85.99183,84.93046,91.80609,84.22276,84.76142,86.81389,88.74143,86.82446,84.92895
67.01,90.59594,92.32573,92.85763,87.26779,87.48393,86.88584,93.17959,70.37504,84.9301,75.60339,84.93034,88.11484,94.07776,82.5528,87.08313,,100.46054,,84.59155,85.87654,84.93034,91.83241,84.16486,84.92298,86.60852,88.65194,87.26779,84.92888
68.01,90.57542,92.28757,93.05924,87.71161,87.75816,86.80756,93.23686,69.05523,84.92997,75.29423,84.93021,88.03112,94.02294,82.34358,87.00514,,99.53642,,85.35407,85.76035,84.93021,91.84736,84.10685,85.13577,86.40588,88.56578,87.71161,84.92882
69.01,90.55018,92.24934,93.24823,88.15026,88.06506,86.73092,93.28629,67.81788,84.92984,75.03938,84.93009,87.94952,93.96499,82.13447,86.9264,,98.65919,,86.09644,85.64335,84.93009,91.85092,84.04877,85.39384,86.20607,88.48294,88.15026,84.92876
70.01,90.52106,92.21139,93.42267,88.57877,88.39586,86.65568,93.32789,66.65559,84.9297,74.83491,84.92996,87.87004,93.9047,81.92516,86.84702,,97.82603,,86.80831,85.52564,84.92996,91.84336,83.99067,85.69113,86.00918,88.4034,88.57877,84.9287
71.01,90.48889,92.17404,93.58127,88.99278,88.74238,86.58155,93.36183,65.54856,84.92956,74.6772,84.92983,87.79269,93.84284,81.71535,86.76708,,97.03331,,87.48123,85.40736,84.92983,91.82515,83.93262,86.0216,85.81528,88.32707,88.99278,84.92864
72.01,90.45448,92.13758,93.72332,89.3885,89.09731,86.50817,93.3885,64.46302,,74.56281,,87.71747,93.78009,81.50483,86.68665,,96.27379,,88.10887,85.28864,,91.79697,83.87465,86.37941,85.62446,88.25387,89.3885,84.92858
73.01,90.41864,92.10231,93.84858,89.76274,89.45424,86.43513,93.4084,63.34361,,74.48843,,87.64438,93.71704,81.29339,86.6058,,95.53048,,88.68715,85.16965,,91.7596,83.81683,86.75901,85.43678,88.18373,89.76274,84.92853
74.01,90.38213,92.06845,93.9573,90.11289,89.80785,86.36201,93.42218,62.09851,,74.45082,,87.57341,93.65424,81.08091,86.52459,,94.78245,,89.21425,85.05056,,91.71396,83.75919,87.15527,85.25229,88.11658,90.11289,84.92847
75.01,90.34565,92.03621,94.05005,90.43696,90.15389,86.28838,93.43052,60.95557,,74.44684,,87.50454,93.59217,80.86728,86.44312,,94.00768,,89.69056,84.93157,,91.66101,83.70178,87.56358,85.07105,88.05232,90.43696,84.92842
76.01,90.30986,92.00577,94.12768,90.73359,90.48918,86.21386,93.43416,59.45093,,74.47348,,87.43775,93.53128,80.65247,86.36146,,93.19329,,90.1183,84.81288,,91.60175,83.64465,87.97992,84.89308,87.99089,90.73359,84.92837
77.01,90.27536,91.97727,94.19131,91.00206,90.81143,86.13812,93.43385,57.49211,,74.52791,,87.37301,93.47192,80.43645,86.2797,,92.33371,,90.5012,84.69471,,91.5372,83.58783,88.4009,84.71845,87.93219,91.00206,84.92832
78.01,90.24268,91.95086,94.24216,91.24226,91.11924,86.06092,93.43031,55.12256,,74.60745,,87.31032,93.41436,80.21923,86.19792,,91.43654,,90.84385,84.57724,,91.46837,83.53138,88.82374,84.5472,87.87612,91.24226,84.92827
79.01,90.21227,91.92663,94.28158,91.45465,91.41188,85.98205,93.42428,52.37524,,74.70954,,87.24966,93.3588,80.00088,86.11618,,90.52941,,91.15131,84.46067,,91.39623,83.47534,89.24624,84.37937,87.82258,91.45465,84.92823
80.01,90.18452,91.90469,94.31099,91.64017,91.68924,85.90138,93.41644,49.33499,,74.83167,,87.19101,93.30536,79.78151,86.03451,,89.63939,,91.42866,84.34517,,91.32166,83.41974,89.66671,84.21496,87.77148,91.64017,84.92818
81.01,90.15971,91.8851,94.33175,91.80023,91.95169,85.8188,93.40745,46.15553,,74.97143,,87.13435,93.25412,79.56126,85.95297,,88.64597,,91.68075,84.23087,,91.2455,83.36462,90.08389,84.05398,87.72274,91.80023,84.92814
82.01,90.13803,91.8679,94.34524,91.93656,92.19994,85.73423,93.39788,43.00547,,75.12652,,87.07964,93.20512,79.34028,85.87161,,87.35175,,91.91202,84.1179,,91.1685,83.31003,90.49691,83.89643,87.6763,91.93656,84.9281
83.01,90.11959,91.85309,94.35276,92.05118,92.43486,85.64755,93.38826,40.0364,,75.29476,,87.02683,93.15837,79.11874,85.7905,,85.80147,,92.1264,84.00633,,91.09133,83.25599,90.90517,83.74231,87.63208,92.05118,84.92806
84.01,90.10444,91.84063,94.35552,92.1463,92.65743,85.5586,93.37903,37.379,,75.4742,,86.97588,93.11382,78.89681,85.70972,,84.0363,,92.32723,83.89621,,91.01457,83.20254,91.30832,83.59163,87.58999,92.1463,84.92802
85.01,90.09255,91.83046,94.35466,92.22425,92.86858,85.46719,93.37056,35.25072,,75.663,,86.92676,93.07137,78.67466,85.6293,,82.14869,,92.51729,83.78755,,90.93871,83.14973,91.70615,83.44439,87.54994,92.22425,84.92798
86.01,90.08386,91.82247,94.35121,92.28734,93.06925,85.37306,93.36313,33.8315,,75.85945,,86.87943,93.03091,78.45249,85.54931,,80.22593,,92.69881,83.68034,,90.86415,83.09758,92.09852,83.30057,87.51184,92.28734,84.92794
87.01,90.0783,91.81655,94.34609,92.33787,93.26031,85.2759,93.35698,32.57516,,76.06188,,86.83383,92.99228,78.23053,85.46976,,78.32348,,92.87356,83.57451,,90.79121,83.04612,92.48526,83.16016,87.47563,92.33787,84.92791
88.01,90.0757,91.81254,94.34006,92.37803,93.4426,85.17541,93.35225,31.47261,,76.26873,,86.78992,92.95535,78.00897,85.39068,,76.47329,,93.04295,83.47001,,90.72012,82.9954,92.8662,83.02313,87.44124,92.37803,84.92788
89.01,90.07593,91.81027,94.33381,92.40985,93.61688,85.07126,93.34903,30.50288,,76.47853,,86.74761,92.92001,77.78804,85.31211,,74.70792,,93.20809,83.36673,,90.65103,82.94543,93.24111,82.88947,87.40862,92.40985,84.92784
90.01,90.07878,91.8096,94.32789,92.43525,93.78377,84.96317,93.34736,29.64585,,76.68996,,86.70685,92.88612,77.56795,85.23411,,73.93263,,93.36981,83.26458,,90.58406,82.89625,93.60969,82.75915,87.37769,92.43525,84.92781
91.01,90.08406,91.81041,94.32275,92.45593,93.94378,84.85091,93.34723,28.88633,,76.90186,,86.66759,92.85353,77.34888,85.15671,,73.05797,,93.52873,83.16344,,90.51924,82.84789,93.97164,82.63219,87.34837,92.45593,84.92779
92.01,90.09158,91.81265,94.31875,92.47341,94.0973,84.73434,93.34859,28.21302,,77.11317,,86.62984,92.82208,77.13104,85.07997,,,,93.68523,83.06319,,90.45658,82.80037,94.32661,82.50855,87.32059,92.47341,84.92776
93.01,90.10116,91.81627,94.31614,92.48901,94.24465,84.61343,93.35136,27.61705,,77.32288,,86.59356,92.79161,76.91464,85.00391,,,,93.83954,82.96375,,90.39603,82.75373,94.67413,82.3882,87.29427,92.48901,84.92773
94.01,90.11266,91.8212,94.31508,92.50383,94.3861,84.48823,93.35545,27.09114,,77.53004,,86.55873,92.76195,76.6999,84.92853,,,,93.99175,82.86501,,90.33749,82.70799,95.01369,82.27109,87.26937,92.50383,84.92771
95.01,90.12593,91.82737,94.31564,92.51877,94.52192,84.35888,93.36073,26.80545,,77.73374,,86.52534,92.73301,76.48702,84.85386,,,,94.1419,82.76692,,90.28085,82.66317,95.34475,82.1572,87.24581,92.51877,84.92769
96.01,90.14084,91.83466,94.31785,92.53456,94.65229,84.22559,93.36704,26.73325,,77.93316,,86.49335,92.70466,76.27622,84.77993,,,,94.28999,82.66942,,90.22598,82.6193,95.66669,82.04651,87.22356,92.53456,84.92767
97.01,90.15723,91.84293,94.32166,92.55175,94.77733,84.08863,93.37422,26.56258,,78.12762,,86.46277,92.67682,76.06769,84.70677,,,,94.43598,82.57251,,90.17275,82.5764,95.97894,81.939,87.20255,92.55175,84.92765
98.01,90.17496,91.85203,94.32699,92.57073,94.89713,83.94826,93.38211,26.35023,,78.31655,,86.43357,92.64938,75.86164,84.63444,,,,94.57974,82.47618,,90.12101,82.53449,96.28091,81.83461,87.1827,92.57073,84.92763
99.01,90.19386,91.86178,94.33373,92.59172,95.01168,83.80478,93.39053,26.12951,,78.49941,,86.40575,92.62225,75.65826,84.56295,,,,94.7211,82.38046,,90.0706,82.4936,96.57201,81.73332,87.16395,92.59172,84.92762
100.01,90.21379,91.87206,94.34173,92.61484,95.12102,83.65845,93.39935,25.91934,,78.67569,,86.37928,92.59532,75.45774,84.49231,,,,94.85983,82.28539,,90.02138,82.45374,96.85165,81.6351,87.14625,92.61484,84.9276
101.01,90.23461,91.88272,94.35083,92.64006,95.22518,83.50954,93.40841,25.73007,,78.8449,,86.35411,92.56853,75.26025,84.42254,,,,94.99569,82.19103,,89.97318,82.41493,97.11926,81.53991,87.12955,92.64006,84.92759
102.01,90.25616,91.89362,94.36083,92.66729,95.32421,83.35831,93.41756,25.67842,,79.0066,,86.3302,92.54183,75.06594,84.35364,,,,95.12847,82.09744,,89.92587,82.3772,97.37427,81.4477,87.1138,92.66729,84.92758
103.01,90.27832,91.90464,94.37154,92.69635,95.41816,83.20503,93.42669,25.83412,,79.16039,,86.30748,92.51518,74.87494,84.28566,,,,95.25796,82.00467,,89.87932,82.34055,97.61619,81.35845,87.09895,92.69635,84.92757
104.01,90.301,91.91565,94.38277,92.72701,95.50703,83.05004,93.43567,25.88907,,79.30601,,86.28591,92.48856,74.68733,84.2186,,,,95.38397,81.91275,,89.83342,82.30501,97.84458,81.27212,87.08494,92.72701,84.92756
105.01,90.32416,91.92656,94.39435,92.75902,95.59081,82.89374,93.44438,25.89431,,79.44324,,86.26544,92.46191,74.5032,84.15251,,,,95.50628,81.82172,,89.78807,82.27059,98.05906,81.18868,87.07171,92.75902,84.92755
106.01,90.3478,91.93731,94.40609,92.79205,95.66947,82.73666,93.45276,25.88061,,79.57191,,86.24602,92.43521,74.32261,84.08739,,,,95.62466,81.73156,,89.74316,82.2373,98.2593,81.10809,87.05921,92.79205,84.92755
107.01,90.3719,91.94782,94.41784,92.82579,95.74301,82.57948,93.46075,25.90888,,79.69182,,86.2276,92.40842,74.14563,84.02323,,,,95.73889,81.64227,,89.69862,82.20515,98.44503,81.03032,87.04739,92.82579,84.92754
108.01,90.39641,91.95805,94.42943,92.85993,95.81147,82.42303,93.46828,26.21635,,79.80278,,86.21013,92.38155,73.97231,83.96005,,,,95.84879,81.55382,,89.65438,82.17417,98.616,80.95532,87.03622,92.85993,84.92754
109.01,90.42127,91.96795,94.44071,92.89413,95.87491,82.26829,93.47532,26.41044,,79.9047,,86.19355,92.3546,73.80271,83.89786,,,,95.9542,81.46618,,89.61038,82.14435,98.77204,80.88307,87.02565,92.89413,84.92754
110.01,90.4464,91.97749,94.45154,92.92811,95.93336,82.11642,93.48183,26.53632,,79.99753,,86.1778,92.3276,73.63685,83.83668,,,,96.05499,81.37928,,89.56657,82.11571,98.91306,80.81353,87.01566,92.92811,84.92753
111.01,90.4717,91.98665,94.46184,92.96158,95.98685,81.96866,93.48778,26.62963,,80.08134,,86.16284,92.30054,73.47476,83.77654,,,,96.15103,81.29306,,89.52295,82.08825,99.03905,80.74666,87.00617,92.96158,84.92753
112.01,90.49709,91.99541,94.47152,92.99431,96.03542,81.82631,93.49317,,,80.15624,,86.14864,92.27341,73.31645,83.71743,,,,96.24218,81.20745,,89.47947,82.06199,99.15008,80.68242,86.99715,92.99431,84.92753
113.01,90.52249,92.00382,94.48053,93.02607,96.07911,81.69068,93.49802,,,80.22232,,86.13516,92.2462,73.16195,83.65936,,,,96.3283,81.12236,,89.43614,82.03693,99.24626,80.62079,86.98856,93.02607,84.92754
114.01,90.54782,92.01187,94.48882,93.05666,96.11801,81.56304,93.50235,,,80.27969,,86.12235,92.21891,73.01131,83.60232,,,,96.40926,81.03772,,89.39293,82.01308,99.32775,80.56172,86.98036,93.05666,84.92754
115.01,90.57299,92.01959,94.49634,93.08593,96.15225,81.44456,93.50618,,,80.32846,,86.11017,92.19155,72.86453,83.54633,,,,96.48499,80.95346,,89.34984,81.99044,99.39477,80.50518,86.97254,93.08593,84.92754
116.01,90.59792,92.02697,94.50306,93.11375,96.18195,81.33626,93.50953,,,80.36881,,86.09858,92.16413,72.72164,83.49142,,,,96.55544,80.8695,,89.30687,81.96902,99.4476,80.45113,86.96505,93.11375,84.92755
117.01,90.62252,92.03403,94.50899,93.14004,96.20722,81.23898,93.51243,,,80.40097,,86.08753,92.1367,72.58265,83.43759,,,,96.6206,80.78579,,89.26405,81.94881,99.4866,80.39955,86.95786,93.14004,84.92756
118.01,90.64672,92.04076,94.51413,93.16474,96.22815,81.15334,93.51489,,,80.42525,,86.07698,92.10924,72.44754,83.38484,,,,96.68046,80.70229,,89.2214,81.92983,99.5122,80.35041,86.95093,93.16474,84.92756
119.01,90.67047,92.04718,94.51853,93.18781,96.24484,81.07978,93.51697,,,80.44199,,86.06692,92.08176,72.31633,83.33318,,,,96.73498,80.61895,,89.17892,81.91207,99.52485,80.30366,86.94422,93.18781,84.92757
120.01,90.69373,92.05331,94.52221,93.20924,96.25739,81.01852,93.51869,,,80.45149,,86.05731,92.05424,72.18904,83.2826,,,,96.78415,80.53576,,89.13662,81.89553,99.52506,80.25929,86.9377,93.20924,84.92758
121.01,90.71646,92.05917,94.5252,93.22903,96.26598,80.96957,93.52011,,,80.45405,,86.0481,92.0267,72.06565,83.2331,,,,96.82799,80.45271,,89.09452,81.88021,99.51333,80.21724,86.93135,93.22903,84.92759
122.01,90.73861,92.06476,94.52751,93.24723,96.2708,80.93281,93.52126,,,80.45,,86.03927,91.99917,71.94618,83.18471,,,,96.86657,80.36982,,89.05264,81.86611,99.49021,80.17749,86.92516,93.24723,84.92761
123.01,90.76014,92.07008,94.5292,93.26388,96.27205,80.90793,93.52217,,,80.43972,,86.03075,91.97165,71.83062,83.13743,,,,96.89997,80.28712,,89.01099,81.85322,99.4563,80.14001,86.91909,93.26388,84.92762
124.01,90.78102,92.07514,94.5303,93.27907,96.26991,80.89452,93.52287,,,80.42362,,86.02254,91.94416,71.71894,83.09125,,,,96.92832,80.20464,,88.9696,81.84155,99.41222,80.10476,86.91311,93.27907,84.92763
125.01,90.80122,92.07994,94.53089,93.29287,96.26455,80.89205,93.52339,,,80.40218,,86.0146,91.91667,71.61113,83.04619,,,,96.95173,80.12243,,88.92849,81.83109,99.35867,80.07171,86.90719,93.29287,84.92765
126.01,90.82074,92.0845,94.53102,93.30535,96.25612,80.89994,93.52375,,,80.37582,,86.00691,91.88919,71.50718,83.00223,,,,96.9703,80.04052,,88.88766,81.82184,99.2963,80.04084,86.90131,93.30535,84.92767
127.01,90.8396,92.08886,94.53074,93.31662,96.24481,80.91755,93.52399,,,80.34496,,85.99945,91.86168,71.40708,82.95937,,,,96.98414,79.95899,,88.84713,81.81378,99.22578,80.01211,86.89545,93.31662,84.92768
128.01,90.8578,92.09301,94.53008,93.32676,96.23084,80.94421,93.52414,,,80.31,,85.99219,91.83415,71.31084,82.91762,,,,96.99337,79.87787,,88.8069,81.80692,99.1478,79.98549,86.8896,93.32676,84.9277
129.01,90.87535,92.09698,94.52907,93.33587,96.21443,80.97925,93.5242,,,80.27134,,85.9851,91.80661,71.21842,82.87697,,,,96.99817,79.79724,,88.76697,81.80124,99.06301,79.96094,86.88375,93.33587,84.92772
130.01,90.89227,92.10078,94.52773,93.34406,96.19578,81.02199,93.52419,,,80.22947,,85.97815,91.77907,71.12981,82.83743,,,,96.99874,79.71715,,88.72737,81.79674,98.97212,79.93844,86.87787,93.34406,84.92775
131.01,90.90855,92.1044,94.52612,93.35143,96.17508,81.07175,93.52412,,,80.18489,,85.97133,91.75152,71.04498,82.79901,,,,96.99526,79.63763,,88.6881,81.7934,98.87581,79.91795,86.87194,93.35143,84.92777
132.01,90.92421,92.10785,94.52427,93.35805,96.15249,81.12787,93.52398,,,80.1381,,85.96463,91.72394,70.96392,82.7617,,,,96.98792,79.55874,,88.64917,81.79123,98.77479,79.89944,86.86593,93.35805,84.92779
133.01,90.93927,92.11115,94.52223,93.36402,96.12819,81.18972,93.52381,,,80.08955,,85.95804,91.6963,70.8866,82.7255,,,,96.97688,79.48048,,88.61057,81.7902,98.66972,79.88289,86.85984,93.36402,84.92782
134.01,90.95375,92.11432,94.52002,93.36941,96.10236,81.2567,93.5236,,,80.03962,,85.95153,91.6686,70.81302,82.69041,,,,96.96233,79.4029,,88.5723,81.79031,98.56124,79.86827,86.85366,93.36941,84.92784
135.01,90.96766,92.11735,94.51765,93.37429,96.07523,81.32824,93.52337,,,79.98872,,85.94508,91.64084,70.74316,82.65643,,,,96.94446,79.32601,,88.53434,81.79155,98.44997,79.85553,86.84737,93.37429,84.92787
136.01,90.98101,92.12023,94.51511,93.37873,96.04702,81.40378,93.52311,,,79.93722,,85.93868,91.61303,70.67698,82.62356,,,,96.92352,79.24982,,88.49671,81.7939,98.33652,79.84465,86.84097,93.37873,84.9279
137.01,90.99379,92.12296,94.51243,93.38279,96.01791,81.48281,93.52282,,,79.88559,,85.9323,91.58517,70.61446,82.59179,,,,96.89976,79.17432,,88.4594,81.79736,98.22149,79.83561,86.83445,93.38279,84.92793
138.01,91.00601,92.12553,94.50963,93.38653,95.98807,81.56484,93.52248,,,79.83427,,85.92595,91.55725,70.55555,82.56112,,,,96.87342,79.09952,,88.42243,81.8019,98.10548,79.82838,86.82778,93.38653,84.92796
139.01,91.01769,92.12795,94.50671,93.38999,95.95764,81.64942,93.52211,,,79.7837,,85.9196,91.52924,70.50022,82.53154,,,,96.84469,79.0254,,88.38577,81.80752,97.98905,79.82291,86.82095,93.38999,84.92799
140.01,91.02884,92.13023,94.5037,93.39319,95.92679,81.73612,93.5217,,,79.73424,,85.91325,91.50114,70.44844,82.50305,,,,96.81378,78.95195,,88.34942,81.8142,97.8727,79.81919,86.81395,93.39319,84.92803
141.01,91.03947,92.13237,94.50058,93.39616,95.89568,81.82453,93.52127,,,79.68623,,85.90689,91.47293,70.40019,82.47564,,,,96.78089,78.87918,,88.31336,81.82193,97.75692,79.81719,86.80679,93.39616,84.92806
142.01,91.0496,92.13437,94.49736,93.39894,95.8645,81.91428,93.52081,,,79.63997,,85.9005,91.44464,70.35543,82.44932,,,,96.74624,78.80707,,88.27758,81.83069,97.64215,79.81686,86.79946,93.39894,84.9281
143.01,91.05922,92.13623,94.49401,93.40156,95.8334,82.00503,93.52032,,,79.59583,,85.89407,91.41626,70.31413,82.42407,,,,96.71007,78.73563,,88.24209,81.84046,97.52881,79.81818,86.79196,93.40156,84.92813
144.01,91.06835,92.13794,94.49055,93.40405,95.80253,82.09644,93.51978,,,79.55417,,85.88758,91.38781,70.27625,82.39989,,,,96.6726,78.66487,,88.20689,81.85123,97.41734,79.82114,86.78427,93.40405,84.92817
145.01,91.077,92.1395,94.48699,93.4064,95.77198,82.18822,93.51918,,,79.51535,,85.88104,91.35925,70.24173,82.37677,,,,96.63403,78.5948,,88.17196,81.86298,97.30813,79.82569,86.77639,93.4064,84.92821
146.01,91.08519,92.14094,94.48334,93.40861,95.74186,82.28007,93.51855,,,79.47967,,85.87445,91.33059,70.21057,82.35472,,,,96.59456,78.52543,,88.13731,81.8757,97.20153,79.8318,86.7683,93.40861,84.92825
147.01,91.09297,92.14228,94.4796,93.41069,95.71229,82.37173,93.51788,,,79.44737,,85.86781,91.30179,70.18274,82.33371,,,,96.55433,78.45682,,88.1029,81.88937,97.09785,79.83946,86.76001,93.41069,84.9283
148.01,91.10034,92.14352,94.47575,93.41263,95.68339,82.46296,93.51719,,,79.41865,,85.86111,91.27289,70.1582,82.31374,,,,96.51355,78.389,,88.06874,81.90397,96.99737,79.84861,86.75153,93.41263,84.92834
149.01,91.10732,92.14466,94.47179,93.41443,95.65531,82.55355,93.51647,,,79.39371,,85.85433,91.24388,70.13692,82.29482,,,,96.47239,78.32201,,88.03481,81.91947,96.90034,79.85925,86.74285,93.41443,84.92839
150.01,91.11392,92.14569,94.4677,93.41611,95.62816,82.64327,93.51572,,,79.37276,,85.84747,91.21477,70.11887,82.27692,,,,96.43106,78.25593,,88.00112,81.93588,96.80699,79.87134,86.73397,93.41611,84.92843
151.01,91.12013,92.14662,94.46349,93.41766,95.60203,82.73194,93.51491,,,79.356,,85.84053,91.18556,70.104,82.26006,,,,96.38975,78.1908,,87.96767,81.95315,96.71756,79.88485,86.72489,93.41766,84.92848
152.01,91.12597,92.14745,94.45918,93.41907,95.57696,82.81939,93.51404,,,79.34362,,85.83352,91.15623,70.09229,82.24421,,,,96.34861,78.12668,,87.93445,81.97128,96.63224,79.89975,86.71559,93.41907,84.92853
153.01,91.13146,92.1482,94.45477,93.42033,95.55301,82.90544,93.51311,,,79.33576,,85.82644,91.12676,70.08371,82.22937,,,,96.30779,78.06364,,87.90144,81.99025,96.55117,79.91601,86.70607,93.42033,84.92858
154.01,91.13662,92.14887,94.45027,93.42143,95.53024,82.98996,93.51213,,,79.33246,,85.81928,91.09716,70.07823,82.21552,,,,96.2674,78.00174,,87.86863,82.01003,96.47447,79.93361,86.69634,93.42143,84.92863
155.01,91.14145,92.14947,94.44564,93.42239,95.50873,83.07283,93.5111,,,79.33379,,85.81203,91.06743,70.07583,82.20266,,,,96.22757,77.94105,,87.83602,82.03061,96.40222,79.95251,86.68642,93.42239,84.92868
156.01,91.14595,92.14998,94.44089,93.4232,95.48856,83.15392,93.51003,,,79.33975,,85.80468,91.0376,70.07646,82.19079,,,,96.18845,77.88161,,87.8036,82.05196,96.3345,79.97268,86.67629,93.4232,84.92874
157.01,91.15012,92.1504,94.436,93.42389,95.46974,83.23314,93.50889,,,79.35041,,85.79724,91.00766,70.08009,82.17989,,,,96.15015,77.82349,,87.77138,82.07407,96.27139,79.99411,86.66596,93.42389,84.92879
158.01,91.15395,92.15072,94.43101,93.42443,95.45229,83.31039,93.5077,,,79.3658,,85.78972,90.9776,70.08668,82.16996,,,,96.1128,77.76672,,87.73936,82.09691,96.21294,80.01675,86.65542,93.42443,84.92885
159.01,91.15747,92.15096,94.42591,93.42482,95.43622,83.3856,93.50645,,,79.38593,,85.78211,90.94741,70.09621,82.16098,,,,96.07647,77.71134,,87.70753,82.12046,96.15919,80.04058,86.64467,93.42482,84.9289
160.01,91.1607,92.15113,94.42072,93.42504,95.42152,83.4587,93.50516,,,79.41074,,85.77441,90.91709,70.10864,82.15294,,,,96.04122,77.65739,,87.67586,82.14471,96.11015,80.06557,86.63372,93.42504,84.92896
161.01,91.16365,92.15126,94.41544,93.4251,95.40822,83.52965,93.50383,,,79.44015,,85.76664,90.88663,70.12395,82.14583,,,,96.0071,77.60491,,87.64435,82.16962,96.06577,80.09169,86.62256,93.4251,84.92902
162.01,91.16635,92.15133,94.41004,93.42501,95.39637,83.59841,93.50248,,,79.47401,,85.75877,90.85605,70.14213,82.13965,,,,95.97419,77.55393,,87.61301,82.19519,96.02601,80.11892,86.61122,93.42501,84.92908
163.01,91.16878,92.15136,94.40452,93.42477,95.38599,83.66495,93.50109,,,79.51221,,85.75082,90.82536,70.16314,82.13438,,,,95.94256,77.50447,,87.58182,82.22138,95.99083,80.14721,86.5997,93.42477,84.92914
164.01,91.17097,92.15132,94.39888,93.42439,95.37707,83.72924,93.49965,,,79.55466,,85.74278,90.79456,70.18696,82.13002,,,,95.91228,77.45658,,87.5508,82.24817,95.96018,80.17655,86.58799,93.42439,84.9292
165.01,91.17293,92.15123,94.39313,93.42386,95.36957,83.79129,93.49817,,,79.60126,,85.73466,90.76364,70.21355,82.12654,,,,95.88339,77.41027,,87.51995,82.27555,95.93401,80.20691,86.57608,93.42386,84.92927
166.01,91.17467,92.15112,94.3873,93.42318,95.36345,83.85107,93.49666,,,79.65187,,85.72648,90.73257,70.2429,82.12395,,,,95.85592,77.36558,,87.48923,82.30349,95.91222,80.23826,86.56398,93.42318,84.92933
167.01,91.17623,92.15099,94.38137,93.42234,95.3587,83.90861,93.49513,,,79.70629,,85.71822,90.70137,70.27501,82.12221,,,,95.82988,77.32257,,87.45865,82.33197,95.89472,80.27057,86.55171,93.42234,84.9294
168.01,91.17761,92.15085,94.37534,93.42134,95.35528,83.96392,93.49359,,,79.76429,,85.7099,90.67004,70.30985,82.12133,,,,95.80529,77.28127,,87.4282,82.36097,95.88139,80.30381,86.53926,93.42134,84.92946
169.01,91.17882,92.1507,94.3692,93.42021,95.35319,84.01703,93.49204,,,79.82562,,85.70151,90.63859,70.34741,82.12129,,,,95.78217,77.24175,,87.39787,82.39046,95.87209,80.33795,86.52665,93.42021,84.92953
170.01,91.17985,92.15052,94.36294,93.41895,95.35238,84.06797,93.49048,,,79.89006,,85.69304,90.60702,70.38767,82.12208,,,,95.76055,77.20408,,87.36767,82.42043,95.86671,80.37296,86.51388,93.41895,84.92959
171.01,91.18071,92.15032,94.35656,93.41758,95.3528,84.11677,93.48888,,,79.95743,,85.68452,90.57534,70.43059,82.12369,,,,95.74043,77.16835,,87.33761,82.45084,95.86515,80.40883,86.50094,93.41758,84.92966
172.01,91.1814,92.15009,94.3501,93.41609,95.35437,84.16348,93.48726,,,80.02752,,85.67593,90.54352,70.47617,82.12611,,,,95.72182,77.13463,,87.30768,82.48169,95.86728,80.44551,86.48783,93.41609,84.92972
173.01,91.18194,92.14986,94.34355,93.41448,95.35703,84.20814,93.48561,,,80.1001,,85.66729,90.51156,70.52438,82.12933,,,,95.70466,77.10303,,87.27784,82.51294,95.87295,80.48299,86.47456,93.41448,84.92979
174.01,91.18234,92.14964,94.33692,93.41274,95.36073,84.2508,93.48395,,,80.1749,,85.6586,90.47947,70.57523,82.13332,,,,95.68892,77.07367,,87.2481,82.54457,95.882,80.52122,86.46114,93.41274,84.92985
175.01,91.18261,92.14941,94.33019,93.41089,95.36542,84.29153,93.48228,,,80.25162,,85.64985,90.44724,70.62868,82.13807,,,,95.67456,77.04667,,87.21845,82.57657,95.89425,80.5602,86.44758,93.41089,84.92992
176.01,91.18274,92.14917,94.32335,93.40894,95.37108,84.33039,93.4806,,,80.33002,,85.64104,90.41491,70.68474,82.14358,,,,95.66157,77.02216,,87.1889,82.6089,95.90953,80.59988,86.43388,93.40894,84.92999
177.01,91.18274,92.14891,94.31642,93.40692,95.37767,84.36743,93.47889,,,80.40987,,85.63217,90.38246,70.74336,82.14982,,,,95.64992,77.00029,,87.15945,82.64156,95.92769,80.64024,86.42004,93.40692,84.93005
178.01,91.18261,92.14863,94.30939,93.40481,95.3851,84.40273,93.47716,,,80.491,,85.62326,90.3499,70.80453,82.1568,,,,95.63956,76.98118,,87.1301,82.6745,95.94859,80.68126,86.40606,93.40481,84.93012
179.01,91.18237,92.14836,94.30229,93.40262,95.39331,84.43635,93.47539,,,80.57321,,85.61431,90.3172,70.86825,82.16448,,,,95.63045,76.96498,,87.10083,82.70773,95.97207,80.7229,86.39195,93.40262,84.93018
180.01,91.18204,92.14811,94.29513,93.40034,95.40223,84.46835,93.47361,,,80.6563,,85.60533,90.28437,70.93451,82.17285,,,,95.62251,76.95181,,87.07162,82.7412,95.99795,80.76514,86.3777,93.40034,84.93025
181.01,91.18164,92.14788,94.28789,93.39797,95.41181,84.4988,93.47183,,,80.74002,,85.59631,90.25141,71.00331,82.18191,,,,95.61568,76.9418,,87.04246,82.77491,96.02605,80.80796,86.36335,93.39797,84.93032
182.01,91.18116,92.14769,94.28056,93.39551,95.422,84.52778,93.47005,,,80.82416,,85.58725,90.21835,71.07463,82.19164,,,,95.60989,76.93508,,87.01337,82.80882,96.05619,80.85132,86.34888,93.39551,84.93038
183.01,91.18061,92.14752,94.27313,93.393,95.43274,84.55536,93.46826,,,80.90853,,85.57816,90.18518,71.14847,82.20202,,,,95.60511,76.93172,,86.98434,82.84293,96.0882,80.8952,86.33431,93.393,84.93045
184.01,91.17996,92.14737,94.26562,93.39043,95.44398,84.58159,93.46645,,,80.993,,85.56904,90.15191,71.2248,82.21304,,,,95.60129,76.93182,,86.95537,82.87719,96.12194,80.93957,86.31963,93.39043,84.93051
185.01,91.17923,92.14724,94.25803,93.38779,95.45563,84.60655,93.46462,,,81.07745,,85.55991,90.11853,71.30362,82.22469,,,,95.59835,76.93542,,86.92646,82.91161,96.15724,80.98442,86.30483,93.38779,84.93058
186.01,91.17845,92.14715,94.25038,93.38508,95.46759,84.63029,93.46276,,,81.16177,,85.55075,90.08502,71.38491,82.23695,,,,95.59622,76.94255,,86.89759,82.94615,96.19395,81.0297,86.28993,93.38508,84.93064
187.01,91.17761,92.1471,94.24267,93.38228,95.47979,84.65289,93.46088,,,81.24584,,85.54159,90.05138,71.46869,82.2498,,,,95.59483,76.95322,,86.86874,82.98079,96.23188,81.0754,86.27494,93.38228,84.9307
188.01,91.17672,92.14708,94.23489,93.37941,95.49219,84.67441,93.45899,,,81.3295,,85.53241,90.01764,71.55493,82.26323,,,,95.59408,76.96739,,86.83991,83.01552,96.27086,81.12148,86.25986,93.37941,84.93077
189.01,91.17578,92.14708,94.22701,93.37648,95.50473,84.6949,93.45708,,,81.41265,,85.52321,89.98381,71.64364,82.27723,,,,95.59393,76.98504,,86.8111,83.05031,96.31072,81.16793,86.2447,93.37648,84.93083
190.01,91.17478,92.1471,94.21906,93.3735,95.51736,84.71443,93.45515,,,81.49521,,85.514,89.9499,71.73477,82.29178,,,,95.59433,77.00607,,86.78233,83.08515,96.35131,81.21472,86.22946,93.3735,84.93089
191.01,91.17371,92.14713,94.21102,93.37046,95.53,84.73305,93.45318,,,81.57715,,85.50477,89.91589,71.82832,82.30687,,,,95.5952,77.03039,,86.75358,83.12001,96.39251,81.26183,86.21414,93.37046,84.93096
192.01,91.17258,92.14718,94.20292,93.36737,95.54259,84.7508,93.45117,,,81.65846,,85.49554,89.88178,71.92427,82.32247,,,,95.59649,77.05786,,86.72484,83.15488,96.43417,81.30922,86.19873,93.36737,84.93102
193.01,91.17141,92.14727,94.19478,93.36419,95.55505,84.76775,93.44913,,,81.73913,,85.4863,89.84756,72.02262,82.33859,,,,95.59812,77.08833,,86.69609,83.18973,96.47617,81.35688,86.18325,93.36419,84.93108
194.01,91.17021,92.14741,94.18658,93.36095,95.56732,84.78394,93.44708,,,81.81911,,85.47707,89.81324,72.12335,82.35519,,,,95.6,77.12165,,86.66732,83.22455,96.51834,81.40478,86.1677,93.36095,84.93114
195.01,91.16897,92.14761,94.17832,93.35764,95.57936,84.79942,93.44501,,,81.89838,,85.46783,89.77884,72.22645,82.37226,,,,95.60208,77.15763,,86.63854,83.25932,96.56057,81.4529,86.15209,93.35764,84.9312
196.01,91.16769,92.14785,94.16999,93.35427,95.59115,84.81424,93.44294,,,81.97692,,85.45858,89.74438,72.3319,82.3898,,,,95.6043,77.19606,,86.60974,83.29402,96.6027,81.50122,86.13643,93.35427,84.93126
197.01,91.16637,92.14813,94.16158,93.35087,95.60262,84.82843,93.44085,,,82.05474,,85.44932,89.70985,72.43966,82.40779,,,,95.60661,77.23675,,86.58093,83.32863,96.64464,81.5497,86.12071,93.35087,84.93132
198.01,91.16501,92.14846,94.15311,93.34742,95.61373,84.84203,93.43874,,,82.13194,,85.44007,89.67524,72.54973,82.4262,,,,95.60897,77.27948,,86.5521,83.36314,96.68631,81.59834,86.10493,93.34742,84.93138
199.01,91.16362,92.14887,94.14459,93.34391,95.62442,84.85506,93.4366,,,82.20856,,85.43084,89.64055,72.66208,82.44503,,,,95.6113,77.32402,,86.52322,83.39752,96.72759,81.6471,86.08909,93.34391,84.93144
200.01,91.16222,92.14938,94.13603,93.34032,95.63462,84.86758,93.43446,,,82.28467,,85.42162,89.60578,72.77669,82.46426,,,,95.61355,77.37017,,86.49429,83.43177,96.76837,81.69596,86.0732,93.34032,84.93149
201.01,91.16082,92.14998,94.12742,93.33666,95.64432,84.8796,93.4323,,,82.3603,,85.41241,89.57093,72.89356,82.48387,,,,95.61564,77.41769,,86.4653,83.46587,96.80857,81.74491,86.05728,93.33666,84.93155
202.01,91.15942,92.15065,94.11874,93.33294,95.65348,84.89116,93.43014,,,82.43549,,85.4032,89.53604,73.01265,82.50386,,,,95.61752,77.46639,,86.43625,83.49979,96.84807,81.79392,86.04132,93.33294,84.9316
203.01,91.158,92.15138,94.10999,93.32917,95.66209,84.90229,93.42797,,,82.51028,,85.39401,89.50109,73.13392,82.52419,,,,95.61916,77.51604,,86.40714,83.53353,96.88679,81.84297,86.02533,93.32917,84.93166
204.01,91.15655,92.15216,94.10117,93.32536,95.67011,84.913,93.42577,,,82.58476,,85.38482,89.46609,73.25734,82.54487,,,,95.62052,77.56645,,86.37798,83.56707,96.92468,81.89203,86.0093,93.32536,84.93171
205.01,91.1551,92.15299,94.0923,93.32148,95.6775,84.92331,93.42352,,,82.65907,,85.37565,89.43104,73.38287,82.56588,,,,95.62156,77.61742,,86.34875,83.60039,96.96169,81.9411,85.99323,93.32148,84.93177
206.01,91.15364,92.15388,94.08339,93.31755,95.68421,84.93324,93.42124,,,82.73329,,85.36651,89.39592,73.51049,82.58719,,,,95.62222,77.66878,,86.31942,83.63348,96.99776,81.99014,85.97712,93.31755,84.93182
207.01,91.15218,92.15481,94.07444,93.31353,95.69023,84.94282,93.41894,,,82.80753,,85.35738,89.36074,73.64016,82.60881,,,,95.62246,77.72034,,86.28998,83.66633,97.03284,82.03915,85.96099,93.31353,84.93187
208.01,91.15072,92.15574,94.06545,93.30945,95.69553,84.95206,93.41662,,,82.88184,,85.34827,89.32552,73.77185,82.6307,,,,95.62223,77.77197,,86.26045,83.69891,97.06685,82.08809,85.94483,93.30945,84.93192
209.01,91.14926,92.15664,94.0564,93.30532,95.70011,84.96098,93.41428,,,82.95629,,85.33916,89.29027,73.9055,82.65286,,,,95.6215,77.82352,,86.23081,83.73123,97.09976,82.13695,85.92866,93.30532,84.93197
210.01,91.14777,92.15744,94.04729,93.30114,95.70397,84.9696,93.41192,,,83.03096,,85.33007,89.255,74.04106,82.67527,,,,95.62024,77.87485,,86.20108,83.76327,97.13154,82.18571,85.91248,93.30114,84.93202
211.01,91.14626,92.1581,94.03814,93.29692,95.70709,84.97791,93.40953,,,83.10599,,85.32099,89.2197,74.17847,82.69793,,,,95.61843,77.92584,,86.17123,83.79501,97.16217,82.23436,85.89626,93.29692,84.93207
212.01,91.14474,92.15856,94.02897,93.29265,95.70943,84.98593,93.4071,,,83.18147,,85.31193,89.18436,74.31769,82.7208,,,,95.61605,77.97639,,86.14127,83.82644,97.19164,82.28287,85.88003,93.29265,84.93211
213.01,91.14321,92.15876,94.01978,93.28831,95.71097,84.99368,93.40464,,,83.25754,,85.30291,89.14899,74.45867,82.74389,,,,95.61306,78.02641,,86.11115,83.85755,97.21993,82.33124,85.86378,93.28831,84.93216
214.01,91.14169,92.15861,94.01056,93.28391,95.71171,85.00116,93.40217,,,83.33426,,85.2939,89.11359,74.60136,82.76718,,,,95.60943,78.07581,,86.08088,83.88833,97.24702,82.37943,85.84753,93.28391,84.9322
215.01,91.14018,92.15801,94.00132,93.27944,95.71166,85.00839,93.39968,,,83.41171,,85.28491,89.07818,74.7457,82.79064,,,,95.60512,78.12454,,86.05047,83.91877,97.27289,82.42744,85.83127,93.27944,84.93225
216.01,91.13867,92.15689,93.99204,93.27494,95.71081,85.01537,93.39718,,,83.48995,,85.27594,89.04278,74.89162,82.81428,,,,95.60013,78.17253,,86.01991,83.94887,97.29752,82.47524,85.81502,93.27494,84.93229
217.01,91.13715,92.15517,93.98272,93.2704,95.70917,85.02211,93.39466,,,83.56905,,85.26698,89.00739,75.03906,82.83808,,,,95.59444,78.21973,,85.98921,83.9786,97.32095,82.52283,85.79876,93.2704,84.93233
218.01,91.13562,92.15284,93.97336,93.26582,95.70673,85.02861,93.39212,,,83.64912,,85.25806,88.97198,75.18793,82.86202,,,,95.58805,78.2661,,85.95835,84.00796,97.34319,82.57019,85.78249,93.26582,84.93238
219.01,91.1341,92.14994,93.96396,93.26117,95.70348,85.03487,93.38954,,,83.73026,,85.24916,88.93656,75.33818,82.88609,,,,95.58094,78.31161,,85.92732,84.03695,97.36427,82.6173,85.76622,93.26117,84.93242
220.01,91.13259,92.14654,93.95449,93.25646,95.6994,85.04091,93.38694,,,83.81255,,85.2403,88.90114,75.48973,82.91027,,,,95.57309,78.35622,,85.8961,84.06555,97.38419,82.66415,85.74994,93.25646,84.93245
221.01,91.13111,92.14273,93.94492,93.25169,95.69451,85.04673,93.38433,,,83.89604,,85.23146,88.86572,75.64253,82.93456,,,,95.56447,78.39992,,85.86468,84.09375,97.40296,82.71072,85.73368,93.25169,84.93249
222.01,91.12964,92.13865,93.93519,93.24686,95.68881,85.05233,93.3817,,,83.98076,,85.22263,88.83034,75.79647,82.95895,,,,95.55509,78.44269,,85.83309,84.12156,97.4206,82.757,85.71743,93.24686,84.93253
223.01,91.12817,92.1345,93.92523,93.24201,95.68233,85.05773,93.37906,,,84.06676,,85.21382,88.79498,75.95149,82.98341,,,,95.54493,78.48452,,85.80131,84.14896,97.43712,82.80298,85.70119,93.24201,84.93257
224.01,91.12669,92.13048,93.91502,93.23712,95.67506,85.06291,93.3764,,,84.15409,,85.20503,88.75965,76.10747,83.00795,,,,95.53401,78.52538,,85.76935,84.17594,97.45259,82.84864,85.68496,93.23712,84.9326
225.01,91.12521,92.12679,93.90453,93.23219,95.66702,85.06789,93.37371,,,84.24281,,85.19627,88.72434,76.26433,83.03254,,,,95.52233,78.56526,,85.73719,84.2025,97.46703,82.89397,85.66873,93.23219,84.93264
226.01,91.12374,92.12366,93.89373,93.22719,95.65818,85.07267,93.37099,,,84.33299,,85.18754,88.68905,76.422,83.05717,,,,95.50988,78.60416,,85.7048,84.22864,97.4805,82.93895,85.6525,93.22719,84.93267
227.01,91.12229,92.12125,93.88264,93.22214,95.64857,85.07725,93.36825,,,84.42465,,85.17883,88.65379,76.58038,83.08184,,,,95.49664,78.64205,,85.67218,84.25434,97.493,82.98359,85.6363,93.22214,84.9327
228.01,91.12086,92.1197,93.87123,93.21703,95.63819,85.08164,93.3655,,,84.51782,,85.17015,88.61857,76.73939,83.10653,,,,95.48262,78.67894,,85.63933,84.27961,97.50457,83.02786,85.62011,93.21703,84.93273
229.01,91.11944,92.11909,93.85953,93.21189,95.62706,85.08585,93.36275,,,84.61249,,85.16147,88.58341,76.89893,83.13123,,,,95.46782,78.71479,,85.60627,84.30444,97.51524,83.07175,85.60395,93.21189,84.93276
230.01,91.11801,92.11939,93.84758,93.20673,95.61522,85.08988,93.35998,,,84.70866,,85.15281,88.54832,77.05888,83.15593,,,,95.45226,78.7496,,85.57299,84.32883,97.52506,83.11525,85.5878,93.20673,84.93279
231.01,91.11659,92.12049,93.83541,93.20154,95.60265,85.09373,93.35718,,,84.80634,,85.14418,88.51327,77.21914,83.18063,,,,95.43594,78.78335,,85.53948,84.35277,97.53408,83.15836,85.57167,93.20154,84.93282
232.01,91.11516,92.12225,93.8231,93.1963,95.58938,85.09739,93.35436,,,84.90557,,85.13557,88.47828,77.37963,83.2053,,,,95.41888,78.816,,85.50572,84.37626,97.54235,83.20105,85.55555,93.1963,84.93285
233.01,91.11377,92.12448,93.81069,93.19101,95.57539,85.10089,93.35151,,,85.00635,,85.12699,88.44333,77.54023,83.22994,,,,95.40109,78.84755,,85.47171,84.3993,97.54992,83.24333,85.53946,93.19101,84.93288
234.01,91.11239,92.12701,93.79822,93.18567,95.5607,85.10422,93.34865,,,85.10867,,85.11844,88.40845,77.70087,83.25454,,,,95.38254,78.87795,,85.43744,84.42188,97.55682,83.28518,85.52339,93.18567,84.9329
235.01,91.11104,92.12972,93.78575,93.18028,95.54534,85.10738,93.34577,,,85.2125,,85.10991,88.37365,77.86143,83.27909,,,,95.36326,78.90718,,85.40291,84.444,97.56307,83.3266,85.50736,93.18028,84.93293
236.01,91.1097,92.1325,93.7733,93.17487,95.52932,85.11039,93.34289,,,85.3178,,85.10139,88.33893,78.0218,83.30358,,,,95.34326,78.93521,,85.36815,84.46567,97.56871,83.36757,85.49135,93.17487,84.93295
237.01,91.10837,92.1353,93.76092,93.16943,95.51267,85.11324,93.33999,,,85.42453,,85.09289,88.3043,78.18187,83.328,,,,95.32256,78.96199,,85.33314,84.48687,97.57381,83.40808,85.47537,93.16943,84.93298
238.01,91.10704,92.13814,93.74866,93.16395,95.49538,85.11593,93.33705,,,85.53266,,85.08442,88.26974,78.34152,83.35234,,,,95.30118,78.98749,,85.29787,84.50762,97.5784,83.44814,85.45941,93.16395,84.933
239.01,91.10572,92.14109,93.73657,93.15842,95.47747,85.11847,93.33408,,,85.64218,,85.07597,88.23525,78.50067,83.3766,,,,95.27912,79.01165,,85.26233,84.52791,97.58255,83.48772,85.44348,93.15842,84.93302
240.01,91.10444,92.14425,93.72468,93.15284,95.45894,85.12086,93.33109,,,85.75306,,85.06754,88.20084,78.65921,83.40076,,,,95.2564,79.03443,,85.2265,84.54773,97.58628,83.52683,85.42758,93.15284,84.93304
241.01,91.10318,92.14775,93.713,93.1472,95.4398,85.12311,93.32808,,,85.86524,,85.05913,88.16653,78.81703,83.42482,,,,95.23303,79.0558,,85.1904,84.5671,97.58961,83.56545,85.41171,93.1472,84.93306
242.01,91.10194,92.15171,93.70153,93.14153,95.42009,85.12522,93.32507,,,85.97866,,85.05074,88.13232,78.97403,83.44877,,,,95.20902,79.0757,,85.15404,84.58601,97.59258,83.60358,85.39589,93.14153,84.93308
243.01,91.10071,92.15622,93.69027,93.13583,95.39981,85.12719,93.32204,,,86.09324,,85.04235,88.09822,79.13009,83.47259,,,,95.18438,79.09408,,85.11741,84.60445,97.59524,83.64121,85.38009,93.13583,84.9331
244.01,91.09949,92.16134,93.67922,93.1301,95.379,85.12904,93.31899,,,86.20893,,85.03399,88.06423,79.2851,83.49629,,,,95.15915,79.11092,,85.08052,84.62244,97.59762,83.67834,85.36433,93.1301,84.93312
245.01,91.09827,92.16708,93.66839,93.12434,95.35764,85.13075,93.31591,,,86.32566,,85.02564,88.03033,79.43896,83.51985,,,,95.13335,79.12615,,85.04334,84.63998,97.59977,83.71496,85.34859,93.12434,84.93313
246.01,91.09709,92.1735,93.65778,93.11853,95.33576,85.13234,93.3128,,,86.44338,,85.01731,87.99653,79.59156,83.54328,,,,95.10699,79.13976,,85.00585,84.65706,97.60173,83.75107,85.33289,93.11853,84.93315
247.01,91.09595,92.18059,93.64735,93.11267,95.31335,85.1338,93.30968,,,86.56204,,85.00901,87.96284,79.74282,83.56655,,,,95.08007,79.15172,,84.96805,84.67369,97.60353,83.78666,85.31723,93.11267,84.93316
248.01,91.09484,92.18833,93.63707,93.10677,95.29044,85.13516,93.30654,,,86.68156,,85.00071,87.92927,79.89263,83.58966,,,,95.05262,79.16202,,84.92993,84.68988,97.60517,83.82172,85.30161,93.10677,84.93318
249.01,91.09377,92.19668,93.6269,93.10084,95.26704,85.1364,93.30339,,,86.80185,,84.99243,87.89584,80.0409,83.61262,,,,95.02465,79.17064,,84.8915,84.70561,97.60669,83.85625,85.28604,93.10084,84.93319
250.01,91.09272,92.20556,93.61682,93.09489,95.24318,85.13754,93.30023,,,86.92283,,84.98416,87.86254,80.1875,83.63541,,,,94.99617,79.17759,,84.85278,84.72091,97.60813,83.89025,85.27051,93.09489,84.93321
251.01,91.09169,92.21486,93.60679,93.08891,95.21887,85.13857,93.29705,,,87.04442,,84.97591,87.82937,80.33235,83.65802,,,,94.96723,79.18286,,84.81376,84.73576,97.60951,83.92372,85.25501,93.08891,84.93322
252.01,91.09071,92.22449,93.5968,93.08289,95.19411,85.13949,93.29383,,,87.16655,,84.96768,87.79631,80.47536,83.68045,,,,94.93783,79.18646,,84.77443,84.75018,97.61087,83.95664,85.23955,93.08289,84.93323
253.01,91.08978,92.23437,93.58682,93.07682,95.1689,85.14031,93.29059,,,87.28917,,84.95947,87.76338,80.61645,83.70269,,,,94.90799,79.18842,,84.73476,84.76417,97.61224,83.98902,85.22414,93.07682,84.93324
254.01,91.08891,92.24442,93.57681,93.07071,95.14325,85.14103,93.28733,,,87.41221,,84.95128,87.73058,80.75552,83.72475,,,,94.87771,79.18876,,84.69477,84.77773,97.61361,84.02086,85.20878,93.07071,84.93325
255.01,91.08808,92.25456,93.56673,93.06455,95.11719,85.14165,93.28406,,,87.53558,,84.9431,87.69793,80.8925,83.7466,,,,94.84702,79.1875,,84.65447,84.79087,97.615,84.05214,85.19346,93.06455,84.93326
256.01,91.08729,92.2647,93.55655,93.05838,95.09073,85.14218,93.28078,,,87.6592,,84.93492,87.66544,81.0273,83.76826,,,,94.81592,79.18469,,84.61386,84.80358,97.61642,84.08287,85.17819,93.05838,84.93327
257.01,91.08652,92.27472,93.54624,93.05219,95.06389,85.14261,93.27748,,,87.78299,,84.92676,87.63309,81.15981,83.78971,,,,94.78444,79.18037,,84.57297,84.81589,97.61791,84.11306,85.16297,93.05219,84.93328
258.01,91.08577,92.28453,93.53582,93.04596,95.03666,85.14294,93.27415,,,87.90685,,84.91862,87.60089,81.28997,83.81095,,,,94.75261,79.17463,,84.53178,84.82778,97.61948,84.14268,85.14778,93.04596,84.93328
259.01,91.08507,92.29406,93.52526,93.0397,95.00907,85.14318,93.27079,,,88.03071,,84.91049,87.56882,81.41772,83.83197,,,,94.72045,79.16757,,84.49029,84.83927,97.62116,84.17175,85.13264,93.0397,84.93329
260.01,91.08441,92.30327,93.51457,93.03338,94.98111,85.14332,93.26742,,,88.15445,,84.90238,87.5369,81.54298,83.85278,,,,94.68795,79.15934,,84.44851,84.85035,97.62294,84.20027,85.11756,93.03338,84.93329
261.01,91.08379,92.31212,93.50371,93.02702,94.95279,85.14338,93.26402,,,88.27791,,84.89427,87.50514,81.66569,83.87336,,,,94.65513,79.15011,,84.40646,84.86105,97.62484,84.22823,85.10252,93.02702,84.9333
262.01,91.0832,92.32057,93.49267,93.02065,94.92413,85.14336,93.26063,,,88.40084,,84.88617,87.47355,81.78578,83.89371,,,,94.622,79.14007,,84.36414,84.87135,97.62683,84.25563,85.08754,93.02065,84.9333
263.01,91.08264,92.32856,93.48146,93.01426,94.89516,85.14326,93.25722,,,88.5229,,84.87808,87.44213,81.90319,83.91384,,,,94.58859,79.12944,,84.32155,84.88128,97.62895,84.28247,85.07261,93.01426,84.9333
264.01,91.08209,92.33605,93.47007,93.00786,94.86587,85.14307,93.2538,,,88.64368,,84.87,87.41087,82.01784,83.93373,,,,94.55492,79.11842,,84.2787,84.89082,97.63119,84.30875,85.05772,93.00786,84.9333
265.01,91.08156,92.343,93.45853,93.00143,94.83627,85.1428,93.25035,,,88.76265,,84.86193,87.37976,82.1297,83.95339,,,,94.521,79.10724,,84.23558,84.9,97.63359,84.33448,85.04289,93.00143,84.9333
266.01,91.08106,92.34942,93.44683,92.99497,94.80637,85.14245,93.24689,,,88.87924,,84.85388,87.34881,82.23872,83.9728,,,,94.48685,79.09613,,84.19219,84.90881,97.63613,84.35965,85.0281,92.99497,84.9333
267.01,91.08057,92.3553,93.43499,92.98847,94.77617,85.14203,93.2434,,,88.9929,,84.84585,87.31803,82.34486,83.99198,,,,94.45248,79.08535,,84.14855,84.91726,97.63881,84.38427,85.01337,92.98847,84.9333
268.01,91.08009,92.36067,93.423,92.98193,94.74568,85.14154,93.23992,,,89.10309,,84.83782,87.28742,82.44809,84.01091,,,,94.41789,79.07519,,84.10469,84.92536,97.64163,84.40834,84.99871,92.98193,84.93329
269.01,91.07958,92.36552,93.41086,92.97538,94.71491,85.14098,93.23643,,,89.20945,,84.8298,87.25699,82.54835,84.02959,,,,94.3831,79.06603,,84.06063,84.93311,97.64456,84.43185,84.9841,92.97538,84.93329
270.01,91.07901,92.36983,93.39858,92.96882,94.68388,85.14036,93.23293,,,89.31174,,84.82179,87.22675,82.64562,84.04803,,,,94.34813,79.05829,,84.01638,84.94052,97.64763,84.45482,84.96954,92.96882,84.93329
271.01,91.07836,92.3736,93.38618,92.96224,94.6526,85.13967,93.22941,,,89.40992,,84.81379,87.19666,82.73985,84.06622,,,,94.31299,79.05241,,83.97194,84.9476,97.65082,84.47724,84.95503,92.96224,84.93328
272.01,91.07761,92.37683,93.37369,92.95562,94.62107,85.13891,93.22586,,,89.50408,,84.80581,87.16674,82.83103,84.08415,,,,94.27771,79.04884,,83.92733,84.95435,97.65415,84.49911,84.94058,92.95562,84.93328
273.01,91.07673,92.37956,93.3611,92.94897,94.58928,85.13809,93.2223,,,89.59439,,84.79784,87.13698,82.91914,84.10183,,,,94.24229,79.04795,,83.88255,84.96078,97.65761,84.52045,84.92618,92.94897,84.93327
274.01,91.07571,92.3818,93.34844,92.94227,94.55725,85.13721,93.21873,,,89.68106,,84.78988,87.1074,83.00419,84.11926,,,,94.20674,79.05001,,83.83763,84.9669,97.66117,84.54124,84.91184,92.94227,84.93327
275.01,91.0745,92.3836,93.33568,92.93555,94.52498,85.13628,93.21516,,,89.76428,,84.78192,87.078,83.08614,84.13643,,,,94.17106,79.05513,,83.79259,84.97273,97.66482,84.56151,84.89757,92.93555,84.93326
276.01,91.07308,92.38495,93.32285,92.92881,94.4925,85.13529,93.21159,,,89.84418,,84.77396,87.04879,83.16498,84.15335,,,,94.13528,79.06331,,83.74745,84.97828,97.66855,84.58124,84.88336,92.92881,84.93326
277.01,91.07145,92.38587,93.30996,92.92207,94.4598,85.13425,93.20802,,,89.92087,,84.76602,87.01976,83.2407,84.17001,,,,94.09942,79.07442,,83.70222,84.98356,97.67236,84.60044,84.86919,92.92207,84.93325
278.01,91.06962,92.38636,93.29703,92.91529,94.42691,85.13316,93.20443,,,89.99446,,84.75808,86.99089,83.3133,84.18641,,,,94.06348,79.08828,,83.65689,84.98858,97.67624,84.61912,84.85508,92.91529,84.93324
279.01,91.06762,92.38644,93.28407,92.90849,94.39381,85.13201,93.20082,,,90.06509,,84.75015,86.96218,83.38279,84.20255,,,,94.02748,79.10471,,83.61146,84.99335,97.6802,84.63729,84.84103,92.90849,84.93324
280.01,91.0655,92.38615,93.27108,92.90165,94.36051,85.13082,93.19721,,,90.1329,,84.74224,86.93365,83.44919,84.21844,,,,93.99143,79.12364,,83.56596,84.99788,97.68421,84.65494,84.82704,92.90165,84.93323
281.01,91.06332,92.38552,93.25806,92.89478,94.32703,85.12959,93.1936,,,90.19811,,84.73433,86.9053,83.5125,84.23406,,,,93.95533,79.14508,,83.52041,85.00218,97.68825,84.67208,84.81312,92.89478,84.93322
282.01,91.06115,92.38457,93.24501,92.8879,94.29336,85.12831,93.19,,,90.26089,,84.72642,86.87715,83.57274,84.24943,,,,93.9192,79.16914,,83.47484,85.00626,97.6923,84.68872,84.79926,92.8879,84.93322
283.01,91.05905,92.38332,93.23193,92.88101,94.25953,85.127,93.1864,,,90.32147,,84.71853,86.84918,83.62992,84.26454,,,,93.88304,79.19598,,83.42926,85.01011,97.69636,84.70486,84.78547,92.88101,84.93321
284.01,91.05708,92.38176,93.21884,92.87411,94.22555,85.12565,93.18281,,,90.38003,,84.71064,86.82138,83.68404,84.27939,,,,93.84688,79.22578,,83.38367,85.01374,97.70041,84.72051,84.77172,92.87411,84.9332
285.01,91.05533,92.3799,93.20575,92.86719,94.19142,85.12425,93.1792,,,90.43677,,84.70276,86.79374,83.73515,84.29399,,,,93.81073,79.25862,,83.33809,85.01716,97.70446,84.73567,84.75804,92.86719,84.9332
286.01,91.05385,92.37776,93.19265,92.86022,94.15714,85.12282,93.17559,,,90.49186,,84.6949,86.76626,83.78328,84.30833,,,,93.77459,79.2945,,83.29254,85.02036,97.70848,84.75035,84.74442,92.86022,84.93319
287.01,91.05268,92.37537,93.17955,92.85323,94.12272,85.12134,93.17198,,,90.54547,,84.68705,86.73896,83.82846,84.32241,,,,93.73847,79.33328,,83.24704,85.02336,97.71246,84.76455,84.73087,92.85323,84.93318
288.01,91.05186,92.37276,93.16643,92.84621,94.08816,85.11984,93.16838,,,90.59773,,84.6792,86.71185,83.87072,84.33624,,,,93.70237,79.37472,,83.20162,85.02615,97.71637,84.77829,84.71739,92.84621,84.93318
289.01,91.05133,92.36994,93.15328,92.83918,94.05348,85.1183,93.16478,,,90.64871,,84.67136,86.68493,83.91011,84.34981,,,,93.66631,79.41848,,83.1563,85.02874,97.7202,84.79156,84.70397,92.83918,84.93317
290.01,91.05105,92.3669,93.14013,92.83215,94.0187,85.11673,93.1612,,,90.69845,,84.66352,86.65817,83.94663,84.36314,,,,93.6303,79.46419,,83.1111,85.03113,97.72393,84.80438,84.69062,92.83215,84.93316
291.01,91.05092,92.36363,93.12696,92.8251,93.98382,85.11512,93.15761,,,90.74695,,84.6557,86.63158,83.98035,84.37621,,,,93.59435,79.51159,,83.06602,85.03333,97.72757,84.81674,84.67732,92.8251,84.93316
292.01,91.05089,92.36014,93.1138,92.81802,93.94886,85.11347,93.15401,,,90.79419,,84.64789,86.60515,84.0113,84.38903,,,,93.55849,79.56052,,83.0211,85.03534,97.7311,84.82867,84.66408,92.81802,84.93315
293.01,91.0509,92.35645,93.10064,92.81091,93.91381,85.11178,93.15039,,,90.84015,,84.64009,86.57887,84.03955,84.4016,,,,93.5227,79.61101,,82.97635,85.03717,97.73451,84.84016,84.65092,92.81091,84.93314
294.01,91.05089,92.3526,93.08747,92.80377,93.87868,85.11007,93.14677,,,90.88477,,84.63229,86.55277,84.06514,84.41392,,,,93.487,79.66324,,82.93179,85.03881,97.73777,84.85122,84.63781,92.80377,84.93314
295.01,91.05085,92.34859,93.07428,92.79662,93.84349,85.10833,93.14313,,,90.92798,,84.6245,86.52685,84.08812,84.426,,,,93.45138,79.71748,,82.88746,85.04029,97.74088,84.86185,84.62478,92.79662,84.93313
296.01,91.05076,92.34442,93.06107,92.78947,93.80826,85.10657,93.13947,,,90.96969,,84.61671,86.5011,84.10853,84.43783,,,,93.41587,79.77402,,82.84337,85.0416,97.7438,84.87208,84.61182,92.78947,84.93313
297.01,91.0506,92.34008,93.04786,92.78232,93.77299,85.10477,93.13576,,,91.00977,,84.60893,86.4755,84.12641,84.44942,,,,93.38048,79.83308,,82.79956,85.04274,97.74655,84.88189,84.59891,92.78232,84.93312
298.01,91.05041,92.33556,93.03463,92.77515,93.7377,85.10294,93.13196,,,91.04811,,84.60116,86.45006,84.14184,84.46077,,,,93.34522,79.89479,,82.75604,85.04373,97.74912,84.89131,84.58607,92.77515,84.93311
299.01,91.05025,92.33087,93.02141,92.76797,93.70239,85.10107,93.12806,,,91.08462,,84.5934,86.42476,84.15486,84.47189,,,,93.31011,79.95919,,82.71283,85.04456,97.75151,84.90034,84.57329,92.76797,84.93311
300.01,91.05017,92.32605,93.00818,92.76076,93.66707,85.09919,93.12403,,,91.1192,,84.58565,86.39961,84.16554,84.48277,,,,93.27513,80.02622,,82.66995,85.04525,97.75368,84.90897,84.56058,92.76076,84.9331
301.01,91.05024,92.32111,92.99494,92.75353,93.63175,85.09728,93.11983,,,91.15178,,84.57791,86.37463,84.17395,84.49341,,,,93.2403,80.09579,,82.62743,85.04579,97.75564,84.91724,84.54795,92.75353,84.9331
302.01,91.05049,92.31606,92.98167,92.7463,93.59644,85.09535,93.11544,,,91.18225,,84.57018,86.34981,84.18013,84.50383,,,,93.20563,80.16789,,82.58531,85.04619,97.75736,84.92512,84.53538,92.7463,84.93309
303.01,91.05094,92.31087,92.96838,92.73907,93.56116,85.09339,93.11085,,,91.21052,,84.56245,86.32514,84.18414,84.51402,,,,93.17111,80.24265,,82.54359,85.04647,97.75883,84.93265,84.52288,92.73907,84.93308
304.01,91.05161,92.30555,92.95508,92.73184,93.52593,85.0914,93.10601,,,91.2365,,84.55473,86.30061,84.18603,84.52398,,,,93.13677,80.32041,,82.5023,85.04661,97.76007,84.93982,84.51044,92.73184,84.93308
305.01,91.05251,92.30008,92.94177,92.72458,93.49074,85.08938,93.10092,,,91.26014,,84.54703,86.2762,84.18587,84.53372,,,,93.10263,80.40167,,82.46146,85.04663,97.76106,84.94666,84.49807,92.72458,84.93307
306.01,91.05365,92.29448,92.92845,92.7173,93.45561,85.08734,93.09559,,,91.28139,,84.53935,86.25193,84.18373,84.54323,,,,93.06867,80.48707,,82.42111,85.04653,97.7618,84.95317,84.48576,92.7173,84.93307
307.01,91.05506,92.28877,92.91512,92.70999,93.42053,85.08527,93.09005,,,91.30023,,84.53167,86.22779,84.17968,84.55253,,,,93.03491,80.57727,,82.38127,85.04631,97.76227,84.95938,84.47353,92.70999,84.93306
308.01,91.05671,92.28296,92.90177,92.70267,93.38553,85.08318,93.08434,,,91.31665,,84.52399,86.2038,84.17378,84.56161,,,,93.00133,80.67287,,82.34199,85.04599,97.76246,84.9653,84.46136,92.70267,84.93306
309.01,91.05858,92.27706,92.8884,92.69535,93.35062,85.08106,93.07851,,,91.33063,,84.51632,86.17994,84.16607,84.57049,,,,92.96795,80.77441,,82.30329,85.04556,97.76237,84.97095,84.44927,92.69535,84.93305
310.01,91.06063,92.27105,92.87501,92.68803,93.31582,85.07892,93.0726,,,91.34215,,84.50866,86.15621,84.15661,84.57916,,,,92.93477,80.88239,,82.26519,85.04503,97.762,84.97633,84.43723,92.68803,84.93305
311.01,91.0628,92.26491,92.86161,92.6807,93.28113,85.07674,93.06664,,,91.35121,,84.50101,86.13259,84.14547,84.58764,,,,92.90181,80.99735,,82.22771,85.04441,97.76134,84.98146,84.42526,92.6807,84.93304
312.01,91.06508,92.25866,92.84822,92.67334,93.24657,85.07454,93.06066,,,91.35785,,84.49337,86.10907,84.13271,84.59594,,,,92.86905,81.11995,,82.19086,85.04369,97.76039,84.98635,84.41335,92.67334,84.93304
313.01,91.06745,92.25231,92.83482,92.66597,93.21213,85.07231,93.0547,,,91.3621,,84.48574,86.08567,84.1184,84.60407,,,,92.83649,81.251,,82.15466,85.04289,97.75916,84.991,84.40151,92.66597,84.93304
314.01,91.06988,92.24588,92.82142,92.65858,93.17781,85.07006,93.0488,,,91.36403,,84.47812,86.06238,84.10261,84.61205,,,,92.80412,81.39145,,82.11915,85.042,97.75764,84.99542,84.38975,92.65858,84.93303
315.01,91.07234,92.23938,92.808,92.65118,93.14364,85.0678,93.04297,,,91.36369,,84.4705,86.03922,84.08538,84.61989,,,,92.77192,81.54224,,82.08436,85.04104,97.7558,84.9996,84.37805,92.65118,84.93303
316.01,91.07477,92.2328,92.79458,92.6438,93.10963,85.0655,93.03725,,,91.36113,,84.46289,86.01617,84.06677,84.62759,,,,92.73988,81.70417,,82.05031,85.04,97.75366,85.00357,84.36643,92.6438,84.93302
317.01,91.07712,92.22614,92.78115,92.63641,93.07579,85.06318,93.03163,,,91.3564,,84.45529,85.9932,84.04684,84.63516,,,,92.70798,81.87776,,82.01702,85.03889,97.75122,85.0073,84.35486,92.63641,84.93302
318.01,91.07937,92.21938,92.76773,92.62901,93.04212,85.06084,93.02612,,,91.34958,,84.44771,85.97033,84.02564,84.64261,,,,92.67619,82.06314,,81.98452,85.03771,97.74849,85.01082,84.34336,92.62901,84.93302
319.01,91.0815,92.21254,92.75432,92.6216,93.00861,85.05846,93.02073,,,91.34075,,84.44014,85.94753,84.00325,84.64994,,,,92.64447,82.26003,,81.95282,85.03647,97.74545,85.01412,84.33192,92.6216,84.93301
320.01,91.0835,92.20563,92.74092,92.61416,92.97527,85.05607,93.01548,,,91.33002,,84.43258,85.92483,83.97972,84.65716,,,,92.61274,82.46767,,81.92195,85.03517,97.74212,85.0172,84.32056,92.61416,84.93301
321.01,91.08536,92.19867,92.7275,92.60671,92.94208,85.05365,93.01039,,,91.3175,,84.42503,85.90222,83.95511,84.66427,,,,92.58092,82.68495,,81.89194,85.03381,97.73847,85.02008,84.30927,92.60671,84.933
322.01,91.08705,92.19167,92.71408,92.59927,92.90906,85.05121,93.00548,,,91.30327,,84.41749,85.8797,83.92946,84.67125,,,,92.54888,82.91039,,81.86282,85.0324,97.73452,85.02275,84.29806,92.59927,84.933
323.01,91.08853,92.1846,92.70066,92.59183,92.87621,85.04874,93.00075,,,91.2874,,84.40996,85.85725,83.90283,84.67813,,,,92.51648,83.14231,,81.8346,85.03095,97.73026,85.02521,84.2869,92.59183,84.933
324.01,91.08977,92.17745,92.68724,92.58439,92.8435,85.04624,92.99619,,,91.26999,,84.40244,85.83487,83.87527,84.68489,,,,92.48354,83.37884,,81.80731,85.02945,97.7257,85.02748,84.2758,92.58439,84.933
325.01,91.09077,92.17023,92.67385,92.57693,92.81093,85.04371,92.99181,,,91.25114,,84.39494,85.81254,83.84684,84.69154,,,,92.44986,83.61805,,81.78096,85.0279,97.72084,85.02956,84.26477,92.57693,84.93299
326.01,91.09154,92.16296,92.66046,92.56946,92.77845,85.04115,92.9876,,,91.23097,,84.38745,85.79027,83.81759,84.69807,,,,92.41523,83.85799,,81.75556,85.02632,97.7157,85.03145,84.25381,92.56946,84.93299
327.01,91.09208,92.15564,92.64708,92.56196,92.74601,85.03857,92.98357,,,91.2096,,84.37997,85.76806,83.78758,84.70449,,,,92.37946,84.09675,,81.73115,85.0247,97.71026,85.03317,84.24292,92.56196,84.93299
328.01,91.09239,92.14829,92.63371,92.55447,92.71356,85.03596,92.9797,,,91.18712,,84.37249,85.74592,83.75685,84.71079,,,,92.34248,84.33247,,81.70775,85.02305,97.70452,85.0347,84.2321,92.55447,84.93299
329.01,91.09247,92.14091,92.62034,92.54699,92.68103,85.03333,92.97599,,,91.1636,,84.36502,85.72384,83.72544,84.71698,,,,92.30433,84.5634,,81.68537,85.02137,97.69848,85.03606,84.22134,92.54699,84.93298
330.01,91.09228,92.13347,92.60697,92.53953,92.64832,85.03066,92.97242,,,91.1391,,84.35757,85.70179,83.6934,84.72305,,,,92.26519,84.78791,,81.66404,85.01966,97.69215,85.03726,84.21064,92.53953,84.93298
331.01,91.09183,92.12597,92.59363,92.53206,92.61529,85.02796,92.96895,,,91.11372,,84.35012,85.67978,83.66078,84.72901,,,,92.22536,85.0045,,81.64376,85.01793,97.68555,85.0383,84.20001,92.53206,84.93298
332.01,91.09113,92.11842,92.58031,92.52459,92.58174,85.02522,92.96555,,,91.08753,,84.34269,85.65778,83.62762,84.73485,,,,92.18518,85.21182,,81.62454,85.01617,97.67867,85.03918,84.18944,92.52459,84.93298
333.01,91.0902,92.11085,92.567,92.51711,92.54745,85.02246,92.9622,,,91.06064,,84.33528,85.63582,83.59398,84.74057,,,,92.14501,85.40869,,81.60641,85.0144,97.67153,85.03991,84.17894,92.51711,84.93297
334.01,91.08907,92.10326,92.55371,92.50962,92.5122,85.01967,92.95889,,,91.03312,,84.32788,85.61389,83.5599,84.74619,,,,92.1052,85.59409,,81.58937,85.01261,97.66411,85.04049,84.16851,92.50962,84.93297
335.01,91.08772,92.09565,92.54042,92.50215,92.47581,85.01685,92.95559,,,91.00503,,84.32048,85.59199,83.52541,84.75168,,,,92.06608,85.76715,,81.57345,85.01081,97.65642,85.04094,84.15815,92.50215,84.93297
336.01,91.08616,92.08803,92.52714,92.49469,92.4382,85.014,92.95228,,,90.97637,,84.31309,85.57011,83.49056,84.75707,,,,92.02797,85.92721,,81.55867,85.009,97.64846,85.04125,84.14785,92.49469,84.93297
337.01,91.08438,92.08036,92.51387,92.48724,92.3994,85.01111,92.94891,,,90.94719,,84.30572,85.54823,83.45537,84.76234,,,,91.99113,86.07376,,81.54502,85.00718,97.64024,85.04143,84.13761,92.48724,84.93297
338.01,91.08237,92.07265,92.50062,92.47978,92.35956,85.00817,92.94545,,,90.91752,,84.29837,85.52634,83.41989,84.76749,,,,91.95578,86.20647,,81.53251,85.00535,97.63177,85.04148,84.12743,92.47978,84.93297
339.01,91.08016,92.0649,92.48739,92.47231,92.31895,85.0052,92.94189,,,90.88742,,84.29103,85.50445,83.38416,84.77254,,,,91.92204,86.32522,,81.52115,85.00352,97.62305,85.04141,84.11732,92.47231,84.93297
340.01,91.07778,92.05714,92.47417,92.46484,92.27789,85.00219,92.9382,,,90.85694,,84.28371,85.48255,83.34824,84.77747,,,,91.88999,86.43002,,81.51096,85.00168,97.61409,85.04123,84.10727,92.46484,84.93296
341.01,91.07523,92.04937,92.46096,92.45736,92.23677,84.99914,92.93438,,,90.82609,,84.27639,85.46067,83.31214,84.78229,,,,91.85963,86.52106,,81.50193,84.99984,97.60488,85.04094,84.0973,92.45736,84.93296
342.01,91.07251,92.04159,92.44776,92.44989,92.19596,84.99605,92.93042,,,90.79485,,84.26908,85.43877,83.2759,84.78701,,,,91.83091,86.59869,,81.49408,84.99801,97.59542,85.04054,84.08738,92.44989,84.93296
343.01,91.0696,92.03378,92.43456,92.44244,92.15584,84.9929,92.92631,,,90.76321,,84.26179,85.41685,83.23954,84.79161,,,,91.80376,86.66336,,81.48741,84.99618,97.58573,85.04005,84.07752,92.44244,84.93296
344.01,91.06652,92.02593,92.42139,92.435,92.11673,84.98971,92.92203,,,90.73116,,84.25451,85.3949,83.20309,84.7961,,,,91.77806,86.71568,,81.48191,84.99435,97.57581,85.03945,84.06773,92.435,84.93296
345.01,91.06326,92.01805,92.40824,92.42755,92.07886,84.98646,92.91756,,,90.6987,,84.24724,85.37291,83.16661,84.80049,,,,91.75366,86.75636,,81.47761,84.99253,97.56566,85.03876,84.05799,92.42755,84.93296
346.01,91.05985,92.01015,92.39511,92.42009,92.04245,84.98316,92.9129,,,90.66585,,84.23999,85.35088,83.13012,84.80477,,,,91.73036,86.78617,,81.47448,84.99072,97.55529,85.03799,84.04831,92.42009,84.93295
347.01,91.05631,92.00223,92.38199,92.41263,92.00762,84.97981,92.90807,,,90.63262,,84.23275,85.32883,83.09364,84.80895,,,,91.70797,86.80598,,81.47254,84.98891,97.5447,85.03713,84.0387,92.41263,84.93295
348.01,91.05265,91.99432,92.36888,92.40518,91.97446,84.9764,92.90308,,,90.59896,,84.22551,85.30674,83.05721,84.81302,,,,91.68628,86.81669,,81.47178,84.98712,97.5339,85.03619,84.02916,92.40518,84.93295
349.01,91.04884,91.98641,92.35579,92.39775,91.94302,84.97294,92.89792,,,90.56481,,84.21829,85.28462,83.02085,84.81698,,,,91.6651,86.81922,,81.4722,84.98534,97.52287,85.03517,84.01967,92.39775,84.93294
350.01,91.04489,91.97847,92.34272,92.39035,91.91326,84.96942,92.8926,,,90.53014,,84.21108,85.26243,82.98457,84.82085,,,,91.64428,86.81452,,81.4738,84.98358,97.51164,85.03409,84.01024,92.39035,84.93294
351.01,91.04079,91.9705,92.32968,92.38295,91.88511,84.96583,92.88712,,,90.49493,,84.20388,85.24017,82.94841,84.82461,,,,91.62364,86.80351,,81.47657,84.98183,97.5002,85.03293,84.00087,92.38295,84.93293
352.01,91.03656,91.96252,92.31667,92.37554,91.8584,84.96217,92.88147,,,90.45917,,84.19671,85.21784,82.9124,84.82828,,,,91.60304,86.7871,,81.4805,84.9801,97.48857,85.03171,83.99156,92.37554,84.93293
353.01,91.03222,91.95452,92.30368,92.36814,91.83296,84.95844,92.87568,,,90.42287,,84.18955,85.19545,82.87657,84.83185,,,,91.58232,86.76617,,81.4856,84.97838,97.47674,85.03044,83.98231,92.36814,84.93292
354.01,91.02779,91.94653,92.2907,92.36073,91.80862,84.95464,92.86975,,,90.38601,,84.1824,85.17299,82.84094,84.83532,,,,91.56135,86.74154,,81.49184,84.97669,97.46471,85.02911,83.97313,92.36073,84.93292
355.01,91.02325,91.93855,92.27774,92.35335,91.78519,84.95077,92.86371,,,90.3485,,84.17526,85.15047,82.80552,84.83869,,,,91.54003,86.714,,81.49923,84.97501,97.45248,85.02772,83.964,92.35335,84.93291
356.01,91.0186,91.93055,92.2648,92.34598,91.76249,84.94682,92.85757,,,90.31029,,84.16814,85.12786,82.77033,84.84197,,,,91.51829,86.68424,,81.50775,84.97336,97.44005,85.02629,83.95494,92.34598,84.93291
357.01,91.01381,91.92253,92.25188,92.33862,91.74034,84.94277,92.85131,,,90.27135,,84.16103,85.10516,82.7354,84.84516,,,,91.49611,86.65291,,81.51739,84.97172,97.42744,85.02481,83.94592,92.33862,84.9329
358.01,91.00889,91.91449,92.239,92.33124,91.71854,84.93863,92.84494,,,90.23167,,84.15394,85.08235,82.70074,84.84825,,,,91.47344,86.62057,,81.52814,84.97011,97.41464,85.02329,83.93697,92.33124,84.9329
359.01,91.00387,91.90643,92.22615,92.32384,91.6969,84.93439,92.83848,,,90.19126,,84.14686,85.05945,82.66638,84.85126,,,,91.45025,86.58773,,81.53998,84.96852,97.40166,85.02173,83.92807,92.32384,84.93289
360.01,90.99875,91.89838,92.21331,92.31641,91.67525,84.93006,92.83193,,,90.15013,,84.1398,85.03646,82.63233,84.85417,,,,91.42651,86.55482,,81.5529,84.96696,97.3885,85.02013,83.91924,92.31641,84.93289
361.01,90.99355,91.89033,92.2005,92.30896,91.65346,84.92562,92.82532,,,90.10821,,84.13275,85.01338,82.59862,84.857,,,,91.4022,86.52221,,81.56688,84.96542,97.37515,85.0185,83.91046,92.30896,84.93288
362.01,90.98825,91.88229,92.1877,92.30148,91.63143,84.92108,92.81865,,,90.06544,,84.12571,84.9902,82.56526,84.85975,,,,91.37735,86.49019,,81.58191,84.96391,97.36162,85.01684,83.90174,92.30148,84.93287
363.01,90.98283,91.87423,92.17494,92.29396,91.60908,84.91641,92.81192,,,90.02176,,84.11868,84.9669,82.53224,84.8624,,,,91.352,86.45899,,81.59798,84.96242,97.34792,85.01516,83.89308,92.29396,84.93287
364.01,90.97729,91.86614,92.16221,92.28637,91.58633,84.91162,92.80513,,,89.97717,,84.11166,84.94348,82.4996,84.86498,,,,91.32621,86.4288,,81.61506,84.96096,97.33404,85.01345,83.88446,92.28637,84.93286
365.01,90.97165,91.85804,92.14951,92.27867,91.56309,84.90669,92.79828,,,89.93171,,84.10467,84.91994,82.46735,84.86748,,,,91.30001,86.39974,,81.63313,84.95953,97.32,85.01172,83.8759,92.27867,84.93286
366.01,90.96592,91.84994,92.13684,92.27087,91.53931,84.90163,92.79138,,,89.88537,,84.09769,84.89628,82.4355,84.86989,,,,91.27341,86.37191,,81.65218,84.95813,97.30579,85.00997,83.86739,92.27087,84.93286
367.01,90.96011,91.84186,92.1242,92.26295,91.51497,84.89643,92.78444,,,89.83816,,84.09072,84.87251,82.40408,84.87223,,,,91.24645,86.34534,,81.67218,84.95676,97.29142,85.00821,83.85894,92.26295,84.93285
368.01,90.95422,91.83379,92.11158,92.25493,91.49006,84.89108,92.77748,,,89.78999,,84.08376,84.84862,82.37308,84.87449,,,,91.21915,86.32006,,81.69312,84.95542,97.27687,85.00643,83.85055,92.25493,84.93285
369.01,90.94825,91.82573,92.09899,92.24681,91.46462,84.88557,92.77048,,,89.74081,,84.07682,84.82461,82.34252,84.87667,,,,91.19159,86.29604,,81.71497,84.9541,97.26216,85.00465,83.84221,92.24681,84.93284
370.01,90.94218,91.81766,92.08642,92.23859,91.43867,84.87989,92.76344,,,89.6906,,84.06989,84.80046,82.31239,84.87878,,,,91.16384,86.27324,,81.73771,84.95282,97.24729,85.00285,83.83392,92.23859,84.93284
371.01,90.93601,91.80956,92.07389,92.23027,91.41221,84.87402,92.75636,,,89.63939,,84.06299,84.77616,82.28273,84.88082,,,,91.13595,86.25159,,81.76132,84.95156,97.23226,85.00105,83.82568,92.23027,84.93283
372.01,90.92975,91.80146,92.06139,92.22186,91.38525,84.86795,92.74923,,,89.58721,,84.0561,84.75172,82.25353,84.88279,,,,91.10793,86.23102,,81.78577,84.95034,97.21708,84.99924,83.81749,92.22186,84.93283
373.01,90.92342,91.79337,92.04891,92.21338,91.35783,84.86168,92.74206,,,89.53405,,84.04922,84.72714,82.22482,84.88469,,,,91.0798,86.21146,,81.81105,84.94914,97.20173,84.99743,83.80936,92.21338,84.93283
374.01,90.91703,91.78528,92.03645,92.20485,91.32998,84.85519,92.73487,,,89.47988,,84.04236,84.70244,82.1966,84.88652,,,,91.05157,86.19281,,81.83713,84.94797,97.18623,84.99562,83.80128,92.20485,84.93283
375.01,90.91057,91.77721,92.02402,92.19631,91.30179,84.84847,92.72765,,,89.42463,,84.03551,84.6776,82.16886,84.88828,,,,91.02327,86.17497,,81.86398,84.94684,97.17056,84.99381,83.79326,92.19631,84.93282
376.01,90.90403,91.76913,92.01161,92.18778,91.27331,84.8415,92.72041,,,89.36823,,84.02867,84.6526,82.14161,84.88998,,,,90.99496,86.15784,,81.89158,84.94573,97.15473,84.99201,83.78528,92.18778,84.93282
377.01,90.89739,91.76104,91.99923,92.17927,91.24458,84.83425,92.71312,,,89.31072,,84.02185,84.62744,82.11487,84.89162,,,,90.96667,86.14133,,81.9199,84.94465,97.13875,84.99021,83.77734,92.17927,84.93282
378.01,90.89067,91.75292,91.98688,92.17078,91.21563,84.82672,92.70578,,,89.25211,,84.01504,84.60212,82.08863,84.8932,,,,90.93839,86.12534,,81.94892,84.9436,97.12262,84.98842,83.76946,92.17078,84.93282
379.01,90.88388,91.74481,91.97456,92.16235,91.18647,84.81888,92.69841,,,89.19243,,84.00826,84.57664,82.06292,84.89471,,,,90.91011,86.10979,,81.97862,84.94258,97.10633,84.98664,83.76163,92.16235,84.93281
380.01,90.87703,91.7367,91.96226,92.15398,91.15714,84.81071,92.691,,,89.13165,,84.00148,84.551,82.03773,84.89617,,,,90.88181,86.09459,,82.00896,84.94159,97.08989,84.98487,83.75385,92.15398,84.93281
381.01,90.87014,91.7286,91.94998,92.14571,91.12769,84.8022,92.68356,,,89.06969,,83.99471,84.5252,82.01307,84.89757,,,,90.85348,86.07968,,82.03992,84.94063,97.07329,84.98311,83.74612,92.14571,84.93281
382.01,90.86319,91.72052,91.93774,92.13755,91.09818,84.79332,92.67609,,,89.0065,,83.98796,84.49921,81.98893,84.89891,,,,90.82513,86.06498,,82.07148,84.9397,97.05654,84.98136,83.73844,92.13755,84.93281
383.01,90.85616,91.71243,91.92553,92.12953,91.06865,84.78404,92.6686,,,88.94206,,83.98122,84.47303,81.96532,84.9002,,,,90.79679,86.05042,,82.10362,84.9388,97.03963,84.97963,83.7308,92.12953,84.93281
384.01,90.84905,91.70432,91.91336,92.12162,91.0391,84.77432,92.66106,,,88.87639,,83.9745,84.44664,81.94223,84.90144,,,,90.76845,86.03596,,82.13629,84.93792,97.02257,84.97791,83.72321,92.12162,84.93281
385.01,90.84188,91.69621,91.90123,92.11382,91.00951,84.76413,92.65347,,,88.80953,,83.9678,84.42007,81.91969,84.90263,,,,90.74006,86.02154,,82.16948,84.93707,97.00537,84.97621,83.71566,92.11382,84.93281
386.01,90.83468,91.6881,91.88913,92.10614,90.97987,84.75346,92.64585,,,88.74148,,83.96111,84.39333,81.89769,84.90376,,,,90.71158,86.00714,,82.20317,84.93626,96.98801,84.97453,83.70817,92.10614,84.93281
387.01,90.82744,91.68001,91.87705,92.09858,90.95021,84.74224,92.63819,,,88.67219,,83.95444,84.36642,81.87624,84.90485,,,,90.68297,85.99272,,82.23732,84.93547,96.9705,84.97287,83.70073,92.09858,84.93281
388.01,90.82017,91.67193,91.865,92.09116,90.92056,84.73046,92.63051,,,88.60156,,83.94778,84.33933,81.85532,84.90589,,,,90.65422,85.97826,,82.27191,84.9347,96.95284,84.97123,83.69334,92.09116,84.93281
389.01,90.81284,91.66386,91.85298,92.08385,90.89093,84.71805,92.6228,,,88.52958,,83.94113,84.31205,81.83494,84.90688,,,,90.62534,85.96373,,82.30692,84.93397,96.93502,84.96961,83.68599,92.08385,84.93281
390.01,90.80545,91.65577,91.84099,92.07665,90.86132,84.70495,92.61506,,,88.45626,,83.9345,84.28457,81.81511,84.90783,,,,90.59633,85.94912,,82.34232,84.93326,96.91704,84.96801,83.67868,92.07665,84.93281
391.01,90.798,91.64767,91.82904,92.06954,90.83167,84.69113,92.60726,,,88.38163,,83.9279,84.25687,81.79581,84.90874,,,,90.56717,85.93442,,82.37809,84.93258,96.89892,84.96644,83.67141,92.06954,84.93281
392.01,90.7905,91.63958,91.81713,92.06249,90.80195,84.67652,92.59943,,,88.30573,,83.92131,84.22899,81.77707,84.90961,,,,90.53778,85.91962,,82.41419,84.93192,96.88065,84.96489,83.66418,92.06249,84.93281
393.01,90.78297,91.63149,91.80524,92.05549,90.77214,84.66106,92.59157,,,88.22853,,83.91473,84.20092,81.75887,84.91043,,,,90.50811,85.90475,,82.45061,84.93129,96.86223,84.96337,83.65701,92.05549,84.93281
394.01,90.77542,91.62341,91.79337,92.04855,90.74224,84.64468,92.58367,,,88.14996,,83.90817,84.1727,81.74121,84.91122,,,,90.47813,85.88978,,82.48732,84.93069,96.84365,84.96187,83.64988,92.04855,84.93281
395.01,90.76783,91.61535,91.78153,92.04167,90.71226,84.6273,92.57576,,,88.06996,,83.90161,84.1443,81.72408,84.91197,,,,90.44787,85.87474,,82.52429,84.93011,96.82492,84.9604,83.64278,92.04167,84.93281
396.01,90.7602,91.60728,91.76973,92.03483,90.68219,84.60885,92.56783,,,87.98854,,83.89507,84.11572,81.70746,84.91268,,,,90.41732,85.85963,,82.5615,84.92956,96.80604,84.95897,83.63573,92.03483,84.93281
397.01,90.7525,91.5992,91.75796,92.02801,90.65198,84.58922,92.55985,,,87.90574,,83.88855,84.08696,81.69137,84.91337,,,,90.38648,85.84445,,82.59894,84.92903,96.78701,84.95756,83.62871,92.02801,84.93282
398.01,90.74476,91.59111,91.74622,92.02118,90.62157,84.56834,92.55185,,,87.82161,,83.88205,84.05803,81.6758,84.91403,,,,90.3553,85.82923,,82.63656,84.92853,96.76784,84.95618,83.62173,92.02118,84.93282
399.01,90.73699,91.58303,91.73452,92.01434,90.59091,84.5461,92.54382,,,87.73615,,83.87556,84.02893,81.66075,84.91468,,,,90.32372,85.81398,,82.67436,84.92805,96.74852,84.95484,83.61479,92.01434,84.93282
400.01,90.7292,91.57496,91.72285,92.00748,90.56001,84.52242,92.53577,,,87.64934,,83.86909,83.99967,81.64622,84.91531,,,,90.29171,85.79872,,82.7123,84.92759,96.72906,84.95352,83.60789,92.00748,84.93282
401.01,90.7214,91.56693,91.71121,92.0006,90.52886,84.49718,92.52771,,,87.56112,,83.86263,83.97025,81.6322,84.91592,,,,90.25926,85.78347,,82.75036,84.92716,96.70945,84.95224,83.60104,92.0006,84.93282
402.01,90.71357,91.5589,91.6996,91.99371,90.49747,84.47027,92.51964,,,87.47147,,83.85618,83.94068,81.61869,84.91653,,,,90.2264,85.76823,,82.78853,84.92674,96.68969,84.95098,83.59422,91.99371,84.93282
403.01,90.7057,91.55086,91.68803,91.98679,90.46581,84.44159,92.51155,,,87.38043,,83.84975,83.91094,81.6057,84.91713,,,,90.19315,85.75302,,82.82677,84.92635,96.66979,84.94976,83.58744,91.98679,84.93283
404.01,90.69779,91.54282,91.67649,91.97981,90.43382,84.41102,92.50343,,,87.288,,83.84334,83.88104,81.59322,84.91772,,,,90.15947,85.73787,,82.86508,84.92599,96.64975,84.94856,83.58069,91.97981,84.93283
405.01,90.68985,91.53478,91.66499,91.97278,90.40144,84.37848,92.49528,,,87.19411,,83.83694,83.851,81.58124,84.91831,,,,90.12531,85.72278,,82.90341,84.92564,96.62957,84.9474,83.57399,91.97278,84.93283
406.01,90.68189,91.52674,91.65352,91.96569,90.36865,84.34388,92.48711,,,87.09863,,83.83057,83.82082,81.56978,84.91888,,,,90.09062,85.70778,,82.94176,84.92531,96.60925,84.94626,83.56732,91.96569,84.93283
407.01,90.67393,91.51872,91.64207,91.95854,90.33546,84.30717,92.47894,,,87.00145,,83.82421,83.79053,81.55881,84.91945,,,,90.05538,85.69288,,82.98011,84.92501,96.58879,84.94516,83.5607,91.95854,84.93284
408.01,90.66596,91.51073,91.63065,91.95135,90.30189,84.26829,92.47076,,,86.90256,,83.81785,83.76013,81.54834,84.92,,,,90.01961,85.67809,,83.01843,84.92472,96.56818,84.94409,83.55411,91.95135,84.93284
409.01,90.65796,91.50273,91.61926,91.94411,90.26793,84.22724,92.46257,,,86.80203,,83.81152,83.7296,81.53837,84.92055,,,,89.98333,85.66342,,83.0567,84.92445,96.54744,84.94304,83.54756,91.94411,84.93284
410.01,90.64991,91.49472,91.6079,91.93683,90.23355,84.18401,92.45436,,,86.70004,,83.8052,83.69895,81.52888,84.92108,,,,89.94654,85.64889,,83.0949,84.9242,96.52655,84.94203,83.54103,91.93683,84.93284
411.01,90.64184,91.4867,91.59658,91.92949,90.19866,84.13868,92.44613,,,86.59669,,83.7989,83.66819,81.51989,84.9216,,,,89.9092,85.6345,,83.13301,84.92397,96.50553,84.94104,83.53454,91.92949,84.93285
412.01,90.63375,91.47868,91.58529,91.9221,90.16323,84.09134,92.43788,,,86.49205,,83.79262,83.63733,81.51139,84.9221,,,,89.87123,85.62028,,83.17102,84.92376,96.48438,84.94009,83.52809,91.9221,84.93285
413.01,90.62566,91.47067,91.57402,91.91466,90.12728,84.04212,92.42963,,,86.3861,,83.78635,83.60637,81.50338,84.9226,,,,89.83261,85.60623,,83.20891,84.92356,96.46309,84.93916,83.52168,91.91466,84.93285
414.01,90.61756,91.46268,91.56277,91.90719,90.09082,83.99121,92.42137,,,86.27881,,83.78009,83.57534,81.49584,84.92308,,,,89.79335,85.59237,,83.24665,84.92338,96.44166,84.93826,83.5153,91.90719,84.93285
415.01,90.60946,91.4547,91.55156,91.8997,90.05387,83.93881,92.41311,,,86.17019,,83.77384,83.54422,81.48878,84.92355,,,,89.75347,85.57869,,83.28423,84.92322,96.42009,84.9374,83.50896,91.8997,84.93286
416.01,90.60131,91.44672,91.54038,91.8922,90.01641,83.88516,92.40484,,,86.06037,,83.76761,83.51302,81.48219,84.924,,,,89.71298,85.56522,,83.32164,84.92308,96.39839,84.93656,83.50264,91.8922,84.93286
417.01,90.59314,91.43873,91.52923,91.88468,89.97838,83.83051,92.39656,,,85.9495,,83.76139,83.48175,81.47607,84.92444,,,,89.67186,85.55194,,83.35884,84.92295,96.37656,84.93574,83.49635,91.88468,84.93286
418.01,90.58496,91.43074,91.51811,91.87713,89.93972,83.77517,92.38825,,,85.83771,,83.7552,83.4504,81.47043,84.92486,,,,89.63005,85.53888,,83.39584,84.92283,96.3546,84.93496,83.4901,91.87713,84.93287
419.01,90.57678,91.42275,91.50702,91.86956,89.90043,83.71944,92.37994,,,85.72506,,83.74903,83.41901,81.46525,84.92527,,,,89.58748,85.52605,,83.43261,84.92273,96.33251,84.93421,83.48389,91.86956,84.93287
420.01,90.56861,91.41479,91.49594,91.86198,89.86052,83.66364,92.37162,,,85.61156,,83.74286,83.38758,81.46053,84.92567,,,,89.54412,85.51344,,83.46914,84.92264,96.31028,84.93348,83.47771,91.86198,84.93287
421.01,90.56045,91.40685,91.48489,91.85441,89.82002,83.60809,92.36329,,,85.49721,,83.73671,83.35613,81.45627,84.92606,,,,89.49993,85.50107,,83.5054,84.92257,96.28793,84.93278,83.47157,91.85441,84.93288
422.01,90.55227,91.39891,91.47387,91.84685,89.77893,83.55313,92.35497,,,85.38208,,83.73057,83.32465,81.45245,84.92643,,,,89.4549,85.48893,,83.5414,84.92251,96.26545,84.9321,83.46545,91.84685,84.93288
423.01,90.54407,91.39096,91.46288,91.83929,89.7372,83.49908,92.34663,,,85.26628,,83.72446,83.29315,81.44909,84.92679,,,,89.40897,85.47703,,83.5771,84.92246,96.24284,84.93146,83.45936,91.83929,84.93288
424.01,90.53585,91.38301,91.45192,91.83172,89.69477,83.44629,92.33828,,,85.14991,,83.71836,83.26162,81.44617,84.92713,,,,89.36209,85.46537,,83.6125,84.92243,96.2201,84.93084,83.4533,91.83172,84.93289
425.01,90.52762,91.37506,91.44099,91.82415,89.6516,83.39511,92.32992,,,85.03307,,83.71228,83.23009,81.44371,84.92747,,,,89.31421,85.45396,,83.64759,84.9224,96.19724,84.93024,83.44727,91.82415,84.93289
426.01,90.5194,91.36713,91.43008,91.81657,89.60768,83.34587,92.32154,,,84.91584,,83.70622,83.19858,81.44168,84.92779,,,,89.26535,85.4428,,83.68235,84.92239,96.17426,84.92967,83.44127,91.81657,84.93289
427.01,90.51118,91.35921,91.41919,91.809,89.56302,83.29891,92.31317,,,84.79825,,83.70017,83.1671,81.44009,84.9281,,,,89.21556,85.4319,,83.71676,84.92239,96.15115,84.92913,83.43531,91.809,84.9329
428.01,90.50297,91.35131,91.40833,91.80144,89.51758,83.25457,92.3048,,,84.68039,,83.69413,83.13565,81.43892,84.92839,,,,89.16486,85.42126,,83.75083,84.9224,96.12791,84.9286,83.42937,91.80144,84.9329
429.01,90.49474,91.3434,91.3975,91.79391,89.47126,83.21316,92.29643,,,84.56237,,83.68811,83.10425,81.43818,84.92868,,,,89.11327,85.41087,,83.78452,84.92242,96.10455,84.92811,83.42345,91.79391,84.9329
430.01,90.48648,91.33548,91.38671,91.78638,89.42396,83.17499,92.28805,,,84.44428,,83.6821,83.07289,81.43786,84.92895,,,,89.06076,85.40074,,83.81784,84.92245,96.08108,84.92764,83.41756,91.78638,84.9329
431.01,90.47822,91.32756,91.37595,91.77886,89.37565,83.14036,92.27966,,,84.32619,,83.67611,83.04158,81.43796,84.92922,,,,89.00728,85.39087,,83.85078,84.92249,96.05749,84.92719,83.4117,91.77886,84.93291
432.01,90.46995,91.31964,91.36521,91.77133,89.32634,83.10952,92.27126,,,84.20817,,83.67014,83.01034,81.43849,84.92947,,,,88.95275,85.38127,,83.88331,84.92254,96.03379,84.92676,83.40587,91.77133,84.93291
433.01,90.46169,91.31175,91.3545,91.76382,89.2761,83.08273,92.26287,,,84.09028,,83.66418,82.9792,81.43943,84.92971,,,,88.8972,85.37193,,83.91544,84.9226,96.00997,84.92636,83.40006,91.76382,84.93291
434.01,90.45345,91.30389,91.34382,91.75632,89.22499,83.06018,92.25449,,,83.97259,,83.65824,82.94816,81.44077,84.92994,,,,88.84066,85.36286,,83.94716,84.92266,95.98605,84.92598,83.39429,91.75632,84.93291
435.01,90.44521,91.29604,91.33317,91.74884,89.173,83.04203,92.24611,,,83.8552,,83.65231,82.91723,81.44252,84.93016,,,,88.78319,85.35406,,83.97844,84.92274,95.96201,84.92562,83.38853,91.74884,84.93291
436.01,90.43695,91.28818,91.32255,91.74139,89.12009,83.02841,92.23773,,,83.7382,,83.64639,82.88641,81.44467,84.93037,,,,88.72479,85.34552,,84.00929,84.92282,95.93786,84.92528,83.3828,91.74139,84.93291
437.01,90.42868,91.28032,91.31197,91.73394,89.06618,83.01943,92.22933,,,83.62165,,83.6405,82.85572,81.44721,84.93057,,,,88.66546,85.33725,,84.03971,84.9229,95.9136,84.92496,83.37709,91.73394,84.93291
438.01,90.42041,91.27246,91.30141,91.72649,89.01124,83.01519,92.22093,,,83.50567,,83.63462,82.82516,81.45014,84.93076,,,,88.6051,85.32925,,84.06967,84.923,95.88924,84.92466,83.37141,91.72649,84.93291
439.01,90.41215,91.26462,91.29087,91.71904,88.95528,83.01573,92.21253,,,83.39034,,83.62877,82.79476,81.45347,84.93094,,,,88.54368,85.32151,,84.09917,84.9231,95.86478,84.92438,83.36575,91.71904,84.93291
440.01,90.4039,91.2568,91.28036,91.7116,88.89836,83.0211,92.20414,,,83.27576,,83.62292,82.76454,81.45719,84.93111,,,,88.4812,85.31405,,84.12822,84.92321,95.84021,84.92412,83.36013,91.7116,84.9329
441.01,90.39567,91.24899,91.26986,91.70418,88.8405,83.0313,92.19575,,,83.16199,,83.61709,82.7345,81.46129,84.93127,,,,88.41769,85.30686,,84.15679,84.92332,95.81554,84.92388,83.35452,91.70418,84.9329
442.01,90.38743,91.2412,91.2594,91.69677,88.7817,83.04629,92.18738,,,83.0491,,83.61127,82.70466,81.46576,84.93143,,,,88.35321,85.29992,,84.18489,84.92344,95.79076,84.92366,83.34893,91.69677,84.9329
443.01,90.37918,91.23339,91.24897,91.68937,88.72191,83.06603,92.179,,,82.93716,,83.60547,82.67501,81.47061,84.93157,,,,88.28777,85.29325,,84.21251,84.92356,95.76588,84.92346,83.34336,91.68937,84.9329
444.01,90.37092,91.22557,91.23855,91.68197,88.66107,83.09045,92.17062,,,82.82627,,83.59969,82.64558,81.47584,84.93171,,,,88.2213,85.28684,,84.23965,84.92369,95.74091,84.92327,83.33781,91.68197,84.93289
445.01,90.36266,91.21776,91.22815,91.67457,88.59915,83.11947,92.16223,,,82.71654,,83.59393,82.61637,81.48144,84.93184,,,,88.15375,85.2807,,84.2663,84.92382,95.71584,84.9231,83.33229,91.67457,84.93289
446.01,90.35442,91.20996,91.21777,91.66717,88.53618,83.15302,92.15385,,,82.60806,,83.58818,82.58742,81.48741,84.93196,,,,88.08508,85.27482,,84.29245,84.92396,95.69066,84.92294,83.32678,91.66717,84.93289
447.01,90.3462,91.20218,91.2074,91.65977,88.4722,83.19103,92.14549,,,82.50087,,83.58244,82.55872,81.49375,84.93207,,,,88.01533,85.2692,,84.31811,84.9241,95.6654,84.92281,83.3213,91.65977,84.93288
448.01,90.33798,91.19442,91.19705,91.6524,88.40726,83.23345,92.13714,,,82.39504,,83.57672,82.53029,81.50044,84.93218,,,,87.94457,85.26383,,84.34328,84.92424,95.64003,84.92268,83.31584,91.6524,84.93288
449.01,90.32974,91.18665,91.18674,91.64504,88.34134,83.28025,92.12879,,,82.29063,,83.57101,82.50212,81.50749,84.93228,,,,87.87285,85.25872,,84.36794,84.92439,95.61457,84.92258,83.31039,91.64504,84.93288
450.01,90.3215,91.17888,91.17644,91.63769,88.27437,83.33142,92.12045,,,82.18774,,83.56532,82.47423,81.51489,84.93237,,,,87.80015,85.25386,,84.3921,84.92454,95.58902,84.92248,83.30496,91.63769,84.93287
451.01,90.31326,91.17111,91.16617,91.63033,88.2063,83.38695,92.1121,,,82.08647,,83.55965,82.44666,81.52264,84.93246,,,,87.72641,85.24925,,84.41576,84.92469,95.56338,84.9224,83.29955,91.63033,84.93287
452.01,90.30504,91.16335,91.1559,91.62298,88.13714,83.44684,92.10377,,,81.98693,,83.55399,82.41941,81.53074,84.93254,,,,87.65156,85.24489,,84.43891,84.92485,95.53765,84.92234,83.29417,91.62298,84.93287
453.01,90.29685,91.15561,91.14565,91.61563,88.06692,83.5111,92.09544,,,81.88914,,83.54835,82.39251,81.53918,84.93261,,,,87.57561,85.24078,,84.46155,84.925,95.51183,84.92229,83.2888,91.61563,84.93287
454.01,90.28867,91.14789,91.13542,91.6083,87.99573,83.57972,92.08713,,,81.79316,,83.54272,82.36596,81.54797,84.93268,,,,87.49862,85.23691,,84.48369,84.92516,95.48592,84.92225,83.28345,91.6083,84.93286
455.01,90.2805,91.14018,91.12521,91.60099,87.92357,83.65274,92.07883,,,81.69904,,83.53711,82.33977,81.55709,84.93274,,,,87.42067,85.23328,,84.50532,84.92532,95.45992,84.92222,83.27812,91.60099,84.93286
456.01,90.27233,91.13247,91.11503,91.59368,87.85039,83.73019,92.07054,,,81.60685,,83.53152,82.31395,81.56654,84.9328,,,,87.34178,85.22989,,84.52645,84.92549,95.43383,84.9222,83.2728,91.59368,84.93286
457.01,90.26414,91.12475,91.10487,91.58638,87.77614,83.81216,92.06224,,,81.51665,,83.52594,82.28853,81.57632,84.93285,,,,87.26191,85.22673,,84.54707,84.92565,95.40766,84.9222,83.2675,91.58638,84.93286
458.01,90.25597,91.11704,91.09473,91.57907,87.7008,83.8988,92.05393,,,81.42852,,83.52039,82.26351,81.58643,84.93289,,,,87.18101,85.22379,,84.56719,84.92581,95.38141,84.9222,83.26221,91.57907,84.93285
459.01,90.24781,91.10935,91.08459,91.57176,87.62442,83.99031,92.04564,,,81.3425,,83.51485,82.23891,81.59687,84.93294,,,,87.09907,85.22109,,84.5868,84.92598,95.35507,84.92222,83.25695,91.57176,84.93285
460.01,90.23968,91.10167,91.07446,91.56446,87.54708,84.08693,92.03735,,,81.25864,,83.50932,82.21475,81.60763,84.93297,,,,87.01613,85.2186,,84.60592,84.92614,95.32865,84.92225,83.2517,91.56446,84.93285
461.01,90.23156,91.09402,91.06435,91.55718,87.46879,84.18893,92.02907,,,81.177,,83.50381,82.19103,81.61871,84.933,,,,86.93227,85.21634,,84.62453,84.92631,95.30215,84.92229,83.24646,91.55718,84.93285
462.01,90.22344,91.08636,91.05426,91.54992,87.3895,84.29659,92.02079,,,81.09764,,83.49831,82.16775,81.63011,84.93303,,,,86.84756,85.21428,,84.64265,84.92647,95.27556,84.92233,83.24124,91.54992,84.93285
463.01,90.2153,91.07869,91.04418,91.54266,87.30917,84.41019,92.01251,,,81.02063,,83.49283,82.14492,81.64182,84.93305,,,,86.76199,85.21243,,84.66028,84.92664,95.2489,84.92239,83.23602,91.54266,84.93285
464.01,90.20717,91.07102,91.03412,91.5354,87.22777,84.53002,92.00423,,,80.94602,,83.48737,82.12257,81.65384,84.93307,,,,86.67554,85.21079,,84.67741,84.9268,95.22216,84.92245,83.23082,91.5354,84.93284
465.01,90.19904,91.06335,91.02407,91.52813,87.14539,84.65631,91.99595,,,80.87384,,83.48192,82.10071,81.66617,84.93309,,,,86.58815,85.20934,,84.69406,84.92696,95.19535,84.92252,83.22564,91.52813,84.93284
466.01,90.19094,91.05572,91.01402,91.52088,87.06209,84.78933,91.98768,,,80.80411,,83.47649,82.07935,81.67881,84.9331,,,,86.49987,85.2081,,84.71023,84.92713,95.16846,84.9226,83.22048,91.52088,84.93284
467.01,90.18285,91.04811,91.00398,91.51364,86.97792,84.9293,91.97943,,,80.73685,,83.47107,82.05851,81.69176,84.93311,,,,86.41074,85.20704,,84.72592,84.92729,95.1415,84.92269,83.21532,91.51364,84.93284
468.01,90.17478,91.04051,90.99396,91.50642,86.89285,85.0765,91.9712,,,80.67208,,83.46567,82.03817,81.705,84.93311,,,,86.32082,85.20618,,84.74113,84.92745,95.11447,84.92278,83.21018,91.50642,84.93284
469.01,90.16671,91.03291,90.98396,91.49922,86.80684,85.23121,91.96297,,,80.60984,,83.46028,82.01837,81.71854,84.93311,,,,86.23017,85.20549,,84.75588,84.92762,95.08737,84.92288,83.20505,91.49922,84.93284
470.01,90.15863,91.02532,90.97397,91.49203,86.71987,85.39376,91.95475,,,80.55018,,83.45491,81.9991,81.73237,84.93311,,,,86.13881,85.20498,,84.77015,84.92778,95.0602,84.92299,83.19992,91.49203,84.93284
471.01,90.15056,91.01772,90.96399,91.48484,86.63199,85.56451,91.94653,,,80.49312,,83.44956,81.98039,81.7465,84.93311,,,,86.04675,85.20465,,84.78397,84.92794,95.03296,84.9231,83.19481,91.48484,84.93284
472.01,90.14251,91.01015,90.95401,91.47765,86.54327,85.74379,91.93833,,,80.43866,,83.44423,81.96226,81.76092,84.9331,,,,85.95402,85.20449,,84.79733,84.92809,95.00565,84.92322,83.18972,91.47765,84.93284
473.01,90.13448,91.00259,90.94403,91.47049,86.45378,85.9319,91.93015,,,80.38681,,83.43891,81.9447,81.77562,84.93309,,,,85.86068,85.2045,,84.81024,84.92825,94.97828,84.92334,83.18464,91.47049,84.93284
474.01,90.12648,90.99506,90.93406,91.46334,86.36356,86.12905,91.922,,,80.33758,,83.4336,81.92772,81.79061,84.93308,,,,85.76678,85.20466,,84.82273,84.92841,94.95083,84.92347,83.17957,91.46334,84.93284
475.01,90.11848,90.98753,90.92411,91.45621,86.27261,86.33531,91.91386,,,80.29099,,83.42831,81.91133,81.80588,84.93307,,,,85.67237,85.20498,,84.8348,84.92856,94.92332,84.9236,83.1745,91.45621,84.93284
476.01,90.11047,90.98,90.91417,91.4491,86.18088,86.55058,91.90573,,,80.24706,,83.42304,81.89554,81.82142,84.93305,,,,85.57746,85.20544,,84.84646,84.92871,94.89575,84.92374,83.16944,91.4491,84.93284
477.01,90.10246,90.97246,90.90423,91.442,86.08839,86.7746,91.89761,,,80.20579,,83.41779,81.88037,81.83724,84.93303,,,,85.48206,85.20605,,84.85774,84.92886,94.8681,84.92388,83.16439,91.442,84.93284
478.01,90.09447,90.96492,90.89428,91.4349,85.99518,87.00689,91.88949,,,80.16717,,83.41255,81.86583,81.85333,84.93301,,,,85.3862,85.2068,,84.86864,84.92901,94.8404,84.92403,83.15935,91.4349,84.93284
479.01,90.08649,90.95741,90.88433,91.42781,85.90132,87.24678,91.88139,,,80.13121,,83.40733,81.85192,81.86969,84.93299,,,,85.28996,85.20769,,84.87918,84.92916,94.81263,84.92417,83.15432,91.42781,84.93284
480.01,90.07855,90.94991,90.87438,91.42074,85.8069,87.49342,91.87331,,,80.0979,,83.40212,81.83865,81.88632,84.93297,,,,85.19341,85.2087,,84.88936,84.92931,94.78479,84.92433,83.14931,91.42074,84.93285
481.01,90.07061,90.94243,90.86444,91.4137,85.71194,87.74576,91.86525,,,80.06722,,83.39692,81.82602,81.90321,84.93295,,,,85.09662,85.20985,,84.89919,84.92945,94.75689,84.92448,83.1443,91.4137,84.93285
482.01,90.06266,90.93495,90.8545,91.40667,85.61648,88.00265,91.8572,,,80.03917,,83.39174,81.81404,81.92035,84.93292,,,,84.99962,85.21111,,84.90868,84.92959,94.72893,84.92464,83.13929,91.40667,84.93285
483.01,90.05471,90.92747,90.84457,91.39966,85.52052,88.26279,91.84916,,,80.01374,,83.38658,81.80273,81.93775,84.9329,,,,84.90242,85.21248,,84.91782,84.92973,94.7009,84.9248,83.13428,91.39966,84.93285
484.01,90.04677,90.91998,90.83462,91.39265,85.42412,88.52481,91.84112,,,79.99093,,83.38144,81.79208,81.9554,84.93287,,,,84.80503,85.21397,,84.92663,84.92987,94.67282,84.92496,83.12929,91.39265,84.93285
485.01,90.03885,90.91252,90.82466,91.38566,85.32735,88.78727,91.83309,,,79.97072,,83.37631,81.78212,81.9733,84.93285,,,,84.70753,85.21557,,84.93509,84.93001,94.64467,84.92512,83.12431,91.38566,84.93285
486.01,90.03097,90.90507,90.81469,91.37868,85.23031,89.04868,91.82508,,,79.95307,,83.37119,81.77284,81.99145,84.93283,,,,84.61,85.21728,,84.94323,84.93014,94.61647,84.92529,83.11933,91.37868,84.93285
487.01,90.02311,90.89765,90.80472,91.37173,85.13303,89.30753,91.81709,,,79.93795,,83.36609,81.76425,82.00983,84.9328,,,,84.51251,85.21908,,84.95103,84.93027,94.5882,84.92545,83.11437,91.37173,84.93286
488.01,90.01526,90.89023,90.79475,91.3648,85.03556,89.56231,91.80912,,,79.92534,,83.361,81.75635,82.02845,84.93278,,,,84.41512,85.22098,,84.9585,84.9304,94.55988,84.92562,83.1094,91.3648,84.93286
489.01,90.00741,90.88281,90.78479,91.35789,84.93787,89.81151,91.80115,,,79.91524,,83.35594,81.74913,82.0473,84.93276,,,,84.31787,85.22296,,84.96565,84.93053,94.5315,84.92578,83.10444,91.35789,84.93286
490.01,89.99955,90.87539,90.77482,91.35098,84.83999,90.05368,91.79319,,,79.9076,,83.35089,81.74261,82.06638,84.93275,,,,84.2208,85.22503,,84.97248,84.93065,94.50305,84.92595,83.09948,91.35098,84.93286
491.01,89.99172,90.86798,90.76483,91.34408,84.742,90.28743,91.78523,,,79.9024,,83.34586,81.7368,82.08568,84.93273,,,,84.12398,85.22719,,84.979,84.93077,94.47456,84.92612,83.09453,91.34408,84.93286
492.01,89.9839,90.86059,90.75484,91.33719,84.64399,90.51142,91.77729,,,79.89959,,83.34085,81.7317,82.1052,84.93271,,,,84.02746,85.22942,,84.9852,84.93089,94.446,84.92628,83.0896,91.33719,84.93287
493.01,89.97612,90.85322,90.74483,91.33031,84.54603,90.72444,91.76936,,,79.89914,,83.33585,81.72732,82.12494,84.9327,,,,83.93131,85.23172,,84.99111,84.93101,94.41739,84.92645,83.08466,91.33031,84.93287
494.01,89.96835,90.84586,90.73483,91.32346,84.44816,90.92534,91.76144,,,79.901,,83.33086,81.72365,82.14489,84.93269,,,,83.83558,85.23409,,84.99671,84.93112,94.38873,84.92662,83.07973,91.32346,84.93287
495.01,89.96058,90.83851,90.72484,91.31662,84.35041,91.11314,91.75354,,,79.90515,,83.32589,81.7207,82.16505,84.93268,,,,83.74036,85.23652,,85.00202,84.93124,94.36001,84.92679,83.0748,91.31662,84.93287
496.01,89.95281,90.83115,90.71484,91.3098,84.25282,91.28696,91.74564,,,79.91155,,83.32094,81.71847,82.1854,84.93267,,,,83.64571,85.239,,85.00704,84.93135,94.33124,84.92695,83.06987,91.3098,84.93287
497.01,89.94504,90.82379,90.70483,91.30299,84.15546,91.44609,91.73774,,,79.92015,,83.316,81.71696,82.20596,84.93266,,,,83.55168,85.24155,,85.01178,84.93145,94.30242,84.92712,83.06494,91.30299,84.93288
498.01,89.93728,90.81645,90.69481,91.29618,84.0584,91.59002,91.72984,,,79.93092,,83.31108,81.71617,82.22671,84.93265,,,,83.4583,85.24414,,85.01624,84.93156,94.27355,84.92728,83.06002,91.29618,84.93288
499.01,89.92955,90.80913,90.68478,91.28939,83.96172,91.71836,91.72196,,,79.9438,,83.30618,81.71611,82.24764,84.93264,,,,83.36564,85.24678,,85.02044,84.93166,94.24463,84.92744,83.05511,91.28939,84.93288
500.01,89.92184,90.80184,90.67474,91.28261,83.86546,91.83093,91.71409,,,79.95874,,83.30129,81.71678,82.26876,84.93263,,,,83.27376,85.24947,,85.02437,84.93176,94.21567,84.92761,83.0502,91.28261,84.93288
