time,Muttonpulao_02_calories absorbed,Cholebhature_01_calories absorbed,Curdrice_01_calories absorbed,Lemonrice_01_calories absorbed,Pasta_01_calories absorbed,Masaladosa_01_calories absorbed,Vegetable_Biryani_01_calories absorbed,Rapid_starch_01_calories absorbed,Chickenbreast_01_calories absorbed,Rice_01_calories absorbed,Eggwhite_01_calories absorbed,Paneer_01_calories absorbed,Milk_Chocolate_01_calories absorbed,Peanuts_01_calories absorbed,Curd_01_calories absorbed,Glucose_01_calories absorbed,Biscuit_01_calories absorbed,Glucose_02_calories absorbed,Bread_Meal_01_100_calories absorbed,Chickensandwich_01_calories absorbed,Ghee_01_calories absorbed,Apple_Pineapplesalad_01_calories absorbed,Spinach_01_calories absorbed,Bread_meal_02_calories absorbed,Orange_01_calories absorbed,Omelette_01_calories absorbed,Muttonpulao_01_calories absorbed,Arabinose_01_calories absorbed
1.01,0.12898,0.13962,0.1362,0.13137,0.00543,0.11091,0.15017,0.00144,0.00047,0.00422,0.00042,0.09001,0.00098,0.00737,0.00628,1.02572,0.00042,1.02572,0.00573,0.12464,0.00042,0.06381,0.00127,0.00573,0.01651,0.07334,0.13137,0.00042
2.01,0.83237,0.91816,0.80173,0.72735,0.40365,0.61814,0.88562,0.28683,0.00098,0.32169,0.00085,0.64132,0.0653,0.08414,0.06637,2.97735,0.00247,2.97736,0.42627,0.75387,0.00085,0.47009,0.01103,0.42627,0.14834,0.5132,0.72735,0.00084
3.01,1.8908,2.09071,1.80321,1.64697,1.11019,1.34783,2.00045,1.01725,0.00149,0.97262,0.00127,1.48258,0.2899,0.25204,0.1953,5.33284,0.0237,5.3371,1.1874,1.65383,0.00127,1.16185,0.03424,1.1874,0.414,1.21817,1.64697,0.00126
4.01,3.20617,3.54141,3.05414,2.78691,2.05109,2.17533,3.39299,2.15714,0.00197,1.87546,0.0017,2.49753,0.70596,0.51313,0.3828,7.98481,0.08804,8.00712,2.24804,2.70133,0.0017,2.05033,0.07215,2.24804,0.78063,2.09728,2.78691,0.00167
5.01,4.71007,5.1945,4.54072,4.11179,3.2135,3.09448,5.02209,3.64488,0.00245,3.00614,0.00213,3.60879,1.30318,0.8635,0.60312,10.81593,0.21518,10.87224,3.5723,3.84524,0.00213,3.07761,0.12637,3.5723,1.22713,3.10235,4.11179,0.00209
6.01,6.33611,6.92598,6.24028,5.60303,4.57279,4.09909,6.8223,5.41181,0.00291,4.34511,0.00257,4.75977,2.05271,1.29366,0.84436,13.78558,0.42459,13.90303,5.10571,5.07164,0.00257,4.2124,0.19819,5.10571,1.74167,4.18856,5.60303,0.00251
7.01,8.03401,8.6322,8.11037,7.24088,6.09619,5.16309,8.69658,7.42095,0.00339,5.87168,0.00301,5.93347,2.91844,1.79221,1.10459,16.88681,0.73576,17.10362,6.80822,6.37086,0.00301,5.4329,0.28819,6.80822,2.31422,5.28663,7.24088,0.00293
8.01,9.79437,10.30542,10.10152,9.00773,7.75399,6.2641,10.57908,9.63324,0.00386,7.56785,0.00346,7.12355,3.86427,2.34661,1.38368,20.11644,1.16369,20.47123,8.65353,7.72906,0.00346,6.72265,0.39603,8.65353,2.93413,6.34234,9.00773,0.00336
9.01,11.60759,11.92782,12.15636,10.8859,9.52274,7.39147,12.45687,12.00946,0.00435,9.42027,0.00391,8.32714,4.85814,2.94491,1.68035,23.46656,1.71797,23.98673,10.62309,9.13142,0.00391,8.06889,0.5205,10.62309,3.59175,7.35667,10.8859,0.00379
10.01,13.46028,13.5033,14.24232,12.8524,11.38499,8.54104,14.31237,14.51817,0.00484,11.41788,0.00438,9.54338,5.87542,3.57723,1.9915,26.92392,2.40639,27.6219,12.7015,10.56562,0.00438,9.46108,0.65972,12.7015,4.27967,8.34878,12.8524,0.00423
11.01,15.33936,15.04838,16.32902,14.89126,13.32695,9.70958,16.12895,17.13607,0.00535,13.54947,0.00486,10.77279,6.89992,4.23658,2.31432,30.47236,3.23645,31.35185,14.87426,12.0231,0.00486,10.88976,0.81172,14.87426,4.99201,9.33594,14.89126,0.00467
12.01,17.23334,16.5792,18.38063,16.99821,15.33555,10.89295,17.89601,19.84686,0.00586,15.80451,0.00535,12.01619,7.92314,4.91889,2.64735,34.09572,4.21001,35.16106,17.12728,13.49866,0.00535,12.34617,0.97484,17.12728,5.72318,10.32984,16.99821,0.00512
13.01,19.13382,18.11006,20.38381,19.16646,17.39804,12.08652,19.61341,22.64014,0.0064,18.17365,0.00585,13.27382,8.94188,5.62224,2.98932,37.77995,5.32632,39.04211,19.44747,14.98941,0.00585,13.82203,1.14759,19.44747,6.46761,11.33619,19.16646,0.00557
14.01,21.03661,19.65266,22.33353,21.38724,19.50272,13.28643,21.29715,25.51131,0.00695,20.64935,0.00637,14.54514,9.95665,6.34591,3.33864,41.26197,6.58428,42.99228,21.82324,16.49378,0.00637,15.30966,1.32844,21.82324,7.22042,12.35616,21.38724,0.00602
15.01,22.94139,21.21463,24.22547,23.65141,21.63925,14.49043,22.9698,28.45473,0.00752,23.22483,0.00692,15.82907,10.96997,7.08977,3.694,44.67296,7.98168,47.01054,24.24406,18.01079,0.00692,16.80218,1.5158,24.24406,7.97763,13.38868,23.65141,0.00647
16.01,24.84973,22.79944,26.05578,25.94962,23.79775,15.6979,24.64737,31.4647,0.00812,25.89322,0.00748,17.12434,11.98431,7.85409,4.05429,48.14487,9.51428,51.09596,26.69996,19.5396,0.00748,18.29368,1.70831,26.69996,8.73599,14.43218,25.94962,0.00693
17.01,26.76351,24.40749,27.82748,28.27216,25.96885,16.90928,26.338,34.53834,0.00874,28.64747,0.00807,18.42978,12.99984,8.63938,4.41893,51.68105,11.17741,55.24681,29.18159,21.07934,0.00807,19.77956,1.90506,29.18159,9.49249,15.4853,28.27216,0.00739
18.01,28.68392,26.03737,29.55665,30.60889,28.14443,18.12535,28.04488,37.67416,0.00939,31.48014,0.00869,19.7445,14.01569,9.44625,4.78766,54.99577,12.96737,59.43467,31.68061,22.62909,0.00869,21.25657,2.10541,31.68061,10.24438,16.54714,30.60889,0.00785
19.01,30.61124,27.68691,31.26469,32.94911,30.3178,19.34666,29.76853,40.8727,0.01007,34.38323,0.00934,21.0678,15.03134,10.27543,5.16033,58.28642,14.87966,63.43333,34.18955,24.18792,0.00934,22.72269,2.30884,34.18955,10.98923,17.61718,32.94911,0.00831
20.01,32.54512,29.35388,32.96701,35.28148,32.48325,20.57318,31.50816,44.12625,0.01078,37.34789,0.01002,22.39918,16.04714,11.12774,5.53682,,16.90896,67.28281,36.70159,25.75503,0.01002,24.17698,2.51487,36.70159,11.72511,18.69517,35.28148,0.00877
21.01,34.4848,31.03624,34.67214,37.59407,34.63624,21.80419,33.26241,47.4229,0.01154,40.36422,0.01073,23.73822,17.06456,12.00389,5.91699,,19.05068,71.38556,39.21036,27.32983,0.01073,25.61946,2.72307,39.21036,12.45048,19.78091,37.59407,0.00924
22.01,36.42933,32.73233,36.38453,39.8758,36.7738,23.03848,35.02969,50.75956,0.01233,43.42134,0.01149,25.08453,18.08578,12.90455,6.30058,,21.30089,75.20379,41.71035,28.91192,0.01149,27.05093,2.933,41.71035,13.16401,20.8742,39.8758,0.0097
23.01,38.3777,34.44073,38.10625,42.11995,38.89472,24.27461,36.80839,54.13516,0.01316,46.50877,0.01228,26.43768,19.1132,13.83023,6.68728,,23.65526,79.09946,44.19698,30.50111,0.01228,28.47282,3.14426,44.19693,13.86457,21.97477,42.11995,0.01017
24.01,40.32869,36.16003,39.83786,44.32714,40.99872,25.51128,38.59687,57.55039,0.01403,49.61932,0.01312,27.7973,20.149,14.78134,7.07685,,26.10951,83.22619,46.66655,32.09736,0.01312,29.88698,3.3565,46.66585,14.55141,23.0823,44.32714,0.01063
25.01,42.28101,37.88876,41.57906,46.50318,43.08667,26.74756,40.39359,61.0047,0.01495,52.75083,0.014,29.16312,21.19502,15.75811,7.4691,,28.66017,87.33906,49.11614,33.7007,0.014,31.2954,3.56939,49.11322,15.22402,24.19648,46.50318,0.0111
26.01,44.23397,39.62591,43.32903,48.654,45.16115,27.98297,42.19715,64.48985,0.01592,55.90384,0.01492,30.53494,22.25262,16.76067,7.86378,,31.30398,90.96978,51.54167,35.31116,0.01492,32.70003,3.78262,51.53623,15.88202,25.31697,48.654,0.01156
27.01,46.18711,41.37066,45.08678,50.78341,47.22452,29.21735,44.00633,68.00533,0.01693,59.07841,0.0159,31.91251,23.32283,17.78902,8.26058,,34.03726,94.77043,53.93799,36.92877,0.0159,34.10263,3.99587,53.93362,16.52496,26.4435,50.78341,0.01203
28.01,48.13968,43.12201,46.85122,52.89344,49.277,30.4508,45.82018,71.55233,0.018,62.27354,0.01692,33.2955,24.40639,18.8431,8.65926,,36.85691,98.75886,56.2996,38.55354,0.01692,35.50472,4.20884,56.30558,17.15258,27.57577,52.89344,0.01249
29.01,50.09104,44.87905,48.62125,54.985,51.31651,31.68351,47.63787,75.13359,0.01912,65.48758,0.018,34.68359,25.50372,19.92273,9.05961,,39.76025,102.32549,58.62141,40.18544,0.018,36.9075,4.42128,58.65346,17.76483,28.7135,54.985,0.01295
30.01,52.04073,46.64106,50.39581,57.05852,53.33947,32.91558,49.45873,78.74933,0.02029,68.71848,0.01913,36.07645,26.61508,21.02762,9.46146,,42.74444,106.56044,60.89921,41.82437,0.01913,38.31189,4.63297,60.97962,18.36177,29.85638,57.05852,0.01342
31.01,53.98847,48.40746,52.1739,59.11433,55.34211,34.147,51.28216,82.39901,0.02152,71.96399,0.02032,37.47382,27.74055,22.15738,9.86464,,45.80802,109.82034,63.13014,43.47011,0.02032,39.71855,4.84372,63.28749,18.9435,31.00409,59.11433,0.01388
32.01,55.93408,50.17776,53.95461,61.15287,57.3218,35.37765,53.10767,86.07543,0.0228,75.22147,0.02156,38.87544,28.88009,23.31154,10.26903,,48.94887,112.6007,65.3126,45.12235,0.02156,41.12792,5.05329,65.58079,19.51014,32.15634,61.15287,0.01435
33.01,57.87747,51.95156,55.73714,63.17493,59.27828,36.60733,54.93492,89.77969,0.02415,78.48774,0.02286,40.28108,30.0336,24.4896,10.67453,,52.16377,115.36953,67.44552,46.7807,0.02286,42.54024,5.26152,67.86293,20.06186,33.31286,63.17493,0.01481
34.01,59.81865,53.72855,57.52088,65.18181,61.21389,37.83584,56.76359,93.51147,0.02556,81.75909,0.02422,41.69051,31.20091,25.69105,11.08103,,55.44855,118.26506,69.5281,48.44473,0.02422,43.95558,5.46819,70.13705,20.59876,34.47342,65.18181,0.01528
35.01,61.75769,55.50843,59.30538,67.17527,63.13292,39.06304,58.59344,97.2719,0.02702,85.03129,0.02564,43.1035,32.3818,26.91535,11.48842,,58.79862,121.2391,71.56042,50.11405,0.02564,45.37396,5.67315,72.40636,21.12104,35.63776,67.17527,0.01574
36.01,63.69475,57.29095,61.09038,69.15731,65.04047,40.28888,60.42425,101.05917,0.02856,88.29953,0.02713,44.51979,33.57596,28.16198,11.89662,,62.20908,124.27697,73.54627,51.78829,0.02713,46.79528,5.87622,74.67408,21.62903,36.80564,69.15731,0.0162
37.01,65.62999,59.0759,62.87576,71.13001,66.94157,41.51338,62.25586,104.87248,0.03016,91.5583,0.02868,45.93917,34.78305,29.43039,12.30555,,65.6749,127.38005,75.49516,53.46716,0.02868,48.21941,6.07729,76.943,22.12306,37.9768,71.13001,0.01667
38.01,67.56359,60.86309,64.66151,73.09529,68.84076,42.7366,64.0881,108.70553,0.03183,94.80116,0.03031,47.36139,36.00265,30.72006,12.71517,,69.19059,130.55042,77.4202,55.15044,0.03031,49.64617,6.27622,79.21541,22.60346,39.15097,73.09529,0.01713
39.01,69.49576,62.65236,66.4476,75.05481,70.74187,43.95865,65.92085,112.55604,0.03357,98.02036,0.032,48.78624,37.23436,32.03043,13.12544,,72.75094,133.78568,79.33367,56.83798,0.032,51.07533,6.47289,81.49342,23.07054,40.32792,75.05481,0.01759
40.01,71.42658,64.44347,68.23403,77.00989,72.64804,45.17962,67.75392,116.42065,0.03539,101.20623,0.03377,50.21347,38.47779,33.36088,13.53626,,76.35137,138.50053,81.24482,58.52964,0.03377,52.50666,6.66719,83.77937,23.52457,41.50743,77.00989,0.01805
41.01,73.35593,66.23605,70.02071,78.9615,74.56178,46.39952,69.58708,120.28908,0.03728,104.34694,0.03561,51.64286,39.7326,34.71074,13.9475,,79.98832,142.33052,83.16009,60.22533,0.03561,53.93989,6.85898,86.07517,23.96573,42.6893,78.9615,0.01852
42.01,75.28363,68.02966,71.80753,80.9103,76.48504,47.61828,71.42006,124.10238,0.03925,107.42986,0.03753,53.07421,40.99844,36.07931,14.35903,,83.65919,145.84325,85.084,61.92499,0.03753,55.37473,7.04816,88.38233,24.39427,43.87331,80.9103,0.01898
43.01,77.20981,69.82403,73.59434,82.8567,78.41921,48.83578,73.25254,127.92217,0.0413,110.4484,0.03953,54.50734,42.27497,37.4659,14.77068,,87.36219,149.36071,87.01974,63.62853,0.03953,56.81084,7.23465,90.70205,24.81049,45.05923,82.8567,0.01944
44.01,79.13439,71.61877,75.38107,84.80096,80.36528,50.05187,75.08432,131.79817,0.04343,113.41091,0.04161,55.94207,43.56185,38.86981,15.1822,,91.09602,152.89325,88.96949,65.33585,0.04161,58.24787,7.41836,93.03564,25.21467,46.24683,84.80096,0.0199
45.01,81.05719,73.41359,77.16772,86.74321,82.32388,51.26636,76.91532,135.72138,0.04565,116.3359,0.04378,57.37826,44.85874,40.29045,15.59346,,94.85985,156.44302,90.93466,67.04688,0.04378,59.68551,7.59924,95.38437,25.60714,47.43589,86.74321,0.02036
46.01,82.9782,75.20834,78.95438,88.68349,84.29531,52.47914,78.74551,139.70583,0.04795,119.23906,0.04603,58.81577,46.16528,41.72725,16.00436,,98.65326,160.00348,92.91611,68.76155,0.04603,61.12349,7.77722,97.74946,25.98816,48.62622,88.68349,0.02082
47.01,84.89751,77.00298,80.74114,90.62168,86.27964,53.6901,80.57488,143.76101,0.05035,122.13006,0.04837,60.25448,47.48117,43.17967,16.41479,,102.47575,163.55573,94.91421,70.47974,0.04837,62.56156,7.95224,100.13222,26.35804,49.81765,90.62168,0.02128
48.01,86.81524,78.7975,82.52807,92.55761,88.27682,54.89921,82.4034,147.88536,0.05284,125.01492,0.05081,61.69429,48.80616,44.64714,16.82463,,106.32649,,96.92894,72.20135,0.05081,63.99948,8.12424,102.53257,26.71713,51.01003,92.55761,0.02174
49.01,88.73153,80.5919,84.31522,94.49108,90.28662,56.10652,84.23108,152.07688,0.05542,127.89763,0.05334,63.13509,50.13997,46.12915,17.23381,,110.20443,,98.95998,73.9263,0.05334,65.43706,8.29317,104.94934,27.06581,52.20323,94.49108,0.0222
50.01,90.64651,82.38618,86.1026,96.42188,92.30868,57.31212,86.05792,156.33357,0.05811,130.7809,0.05597,64.57681,51.48237,47.62515,17.64222,,114.10861,,101.00674,75.6545,0.05597,66.87409,8.45902,107.38086,27.40441,53.3971,96.42188,0.02266
51.01,92.56028,84.18035,87.89016,98.34979,94.34252,58.51608,87.88392,160.64511,0.06089,133.66641,0.0587,66.0194,52.83307,49.13463,18.0498,,118.03865,,103.06847,77.38586,0.0587,68.31039,8.62178,109.82532,27.73332,54.59151,98.34979,0.02312
52.01,94.47294,85.97441,89.67787,100.27464,96.38761,59.71843,89.70911,165.01268,0.06378,136.55503,0.06153,67.46283,54.19181,50.65707,18.45646,,121.99367,,105.14432,79.12034,0.06153,69.74573,8.78142,112.28096,28.05288,55.78635,100.27464,0.02358
53.01,96.3846,87.7684,91.46569,102.19629,98.44339,60.91923,91.53352,169.43371,0.06678,139.44698,0.06447,68.90707,55.55832,52.19196,18.86216,,125.97223,,107.23336,80.85787,0.06447,71.17987,8.93794,114.74614,28.36338,56.98158,102.19629,0.02403
54.01,98.2954,89.56235,93.25356,104.11459,100.5093,62.11857,93.35722,173.90487,0.06988,142.3421,0.06752,70.35207,56.93238,53.73877,19.26683,,129.97262,,109.33467,82.59843,0.06752,72.61257,9.09132,117.21943,28.66509,58.17712,104.11459,0.02449
55.01,100.20546,91.3563,95.04144,106.02948,102.58482,63.3165,95.18026,178.42208,0.0731,145.23991,0.07068,71.79777,58.31378,55.29693,19.67044,,133.99324,,111.44735,84.34201,0.07068,74.0437,9.24156,119.69957,28.9584,59.37292,106.02948,0.02494
56.01,102.11485,93.15024,96.8293,107.94087,104.66942,64.51301,97.00266,182.97147,0.07643,148.1397,0.07395,73.24411,59.70231,56.86577,20.07295,,138.03299,,113.5705,86.08864,0.07395,75.47311,9.38866,122.18546,29.24365,60.56889,107.94087,0.02539
57.01,104.02357,94.94406,98.61707,109.84877,106.76256,65.70806,98.8244,187.12566,0.07988,151.0407,0.07735,74.69102,61.09774,58.4445,20.47426,,142.08955,,115.70327,87.83832,0.07735,76.90071,9.53265,124.67623,29.52111,61.76493,109.84877,0.02584
58.01,105.93145,96.73751,100.40472,111.75319,108.86368,66.90162,100.64541,190.99144,0.08345,153.94205,0.08086,76.1385,62.49985,60.03228,20.87432,,146.15926,,117.84477,89.59105,0.08086,78.32642,9.67356,127.17128,29.791,62.96093,111.75319,0.02629
59.01,107.83827,98.53033,102.19219,113.65418,110.97227,68.09359,102.46557,194.85596,0.08714,156.84277,0.08449,77.58652,63.9084,61.62825,21.273,,150.23772,,119.99416,91.34682,0.08449,79.75019,9.8114,129.67013,30.0536,64.15681,113.65418,0.02674
60.01,109.74389,100.32225,103.97943,115.55177,113.08786,69.2839,104.28476,198.7463,0.09096,159.74187,0.08825,79.03506,65.32319,63.23157,21.67015,,154.31998,,122.15066,93.10559,0.08825,81.17196,9.94618,132.17246,30.30909,65.35251,115.55177,0.02719
61.01,111.64808,102.11308,105.76643,117.44605,115.21007,70.47251,106.10294,203.90847,0.09491,162.63845,0.09214,80.48408,66.74408,64.84139,22.06559,,158.40127,,124.31355,94.86727,0.09214,82.59167,10.07792,134.67808,30.55761,66.54795,117.44605,0.02763
62.01,113.55074,103.9028,107.55318,119.33722,117.33856,71.65945,107.92022,208.17243,0.09899,165.53174,0.09615,81.93354,68.17091,66.45697,22.45922,,162.47463,,126.48223,96.63186,0.09615,84.00928,10.20667,137.18691,30.79939,67.7431,119.33722,0.02808
63.01,115.45185,105.69145,109.33967,121.22549,119.47298,72.84479,109.73672,212.24102,0.1032,168.42105,0.1003,83.38341,69.60353,68.0776,22.85096,,166.53327,,128.65617,98.39934,0.1003,85.42474,10.33245,139.69888,31.03468,68.93789,121.22549,0.02852
64.01,117.35143,107.47908,111.12592,123.11106,121.61298,74.02868,111.55258,216.3596,0.10754,171.30578,0.10458,84.83369,71.04179,69.7026,23.24072,,170.57367,,130.83487,100.16969,0.10458,86.838,10.45532,142.21404,31.26372,70.13224,123.11106,0.02897
65.01,119.2495,109.26571,112.91191,124.99415,123.75822,75.21124,113.3679,220.5205,0.11203,174.1854,0.109,86.28439,72.4855,71.33135,23.62843,,174.59584,,133.01783,101.94285,0.109,88.24898,10.57531,144.73245,31.48673,71.32612,124.99415,0.02941
66.01,121.14612,111.05142,114.69764,126.87495,125.90841,76.3926,115.18279,224.72043,0.11665,177.05928,0.11356,87.73553,73.9345,72.96328,24.01403,,178.6059,,135.20463,103.71877,0.11356,89.6576,10.69248,147.2542,31.70387,72.51955,126.87495,0.02985
67.01,123.04133,112.83625,116.48311,128.75364,128.06331,77.57286,116.99728,228.95728,0.12141,179.92684,0.11827,89.18712,75.38865,74.59789,24.39744,,182.60597,,137.39488,105.49739,0.11827,91.06377,10.80686,149.77939,31.91531,73.71256,128.75364,0.03029
68.01,124.93514,114.62024,118.2683,130.63038,130.22273,78.75208,118.8114,233.22893,0.12632,182.78753,0.12311,90.63915,76.8478,76.23468,24.77859,,186.59759,,139.58829,107.27864,0.12311,92.46741,10.9185,152.30814,32.12125,74.90516,130.63038,0.03073
69.01,126.8276,116.40341,120.0532,132.50529,132.38649,79.93031,120.62512,237.5326,0.13138,185.64087,0.1281,92.09163,78.31183,77.87321,25.15746,,190.57982,,141.78463,109.06248,0.1281,93.86844,11.02744,154.84058,32.32192,76.09737,132.50529,0.03117
70.01,128.71873,118.18578,121.83781,134.3785,134.55438,81.10755,122.43846,241.86419,0.13658,188.48643,0.13324,93.54456,79.78059,79.51304,25.53399,,194.54936,,143.98369,110.84889,0.13324,95.26677,11.13374,157.37684,32.51747,77.28917,134.3785,0.03161
71.01,130.60853,119.96737,123.62213,136.25009,136.7262,82.28379,124.25138,246.21757,0.143,191.32381,0.13959,94.99794,81.25392,81.15376,25.90815,,198.50524,,146.18528,112.63784,0.13959,96.66231,11.23746,159.91704,32.70808,78.48052,136.25009,0.03202
72.01,132.497,121.74818,125.40616,138.12013,138.90172,83.45896,126.06389,250.58328,,194.1526,,96.45178,82.73164,82.79497,26.27991,,202.43629,,148.38922,114.42932,,98.05497,11.33866,162.46129,32.89392,79.67142,138.12013,0.03236
73.01,134.38413,123.52818,127.18988,139.98869,141.08079,84.633,127.87599,254.94503,,196.97224,,97.90608,84.21358,84.43625,26.64921,,206.32632,,150.59534,116.22332,,99.44465,11.43738,165.00965,33.07515,80.86187,139.98869,0.03266
74.01,136.26977,125.30729,128.97328,141.85578,143.26328,85.80583,129.68764,259.2971,,199.78217,,99.36083,85.69961,86.07714,27.01601,,210.16084,,152.80355,118.01981,,100.83125,11.53366,167.56215,33.25189,82.05184,141.85578,0.03293
75.01,138.15371,127.08534,130.75637,143.72145,145.44907,86.97738,131.49875,264.13353,,202.58181,,100.81601,87.18959,87.71715,27.38025,,213.93044,,155.0138,119.81877,,102.21467,11.62757,170.11884,33.42425,83.24134,143.72145,0.03317
76.01,140.03571,128.86209,132.53914,145.58568,147.63805,88.14765,133.30924,268.4205,,205.37064,,102.27157,88.6834,89.35578,27.74187,,217.63572,,157.22609,121.62018,,103.59484,11.71915,172.67976,33.59235,84.43034,145.58568,0.03341
77.01,141.91549,130.6373,134.32158,147.44849,149.8301,89.31666,135.119,272.69375,,208.1482,,103.72749,90.18092,90.99252,28.10078,,221.28134,,159.4404,123.424,,104.97166,11.80846,175.24494,33.75632,85.61879,147.44849,0.03365
78.01,143.79286,132.41082,136.10372,149.3099,152.02512,90.48443,136.92799,276.94365,,210.91418,,105.18374,91.68203,92.6269,28.45684,,224.89498,,161.65674,125.23014,,106.34505,11.89555,177.81443,33.91624,86.80666,149.3099,0.0339
79.01,145.66781,134.18267,137.88555,151.16999,154.22301,91.65104,138.73627,281.18517,,213.66832,,106.64031,93.18658,94.25865,28.80998,,228.52768,,163.87511,127.03858,,107.71492,11.98048,180.38826,34.07221,87.99394,151.16999,0.03418
80.01,147.54039,135.95291,139.66706,153.02878,156.42372,92.81655,140.54389,285.45485,,216.4104,,108.09721,94.69447,95.88757,29.16012,,232.27967,,166.09553,128.84926,,109.08116,12.06329,182.96639,34.22433,89.18065,153.02878,0.03447
81.01,149.41067,137.72163,141.44824,154.88634,158.6272,93.98104,142.35091,289.77749,,219.14019,,109.55446,96.20559,97.5135,29.50719,,236.111,,168.31803,130.66215,,110.44369,12.14404,185.54879,34.37268,90.36678,154.88634,0.03476
82.01,151.2787,139.48892,143.22908,156.74269,160.83343,95.14454,144.15736,294.15339,,221.85755,,111.01206,97.71985,99.13635,29.8512,,239.64873,,170.5427,132.47718,,111.80243,12.22275,188.13543,34.51738,91.55235,156.74269,0.03506
83.01,153.14453,141.25484,145.00959,158.59789,163.04232,96.30711,145.96327,298.57695,,224.56241,,112.47005,99.23714,100.75605,30.19209,,243.21739,,172.76961,134.2943,,113.15731,12.2995,190.72627,34.65852,92.73734,158.59789,0.03535
84.01,155.00821,143.01947,146.78975,160.45198,165.25379,97.46876,147.76867,303.04365,,227.25478,,113.92845,100.75734,102.37255,30.52985,,247.02284,,174.9988,136.11344,,114.50825,12.37433,193.32128,34.79621,93.92175,160.45198,0.03565
85.01,156.86978,144.78285,148.56958,162.30501,167.46775,98.62945,149.57359,308.04339,,229.93466,,115.38729,102.28031,103.98584,30.86443,,250.78173,,177.2303,137.93454,,115.85518,12.4473,195.92042,34.93054,95.10554,162.30501,0.03595
86.01,158.72931,146.54507,150.34906,164.15702,169.68414,99.78913,151.37805,312.69854,,232.60203,,116.84662,103.80594,105.59596,31.19579,,254.52201,,179.46412,139.75756,,117.19801,12.51844,198.5236,35.06157,96.28874,164.15702,0.03625
87.01,160.58687,148.30618,152.1282,166.00807,171.90291,100.94769,153.18209,317.28028,,235.25688,,118.30646,105.33412,107.20293,31.52388,,258.24557,,181.70028,141.58245,,118.53667,12.5878,201.13071,35.1894,97.47135,166.00807,0.03655
88.01,162.44252,150.06623,153.90696,167.85818,174.12405,102.10504,154.98571,321.89724,,237.8992,,119.76681,106.86477,108.80681,31.84869,,261.95462,,183.93881,143.40916,,119.87108,12.65541,203.74164,35.3141,98.65339,167.85818,0.03686
89.01,164.29631,151.82525,155.68536,169.7074,176.3475,103.2611,156.78891,326.54699,,240.529,,121.22768,108.39777,110.40763,32.17023,,265.83017,,186.17974,145.23769,,121.20119,12.72134,206.35626,35.43576,99.83484,169.7074,0.03716
90.01,166.14821,153.58326,157.46339,171.55575,178.57315,104.4158,158.59169,331.22797,,243.14629,,122.68908,109.93302,112.00537,32.48851,,270.13516,,188.42307,147.06799,,122.52694,12.78562,208.97446,35.55448,101.01571,171.55575,0.03747
91.01,167.99818,155.34025,159.24106,173.40326,180.8009,105.5691,160.394,335.93894,,245.75107,,124.15106,111.47039,113.59996,32.8035,,273.98097,,190.66878,148.90002,,123.84827,12.84829,211.59615,35.67032,102.19596,173.40326,0.03777
92.01,169.84608,157.09616,161.01836,175.24996,183.03065,106.72097,162.19581,340.67879,,248.34327,,125.61368,113.00975,115.19133,33.11517,,,,192.91682,150.7337,,125.16511,12.9094,214.2212,35.78334,103.37557,175.24996,0.03808
93.01,171.69174,158.8509,162.79528,177.09586,185.26233,107.87139,163.99708,345.44653,,250.92276,,127.07697,114.551,116.77937,33.42345,,,,195.16714,152.56895,,126.4774,12.96897,216.84946,35.89356,104.55455,177.09586,0.03839
94.01,173.53499,160.60436,164.57183,178.94098,187.4959,109.02033,165.79777,350.24121,,253.48943,,128.54095,116.09407,118.36392,33.72827,,,,197.41971,154.40568,,127.78508,13.02705,219.48082,36.00105,105.73289,178.94098,0.0387
95.01,175.37578,162.35653,166.34802,180.78535,189.73137,110.16779,167.59788,355.55744,,256.04331,,130.00561,117.63889,119.94478,34.02955,,,,199.67457,156.24378,,129.08808,13.08367,222.11516,36.10587,106.91059,180.78535,0.03901
96.01,177.21419,164.1075,168.12385,182.629,191.96869,111.3138,169.39744,360.39475,,258.58449,,131.47099,119.18541,121.52176,34.32729,,,,201.93176,158.08321,,130.38637,13.13887,224.75241,36.20807,108.08766,182.629,0.03933
97.01,179.0503,165.85733,169.89932,184.47195,194.20779,112.45838,171.19649,365.26157,,261.1132,,132.93713,120.73354,123.09468,34.62147,,,,204.19125,159.9239,,131.67989,13.19269,227.39248,36.3077,109.26407,184.47195,0.03964
98.01,180.88419,167.60608,171.67443,186.31422,196.4486,113.60153,172.99504,370.15376,,263.62962,,134.4041,122.28318,124.66345,34.91209,,,,206.45301,161.76584,,132.96859,13.24515,230.03533,36.40481,110.43983,186.31422,0.03995
99.01,182.71598,169.35385,173.44918,188.15582,198.69105,114.74321,174.79315,375.06895,,266.13387,,135.87192,123.83426,126.22808,35.19911,,,,208.71697,163.60901,,134.25242,13.29629,232.68085,36.49947,111.61492,188.15582,0.04027
100.01,184.54576,171.10069,175.22355,189.99679,200.93513,115.88334,176.59083,380.00554,,268.62606,,137.34065,125.38669,127.78857,35.48251,,,,210.98309,165.45344,,135.53132,13.34614,235.32896,36.59172,112.78937,189.99679,0.04059
101.01,186.37362,172.84667,176.99754,191.83712,203.18082,117.02182,178.38811,384.96209,,271.10628,,138.81031,126.94042,129.3449,35.76225,,,,213.25132,167.29913,,136.80525,13.39474,237.97957,36.68161,113.96318,191.83712,0.0409
102.01,188.19964,174.59184,178.77113,193.67684,205.4281,118.15854,180.18501,390.34094,,273.57465,,140.28091,128.49538,130.89706,36.03836,,,,215.52163,169.14611,,138.07416,13.4421,240.63259,36.76919,115.13635,193.67684,0.04122
103.01,190.02392,176.33626,180.54433,195.51596,207.67694,119.29337,181.98154,395.33072,,276.03132,,141.75246,130.05151,132.44503,36.31083,,,,217.79403,170.99441,,139.33802,13.48827,243.28796,36.85451,116.30889,195.51596,0.04154
104.01,191.84657,178.07997,182.31715,197.35449,209.92724,120.42617,183.7777,400.33715,,278.47646,,143.22498,131.60872,133.98876,36.57969,,,,220.06844,172.84402,,140.59678,13.53327,245.94565,36.93762,117.48077,197.35449,0.04186
105.01,193.66772,179.82299,184.08958,199.19244,212.17894,121.55681,185.57349,405.35997,,280.9102,,144.69849,133.16692,135.5282,36.84494,,,,222.34478,174.69498,,141.85041,13.57712,248.60558,37.01858,118.65197,199.19244,0.04218
106.01,195.48747,181.56536,185.8616,201.02982,214.43196,122.68518,187.36894,410.39638,,283.33257,,146.17298,134.72601,137.06332,37.10657,,,,224.62297,176.54726,,143.09885,13.61986,251.26766,37.09743,119.82251,201.02982,0.04251
107.01,197.30587,183.30709,187.63319,202.86664,216.68625,123.81116,189.16402,415.72296,,285.74353,,147.64845,136.28595,138.59401,37.36457,,,,226.90295,178.40087,,144.34207,13.66151,253.93181,37.17421,120.99239,202.86664,0.04283
108.01,199.12294,185.04812,189.40435,204.7029,218.94179,124.93466,190.95871,420.86996,,288.14304,,149.12488,137.84666,140.12013,37.61896,,,,229.18464,180.25579,,145.58001,13.70209,256.59791,37.24896,122.1616,204.7029,0.04316
109.01,200.93859,186.78838,191.17507,206.53861,221.19851,126.05566,192.75298,425.93348,,290.53106,,150.60224,139.40808,141.64149,37.86974,,,,231.46803,182.11198,,146.81266,13.74163,259.2659,37.32173,123.33015,206.53861,0.04348
110.01,202.75271,188.52776,192.94537,208.37377,223.45635,127.17416,194.54677,431.00901,,292.90757,,152.08051,140.97016,143.15788,38.11693,,,,233.75306,183.9694,,148.03999,13.78016,261.9357,37.39255,124.49799,208.37377,0.04381
111.01,204.56518,190.26616,194.71526,210.20836,225.71525,128.29015,196.34005,436.09242,,295.27258,,153.55965,142.53283,144.66904,38.36048,,,,236.03966,185.82796,,149.26195,13.81769,264.6073,37.46145,125.66511,210.20836,0.04414
112.01,206.37598,192.00356,196.48476,212.0424,227.97517,129.40367,198.13284,,,297.62617,,155.03965,144.09602,146.17475,38.60037,,,,238.32779,187.68755,,150.4785,13.85425,267.28066,37.52847,126.83149,212.0424,0.04447
113.01,208.1852,193.74004,198.25386,213.87591,230.23611,130.51479,199.92516,,,299.96845,,156.52049,145.65969,147.67484,38.83658,,,,240.61738,189.54811,,151.68961,13.88986,269.95574,37.59363,127.99715,213.87591,0.0448
114.01,209.99295,195.47568,200.02254,215.70889,232.49808,131.62358,201.71705,,,302.29952,,158.00215,147.2238,149.16916,39.06911,,,,242.9084,191.40958,,152.89522,13.92454,272.63251,37.65699,129.16209,215.70889,0.04513
115.01,211.79932,197.21054,201.7908,217.54134,234.76109,132.73012,203.50853,,,304.61951,,159.4846,148.78831,150.65755,39.298,,,,245.20082,193.27189,,154.09533,13.95831,275.31095,37.71859,130.32631,217.54134,0.04547
116.01,213.60437,198.94466,203.55862,219.37325,237.02511,133.83454,205.2996,,,306.92859,,160.96781,150.35319,152.13986,39.52326,,,,247.49465,195.13501,,155.2899,13.99119,277.99104,37.77845,131.48981,219.37325,0.0458
117.01,215.40819,200.67809,205.32602,221.20463,239.2901,134.93696,207.09027,,,309.22699,,162.45179,151.91839,153.61595,39.74491,,,,249.78983,196.99889,,156.4789,14.02321,280.67279,37.83662,132.65257,221.20463,0.04614
118.01,217.21084,202.41087,207.09299,223.03547,241.556,136.03748,208.88054,,,311.51488,,163.93651,153.48384,155.08566,39.96296,,,,252.08633,198.86349,,157.66233,14.05437,283.3562,37.89314,133.81458,223.03547,0.04647
119.01,219.01241,204.14305,208.85953,224.86578,243.82279,137.13622,210.67043,,,313.79243,,165.42198,155.04948,156.54888,40.17741,,,,254.38407,200.72876,,158.84012,14.08471,286.04124,37.94804,134.97584,224.86578,0.04681
120.01,220.81297,205.87467,210.62562,226.69554,246.09045,138.23328,212.45996,,,316.05976,,166.90817,156.61528,158.0055,40.38828,,,,256.683,202.59467,,160.01225,14.11423,288.72789,38.00136,136.13635,226.69554,0.04715
121.01,222.61258,207.60577,212.39124,228.52477,248.359,139.32876,214.24912,,,318.317,,168.39506,158.18121,159.4554,40.59559,,,,258.98309,204.46117,,161.17869,14.14296,291.41611,38.05312,137.29613,228.52477,0.04749
122.01,224.41131,209.33637,214.15638,230.35346,250.62845,140.42278,216.03793,,,320.56428,,169.88262,159.74721,160.89846,40.7994,,,,261.28433,206.32828,,162.33943,14.17091,294.10587,38.10337,138.45516,230.35346,0.04784
123.01,226.20917,211.06647,215.92105,232.18162,252.89875,141.51544,217.82636,,,322.80175,,171.37082,161.31324,162.33457,40.99972,,,,263.58668,208.19599,,163.49445,14.1981,296.79713,38.15213,139.61344,232.18162,0.04818
124.01,228.00616,212.79605,217.68524,234.00924,255.16985,142.60686,219.61438,,,325.02955,,172.85964,162.87923,163.76354,41.19659,,,,265.8901,210.0643,,164.64373,14.22456,299.4899,38.19946,140.77093,234.00924,0.04852
125.01,229.80224,214.52507,219.44895,235.8363,257.4417,143.69714,221.402,,,327.24773,,174.34907,164.44511,165.18521,41.39003,,,,268.19453,211.93318,,165.78725,14.25028,302.18412,38.24538,141.92763,235.8363,0.04887
126.01,231.59738,216.25348,221.21219,237.66282,259.71426,144.78634,223.18917,,,329.4563,,175.83907,166.01083,166.59941,41.58004,,,,270.49989,213.80262,,166.92497,14.2753,304.87976,38.28991,143.08353,237.66282,0.04922
127.01,233.39147,217.98121,222.97495,239.4888,261.98751,145.87453,224.97589,,,331.65527,,177.32962,167.57635,168.00592,41.76664,,,,272.80614,215.67256,,168.05686,14.29963,307.57676,38.33309,144.23862,239.4888,0.04957
128.01,235.18443,219.70819,224.73722,241.31423,264.26149,146.96179,226.76213,,,333.84471,,178.82066,169.14166,169.40455,41.94984,,,,275.11327,217.54297,,169.18291,14.32327,310.27509,38.37494,145.39291,241.31423,0.04992
129.01,236.97626,221.43441,226.49903,243.13912,266.53621,148.04816,228.54789,,,336.02475,,180.31214,170.70673,170.79507,42.12967,,,,277.42131,219.41377,,170.3031,14.34626,312.97475,38.4155,146.54637,243.13912,0.05027
130.01,238.76703,223.15992,228.26038,244.96348,268.81164,149.13374,230.33319,,,338.19567,,181.80405,172.27155,172.17735,42.30615,,,,279.73024,221.28495,,171.41742,14.36859,315.67575,38.45479,147.69899,244.96348,0.05062
131.01,240.55679,224.88475,230.02127,246.78729,271.08777,150.21859,232.11803,,,340.35774,,183.29636,173.83605,173.55125,42.4793,,,,282.04005,223.15648,,172.52584,14.39029,318.37812,38.49285,148.85076,246.78729,0.05097
132.01,242.34562,226.60896,231.7817,248.61054,273.36458,151.30278,233.90244,,,342.51115,,184.78907,175.40021,174.91668,42.64917,,,,284.35068,225.02833,,173.62834,14.41137,321.08185,38.5297,150.00167,248.61054,0.05133
133.01,244.1336,228.3326,233.54167,250.43324,275.64207,152.38636,235.68642,,,344.65608,,186.28216,176.96397,176.27356,42.81576,,,,286.6621,226.90047,,174.7249,14.43185,323.78693,38.56537,151.15173,250.43324,0.05168
134.01,245.92078,230.05569,235.30115,252.25537,277.92025,153.46938,237.47,,,346.79269,,187.77562,178.52732,177.62181,42.97912,,,,288.97429,228.77287,,175.8155,14.45173,326.49336,38.59989,152.30094,252.25537,0.05204
135.01,247.70723,231.77827,237.06012,254.07694,280.19915,154.5519,239.25316,,,348.92119,,189.26941,180.09024,178.96138,43.13928,,,,291.28726,230.64551,,176.90012,14.47104,329.20111,38.6333,153.4493,254.07694,0.0524
136.01,249.493,233.50035,238.81859,255.89793,282.47878,155.63398,241.03591,,,351.04178,,190.76351,181.65271,180.2922,43.29628,,,,293.60102,232.51836,,177.97877,14.48978,331.9102,38.66561,154.5968,255.89793,0.05275
137.01,251.27811,235.22197,240.57655,257.71835,284.75909,156.71568,242.81824,,,353.15473,,192.25791,183.21467,181.61423,43.45016,,,,295.91556,234.3914,,179.05144,14.50797,334.62064,38.69686,155.74342,257.71835,0.05311
138.01,253.06262,236.94311,242.33399,259.53818,287.04006,157.79705,244.60014,,,355.26026,,193.75262,184.77606,182.92742,43.60095,,,,298.23084,236.2646,,180.1181,14.52562,337.33243,38.72708,156.88915,259.53818,0.05348
139.01,254.84656,238.66381,244.09092,261.35742,289.32166,158.87814,246.38163,,,357.35851,,195.2476,186.33686,184.23177,43.74868,,,,300.5468,238.13793,,181.17873,14.54275,340.04554,38.75629,158.03399,261.35742,0.05384
140.01,256.62996,240.38408,245.84731,263.17607,291.60388,159.95898,248.1627,,,359.44957,,196.74286,187.897,185.52725,43.8934,,,,302.8634,240.01137,,182.23332,14.55937,342.75993,38.78451,159.17793,263.17607,0.0542
141.01,258.4128,242.10387,247.60314,264.99412,293.88671,161.0396,249.94333,,,361.53355,,198.23836,189.45646,186.81383,44.03515,,,,305.18061,241.88489,,183.28187,14.57548,345.47555,38.81177,160.32097,264.99412,0.05456
142.01,260.19506,243.82317,249.35839,266.81158,296.17014,162.12005,251.7235,,,363.61055,,199.73406,191.01521,188.09144,44.17396,,,,307.49841,243.75846,,184.32436,14.59111,348.19235,38.83811,161.46312,266.81158,0.05493
143.01,261.97666,245.54191,251.11308,268.62845,298.45414,163.20036,253.5032,,,365.68071,,201.22995,192.57322,189.36001,44.30987,,,,309.81681,245.63204,,185.3608,14.60626,350.91033,38.86353,162.60433,268.62845,0.0553
144.01,263.75751,247.26001,252.86722,270.44473,300.73867,164.28056,255.28238,,,367.74415,,202.72601,194.13043,190.61946,44.44292,,,,312.13576,247.50558,,186.39118,14.62094,353.62946,38.88808,163.74458,270.44473,0.05566
145.01,265.53755,248.97744,254.62081,272.26041,303.0237,165.36068,257.06104,,,369.80102,,204.2222,195.68681,191.86971,44.57315,,,,314.45525,249.37901,,187.41547,14.63517,356.34975,38.91177,164.88386,272.26041,0.05603
146.01,267.31679,250.6942,256.37389,274.07549,305.30925,166.44072,258.83922,,,371.85144,,205.7185,197.24233,193.1107,44.70056,,,,316.77524,251.25224,,188.43364,14.64896,359.07117,38.93462,166.02218,274.07549,0.0564
147.01,269.09529,252.41033,258.12642,275.88999,307.59534,167.52069,260.61693,,,373.89556,,207.21489,198.79699,194.34242,44.82519,,,,319.09572,253.12522,,189.44568,14.66232,361.79373,38.95665,167.15953,275.88999,0.05677
148.01,270.8731,254.12586,259.8784,277.70389,309.882,168.60063,262.39417,,,375.93356,,208.71135,200.35077,195.56487,44.94709,,,,321.4167,254.99792,,190.4516,14.67526,364.51742,38.9779,168.2959,277.70389,0.05714
149.01,272.65026,255.84082,261.62981,279.51718,312.16924,169.68055,264.17094,,,377.96563,,210.20785,201.90365,196.7781,45.0663,,,,323.73819,256.87033,,191.4514,14.68779,367.24224,38.99837,169.4313,279.51718,0.05751
150.01,274.42682,257.55523,263.38067,281.32987,314.45704,170.76049,265.94725,,,379.99196,,211.7044,203.45559,197.9821,45.18287,,,,326.06018,258.74242,,192.44507,14.69992,369.96822,39.0181,170.56571,281.32987,0.05788
151.01,276.2028,259.2691,265.13095,283.14193,316.74538,171.84048,267.72307,,,382.01276,,213.20098,205.00655,199.17693,45.29684,,,,328.38265,260.61418,,193.43261,14.71166,372.69536,39.03711,171.6991,283.14193,0.05825
152.01,277.97825,260.98246,266.88067,284.95335,319.03423,172.92054,269.49843,,,384.02818,,214.6976,206.55648,200.36266,45.40824,,,,330.70558,262.48559,,194.414,14.72303,375.42367,39.05542,172.83148,284.95335,0.05863
153.01,279.75322,262.69533,268.62981,286.76414,321.32357,174.00067,271.27333,,,386.03831,,216.19424,208.10537,201.53935,45.5171,,,,333.02892,264.35663,,195.38922,14.73403,378.15312,39.07305,173.96286,286.76414,0.059
154.01,281.52774,264.40772,270.37835,288.57429,323.61344,175.08089,273.04777,,,388.04326,,217.69088,209.65318,202.70707,45.62347,,,,335.35266,266.22729,,196.35828,14.74467,380.8837,39.09001,175.09322,288.57429,0.05938
155.01,283.30182,266.11964,272.12626,290.3838,325.90383,176.16123,274.82175,,,390.04312,,219.18751,211.19989,203.86591,45.7274,,,,337.67677,268.09758,,197.32118,14.75496,383.61539,39.10633,176.22258,290.3838,0.05975
156.01,285.07548,267.83108,273.87354,292.19267,328.19471,177.2417,276.59525,,,392.038,,220.68412,212.74547,205.01595,45.82894,,,,340.00125,269.9675,,198.27792,14.76491,386.34818,39.12204,177.3509,292.19267,0.06013
157.01,286.84871,269.54202,275.62019,294.00089,330.48604,178.32234,278.36826,,,394.02801,,222.1807,214.28987,206.15724,45.92813,,,,342.32607,271.83706,,199.22852,14.77454,389.08209,39.13714,178.47818,294.00089,0.06051
158.01,288.62148,271.25245,277.3662,295.80844,332.77776,179.40315,280.14075,,,396.01323,,223.67724,215.83302,207.28988,46.02501,,,,344.65118,273.70627,,200.17296,14.78384,391.81709,39.15167,179.6044,295.80844,0.06087
159.01,290.39378,272.96233,279.11157,297.61532,335.06986,180.48416,281.91273,,,397.99368,,225.17373,217.37487,208.41391,46.1196,,,,346.97653,275.5751,,201.11122,14.79284,394.55314,39.16563,180.72955,297.61532,0.0612
160.01,292.16555,274.67163,280.85629,299.42153,337.36232,181.56535,283.68419,,,399.96935,,226.67016,218.91541,209.5294,46.21196,,,,349.30207,277.44354,,202.0433,14.80153,397.2902,39.17904,181.85362,299.42153,0.06152
161.01,293.93672,276.3803,282.60035,301.22708,339.65515,182.64673,285.45512,,,401.94026,,228.1665,220.4546,210.63637,46.30213,,,,351.62778,279.31156,,202.96921,14.80993,400.02826,39.19193,182.97662,301.22708,0.06184
162.01,295.70724,278.08829,284.34374,303.03198,341.94838,183.72831,287.2255,,,403.90644,,229.6627,221.99244,211.73485,46.39014,,,,353.95368,281.17912,,203.88894,14.81805,402.76729,39.20431,184.09853,303.03198,0.06218
163.01,297.47709,279.79561,286.08649,304.83623,344.24201,184.81009,288.99534,,,405.86799,,231.15875,223.52891,212.82487,46.47603,,,,356.27977,283.04614,,204.80249,14.82589,405.50732,39.21619,185.21932,304.83623,0.06253
164.01,299.2463,281.50227,287.82861,306.63984,346.536,185.89208,290.76463,,,407.82507,,232.65464,225.06397,213.90651,46.55985,,,,358.60605,284.91262,,205.70987,14.83346,408.24839,39.22759,186.33899,306.63984,0.06291
165.01,301.01493,283.2083,289.5701,308.44277,348.83034,186.9743,292.5334,,,409.77775,,234.15037,226.59757,214.97987,46.64162,,,,360.93248,286.77851,,206.61105,14.84077,410.9905,39.23854,187.45753,308.44277,0.06334
166.01,302.783,284.91373,291.31093,310.24502,351.12501,188.05675,294.30165,,,411.72607,,235.64594,228.12968,216.04507,46.72139,,,,363.25903,288.64379,,207.50604,14.84783,413.73366,39.24904,188.57494,310.24502,0.0638
167.01,304.55057,286.61857,293.0511,312.04659,353.42002,189.13943,296.0694,,,413.67006,,237.14134,229.6603,217.10222,46.79919,,,,365.58567,290.50843,,208.39482,14.85465,416.47785,39.25911,189.69122,312.04659,0.06426
168.01,306.31765,288.32285,294.79057,313.84748,355.71537,190.22235,297.83663,,,415.60974,,238.63654,231.18938,218.15145,46.87507,,,,367.9124,292.3724,,209.27741,14.86123,419.22308,39.26877,190.80637,313.84748,0.06473
169.01,308.08426,290.02656,296.52935,315.64767,358.01105,191.30553,299.60335,,,417.54515,,240.13154,232.71692,219.19288,46.94907,,,,370.23921,294.23569,,210.15383,14.86758,421.96937,39.27802,191.92038,315.64767,0.0652
170.01,309.85041,291.7297,298.26743,317.44717,360.30703,192.38897,301.36955,,,419.47635,,241.62634,234.24286,220.22662,47.02123,,,,372.56609,296.09828,,211.02408,14.87371,424.71675,39.2869,193.03324,317.44717,0.06567
171.01,311.61613,293.43228,300.0048,319.24596,362.60327,193.4727,303.1352,,,421.40342,,243.12094,235.76716,221.25281,47.0916,,,,374.89301,297.96014,,211.88815,14.87963,427.46522,39.2954,194.14492,319.24596,0.06614
172.01,313.38143,295.13431,301.74146,321.04402,364.89973,194.55672,304.90033,,,423.32636,,244.61534,237.28978,222.27159,47.1602,,,,377.21992,299.82125,,212.74604,14.88533,430.21478,39.30355,195.25544,321.04402,0.06661
173.01,315.14632,296.83578,303.47739,322.84135,367.19639,195.64102,306.66492,,,425.24514,,246.10953,238.81066,223.28309,47.22707,,,,379.54677,301.68158,,213.59774,14.89084,432.96542,39.31135,196.36478,322.84135,0.06708
174.01,316.9108,298.53669,305.21256,324.63795,369.49325,196.72562,308.42898,,,427.15972,,247.60351,240.32979,224.28747,47.29225,,,,381.87351,303.54114,,214.44327,14.89615,435.7171,39.31882,197.47295,324.63795,0.06756
175.01,318.67485,300.23701,306.94694,326.43381,371.79028,197.81053,310.19249,,,429.07006,,249.09725,241.84713,225.28484,47.35579,,,,384.20013,305.39993,,215.28265,14.90127,438.4698,39.32597,198.57994,326.43381,0.06803
176.01,320.43842,301.93669,308.68054,328.22894,374.08747,198.89575,311.95541,,,430.97615,,250.59073,243.36263,226.2753,47.41771,,,,386.5266,307.25792,,216.11588,14.90621,441.22352,39.33282,199.68573,328.22894,0.0685
177.01,322.20145,303.63571,310.41336,330.02334,376.38479,199.98129,313.71775,,,432.87803,,252.08396,244.87625,227.25893,47.47807,,,,388.8529,309.11509,,216.94298,14.91098,443.97825,39.33937,200.7903,330.02334,0.06896
178.01,323.96389,305.33402,312.14541,331.81699,378.68219,201.06716,315.47949,,,434.77571,,253.57692,246.38794,228.23583,47.53688,,,,391.179,310.97141,,217.76392,14.91558,446.734,39.34564,201.89363,331.81699,0.06943
179.01,325.72571,307.03162,313.87669,333.6099,380.97966,202.15334,317.24063,,,436.66919,,255.0696,247.89766,229.20609,47.59419,,,,393.50485,312.82683,,218.57869,14.92001,449.49076,39.35164,202.99572,333.6099,0.0699
180.01,327.48692,308.72852,315.60722,335.4021,383.27721,203.23983,319.00121,,,438.55846,,256.56197,249.40542,230.16979,47.65001,,,,395.83044,314.68129,,219.38729,14.92428,452.24854,39.35738,204.09657,335.4021,0.07037
181.01,329.24753,310.42472,317.33696,337.19356,385.57485,204.32663,320.76123,,,440.44353,,258.05401,250.91119,231.12707,47.7044,,,,398.15576,316.53479,,220.18973,14.9284,455.00735,39.36287,205.19619,337.19356,0.07083
182.01,331.00758,312.12025,319.06592,338.98431,387.87257,205.41374,322.52069,,,442.32441,,259.54572,252.41495,232.07804,47.75738,,,,400.48078,318.38732,,220.98602,14.93238,457.7672,39.36812,206.29456,338.98431,0.0713
183.01,332.76708,313.8151,320.79409,340.77432,390.17034,206.50119,324.27958,,,444.20116,,261.03709,253.91667,233.02284,47.80899,,,,402.8055,320.23887,,221.77619,14.93621,460.52811,39.37314,207.39166,340.77432,0.07177
184.01,334.52604,315.50929,322.52146,342.56358,392.46813,207.58898,326.0379,,,446.07382,,262.52813,255.41629,233.96159,47.85927,,,,405.12988,322.08946,,222.56023,14.9399,463.29011,39.37794,208.48749,342.56358,0.07223
185.01,336.28449,317.20283,324.24803,344.35208,394.76589,208.67711,327.79563,,,447.94246,,264.01884,256.91377,234.89446,47.90824,,,,407.45389,323.93907,,223.33812,14.94346,466.05322,39.38253,209.58203,344.35208,0.0727
186.01,338.04247,318.89573,325.97379,346.1398,397.0636,209.76559,329.55281,,,449.80705,,265.50921,258.40908,235.82159,47.95594,,,,409.77748,325.7877,,224.10987,14.9469,468.81741,39.38692,210.67531,346.1398,0.07316
187.01,339.79998,320.588,327.69872,347.92676,399.36124,210.85441,331.30941,,,451.66761,,266.99925,259.9022,236.74313,48.00239,,,,412.10061,327.63537,,224.87549,14.95021,471.58269,39.39111,211.76731,347.92676,0.07363
188.01,341.55703,322.27962,329.42279,349.71293,401.65881,211.94358,333.06545,,,453.52412,,268.48893,261.39311,237.65922,48.04764,,,,414.42326,329.48209,,225.63501,14.9534,474.34904,39.39511,212.85804,349.71293,0.07409
189.01,343.31364,323.97059,331.14599,351.49833,403.95628,213.03312,334.82091,,,455.37659,,269.97826,262.88175,238.57001,48.0917,,,,416.7454,331.32789,,226.38843,14.95648,477.11646,39.39894,213.94748,351.49833,0.07456
190.01,345.06978,325.6609,332.86832,353.28295,406.2536,214.12303,336.57577,,,457.22508,,271.46723,264.3681,239.47562,48.13462,,,,419.067,333.17279,,227.13577,14.95945,479.88499,39.40261,215.03561,353.28295,0.07502
191.01,346.82545,327.35052,334.58977,355.06675,408.55072,215.21332,338.33002,,,459.06963,,272.95585,265.85208,240.37621,48.17642,,,,421.38802,335.01681,,227.87704,14.96231,482.6546,39.40611,216.12243,355.06675,0.07549
192.01,348.58063,329.03947,336.31032,356.84973,410.84759,216.30399,340.08365,,,460.91025,,274.44412,267.33363,241.27192,48.21713,,,,423.70841,336.85998,,228.61221,14.96507,485.42528,39.40945,217.20793,356.84973,0.07595
193.01,350.3353,330.7277,338.02997,358.6319,413.14417,217.39505,341.83667,,,462.74693,,275.93202,268.81274,242.16286,48.25677,,,,426.0281,338.70229,,229.34131,14.96774,488.19699,39.41265,218.29211,358.6319,0.07641
194.01,352.08942,332.4152,339.74869,360.41325,415.44045,218.48648,343.58907,,,464.57967,,277.41955,270.28937,243.04915,48.29538,,,,428.34707,340.54377,,230.06435,14.97031,490.96973,39.4157,219.37496,360.41325,0.07688
195.01,353.84293,334.10193,341.46649,362.19381,417.73642,219.5783,345.34084,,,466.40847,,278.90667,271.76349,243.9309,48.33298,,,,430.66529,342.38442,,230.78134,14.97279,493.74346,39.41863,220.45648,362.19381,0.07734
196.01,355.5958,335.78788,343.18336,363.97358,420.03205,220.67049,347.092,,,468.23339,,280.39336,273.23508,244.80817,48.36959,,,,432.98277,344.22423,,231.49229,14.97518,496.51821,39.42142,221.53665,363.97358,0.07781
197.01,357.34802,337.47304,344.89934,365.75256,422.32733,221.76308,348.84253,,,470.05453,,281.87963,274.70411,245.68106,48.40525,,,,435.29948,346.06317,,232.1972,14.97749,499.29402,39.42409,222.61544,365.75256,0.07827
198.01,359.09962,339.15744,346.61442,367.53075,424.62223,222.85605,350.59245,,,471.87198,,283.36547,276.17053,246.5497,48.43998,,,,437.61539,347.90126,,232.89605,14.97972,502.07089,39.42664,223.69287,367.53075,0.07874
199.01,360.85063,340.84111,348.32861,369.30813,426.91669,223.94941,352.34176,,,473.68579,,284.85088,277.63432,247.41422,48.4738,,,,439.93047,349.7385,,233.58884,14.98187,504.84884,39.42909,224.76892,369.30813,0.0792
200.01,362.60107,342.52404,350.04187,371.08471,429.21071,225.04315,354.09048,,,475.496,,286.33585,279.09545,248.27475,48.50673,,,,442.24466,351.57491,,234.27558,14.98395,507.62784,39.43142,225.84361,371.08471,0.07967
201.01,364.35097,344.20624,351.75419,372.86047,431.50426,226.13729,355.83861,,,477.30263,,287.82037,280.55389,249.13144,48.5388,,,,444.55793,353.4105,,234.95631,14.98595,510.4079,39.43366,226.91693,372.86047,0.08013
202.01,366.10033,345.88769,353.46556,374.63543,433.79733,227.23183,357.58613,,,479.10572,,289.30445,282.00963,249.98441,48.57003,,,,446.87027,355.2453,,235.63102,14.98789,513.18901,39.4358,227.98888,374.63543,0.0806
203.01,367.84916,347.5684,355.17597,376.40956,436.08988,228.32679,359.33303,,,480.90535,,290.78807,283.46262,250.83377,48.60046,,,,449.18165,357.07933,,236.29975,14.98976,515.97121,39.43785,229.05943,376.40956,0.08107
204.01,369.59746,349.24835,356.88542,378.18286,438.38186,229.42216,361.07931,,,482.70161,,292.27125,284.91281,251.67965,48.63009,,,,451.49204,358.9126,,236.96249,14.99157,518.7545,39.43981,230.12859,378.18286,0.08153
205.01,371.34525,350.92754,358.5939,379.95531,440.67324,230.51796,362.82497,,,484.49459,,293.75399,286.36016,252.52218,48.65894,,,,453.80137,360.74514,,237.61923,14.99332,521.53889,39.44168,231.19635,379.95531,0.082
206.01,373.09255,352.60598,360.30141,381.72691,442.96396,231.61418,364.57002,,,486.28431,,295.23628,287.80464,253.36151,48.68705,,,,456.10961,362.57695,,238.26998,14.99501,524.32437,39.44348,232.26271,381.72691,0.08246
207.01,374.83935,354.28363,362.00791,383.49764,445.254,232.71083,366.31444,,,488.07082,,296.71813,289.24621,254.19776,48.71442,,,,458.41671,364.40806,,238.91476,14.99664,527.1109,39.44521,233.32768,383.49764,0.08293
208.01,376.58564,355.96045,363.71337,385.26752,447.54332,233.8079,368.05823,,,489.85414,,298.19951,290.68484,255.03104,48.74109,,,,460.72262,366.2385,,239.55359,14.99822,529.89847,39.44686,234.39124,385.26752,0.0834
209.01,378.33138,357.63639,365.4178,387.03653,449.8319,234.90542,369.80138,,,491.63431,,299.68043,292.12049,255.86147,48.76706,,,,463.0273,368.06831,,240.18651,14.99975,532.68706,39.44844,235.45339,387.03653,0.08386
210.01,380.07655,359.3114,367.12119,388.80467,452.11967,236.00339,371.54387,,,493.4114,,301.16089,293.5531,256.68913,48.79236,,,,465.33074,369.8975,,240.81353,15.00123,535.47668,39.44997,236.51411,388.80467,0.08433
211.01,381.82111,360.98543,368.82354,390.57193,454.40661,237.1018,373.28569,,,495.18551,,302.64087,294.98263,257.5141,48.81701,,,,467.63288,371.72606,,241.43462,15.00266,538.26732,39.45143,237.57338,390.57193,0.0848
212.01,383.56504,362.65844,370.52486,392.33832,456.69265,238.20066,375.02684,,,496.95672,,304.12038,296.40903,258.3365,48.84102,,,,469.93368,373.554,,242.04978,15.00405,541.05897,39.45283,238.6312,392.33832,0.08527
213.01,385.30832,364.33036,372.22515,394.10384,458.97778,239.29996,376.76735,,,498.7251,,305.59939,297.8323,259.15638,48.86441,,,,472.23311,375.38129,,242.65902,15.0054,543.85162,39.45417,239.68758,394.10384,0.08573
214.01,387.05095,366.00114,373.92441,395.86851,461.262,240.39969,378.50722,,,500.49071,,307.07789,299.25244,259.97383,48.88719,,,,474.53114,377.20791,,243.26234,15.0067,546.64528,39.45547,240.74252,395.86851,0.0862
215.01,388.79294,367.67073,375.62264,397.63235,463.54529,241.49987,380.24647,,,502.25363,,308.55586,300.66941,260.78893,48.90939,,,,476.82774,379.03388,,243.85977,15.00796,549.43995,39.45671,241.796,397.63235,0.08667
216.01,390.53432,369.33905,377.31983,399.39535,465.82761,242.6005,381.98509,,,504.01391,,310.0333,302.08319,261.60176,48.93101,,,,479.1229,380.85919,,244.45133,15.00919,552.23566,39.45791,242.84801,399.39535,0.08714
217.01,392.27508,371.00608,379.01598,401.15748,468.10892,243.7016,383.72307,,,505.77166,,311.51023,303.49372,262.41242,48.95208,,,,481.41658,382.68386,,245.03701,15.01038,555.03241,39.45906,243.89855,401.15748,0.0876
218.01,394.01526,372.67178,380.71108,402.91874,470.38918,244.80316,385.46041,,,507.52698,,312.98664,304.90098,263.22102,48.97261,,,,483.70872,384.50788,,245.61682,15.01153,557.83022,39.46017,244.94761,402.91874,0.08807
219.01,395.75487,374.33614,382.4051,404.67912,472.66833,245.90518,387.19711,,,509.27994,,314.46254,306.30492,264.02764,48.99261,,,,485.9993,386.33126,,246.19074,15.01265,560.62909,39.46124,245.9952,404.67912,0.08854
220.01,397.49393,375.99913,384.09801,406.43861,474.94635,247.00768,388.93319,,,511.03061,,315.93792,307.70554,264.83238,49.0121,,,,488.28824,388.154,,246.75881,15.01374,563.42899,39.46227,247.04133,406.43861,0.08901
221.01,399.23243,377.66076,385.78976,408.19722,477.2232,248.11065,390.66864,,,512.77901,,317.41276,309.10281,265.63533,49.03109,,,,490.57551,389.97611,,247.32105,15.01479,566.22993,39.46327,248.08598,408.19722,0.08948
222.01,400.97039,379.32106,387.48031,409.95494,479.49886,249.2141,392.40345,,,514.52522,,318.88708,310.4967,266.43657,49.04959,,,,492.86109,391.79759,,247.87748,15.01582,569.03188,39.46423,249.12915,409.95494,0.08994
223.01,402.7078,380.98004,389.16964,411.71178,481.77329,250.31804,394.13762,,,516.2693,,320.36088,311.88717,267.23616,49.06762,,,,495.14493,393.61844,,248.42811,15.01682,571.83488,39.46516,250.17083,411.71178,0.09041
224.01,404.44465,382.63775,390.8577,413.4677,484.04642,251.42248,395.87113,,,518.01132,,321.83415,313.27416,268.03418,49.08518,,,,497.42698,395.43868,,248.97295,15.01779,574.63892,39.46605,251.21102,413.4677,0.09088
225.01,406.18094,384.29423,392.54448,415.22269,486.31819,252.52743,397.60397,,,519.75138,,323.30691,314.65763,268.83072,49.1023,,,,499.7072,397.25829,,249.51199,15.01874,577.44397,39.46692,252.2497,415.22269,0.09134
226.01,407.91667,385.94953,394.22994,416.97674,488.58856,253.63287,399.33615,,,521.48952,,324.77915,316.03755,269.62585,49.11898,,,,501.98551,399.07728,,250.04526,15.01966,580.25001,39.46776,253.28688,416.97674,0.09181
227.01,409.6518,387.60366,395.91405,418.72987,490.85748,254.73881,401.06766,,,523.22579,,326.25086,317.41389,270.41963,49.13524,,,,504.26186,400.89563,,250.57277,15.02056,583.05702,39.46858,254.32256,418.72987,0.09228
228.01,411.38631,389.25667,397.59681,420.48209,493.12494,255.84525,402.79851,,,524.96025,,327.72202,318.78662,271.21211,49.15108,,,,506.53623,402.71332,,251.09455,15.02143,585.86496,39.46937,255.35673,420.48209,0.09274
229.01,413.12016,390.90854,399.27822,422.23339,495.39089,256.9522,404.52869,,,526.69294,,329.19262,320.15572,272.00332,49.16652,,,,508.80858,404.53033,,251.61061,15.02229,588.67386,39.47013,256.38937,422.23339,0.09321
230.01,414.85334,392.55924,400.9583,423.98379,497.6553,258.05966,406.2582,,,528.42394,,330.66267,321.52114,272.79327,49.18157,,,,511.07888,406.34662,,252.12095,15.02312,591.48372,39.47088,257.42048,423.98379,0.09367
231.01,416.58584,394.20874,402.63708,425.73329,499.91814,259.16764,407.98705,,,530.15338,,332.13214,322.88288,273.582,49.19623,,,,513.34712,408.16212,,252.62555,15.02393,594.29457,39.4716,258.45004,425.73329,0.09414
232.01,418.31771,395.85701,404.31456,427.48189,502.17937,260.27613,409.71525,,,531.88134,,333.60104,324.24089,274.36957,49.21052,,,,515.61323,409.97679,,253.12442,15.02472,597.10641,39.4723,259.47807,427.48189,0.0946
233.01,420.04897,397.50401,405.99074,429.22959,504.43894,261.38513,411.44283,,,533.60787,,335.06937,325.59518,275.15604,49.22445,,,,517.87717,411.79061,,253.61756,15.0255,599.91922,39.47299,260.50455,429.22959,0.09507
234.01,421.77961,399.14972,407.6656,430.97639,506.69683,262.49465,413.16977,,,535.33303,,336.53712,326.94572,275.94144,49.23802,,,,520.1389,413.60354,,254.10502,15.02625,602.73301,39.47365,261.52951,430.97639,0.09553
235.01,423.50966,400.79411,409.33915,432.72228,508.95299,263.6047,414.89607,,,537.05685,,338.00428,328.29248,276.72581,49.25125,,,,522.39837,415.41554,,254.58681,15.02699,605.54775,39.4743,262.55292,432.72228,0.09599
236.01,425.2391,402.43719,411.01139,434.46726,511.20739,264.71528,416.62174,,,538.77939,,339.47087,329.63544,277.50919,49.26414,,,,524.65554,417.22657,,255.06296,15.02772,608.36347,39.47494,263.57478,434.46726,0.09646
237.01,426.96795,404.07895,412.68234,436.21132,513.45998,265.82642,418.34674,,,540.50071,,340.93687,330.97456,278.29162,49.2767,,,,526.91039,419.03658,,255.53345,15.02843,611.18017,39.47555,264.59508,436.21132,0.09692
238.01,428.69623,405.71943,414.35201,437.95444,515.7107,266.9381,420.0711,,,542.22088,,342.40231,332.30979,279.07313,49.28895,,,,529.16286,420.84552,,255.99829,15.02912,613.99785,39.47616,265.61382,437.95444,0.09738
239.01,430.42395,407.35869,416.0204,439.69662,517.95951,268.05034,421.79482,,,543.93998,,343.86717,333.64112,279.85377,49.30088,,,,531.41289,422.65333,,256.45749,15.0298,616.81649,39.47675,266.63101,439.69662,0.09784
240.01,432.1511,408.99678,417.6875,441.43786,520.20634,269.16312,423.51789,,,545.65804,,345.33147,334.96853,280.63358,49.31251,,,,533.66042,424.45995,,256.91108,15.03047,619.63608,39.47732,267.64664,441.43786,0.0983
241.01,433.87768,410.63377,419.3533,443.17814,522.45118,270.27646,425.24031,,,547.3751,,346.79518,336.292,281.41259,49.32384,,,,535.90541,426.26533,,257.3591,15.03112,622.45659,39.47789,268.66072,443.17814,0.09876
242.01,435.60368,412.2697,421.0178,444.91748,524.69396,271.39037,426.96208,,,549.09118,,348.25831,337.61148,282.19081,49.33489,,,,538.1478,428.06942,,257.80156,15.03176,625.278,39.47844,269.67323,444.91748,0.09922
243.01,437.32907,413.90461,422.681,446.65585,526.93463,272.50486,428.68317,,,550.80631,,349.72086,338.92694,282.96825,49.34565,,,,540.38756,429.87214,,258.2385,15.03239,628.10031,39.47899,270.68415,446.65585,0.09968
244.01,439.05384,415.53853,424.3429,448.39325,529.17315,273.61991,430.40357,,,552.52055,,351.18284,340.23832,283.74494,49.35614,,,,542.62463,431.67342,,258.66989,15.03301,630.92351,39.47952,271.69349,448.39325,0.10013
245.01,440.77797,417.17152,426.00353,450.12967,531.40944,274.73554,432.1233,,,554.23397,,352.64423,341.5456,284.52089,49.36636,,,,544.85897,433.47316,,259.09573,15.03362,633.74758,39.48004,272.70124,450.12967,0.10057
246.01,442.50145,418.80364,427.66288,451.86513,533.64348,275.85174,433.84235,,,555.94662,,354.10503,342.84877,285.2961,49.37633,,,,547.09052,435.27127,,259.51603,15.03422,636.57253,39.48055,273.7074,451.86513,0.10095
247.01,444.22428,420.43493,429.32095,453.59963,535.87523,276.96851,435.56075,,,557.65855,,355.56523,344.14781,286.07058,49.38603,,,,549.31924,437.06766,,259.93081,15.0348,639.39832,39.48106,274.71197,453.59963,0.10131
248.01,445.94646,422.06548,430.97777,455.3332,538.10466,278.08586,437.27851,,,559.3698,,357.02479,345.44272,286.8443,49.39549,,,,551.5451,438.8622,,260.34008,15.03538,642.22498,39.48156,275.71494,455.3332,0.10165
249.01,447.66801,423.69531,432.63334,457.06586,540.33175,279.2038,438.99564,,,561.0804,,358.48373,346.73349,287.61727,49.40471,,,,553.76807,440.65481,,260.74386,15.03595,645.05251,39.48204,276.7163,457.06586,0.102
250.01,449.38891,425.32446,434.28767,458.79758,542.55644,280.32233,440.71212,,,562.79041,,359.94205,348.02008,288.38948,49.41369,,,,555.98811,442.44541,,261.14218,15.03651,647.88092,39.48253,277.71604,458.79758,0.10236
251.01,451.10921,426.95296,435.94076,460.52835,544.77868,281.44146,442.42796,,,564.49985,,361.39975,349.30244,289.16096,49.42244,,,,558.20517,444.23388,,261.53501,15.03706,650.71021,39.483,278.71417,460.52835,0.10274
252.01,452.82892,428.58087,437.5926,462.25816,546.99841,282.56118,444.14315,,,566.2088,,362.85684,350.58057,289.93171,49.43097,,,,560.41918,446.02014,,261.92237,15.0376,653.54037,39.48347,279.71069,462.25816,0.10317
253.01,454.54806,430.20824,439.24318,463.987,549.21558,283.68151,445.85772,,,567.91728,,364.31332,351.85446,290.70173,49.43928,,,,562.63011,447.80409,,262.30428,15.03814,656.37139,39.48393,280.70561,463.987,0.10362
254.01,456.26662,431.8351,440.89248,465.71489,551.43016,284.80245,447.57164,,,569.62532,,365.76917,353.1241,291.47105,49.44737,,,,564.83789,449.58563,,262.68076,15.03867,659.20325,39.48439,281.69891,465.71489,0.10409
255.01,457.9846,433.46149,442.5405,467.44182,553.6421,285.924,449.28494,,,571.33293,,367.22439,354.38947,292.23964,49.45526,,,,567.04249,451.36469,,263.05186,15.03919,662.03593,39.48484,282.6906,467.44182,0.10456
256.01,459.70201,435.08742,444.18723,469.16779,555.85135,287.04617,450.99759,,,573.04015,,368.679,355.65052,293.00749,49.46294,,,,569.24385,453.14118,,263.41758,15.0397,664.86945,39.48528,283.68066,469.16779,0.10503
257.01,461.41884,436.71291,445.83267,470.89277,558.05786,288.16898,452.70959,,,574.74698,,370.13299,356.90723,293.77461,49.47042,,,,571.44192,454.91501,,263.77795,15.04021,667.7038,39.48572,284.6691,470.89277,0.1055
258.01,463.1351,438.33799,447.47681,472.61675,560.26156,289.29242,454.42092,,,576.45345,,371.58638,358.15957,294.54099,49.47771,,,,573.63666,456.68613,,264.13297,15.04071,670.53897,39.48616,285.6559,472.61675,0.10597
259.01,464.85078,439.96268,449.11963,474.33973,562.46239,290.41649,456.1316,,,578.15956,,373.03915,359.40751,295.30666,49.48482,,,,575.82799,458.45448,,264.48268,15.04121,673.37493,39.48659,286.64107,474.33973,0.10644
260.01,466.56587,441.58702,450.7611,476.06169,564.6603,291.54119,457.84161,,,579.86527,,374.49132,360.65103,296.07159,49.49173,,,,578.01586,460.22003,,264.8271,15.04169,676.21164,39.48702,287.62461,476.06169,0.10691
261.01,468.28036,443.21102,452.40122,477.78265,566.85524,292.66653,459.55096,,,581.57049,,375.94286,361.89012,296.83577,49.49847,,,,580.2002,461.98274,,265.16626,15.04218,679.04908,39.48744,288.60652,477.78265,0.10738
262.01,469.99421,444.83469,454.03998,479.50261,569.04717,293.79252,461.25964,,,583.27506,,377.39376,363.12475,297.59917,49.50503,,,,582.38098,463.74257,,265.50018,15.04266,681.88726,39.48787,289.58678,479.50261,0.10785
263.01,471.70741,446.45805,455.67738,481.22158,571.23605,294.91915,462.96766,,,584.97878,,378.84404,364.35489,298.36176,49.51143,,,,584.55817,465.49948,,265.82888,15.04313,684.72616,39.48828,290.56538,481.22158,0.10832
264.01,473.41996,448.08109,457.31345,482.93956,573.42182,296.04643,464.675,,,586.68141,,380.29367,365.58051,299.12352,49.51765,,,,586.73171,467.25343,,266.15234,15.0436,687.5658,39.4887,291.54232,482.93956,0.10879
265.01,475.13188,449.70389,458.9482,484.65655,575.60445,297.17436,466.38171,,,588.38263,,381.74266,366.80162,299.88441,49.52371,,,,588.90157,469.00436,,266.47057,15.04407,690.40619,39.48911,292.51759,484.65655,0.10925
266.01,476.84318,451.32646,460.58163,486.37257,577.78388,298.30295,468.08779,,,590.08216,,383.191,368.01822,300.64444,49.52962,,,,591.0677,470.75227,,266.78361,15.04453,693.24731,39.48952,293.4912,486.37257,0.10972
267.01,478.55386,452.94885,462.21371,488.08762,579.96007,299.4322,469.79325,,,591.7797,,384.63868,369.23028,301.40358,49.53537,,,,593.23003,472.49719,,267.0915,15.04498,696.08916,39.48992,294.46316,488.08762,0.11019
268.01,480.26392,454.57108,463.84444,489.80169,582.13298,300.56212,471.49808,,,593.47504,,386.0857,370.43782,302.16182,49.54097,,,,595.38854,474.23918,,267.39427,15.04543,698.93172,39.49032,295.43345,489.80169,0.11065
269.01,481.97334,456.19315,465.47381,491.51478,584.30257,301.69272,473.20229,,,595.16807,,387.53206,371.64079,302.91911,49.54642,,,,597.54316,475.9783,,267.69195,15.04587,701.77499,39.49072,296.40207,491.51478,0.11112
270.01,483.68212,457.81506,467.10182,493.22688,586.46876,302.824,474.90585,,,596.85874,,388.97777,372.83917,303.67545,49.55172,,,,599.69385,477.71463,,267.98456,15.04625,704.61897,39.49112,297.36901,493.22688,0.11158
271.01,485.39024,459.43684,468.72847,494.93798,588.63152,303.95598,476.60877,,,598.54707,,390.42283,374.03293,304.43081,49.55689,,,,601.84056,479.44821,,268.2721,15.04658,707.46366,39.49152,298.33428,494.93798,0.11204
272.01,487.09771,461.0585,470.35375,496.64806,590.79077,305.08864,478.31106,,,600.23309,,391.86726,375.22208,305.18519,49.56192,,,,603.98324,481.17902,,268.55462,15.04689,710.30904,39.49191,299.29787,496.64806,0.11251
273.01,488.8045,462.68008,471.97763,498.35713,592.94646,306.222,480.01272,,,601.91683,,393.31103,376.4066,305.93856,49.56682,,,,606.12181,482.90701,,268.83215,15.04719,713.15509,39.49231,300.25979,498.35713,0.11297
274.01,490.51059,464.30158,473.6001,500.06518,595.09854,307.35606,481.71374,,,603.59823,,394.75416,377.58648,306.69092,49.57159,,,,608.25623,484.63209,,269.10474,15.04749,716.00179,39.4927,301.22004,500.06518,0.11343
275.01,492.21595,465.92302,475.22114,501.77222,597.24697,308.49083,483.41413,,,605.27723,,396.19663,378.76171,307.44223,49.57623,,,,610.38644,486.3541,,269.37243,15.04779,718.84911,39.49309,302.17861,501.77222,0.11389
276.01,493.92054,467.54438,476.84074,503.47822,599.39167,309.62631,485.11386,,,606.95372,,397.63845,379.93223,308.19244,49.58075,,,,612.51239,488.07291,,269.63524,15.04812,721.69706,39.49348,303.13549,503.47822,0.11436
277.01,495.62434,469.16566,478.4589,505.18317,601.5326,310.7625,486.81292,,,608.6276,,399.07963,381.09803,308.94155,49.58515,,,,614.63402,489.78837,,269.89319,15.04848,724.5456,39.49387,304.09066,505.18317,0.11482
278.01,497.32734,470.78685,480.0756,506.88707,603.66968,311.8994,488.51131,,,610.29882,,400.52017,382.25907,309.68953,49.58943,,,,616.75128,491.5004,,270.14629,15.04884,727.39474,39.49425,305.04414,506.88707,0.11528
279.01,499.02953,472.40798,481.69083,508.58991,605.80286,313.03702,490.20904,,,611.96733,,401.96005,383.41535,310.43635,49.59359,,,,618.86411,493.20897,,270.39458,15.04921,730.24444,39.49464,305.99592,508.58991,0.11574
280.01,500.7309,474.02906,483.3046,510.29171,607.9321,314.17534,491.90612,,,613.63312,,403.39928,384.56688,311.18198,49.59765,,,,620.97245,494.91414,,270.63811,15.04958,733.09469,39.49502,306.946,510.29171,0.1162
281.01,502.43146,475.6501,484.91689,511.99248,610.05735,315.31439,493.60256,,,615.29619,,404.83782,385.71364,311.92637,49.60159,,,,623.07626,496.61599,,270.87692,15.04995,735.94548,39.4954,307.89437,511.99248,0.11666
282.01,504.13123,477.27113,486.52774,513.69226,612.17858,316.45416,495.29839,,,616.95654,,406.27568,386.85563,312.66947,49.60543,,,,625.17551,498.31464,,271.11103,15.05032,738.79683,39.49579,308.84103,513.69226,0.11712
283.01,505.83023,478.89214,488.13715,515.39103,614.29574,317.59468,496.99359,,,618.61415,,407.71286,387.99283,313.41125,49.60917,,,,627.27016,500.01016,,271.34045,15.0507,741.64873,39.49617,309.78597,515.39103,0.11758
284.01,507.52848,480.51313,489.74511,517.08877,616.40878,318.73593,498.68816,,,620.26899,,409.14936,389.12522,314.15167,49.61281,,,,629.36016,501.70262,,271.5652,15.05107,744.50119,39.49655,310.72917,517.08877,0.11805
285.01,509.22601,482.13412,491.35161,518.78549,618.51763,319.87792,500.3821,,,621.92106,,410.58518,390.2528,314.89072,49.61635,,,,631.44544,503.39198,,271.78533,15.05144,747.35419,39.49693,311.67067,518.78549,0.11851
286.01,510.92286,483.75513,492.95664,520.48118,620.62224,321.02066,502.07543,,,623.57032,,412.02033,391.37556,315.62837,49.61979,,,,633.52594,505.07819,,272.0009,15.05182,750.2077,39.49731,312.61045,520.48118,0.11897
287.01,512.61903,485.37618,494.56018,522.17583,622.72255,322.16415,503.76815,,,625.21674,,413.45479,392.49351,316.3646,49.62315,,,,635.60162,506.76114,,272.21193,15.05219,753.06172,39.49768,313.54851,522.17583,0.11943
288.01,514.31452,486.99726,496.16223,523.86945,624.81851,323.3084,505.46024,,,626.86025,,414.88856,393.60663,317.09936,49.62641,,,,637.67241,508.44072,,272.41848,15.05257,755.91622,39.49806,314.48485,523.86945,0.11989
289.01,516.0093,488.61837,497.76278,525.56205,626.91008,324.45342,507.15172,,,628.50076,,416.32166,394.71491,317.83261,49.62959,,,,639.73827,510.11681,,272.62058,15.05294,758.77121,39.49844,315.41947,525.56205,0.12035
290.01,517.70335,490.2395,499.36182,527.25359,628.9972,325.59921,508.84256,,,630.13817,,417.75408,395.81832,318.56432,49.63268,,,,641.79915,511.78936,,272.81827,15.05331,761.62666,39.49882,316.35234,527.25359,0.12082
291.01,519.39664,491.86066,500.95934,528.94406,631.0798,326.74577,510.53277,,,631.77238,,419.18583,396.91683,319.29448,49.63569,,,,643.85499,513.45841,,273.01157,15.05369,764.48256,39.49919,317.28349,528.94406,0.12128
292.01,521.08918,493.48184,502.55533,530.63345,633.15781,327.89311,512.22233,,,633.40328,,420.61692,398.01046,320.02305,49.63861,,,,645.90572,515.12406,,273.20055,15.05406,767.3389,39.49957,318.2129,530.63345,0.12174
293.01,522.78092,495.10306,504.14976,532.32177,635.23118,329.04121,513.91124,,,635.03078,,422.04734,399.09918,320.75001,49.64146,,,,647.95128,516.78648,,273.38525,15.05444,770.19563,39.49994,319.14059,532.32177,0.1222
294.01,524.47185,496.72431,505.7426,534.00899,637.29983,330.19009,515.59948,,,636.65473,,423.47708,400.18299,321.47533,49.64422,,,,649.9916,518.44585,,273.56573,15.05481,773.05273,39.50032,320.06654,534.00899,0.12267
295.01,526.16195,498.34558,507.33386,535.69514,639.36374,331.33974,517.28706,,,638.27501,,424.90613,401.26187,322.19895,49.64691,,,,652.02664,520.10229,,273.74202,15.05519,775.91018,39.50069,320.99075,535.69514,0.12313
296.01,527.85121,499.96684,508.92353,537.38021,641.42284,332.49018,518.97396,,,639.89145,,426.33451,402.33579,322.92083,49.64953,,,,654.05634,521.75586,,273.91419,15.05556,778.76797,39.50107,321.9132,537.38021,0.12359
297.01,529.53962,501.5881,510.51162,539.06418,643.47707,333.6414,520.66015,,,641.50392,,427.7622,403.40474,323.64094,49.65208,,,,656.08065,523.40655,,274.08225,15.05594,781.6261,39.50145,322.83388,539.06418,0.12405
298.01,531.22721,503.20936,512.09813,540.74708,645.52639,334.7934,522.34565,,,643.11229,,429.1892,404.46871,324.35923,49.65456,,,,658.09954,525.05428,,274.24624,15.05631,784.48455,39.50182,323.75281,540.74708,0.12452
299.01,532.91402,504.83065,513.68308,542.42892,647.57074,335.94619,524.03045,,,644.71644,,430.6155,405.52773,325.07567,49.65697,,,,660.11295,526.69892,,274.4062,15.05669,787.34334,39.5022,324.66998,542.42892,0.12498
300.01,534.60009,506.452,515.26645,544.10971,649.61008,337.09977,525.71455,,,646.31624,,432.04109,406.58179,325.79023,49.65931,,,,662.12083,528.34037,,274.56219,15.05707,790.20244,39.50256,325.5854,544.10971,0.12544
301.01,536.28543,508.07339,516.84824,545.78945,651.64436,338.25416,527.39792,,,647.91154,,433.46597,407.6309,326.50285,49.6616,,,,664.12311,529.9786,,274.71426,15.05744,793.06184,39.50288,326.49906,545.78945,0.12591
302.01,537.97007,509.69482,518.42845,547.46814,653.67353,339.40935,529.08055,,,649.50216,,434.89014,408.67503,327.2135,49.66381,,,,666.11975,531.61362,,274.86246,15.05782,795.92152,39.50319,327.41094,547.46814,0.12637
303.01,539.65402,511.31628,520.00706,549.14577,655.69752,340.56536,530.7624,,,651.08794,,436.3136,409.71417,327.92214,49.66597,,,,668.11071,533.24558,,275.00682,15.05819,798.78148,39.50349,328.32105,549.14577,0.12683
304.01,541.33731,512.93777,521.58408,550.82231,657.71629,341.72219,532.44346,,,652.66872,,437.73637,410.74831,328.62875,49.66799,,,,670.09592,534.87465,,275.1474,15.05857,801.6417,39.5038,329.22939,550.82231,0.1273
305.01,543.01997,514.5593,523.15948,552.49777,659.72975,342.87984,534.12372,,,654.24437,,439.15844,411.77745,329.3333,49.66958,,,,672.07532,536.50103,,275.28425,15.05895,804.50217,39.50411,330.13595,552.49777,0.12776
306.01,544.70204,516.18087,524.73327,554.17214,661.73786,344.0383,535.80318,,,655.81472,,440.57981,412.80159,330.03576,49.67081,,,,674.04886,538.12489,,275.41744,15.05932,807.36287,39.50445,331.04076,554.17214,0.12822
307.01,546.38354,517.8025,526.30541,555.84541,663.74055,345.19759,537.48184,,,657.37964,,442.00048,413.82074,330.7361,49.67177,,,,676.01645,539.74632,,275.54703,15.0597,810.22376,39.50481,331.94379,555.84541,0.12869
308.01,548.06448,519.42417,527.8759,557.5176,665.73777,346.35771,539.15971,,,658.93894,,443.42045,414.83488,331.43427,49.67254,,,,677.97805,541.36536,,275.67308,15.06008,813.08483,39.50521,332.84506,557.5176,0.12915
309.01,549.74486,521.04586,529.44473,559.18869,667.72947,347.51867,540.83676,,,660.49245,,444.83971,415.84399,332.13024,49.67315,,,,679.9336,542.98206,,275.79564,15.06046,815.94606,39.50562,333.74453,559.18869,0.12961
310.01,551.42467,522.66755,531.01188,560.85865,669.71557,348.68045,542.513,,,662.03999,,446.25829,416.84805,332.82397,49.67367,,,,681.88304,544.5965,,275.91475,15.06084,818.80743,39.50603,334.64222,560.85865,0.13007
311.01,553.10394,524.28924,532.57734,562.52747,671.69601,349.84306,544.1884,,,663.58138,,447.67617,417.84703,333.51545,49.67413,,,,683.82629,546.20887,,276.03045,15.06122,821.66891,39.50644,335.53811,562.52747,0.13054
312.01,554.78269,525.91092,534.14108,564.19515,673.67072,351.0065,545.86298,,,665.11649,,449.09336,418.84095,334.20464,49.67459,,,,685.76329,547.81947,,276.14282,15.0616,824.53048,39.50685,336.43223,564.19515,0.131
313.01,556.46092,527.53261,535.70311,565.8617,675.63963,352.17076,547.53675,,,666.64515,,450.50984,419.8298,334.8915,49.67504,,,,687.69396,549.42867,,276.2519,15.06198,827.39212,39.50726,337.32455,565.8617,0.13146
314.01,558.13865,529.15428,537.26342,567.52712,677.6027,353.33584,549.2097,,,668.16722,,451.92561,420.8136,335.576,49.67549,,,,689.61824,551.03687,,276.35776,15.06236,830.25381,39.50767,338.21508,567.52712,0.13192
315.01,559.81588,530.77595,538.82202,569.19143,679.55989,354.50177,550.88186,,,669.68252,,453.34066,421.79232,336.25808,49.67594,,,,691.53607,552.64439,,276.46047,15.06274,833.11553,39.50809,339.1038,569.19143,0.13238
316.01,561.49262,532.39761,540.37893,570.85466,681.51115,355.66853,552.55325,,,671.19088,,454.75497,422.76596,336.93769,49.67638,,,,693.44739,554.25152,,276.56005,15.06312,835.9773,39.5085,339.9907,570.85466,0.13285
317.01,563.1689,534.01926,541.93415,572.51678,683.45642,356.83615,554.22385,,,672.69214,,456.16857,423.73451,337.61481,49.67681,,,,695.35214,555.85846,,276.65657,15.0635,838.83911,39.50892,340.8758,572.51678,0.13331
318.01,564.84476,535.64091,543.48768,574.1778,685.39564,358.00461,555.8937,,,674.18615,,457.58144,424.69799,338.28941,49.67724,,,,697.25021,557.46537,,276.75007,15.06388,841.70094,39.50933,341.75908,574.1778,0.13377
319.01,566.52021,537.26256,545.03949,575.83771,687.32872,359.17392,557.56279,,,675.67277,,458.99359,425.65639,338.96147,49.67767,,,,699.1415,559.07238,,276.84061,15.06426,844.56277,39.50974,342.64057,575.83771,0.13423
320.01,568.19529,538.88423,546.58958,577.4965,689.2556,360.34408,559.23115,,,677.15183,,460.40501,426.60972,339.63095,49.6781,,,,701.02588,560.67956,,276.92827,15.06465,847.42457,39.51016,343.52025,577.4965,0.13468
321.01,569.86999,540.50591,548.13794,579.15419,691.17624,361.51511,560.89879,,,678.62317,,461.81569,427.55799,340.29782,49.67852,,,,702.90321,562.287,,277.01311,15.06503,850.28633,39.51057,344.39811,579.15419,0.13514
322.01,571.54433,542.12759,549.68456,580.81077,693.09055,362.687,562.56572,,,680.08659,,463.22565,428.50117,340.96204,49.67893,,,,704.77335,563.89474,,277.09519,15.06541,853.14802,39.51099,345.27416,580.81077,0.1356
323.01,573.21831,543.74925,551.22944,582.46622,694.99848,363.85975,564.23195,,,681.54193,,464.63489,429.43925,341.62358,49.67935,,,,706.6361,565.50282,,277.17456,15.0658,856.00964,39.5114,346.14839,582.46622,0.13606
324.01,574.89193,545.3709,552.77256,584.12052,696.89993,365.03337,565.89748,,,682.98901,,466.04342,430.37223,342.28242,49.67975,,,,708.49126,567.11126,,277.25127,15.06618,858.87116,39.51181,347.02079,584.12052,0.13651
325.01,576.56524,546.99252,554.31392,585.77368,698.79481,366.20785,567.56232,,,684.42771,,467.45123,431.30011,342.93854,49.68016,,,,710.33862,568.72009,,277.32538,15.06657,861.73257,39.51223,347.89138,585.77368,0.13697
326.01,578.23823,548.61414,555.85349,587.42567,700.68302,367.38318,569.2265,,,685.85786,,468.85833,432.22289,343.59192,49.68056,,,,712.17795,570.32931,,277.39696,15.06695,864.59382,39.51264,348.76015,587.42567,0.13743
327.01,579.91091,550.23573,557.39125,589.07651,702.56445,368.55938,570.89002,,,687.2793,,470.2647,433.14058,344.24253,49.68096,,,,714.00911,571.93895,,277.46608,15.06734,867.45488,39.51306,349.6271,589.07651,0.13788
328.01,581.58327,551.85728,558.92718,590.72617,704.43899,369.73643,572.55288,,,688.69184,,471.67035,434.05315,344.89032,49.68135,,,,715.83203,573.549,,277.53281,15.06772,870.31573,39.51347,350.49222,590.72617,0.13834
329.01,583.25529,553.47876,560.46128,592.37467,706.30651,370.91434,574.2151,,,690.09529,,473.07528,434.96059,345.53526,49.68175,,,,717.64672,575.15946,,277.59719,15.06811,873.17635,39.51389,351.3555,592.37467,0.13879
330.01,584.92698,555.10016,561.99355,594.02199,708.16684,372.09309,575.87667,,,691.4895,,474.47949,435.86288,346.17733,49.68213,,,,719.45322,576.77032,,277.65927,15.06849,876.03673,39.5143,352.21694,594.02199,0.13924
331.01,586.59835,556.72148,563.52399,595.66812,710.0198,373.2727,577.53761,,,692.87433,,475.88297,436.76003,346.81651,49.68252,,,,721.25162,578.38155,,277.7191,15.06888,878.89684,39.51472,353.07653,595.66812,0.1397
332.01,588.26941,558.34274,565.05259,597.31309,711.86516,374.45315,579.19794,,,694.24966,,477.28573,437.65204,347.45275,49.6829,,,,723.04199,579.99313,,277.77675,15.06927,881.75667,39.51513,353.93429,597.31309,0.14013
333.01,589.94019,559.96396,566.57938,598.95692,713.70273,375.63446,580.85771,,,695.61537,,478.68773,438.53895,348.08604,49.68328,,,,724.82436,581.60504,,277.83228,15.06965,884.61622,39.51555,354.7902,598.95692,0.14051
334.01,591.61072,561.58513,568.10434,600.59962,715.5323,376.81664,582.51693,,,696.9713,,480.08898,439.42074,348.71634,49.68365,,,,726.59881,583.21724,,277.88575,15.07004,887.47547,39.51596,355.64426,600.59962,0.14087
335.01,593.28098,563.20625,569.62749,602.24118,717.35373,377.99968,584.1756,,,698.31727,,481.48948,440.29742,349.34361,49.68403,,,,728.36535,584.82972,,277.93721,15.07043,890.3344,39.51638,356.49647,602.24118,0.14121
336.01,594.95099,564.82731,571.1488,603.88161,719.16695,379.18359,585.83371,,,699.65312,,482.88923,441.16897,349.96783,49.6844,,,,730.12405,586.44245,,277.98672,15.07082,893.193,39.51679,357.34682,603.88161,0.14155
337.01,596.62074,566.4483,572.66827,605.52087,720.97193,380.36836,587.49127,,,700.97873,,484.28825,442.03538,350.58898,49.68476,,,,731.87492,588.0554,,278.03433,15.0712,896.05124,39.51721,358.19531,605.52087,0.14191
338.01,598.29027,568.06923,574.18591,607.15897,722.76873,381.554,589.14828,,,702.29396,,485.68652,442.89666,351.20705,49.68513,,,,733.61795,589.66853,,278.08008,15.07159,898.90911,39.51763,359.04194,607.15897,0.14228
339.01,599.95958,569.6901,575.70168,608.7959,724.55737,382.74049,590.80476,,,703.59872,,487.08406,443.75284,351.82202,49.68549,,,,735.35312,591.28182,,278.12405,15.07198,901.76657,39.51804,359.88673,608.7959,0.1427
340.01,601.6287,571.31093,577.21557,610.43165,726.33795,383.92784,592.46072,,,704.89285,,488.48084,444.6039,352.43387,49.68585,,,,737.08037,592.89523,,278.16629,15.07237,904.62362,39.51846,360.72967,610.43165,0.14316
341.01,603.29762,572.93169,578.72759,612.06624,728.11051,385.11606,594.11614,,,706.17619,,489.87689,445.44986,353.04256,49.68621,,,,738.79966,594.50873,,278.20686,15.07275,907.4802,39.51888,361.57074,612.06624,0.14362
342.01,604.96632,574.55238,580.23771,613.69966,729.87514,386.30513,595.77104,,,707.44858,,491.27219,446.29069,353.64808,49.68657,,,,740.51095,596.1223,,278.2458,15.07314,910.33632,39.5193,362.40995,613.69966,0.14408
343.01,606.6348,576.17296,581.74593,615.33187,731.63185,387.49505,597.4254,,,708.70989,,492.66676,447.12638,354.2504,49.68692,,,,742.21417,597.73589,,278.28317,15.07353,913.19193,39.51972,363.24729,615.33187,0.14455
344.01,608.30307,577.79345,583.25222,616.96287,733.38064,388.68581,599.0792,,,709.95999,,494.0606,447.95692,354.84952,49.68727,,,,743.90926,599.34948,,278.31902,15.07392,916.04702,39.52014,364.08275,616.96287,0.14502
345.01,609.97113,579.41382,584.75657,618.59265,735.12152,389.8774,600.73244,,,711.19878,,495.45371,448.78233,355.44542,49.68762,,,,745.59611,600.96302,,278.35339,15.07431,918.90156,39.52056,364.91635,618.59265,0.14549
346.01,611.63898,581.03408,586.25897,620.22119,736.85447,391.06981,602.38514,,,712.42616,,496.84607,449.60261,356.03808,49.68797,,,,747.27465,602.57648,,278.38635,15.07469,921.75551,39.52097,365.74807,620.22119,0.14595
347.01,613.30661,582.65423,587.75939,621.84852,738.57948,392.26303,604.03731,,,713.64198,,498.23769,450.41775,356.62749,49.68831,,,,748.94477,604.18984,,278.41794,15.07508,924.60884,39.52139,366.57793,621.84852,0.14642
348.01,614.97402,584.27424,589.25786,623.47465,740.29653,393.45707,605.68893,,,714.84611,,499.62856,451.22776,357.21359,49.68866,,,,750.60644,605.80304,,278.44821,15.07547,927.46155,39.52182,367.40589,623.47465,0.14689
349.01,616.64119,585.89413,590.75438,625.09958,742.00561,394.65192,607.34004,,,716.03843,,501.01867,452.03263,357.79637,49.689,,,,752.25959,607.41605,,278.4772,15.07586,930.31362,39.52224,368.23195,625.09958,0.14736
350.01,618.30814,587.51388,592.24897,626.72333,743.70666,395.84759,608.99063,,,717.21886,,502.40802,452.83234,358.37582,49.68934,,,,753.90419,609.02882,,278.50495,15.07624,933.16505,39.52266,369.05612,626.72333,0.14782
351.01,619.97491,589.13351,593.74162,628.34588,745.39961,397.04406,610.64071,,,718.38735,,503.79661,453.62692,358.95192,49.68968,,,,755.54016,610.64133,,278.53151,15.07663,936.01582,39.52308,369.8784,628.34588,0.14829
352.01,621.64149,590.75303,595.23233,629.96725,747.08436,398.24134,612.29029,,,719.54383,,505.18444,454.41639,359.52465,49.69002,,,,757.16742,612.25354,,278.55692,15.07702,938.86591,39.5235,370.69879,629.96725,0.14875
353.01,623.30791,592.37245,596.72108,631.58742,748.76085,399.43942,613.93937,,,720.6882,,506.5715,455.20075,360.09402,49.69035,,,,758.7859,613.86543,,278.58124,15.0774,941.7153,39.52392,371.51729,631.58742,0.14921
354.01,624.97416,593.99176,598.20786,633.20641,750.42901,400.63829,615.58797,,,721.82033,,507.95779,455.98,360.65999,49.69069,,,,760.39553,615.47696,,278.6045,15.07779,944.56394,39.52435,372.3339,633.20641,0.14968
355.01,626.64024,595.61095,599.69268,634.82421,752.08879,401.83796,617.23606,,,722.9401,,509.34332,456.75414,361.22255,49.69102,,,,761.99626,617.08812,,278.62674,15.07818,947.41183,39.52477,373.14861,634.82421,0.15014
356.01,628.30614,597.23001,601.17553,636.44079,753.74012,403.0384,618.88365,,,724.04744,,510.7281,457.52316,361.78168,49.69136,,,,763.58805,618.69888,,278.648,15.07856,950.25895,39.52519,373.96141,636.44079,0.1506
357.01,629.97187,598.84893,602.65639,638.05615,755.3829,404.23961,620.53073,,,725.14229,,512.11212,458.28705,362.33738,49.69169,,,,765.17084,620.30921,,278.66832,15.0789,953.10527,39.52561,374.77231,638.05615,0.15106
358.01,631.63745,600.46772,604.13526,639.67027,757.01704,405.44157,622.17729,,,726.22462,,513.49538,459.04583,362.88964,49.69202,,,,766.74457,621.91909,,278.68774,15.07921,955.95077,39.52604,375.5813,639.67027,0.15152
359.01,633.30287,602.08639,605.61211,641.28315,758.64246,406.64428,623.82335,,,727.29437,,514.8779,459.79952,363.43847,49.69235,,,,768.30914,623.5285,,278.70629,15.0795,958.79542,39.52646,376.38841,641.28315,0.15198
360.01,634.96814,603.70492,607.08693,642.89477,760.25909,407.84771,625.46889,,,728.35144,,516.25965,460.54811,363.98384,49.69268,,,,769.86448,625.13741,,278.72402,15.07979,961.63918,39.52689,377.19361,642.89477,0.15244
361.01,636.63323,605.3233,608.55971,644.50512,761.86688,409.05185,627.1139,,,729.39571,,517.64064,461.2916,364.52573,49.69301,,,,771.41054,626.74581,,278.74095,15.08009,964.48203,39.52731,377.99689,644.50512,0.1529
362.01,638.29814,606.9415,610.03043,646.11419,763.46576,410.25669,628.75838,,,730.42709,,519.02088,462.02998,365.06414,49.69333,,,,772.94728,628.35368,,278.75713,15.08039,967.32392,39.52773,378.79826,646.11419,0.15336
363.01,639.96283,608.55951,611.49908,647.72193,765.05566,411.46219,630.40231,,,731.44555,,520.40037,462.76322,365.59905,49.69366,,,,774.47465,629.96099,,278.77258,15.08072,970.16486,39.52816,379.5977,647.72193,0.15382
364.01,641.62732,610.17733,612.96565,649.32834,766.6365,412.66835,632.04568,,,732.4511,,521.7791,463.49134,366.13047,49.69398,,,,775.9926,631.56772,,278.78733,15.08109,973.0048,39.52858,380.39521,649.32834,0.15428
365.01,643.29161,611.79496,614.43015,650.93342,768.20821,413.87513,633.68852,,,733.44371,,523.15708,464.21437,366.65839,49.69431,,,,777.50105,633.17384,,278.80141,15.08146,975.84373,39.52901,381.19081,650.93342,0.15474
366.01,644.95571,613.41241,615.89258,652.53718,769.77073,415.08254,635.33084,,,734.42337,,524.53428,464.9323,367.18279,49.69463,,,,778.99993,634.77933,,278.81486,15.08184,978.68164,39.52943,381.98448,652.53718,0.15519
367.01,646.61963,615.0297,617.35294,654.13964,771.32404,416.29056,636.97266,,,735.39001,,525.9107,465.64516,367.70365,49.69496,,,,780.48923,636.38417,,278.8277,15.08222,981.5185,39.52986,382.77622,654.13964,0.15565
368.01,648.28337,616.64682,618.81126,655.74079,772.86811,417.49918,638.61397,,,736.34357,,527.28633,466.35293,368.22096,49.69528,,,,781.96891,637.98834,,278.83995,15.0826,984.35431,39.53028,383.56601,655.74079,0.15611
369.01,649.94693,618.26375,620.26752,657.34064,774.40289,418.70838,640.25477,,,737.28402,,528.66118,467.05562,368.73472,49.6956,,,,783.43896,639.59182,,278.85165,15.08298,987.18905,39.53071,384.35387,657.34064,0.15657
370.01,651.6103,619.8805,621.72171,658.93915,775.92831,419.91814,641.89506,,,738.2114,,530.03526,467.75322,369.24492,49.69592,,,,784.89932,641.19459,,278.86282,15.08336,990.02268,39.53113,385.13978,658.93915,0.15703
371.01,653.2735,621.49708,623.17383,660.53634,777.44428,421.12842,643.53482,,,739.12575,,531.40856,468.44576,369.75156,49.69624,,,,786.34993,642.79664,,278.87348,15.08375,992.8552,39.53156,385.92375,660.53634,0.15748
372.01,654.93654,623.11348,624.62386,662.13218,778.95074,422.3392,645.17407,,,740.02708,,532.78109,469.13324,370.25466,49.69656,,,,787.79072,644.39795,,278.88365,15.08413,995.68656,39.53198,386.70579,662.13218,0.15794
373.01,656.59943,624.72972,626.07179,663.72669,780.44765,423.55046,646.81282,,,740.91534,,534.15284,469.81568,370.75419,49.69688,,,,789.22163,645.99851,,278.89337,15.08451,998.51675,39.53241,387.4859,663.72669,0.1584
374.01,658.26216,626.34579,627.51762,665.31986,781.93498,424.76216,648.45104,,,741.79048,,535.52382,470.49308,371.25016,49.6972,,,,790.64262,647.59831,,278.90265,15.08489,1001.34574,39.53283,388.26406,665.31986,0.15886
375.01,659.92472,627.96167,628.96134,666.9117,783.4127,425.97427,650.08875,,,742.65247,,536.89401,471.16544,371.74255,49.69752,,,,792.05368,649.19734,,278.9115,15.08528,1004.1735,39.53325,389.04026,666.9117,0.15932
376.01,661.58709,629.57734,630.40293,668.50219,784.88073,427.18676,651.72591,,,743.50137,,538.26344,471.83273,372.23136,49.69784,,,,793.45477,650.79557,,278.91996,15.08566,1007.0,39.53368,389.81451,668.50219,0.15978
377.01,663.24928,631.19281,631.84239,670.09131,786.33899,428.39957,653.36253,,,744.33723,,539.63211,472.49498,372.7166,49.69816,,,,794.84583,652.39299,,278.92804,15.08604,1009.82523,39.5341,390.5868,670.09131,0.16023
378.01,664.91129,632.80806,633.27968,671.67907,787.7874,429.61266,654.99858,,,745.16008,,541.00001,473.1522,373.19827,49.69848,,,,796.22678,653.9896,,278.93575,15.08642,1012.64914,39.53452,391.35715,671.67907,0.16069
379.01,666.57311,634.4231,634.71479,673.26545,789.22591,430.82598,656.63408,,,745.96993,,542.36714,473.80438,373.67638,49.69879,,,,797.59754,655.58537,,278.94312,15.08681,1015.4717,39.53494,392.12554,673.26545,0.16115
380.01,668.23474,636.03791,636.14771,674.85047,790.65447,432.03948,658.26901,,,746.76674,,543.73349,474.45153,374.15092,49.69911,,,,798.95808,657.18029,,278.95017,15.08719,1018.29289,39.53537,392.89198,674.85047,0.16161
381.01,669.89615,637.65249,637.57843,676.43414,792.07308,433.25311,659.90337,,,747.55049,,545.09907,475.09364,374.62188,49.69943,,,,800.30837,658.77435,,278.9569,15.08757,1021.11268,39.53579,393.65645,676.43414,0.16207
382.01,671.55731,639.26681,639.00697,678.01647,793.4817,434.46681,661.53717,,,748.32124,,546.46387,475.7307,375.08924,49.69975,,,,801.64841,660.36752,,278.96333,15.08795,1023.93104,39.53621,394.41893,678.01647,0.16253
383.01,673.21825,640.88088,640.43333,679.59747,794.88026,435.68053,663.1704,,,749.07907,,547.82788,476.36272,375.55302,49.70006,,,,802.97818,661.9598,,278.96948,15.08834,1026.74798,39.53663,395.17944,679.59747,0.16299
384.01,674.87898,642.49472,641.85752,681.17716,796.26872,436.89422,664.80309,,,749.8241,,549.19111,476.98973,376.01321,49.70038,,,,804.29764,663.55115,,278.97536,15.08872,1029.56348,39.53705,395.93798,681.17716,0.16345
385.01,676.53952,644.10833,643.27954,682.75555,797.64701,438.10782,666.43523,,,750.55638,,550.55355,477.61175,376.46983,49.7007,,,,805.60672,665.14156,,278.98098,15.0891,1032.37751,39.53747,396.69454,682.75555,0.16391
386.01,678.19987,645.72173,644.69937,684.33265,799.01512,439.32125,668.06684,,,751.27593,,551.91518,478.2288,376.92287,49.70101,,,,806.90538,666.73103,,278.98636,15.08948,1035.19006,39.53789,397.44913,684.33265,0.16437
387.01,679.86003,647.33492,646.11702,685.90847,800.37303,440.53445,669.69791,,,751.98273,,553.27602,478.84087,377.37232,49.70133,,,,808.19361,668.31954,,278.99151,15.08987,1038.00108,39.5383,398.20173,685.90847,0.16483
388.01,681.51999,648.94788,647.53248,687.48301,801.72074,441.74732,671.32844,,,752.67685,,554.63607,479.44796,377.81819,49.70165,,,,809.4714,669.90708,,278.99643,15.09025,1040.81057,39.53866,398.95235,687.48301,0.16529
389.01,683.17975,650.56059,648.94575,689.05626,803.05818,442.95977,672.95841,,,753.35837,,555.99532,480.05006,378.26047,49.70196,,,,810.73874,671.49364,,279.00115,15.09063,1043.6185,39.53899,399.70098,689.05626,0.16575
390.01,684.8393,652.17307,650.35682,690.62821,804.38529,444.17172,674.58781,,,754.02742,,557.3538,480.64718,378.69919,49.70228,,,,811.9956,673.07921,,279.00567,15.09102,1046.42484,39.53931,400.44762,690.62821,0.16621
391.01,686.49866,653.78532,651.76566,692.19886,805.702,445.38304,676.21665,,,754.68409,,558.71149,481.23935,379.13435,49.70259,,,,813.24191,674.66377,,279.00999,15.0914,1049.22957,39.53963,401.19227,692.19886,0.16667
392.01,688.15784,655.39734,653.17228,693.7682,807.00827,446.59362,677.84493,,,755.32846,,560.06839,481.82659,379.56595,49.70287,,,,814.47759,676.24732,,279.01414,15.09178,1052.03266,39.53995,401.93494,693.7682,0.16713
393.01,689.81682,657.00913,654.57665,695.33625,808.30409,447.80335,679.47263,,,755.96052,,561.42451,482.40892,379.99399,49.70312,,,,815.70264,677.82984,,279.01811,15.09217,1054.83408,39.54029,402.67561,695.33625,0.16759
394.01,691.47561,658.62067,655.97876,696.903,809.58946,449.01207,681.09976,,,756.58029,,562.77983,482.98633,380.41847,49.70336,,,,816.91704,679.41132,,279.02192,15.09255,1057.63379,39.54067,403.41429,696.903,0.16805
395.01,693.13417,660.23194,657.37861,698.46844,810.86432,450.21965,682.7263,,,757.18788,,564.13438,483.55881,380.83939,49.7036,,,,818.1208,680.99176,,279.02558,15.09294,1060.43178,39.54107,404.15095,698.46844,0.16851
396.01,694.79248,661.84292,658.77616,700.03254,812.12862,451.42592,684.35222,,,757.78341,,565.48814,484.12637,381.25675,49.70384,,,,819.31388,682.57113,,279.02909,15.09332,1063.228,39.54149,404.8856,700.03254,0.16897
397.01,696.45054,663.45362,660.17142,701.59531,813.38228,452.6307,685.97751,,,758.367,,566.84113,484.68902,381.67056,49.70408,,,,820.49624,684.14942,,279.03245,15.09371,1066.02243,39.54191,405.61825,701.59531,0.16943
398.01,698.10836,665.06402,661.56437,703.15674,814.62525,453.83382,687.6022,,,758.93874,,568.19333,485.24677,382.08083,49.70434,,,,821.66781,685.72662,,279.03569,15.0941,1068.81506,39.54233,406.34888,703.15674,0.16989
399.01,699.76593,666.67414,662.955,704.71686,815.85753,455.03509,689.22627,,,759.4987,,569.54474,485.79965,382.48758,49.70462,,,,822.82854,687.30272,,279.03879,15.09448,1071.60584,39.54275,407.0775,704.71686,0.17035
400.01,701.42325,668.28399,664.34334,706.27567,817.07914,456.23432,690.84975,,,760.04689,,570.89535,486.34766,382.89079,49.70491,,,,823.97846,688.8777,,279.04177,15.09487,1074.39478,39.54317,407.80411,706.27567,0.1708
401.01,703.08033,669.89356,665.72939,707.83321,818.2901,457.4313,692.47265,,,760.5834,,572.24514,486.89082,383.29046,49.7052,,,,825.11763,690.45154,,279.04464,15.09526,1077.18185,39.54359,408.52868,707.83321,0.17126
402.01,704.73716,671.50284,667.11317,709.38948,819.49038,458.62582,694.09496,,,761.10839,,573.59414,487.42912,383.6866,49.7055,,,,826.24605,692.02424,,279.0474,15.09565,1079.96705,39.54402,409.25121,709.38948,0.17172
403.01,706.39375,673.11185,668.49466,710.94445,820.67991,459.81765,695.71667,,,761.622,,574.94233,487.96258,384.07923,49.70579,,,,827.36369,693.59579,,279.05005,15.09604,1082.75034,39.54444,409.97172,710.94445,0.17218
404.01,708.0501,674.72057,669.87385,712.49814,821.85864,461.00653,697.33778,,,762.12426,,576.28972,488.49123,384.46835,49.70609,,,,828.47051,695.16617,,279.05261,15.09642,1085.5317,39.54486,410.69019,712.49814,0.17264
405.01,709.70622,676.32903,671.25073,714.05052,823.02656,462.19223,698.95831,,,762.61516,,577.6363,489.01509,384.85398,49.70639,,,,829.56644,696.73538,,279.05507,15.09681,1088.31111,39.54528,411.40664,714.05052,0.17309
406.01,711.36213,677.93723,672.6253,715.60162,824.18368,463.37449,700.57824,,,763.09473,,578.98209,489.53418,385.23612,49.70669,,,,830.6515,698.30341,,279.05743,15.0972,1091.08854,39.5457,412.12106,715.60162,0.17355
407.01,713.01781,679.54516,673.99755,717.15142,825.33002,464.55305,702.19758,,,763.56306,,580.32706,490.04851,385.61477,49.70699,,,,831.72572,699.87025,,279.05972,15.09759,1093.86396,39.54613,412.83344,717.15142,0.174
408.01,714.67325,681.15281,675.36747,718.69993,826.46557,465.72767,703.81631,,,764.02034,,581.67124,490.55809,385.98995,49.70729,,,,832.78911,701.4359,,279.06191,15.09798,1096.63735,39.54655,413.54378,718.69993,0.17446
409.01,716.32844,682.76016,676.73506,720.24712,827.59029,466.89809,705.43443,,,764.46681,,583.01462,491.0629,386.36166,49.70759,,,,833.84169,703.00034,,279.06404,15.09838,1099.40868,39.54697,414.25207,720.24712,0.17491
410.01,717.98339,684.36722,678.10029,721.79299,828.7041,468.06407,707.05191,,,764.90266,,584.3572,491.56299,386.72992,49.7079,,,,834.88341,704.56356,,279.06608,15.09877,1102.17793,39.54739,414.95831,721.79299,0.17537
411.01,719.63809,685.97399,679.46316,723.33752,829.80696,469.22538,708.66877,,,765.32799,,585.699,492.05836,387.09475,49.7082,,,,835.91421,706.12556,,279.06806,15.09916,1104.94506,39.54781,415.66251,723.33752,0.17582
412.01,721.29255,687.58045,680.82363,724.88071,830.8989,470.38178,710.28498,,,765.74285,,587.04,492.54904,387.45615,49.70851,,,,836.93406,707.68633,,279.06996,15.09955,1107.71005,39.54823,416.36466,724.88071,0.17628
413.01,722.94674,689.1866,682.18169,726.42255,831.97992,471.53307,711.90055,,,766.14728,,588.3802,493.03504,387.81413,49.70881,,,,837.94298,709.24585,,279.0718,15.09994,1110.47285,39.54865,417.06477,726.42255,0.17673
414.01,724.60066,690.79243,683.53734,727.96304,833.05003,472.67905,713.51546,,,766.54137,,589.7196,493.51637,388.1687,49.70912,,,,838.94101,710.80413,,279.07358,15.10034,1113.23345,39.54907,417.76281,727.96304,0.17718
415.01,726.25426,692.39792,684.89058,729.50218,834.10923,473.81954,715.1297,,,766.92531,,591.0582,493.99303,388.51986,49.70942,,,,839.92816,712.36115,,279.07531,15.10073,1115.99181,39.54949,418.45878,729.50218,0.17763
416.01,727.90756,694.00306,686.2414,731.03996,835.15745,474.95436,716.74328,,,767.29935,,592.39601,494.46503,388.86764,49.70973,,,,840.90445,713.91689,,279.07697,15.10112,1118.74793,39.5499,419.15268,731.03996,0.17808
417.01,729.56056,695.60785,687.5898,732.5764,836.19464,476.08338,718.3562,,,767.66363,,593.73301,494.9324,389.21204,49.71004,,,,841.86982,715.47134,,279.07858,15.10152,1121.50178,39.55032,419.84451,732.5764,0.17853
418.01,731.21329,697.21234,688.9358,734.11152,837.22086,477.20646,719.96848,,,768.01831,,595.0692,495.39517,389.55308,49.71035,,,,842.82426,717.02451,,279.08014,15.10191,1124.25336,39.55074,420.53427,734.11152,0.17898
419.01,732.86575,698.81651,690.27939,735.64532,838.23614,478.32348,721.58014,,,768.36344,,596.40456,495.85337,389.89076,49.71066,,,,843.76778,718.57638,,279.08165,15.10231,1127.00264,39.55116,421.22196,735.64532,0.17942
420.01,734.51794,700.42038,691.62057,737.17782,839.24052,479.43435,723.19117,,,768.69912,,597.7391,496.30702,390.22509,49.71097,,,,844.70041,720.12694,,279.08311,15.1027,1129.74959,39.55158,421.90757,737.17782,0.1798
421.01,736.16986,702.02394,692.95935,738.70901,840.23402,480.53895,724.80156,,,769.02551,,599.07282,496.75613,390.55609,49.71128,,,,845.62215,721.6762,,279.08453,15.10309,1132.4942,39.552,422.5911,738.70901,0.18015
422.01,737.82149,703.62716,694.29571,740.23887,841.21661,481.63723,726.4113,,,769.3428,,600.40574,497.2007,390.88377,49.71159,,,,846.533,723.22414,,279.08591,15.10349,1135.23643,39.55242,423.27254,740.23887,0.18049
423.01,739.47285,705.23006,695.62965,741.76739,842.18824,482.72912,728.02039,,,769.65118,,601.73784,497.64075,391.20815,49.7119,,,,847.43294,724.77077,,279.08724,15.10388,1137.97627,39.55284,423.95189,741.76739,0.18083
424.01,741.12393,706.83264,696.96114,743.29458,843.1489,483.81458,729.62883,,,769.95082,,603.06914,498.07632,391.52924,49.71221,,,,848.32195,726.31607,,279.08853,15.10428,1140.71369,39.55326,424.62915,743.29458,0.18118
425.01,742.77475,708.43491,698.29019,744.82041,844.09863,484.89359,731.23661,,,770.24188,,604.39963,498.50743,391.84707,49.71252,,,,849.20009,727.86005,,279.08979,15.10467,1143.44867,39.55368,425.30434,744.82041,0.18156
426.01,744.4253,710.03687,699.61678,746.3449,845.03747,485.96618,732.84374,,,770.52445,,605.72931,498.93412,392.16164,49.71283,,,,850.0674,729.40269,,279.09101,15.10507,1146.18117,39.5541,425.97743,746.3449,0.18197
427.01,746.07559,711.63851,700.9409,747.86804,845.96539,487.03234,734.45021,,,770.79868,,607.05817,499.35639,392.47295,49.71314,,,,850.92396,730.944,,279.0922,15.10547,1148.91116,39.55452,426.64843,747.86804,0.18242
428.01,747.72557,713.2398,702.26254,749.38982,846.88236,488.09213,736.05599,,,771.06477,,608.38622,499.77426,392.78103,49.71346,,,,851.76977,732.48397,,279.09335,15.10586,1151.63863,39.55494,427.31732,749.38982,0.18288
429.01,749.37525,714.84072,703.58169,750.91021,847.78831,489.1456,737.66108,,,771.32289,,609.71348,500.18773,393.08589,49.71377,,,,852.60482,734.0226,,279.09448,15.10626,1154.36353,39.55537,427.9841,750.91021,0.18335
430.01,751.0246,716.44128,704.89832,752.4292,848.6832,490.1928,739.26546,,,771.57316,,611.03994,500.59684,393.38755,49.71409,,,,853.42909,735.55986,,279.09557,15.10665,1157.08585,39.55579,428.64878,752.4292,0.18381
431.01,752.67365,718.04148,706.21241,753.94679,849.5671,491.23381,740.86912,,,771.81571,,612.36559,501.0016,393.68604,49.7144,,,,854.24252,737.09577,,279.09663,15.10705,1159.80555,39.55621,429.31135,753.94679,0.18428
432.01,754.32237,719.64131,707.52396,755.46298,850.44011,492.26874,742.47208,,,772.05069,,613.69044,501.40205,393.98136,49.71472,,,,855.04518,738.63031,,279.09767,15.10744,1162.52261,39.55663,429.97181,755.46298,0.18475
433.01,755.97076,721.24077,708.83297,756.97777,851.30226,493.29768,744.07434,,,772.27821,,615.01446,501.79822,394.27353,49.71504,,,,855.83715,740.16348,,279.09867,15.10783,1165.237,39.55705,430.63016,756.97777,0.18521
434.01,757.61882,722.83986,710.13945,758.4912,852.15359,494.32074,745.6759,,,772.49843,,616.33767,502.19012,394.56255,49.71535,,,,856.6185,741.69527,,279.09966,15.10823,1167.94872,39.55748,431.28638,758.4912,0.18568
435.01,759.26655,724.43858,711.44343,760.00327,852.99409,495.33806,747.27677,,,772.71153,,617.66005,502.57776,394.84844,49.71567,,,,857.3893,743.22569,,279.10062,15.10862,1170.65775,39.5579,431.94046,760.00327,0.18615
436.01,760.91395,726.03694,712.7449,761.51398,853.82372,496.34975,748.87694,,,772.91765,,618.98161,502.96118,395.13121,49.71599,,,,858.14957,744.75472,,279.10155,15.10902,1173.36408,39.55832,432.59241,761.51398,0.18661
437.01,762.56103,727.63494,714.04384,763.02332,854.64249,497.35595,750.47643,,,773.11694,,620.30234,503.3404,395.4109,49.71631,,,,858.89927,746.28236,,279.10246,15.10941,1176.06768,39.55875,433.24223,763.02332,0.18708
438.01,764.20781,729.23259,715.34025,764.53129,855.45047,498.35679,752.07524,,,773.30958,,621.62226,503.71545,395.68752,49.71663,,,,859.6384,747.80862,,279.10335,15.10981,1178.76852,39.55917,433.88992,764.53129,0.18754
439.01,765.8543,730.82989,716.63411,766.03789,856.24774,499.3524,753.67336,,,773.49575,,622.94135,504.08638,395.96109,49.71695,,,,860.36704,749.3335,,279.10422,15.1102,1181.46659,39.5596,434.53549,766.03789,0.188
440.01,767.50047,732.42686,717.92544,767.54313,857.03435,500.34293,755.2708,,,773.67556,,624.25961,504.4532,396.23161,49.71727,,,,861.08528,750.85698,,279.10507,15.1106,1184.16185,39.56002,435.17891,767.54313,0.18846
441.01,769.14634,734.02346,719.21422,769.04699,857.81036,501.3285,756.86753,,,773.84915,,625.57705,504.81594,396.49911,49.7176,,,,861.79321,752.37908,,279.1059,15.11099,1186.85429,39.56044,435.82018,769.04699,0.18892
442.01,770.79188,735.61969,720.50045,770.54947,858.57575,502.30922,758.46356,,,774.01668,,626.89367,505.1746,396.7636,49.71792,,,,862.4909,753.89979,,279.10672,15.11138,1189.54387,39.56087,436.4593,770.54947,0.18938
443.01,772.4371,737.21556,721.7841,772.05054,859.33049,503.28522,760.05888,,,774.1783,,628.20948,505.52922,397.02511,49.71824,,,,863.17835,755.41911,,279.10751,15.11177,1192.23058,39.5613,437.09627,772.05054,0.18984
444.01,774.082,738.81105,723.06517,773.55021,860.07461,504.25661,761.65347,,,774.33419,,629.52448,505.87983,397.28367,49.71857,,,,863.85552,756.93704,,279.10829,15.11212,1194.91438,39.56172,437.73109,773.55021,0.1903
445.01,775.7266,740.40619,724.34362,775.04845,860.8082,505.22352,763.24734,,,774.48451,,630.83866,506.22647,397.53928,49.71889,,,,864.52245,758.45357,,279.10905,15.11243,1197.59525,39.56215,438.36377,775.04845,0.19076
446.01,777.37086,742.00094,725.61946,776.54528,861.53133,506.18606,764.84048,,,774.62937,,632.15202,506.56916,397.79196,49.71922,,,,865.17923,759.96871,,279.10979,15.11273,1200.27315,39.56257,438.99429,776.54528,0.19122
447.01,779.01478,743.5953,726.89266,778.04067,862.24407,507.14437,766.43288,,,774.76888,,633.46457,506.90791,398.04174,49.71954,,,,865.82596,761.48244,,279.11052,15.11303,1202.94806,39.563,439.62264,778.04067,0.19168
448.01,780.65833,745.18925,728.16323,779.53461,862.94646,508.09859,768.02451,,,774.90318,,634.7763,507.24275,398.28861,49.71987,,,,866.46275,762.99477,,279.11124,15.11333,1205.61995,39.56342,440.24882,779.53461,0.19214
449.01,782.30149,746.78278,729.43114,781.02711,863.63847,509.04886,769.61538,,,775.03242,,636.08722,507.5737,398.53262,49.7202,,,,867.08963,764.5057,,279.11194,15.11365,1208.2888,39.56385,440.87282,781.02711,0.19259
450.01,783.94429,748.37589,730.69639,782.51816,864.32006,509.99534,771.20549,,,775.15676,,637.39733,507.9008,398.77377,49.72053,,,,867.70657,766.01521,,279.11263,15.11398,1210.95459,39.56428,441.49464,782.51816,0.19305
451.01,785.58672,749.96859,731.95898,784.00777,864.99133,510.93816,772.79485,,,775.27636,,638.70661,508.2241,399.01209,49.72086,,,,868.31356,767.52332,,279.1133,15.11435,1213.61731,39.5647,442.1143,784.00777,0.19351
452.01,787.22881,751.5609,733.21894,785.49598,865.6524,511.87746,774.38349,,,775.39133,,640.01505,508.54362,399.2476,49.72119,,,,868.9107,769.03001,,279.11396,15.11474,1216.27694,39.56513,442.73177,785.49598,0.19396
453.01,788.87055,753.15283,734.47626,786.98279,866.30337,512.81338,775.97141,,,775.50177,,641.32265,508.8594,399.48032,49.72152,,,,869.4981,770.5353,,279.11461,15.11513,1218.93346,39.56556,443.34706,786.98279,0.19442
454.01,790.51194,754.74438,735.73095,788.4682,866.94432,513.74603,777.5586,,,775.60781,,642.62941,509.17145,399.71025,49.72185,,,,870.0759,772.03918,,279.11525,15.11552,1221.58685,39.56598,443.96015,788.4682,0.19488
455.01,792.15297,756.33552,736.98299,789.95219,867.57527,514.67552,779.14505,,,775.7096,,643.93535,509.47979,399.93743,49.72218,,,,870.6442,773.54166,,279.11588,15.11591,1224.23709,39.56641,444.57104,789.95219,0.19533
456.01,793.79365,757.92626,738.23238,791.43476,868.1962,515.60199,780.73076,,,775.80728,,645.24046,509.78448,400.16187,49.72251,,,,871.203,775.04273,,279.11649,15.1163,1226.88416,39.56684,445.17973,791.43476,0.19579
457.01,795.43398,759.51661,739.47911,792.91589,868.80716,516.5256,782.31572,,,775.90099,,646.54475,510.08554,400.3836,49.72284,,,,871.75232,776.5424,,279.11709,15.11669,1229.52803,39.56726,445.78623,792.91589,0.19624
458.01,797.07398,761.10658,740.72315,794.3956,869.40828,517.44653,783.89995,,,775.99087,,647.84821,510.383,400.60265,49.72318,,,,872.29219,778.04066,,279.11769,15.11709,1232.16868,39.56769,446.39053,794.3956,0.1967
459.01,798.71364,762.69617,741.96451,795.87387,869.99969,518.36496,785.48343,,,776.077,,649.15084,510.67691,400.81903,49.72351,,,,872.82275,779.53753,,279.11827,15.11748,1234.80608,39.56811,446.99264,795.87387,0.19716
460.01,800.35296,764.28537,743.20318,797.3507,870.58147,519.28108,787.06616,,,776.15951,,650.45263,510.96728,401.03275,49.72384,,,,873.34413,781.033,,279.11885,15.11787,1237.44021,39.56854,447.59253,797.3507,0.19761
461.01,801.99193,765.87416,744.43915,798.82608,871.15364,520.19509,788.64813,,,776.23856,,651.75361,511.25413,401.24384,49.72418,,,,873.85646,782.52707,,279.11941,15.11826,1240.07104,39.56896,448.1902,798.82608,0.19807
462.01,803.63052,767.46252,745.67241,800.3,871.71618,521.10717,790.22931,,,776.31427,,653.05376,511.53749,401.45232,49.72451,,,,874.35978,784.01975,,279.11997,15.11866,1242.69854,39.56939,448.78566,800.3,0.19853
463.01,805.26873,769.05047,746.90293,801.77242,872.26914,522.01747,791.8097,,,776.38676,,654.3531,511.8174,401.65822,49.72485,,,,874.8541,785.51102,,279.12052,15.11905,1245.3227,39.56981,449.37889,801.77242,0.19898
464.01,806.90657,770.63798,748.13067,803.24334,872.81267,522.92617,793.38929,,,776.45612,,655.65162,512.0939,401.86156,49.72518,,,,875.33944,787.00088,,279.12106,15.11944,1247.94347,39.57024,449.96991,803.24334,0.19944
465.01,808.54402,772.22506,749.35564,804.71277,873.34688,523.83344,794.96809,,,776.52246,,656.94932,512.36702,402.06237,49.72552,,,,875.81589,788.48935,,279.12159,15.11983,1250.56083,39.57066,450.5587,804.71277,0.1999
466.01,810.18109,773.81171,750.57784,806.1807,873.87184,524.73945,796.54609,,,776.58584,,658.24619,512.63679,402.26064,49.72585,,,,876.28356,789.97641,,279.12212,15.12023,1253.17477,39.57109,451.14527,806.1807,0.20035
467.01,811.81775,775.39792,751.79726,807.64714,874.38761,525.64442,798.12328,,,776.64638,,659.54222,512.90322,402.45642,49.72619,,,,876.74255,791.46206,,279.12263,15.12062,1255.78525,39.57151,451.72959,807.64714,0.20081
468.01,813.45399,776.98367,753.01392,809.1121,874.89419,526.54859,799.69968,,,776.7042,,660.83743,513.16635,402.64971,49.72653,,,,877.19297,792.94632,,279.12313,15.12101,1258.39227,39.57193,452.31166,809.1121,0.20127
469.01,815.08983,778.56898,754.22782,810.5756,875.3916,527.45224,801.27529,,,776.7594,,662.1318,513.42622,402.84055,49.72686,,,,877.63489,794.42917,,279.12354,15.1214,1260.99582,39.57236,452.89148,810.5756,0.20173
470.01,816.72529,780.15386,755.43895,812.03763,875.87997,528.35567,802.85012,,,776.81211,,663.42533,513.68286,403.02896,49.7272,,,,878.06838,795.91063,,279.12389,15.12179,1263.59589,39.57278,453.46905,812.03763,0.20218
471.01,818.36038,781.73833,756.6473,813.49819,876.35947,529.25919,804.42419,,,776.86239,,664.71803,513.93632,403.21495,49.72754,,,,878.4935,797.39069,,279.12419,15.12218,1266.19244,39.5732,454.04438,813.49819,0.20264
472.01,819.99509,783.32239,757.85287,814.95728,876.8302,530.16312,805.99748,,,776.91033,,666.00988,514.18662,403.39856,49.72787,,,,878.91038,798.86936,,279.12446,15.12258,1268.78546,39.57362,454.61746,814.95728,0.2031
473.01,821.62944,784.90603,759.05567,816.41491,877.29225,531.06775,807.57,,,776.95603,,667.3009,514.43379,403.5798,49.72821,,,,879.31915,800.34664,,279.12472,15.12297,1271.37492,39.57405,455.18828,816.41491,0.20356
474.01,823.2634,786.48925,760.25569,817.87107,877.74569,531.97337,809.14174,,,776.99959,,668.59107,514.67785,403.75869,49.72855,,,,879.71989,801.82254,,279.12496,15.12336,1273.96079,39.57446,455.75683,817.87107,0.20402
475.01,824.89697,788.07204,761.45291,819.32574,878.19052,532.88023,810.71268,,,777.0411,,669.88042,514.91883,403.93525,49.72889,,,,880.11269,803.29706,,279.1252,15.12375,1276.54307,39.57482,456.32311,819.32574,0.20447
476.01,826.53016,789.65439,762.64732,820.77892,878.62682,533.78854,812.28282,,,777.08065,,671.16893,515.15679,404.10951,49.72923,,,,880.49761,804.7702,,279.12547,15.12415,1279.12171,39.57515,456.88711,820.77892,0.20493
477.01,828.16298,791.23632,763.8389,822.23059,879.05472,534.69849,813.85217,,,777.11831,,672.45662,515.39175,404.2815,49.72957,,,,880.87474,806.24195,,279.12573,15.12454,1281.69671,39.57547,457.44885,822.23059,0.20539
478.01,829.79542,792.81782,765.02765,823.68076,879.47435,535.6102,815.42071,,,777.15416,,673.74347,515.62374,404.45123,49.7299,,,,881.24419,807.71233,,279.12601,15.12493,1284.26803,39.57579,458.00832,823.68076,0.20585
479.01,831.42748,794.39889,766.21354,825.12941,879.88583,536.52379,816.98845,,,777.18828,,675.02949,515.85279,404.61872,49.7302,,,,881.60611,809.18134,,279.12628,15.12532,1286.83564,39.57611,458.56552,825.12941,0.20631
480.01,833.05915,795.97951,767.39657,826.57653,880.28924,537.43929,818.55536,,,777.22073,,676.31468,516.07893,404.784,49.73048,,,,881.9606,810.64896,,279.12655,15.12572,1289.39952,39.57646,459.12042,826.57653,0.20676
481.01,834.69038,797.55967,768.57672,828.02211,880.68466,538.35673,820.12143,,,777.25159,,677.59905,516.30218,404.94709,49.73074,,,,882.30773,812.11521,,279.12683,15.12611,1291.95963,39.57683,459.67303,828.02211,0.20722
482.01,836.32118,799.13934,769.75397,829.46613,881.07213,539.27608,821.68664,,,777.28094,,678.88259,516.52258,405.108,49.73099,,,,882.64757,813.58008,,279.1271,15.12651,1294.51596,39.57724,460.22334,829.46613,0.20768
483.01,837.95155,800.71854,770.9283,830.9086,881.45172,540.19733,823.251,,,777.30885,,680.16531,516.74017,405.26677,49.73125,,,,882.98015,815.04356,,279.12738,15.1269,1297.06848,39.57766,460.77135,830.9086,0.20814
484.01,839.58149,802.29725,772.0997,832.34951,881.82359,541.1204,824.81452,,,777.33538,,681.44719,516.95497,405.42341,49.73151,,,,883.30559,816.50567,,279.12766,15.12729,1299.61718,39.57809,461.31707,832.34951,0.20859
485.01,841.21101,803.87551,773.26819,833.78888,882.18784,542.04522,826.3772,,,777.36057,,682.72823,517.16702,405.57795,49.73179,,,,883.62404,817.9664,,279.12794,15.12769,1302.16204,39.57851,461.86049,833.78888,0.20905
486.01,842.84012,805.45331,774.43379,835.22675,882.54458,542.97171,827.93908,,,777.38449,,684.00842,517.37635,405.73041,49.73209,,,,883.93562,819.42575,,279.12822,15.12809,1304.70305,39.57894,462.40159,835.22675,0.20951
487.01,844.46881,807.03066,775.59649,836.66311,882.8939,543.89973,829.50014,,,777.40721,,685.28776,517.58298,405.8808,49.73241,,,,884.2404,820.88374,,279.1285,15.12848,1307.24019,39.57937,462.94037,836.66311,0.20997
488.01,846.09708,808.60754,776.7563,838.09795,883.23584,544.82915,831.06038,,,777.42878,,686.56626,517.78694,406.02914,49.73272,,,,884.53849,822.34037,,279.12878,15.12888,1309.77345,39.57979,463.47683,838.09795,0.21042
489.01,847.72493,810.18396,777.9132,839.53126,883.57047,545.7598,832.61979,,,777.44928,,687.84392,517.98826,406.17547,49.73304,,,,884.82997,823.79564,,279.12906,15.12927,1312.30279,39.58022,464.01096,839.53126,0.21088
490.01,849.35238,811.75992,779.06716,840.96304,883.89794,546.69152,834.17837,,,777.46874,,689.12075,518.18698,406.3198,49.73336,,,,885.11497,825.24955,,279.12934,15.12967,1314.8282,39.58065,464.54277,840.96304,0.21133
491.01,850.97943,813.33545,780.21819,842.39329,884.21839,547.62412,835.73614,,,777.48721,,690.39673,518.38313,406.46216,49.73369,,,,885.39359,826.70211,,279.12963,15.13007,1317.34965,39.58107,465.07225,842.39329,0.21179
492.01,852.60608,814.91053,781.36628,843.82201,884.53195,548.55744,837.29308,,,777.50474,,691.67187,518.57675,406.60255,49.73401,,,,885.66595,828.15331,,279.12991,15.13047,1319.86713,39.5815,465.59941,843.82201,0.21224
493.01,854.23234,816.48516,782.51143,845.24919,884.83871,549.49127,838.84918,,,777.52136,,692.94616,518.76785,406.74101,49.73434,,,,885.93214,829.60316,,279.13019,15.13087,1322.3806,39.58193,466.12423,845.24919,0.2127
494.01,855.85818,818.05933,783.65364,846.67482,885.13873,550.42542,840.40445,,,777.53714,,694.21962,518.95647,406.87755,49.73466,,,,886.1923,831.05167,,279.13047,15.13126,1324.89005,39.58235,466.6467,846.67482,0.21315
495.01,857.48359,819.63303,784.79288,848.09888,885.43211,551.3597,841.95886,,,777.55212,,695.49224,519.14262,407.0122,49.73499,,,,886.44654,832.49883,,279.13076,15.13166,1327.39544,39.58278,467.16682,848.09888,0.21361
496.01,859.10859,821.20625,785.92912,849.52137,885.71896,552.2939,843.51241,,,777.56634,,696.76404,519.32635,407.14497,49.73531,,,,886.69494,833.94465,,279.13104,15.13206,1329.89676,39.5832,467.68459,849.52137,0.21406
497.01,860.73316,822.779,787.06235,850.94227,885.99942,553.22782,845.06508,,,777.57983,,698.03501,519.50768,407.27589,49.73564,,,,886.93758,835.38911,,279.13132,15.13246,1332.39398,39.58362,468.20002,850.94227,0.21451
498.01,862.35729,824.35126,788.19255,852.36156,886.27358,554.16129,846.61688,,,777.59264,,699.30514,519.68665,407.40497,49.73597,,,,887.17456,836.83222,,279.13161,15.13286,1334.88706,39.58405,468.7131,852.36156,0.21496
499.01,863.98099,825.92304,789.31971,853.77925,886.54153,555.0941,848.16779,,,777.60479,,700.57444,519.86327,407.53225,49.7363,,,,887.40601,838.27399,,279.13189,15.13326,1337.37599,39.58447,469.22381,853.77925,0.21541
500.01,865.60423,827.49431,790.44384,855.19535,886.80339,556.02609,849.71781,,,777.61631,,701.84289,520.03756,407.65772,49.73662,,,,887.63203,839.7144,,279.13218,15.13366,1339.86073,39.58489,469.73216,855.19535,0.21586
