time,Muttonpulao_02_PYY,Cholebhature_01_PYY,Curdrice_01_PYY,Lemonrice_01_PYY,Pasta_01_PYY,Masaladosa_01_PYY,Vegetable_Biryani_01_PYY,Rapid_starch_01_PYY,Chickenbreast_01_PYY,Rice_01_PYY,Eggwhite_01_PYY,Paneer_01_PYY,Milk_Chocolate_01_PYY,Peanuts_01_PYY,Curd_01_PYY,Glucose_01_PYY,Biscuit_01_PYY,Glucose_02_PYY,Bread_Meal_01_100_PYY,Chickensandwich_01_PYY,Ghee_01_PYY,Apple_Pineapplesalad_01_PYY,Spinach_01_PYY,Bread_meal_02_PYY,Orange_01_PYY,Omelette_01_PYY,Muttonpulao_01_PYY,Arabinose_01_PYY
1.01,0.04346,0.04347,0.04346,0.04347,0.0434,0.04345,0.04348,0.0434,0.0434,0.0434,0.0434,0.04347,0.0434,0.0434,0.0434,0.04516,0.0434,0.04516,0.0434,0.04347,0.0434,0.04341,0.0434,0.0434,0.0434,0.04347,0.04347,0.0434
2.01,0.05076,0.05358,0.04872,0.04917,0.04382,0.0482,0.05123,0.04359,0.04341,0.04371,0.04341,0.05407,0.04347,0.04369,0.04358,0.12358,0.04341,0.12358,0.04389,0.05065,0.04341,0.0445,0.04349,0.04389,0.04355,0.05097,0.04917,0.04341
3.01,0.10354,0.12751,0.08992,0.08876,0.04732,0.08107,0.1088,0.04634,0.04343,0.04672,0.04342,0.12959,0.04457,0.04593,0.04528,0.57919,0.0435,0.58318,0.04818,0.10375,0.04342,0.05537,0.04428,0.04818,0.04446,0.10708,0.08876,0.04342
4.01,0.24985,0.32229,0.2069,0.19498,0.05748,0.16682,0.26532,0.05823,0.04345,0.05639,0.04343,0.321,0.05039,0.05336,0.05216,1.76804,0.04404,1.83414,0.06188,0.25121,0.04343,0.09399,0.04728,0.06188,0.04705,0.25757,0.19498,0.04343
5.01,0.52099,0.65492,0.41701,0.3851,0.0787,0.31563,0.53902,0.09187,0.04347,0.07752,0.04343,0.63423,0.06825,0.07071,0.06993,3.89634,0.04551,4.21599,0.09298,0.5206,0.04343,0.1769,0.05444,0.09298,0.05217,0.5151,0.3851,0.04344
6.01,0.93301,1.11741,0.72193,0.66619,0.11666,0.52853,0.92821,0.16273,0.0435,0.11577,0.04345,1.04989,0.10771,0.10421,0.10455,7.04324,0.04841,7.92476,0.15072,0.92292,0.04345,0.31418,0.06767,0.15072,0.0604,0.86926,0.66619,0.04345
7.01,1.49189,1.69167,1.11862,1.04056,0.17763,0.80088,1.42465,0.28224,0.04353,0.17715,0.04346,1.54301,0.17766,0.16076,0.16052,11.23126,0.05328,13.02546,0.2434,1.46036,0.04346,0.51023,0.0887,0.2434,0.07198,1.30119,1.04056,0.04346
8.01,2.19654,2.35519,1.6027,1.50814,0.26724,1.12481,2.01707,0.45584,0.04356,0.26702,0.04347,2.09122,0.28423,0.24696,0.24005,16.46883,0.06073,19.51414,0.37699,2.12958,0.04347,0.76495,0.11875,0.37699,0.08697,1.79045,1.50814,0.04348
9.01,3.04066,3.08468,2.1681,2.06753,0.38946,1.49121,2.69192,0.68499,0.04359,0.3897,0.04349,2.67649,0.4301,0.3684,0.34286,22.77538,0.07137,27.36795,0.55508,2.9231,0.04349,1.07512,0.1584,0.55508,0.10529,2.31766,2.06753,0.0435
10.01,4.01388,3.85836,2.80619,2.71667,0.54657,1.89096,3.43393,0.96955,0.04362,0.54851,0.04351,3.28482,0.61504,0.52965,0.46577,30.20182,0.08581,36.57455,0.77949,3.83051,0.04351,1.43649,0.20734,0.77949,0.12683,2.8664,2.71667,0.04352
11.01,5.10238,4.65741,3.50596,3.45303,0.73941,2.31539,4.22555,1.30905,0.04366,0.74604,0.04354,3.90562,0.83699,0.73435,0.60326,38.85571,0.10467,47.14894,1.05086,4.83979,0.04354,1.84481,0.2646,1.05086,0.15143,3.42426,3.45303,0.04354
12.01,6.28956,5.46649,4.25493,4.2736,0.96755,2.75651,5.04738,1.70294,0.0437,0.98423,0.04356,4.53123,1.09291,0.98542,0.7499,48.94359,0.12859,59.14445,1.36881,5.93858,0.04356,2.29594,0.32905,1.36881,0.17892,3.98292,4.2736,0.04356
13.01,7.55692,6.27428,5.03953,5.17504,1.22946,3.20713,5.88068,2.15077,0.04375,1.2645,0.0436,5.15618,1.37931,1.28525,0.90184,60.86101,0.15818,72.66358,1.73214,7.11503,0.0436,2.78578,0.39978,1.73214,0.20913,4.53745,5.17504,0.04358
14.01,8.88533,7.07386,5.84494,6.1538,1.5227,3.66108,6.71078,2.65233,0.0438,1.5878,0.04363,5.77654,1.69253,1.63569,1.05642,75.28614,0.19408,87.87557,2.13882,8.35832,0.04363,3.31027,0.47599,2.13882,0.24183,5.08539,6.1538,0.04361
15.01,10.25637,7.86229,6.65496,7.206,1.84418,4.11338,7.5285,3.20757,0.04386,1.95478,0.04368,6.38927,2.02886,2.03818,1.21165,92.42827,0.23687,105.04933,2.58624,9.65891,0.04368,3.86528,0.55692,2.58624,0.27682,5.62579,7.206,0.04364
16.01,11.65348,8.63977,7.45332,8.32718,2.19048,4.56019,8.32902,3.81663,0.04393,2.36574,0.04373,6.99208,2.38468,2.49375,1.36597,111.47554,0.28714,124.6191,3.07132,11.00856,0.04373,4.44661,0.64187,3.07132,0.31387,6.15839,8.32718,0.04366
17.01,13.06257,9.40833,8.22674,9.51181,2.55791,4.99871,9.11049,4.4799,0.044,2.82045,0.04378,7.58328,2.75657,3.00306,1.5182,130.73339,0.34541,147.3289,3.59054,12.40028,0.04378,5.05001,0.73017,3.59054,0.35277,6.68313,9.51181,0.04369
18.01,14.47232,10.17072,8.96751,10.75299,2.94265,5.42703,9.87299,5.1983,0.04408,3.31806,0.04385,8.16169,3.14114,3.56644,1.6675,148.56223,0.41213,174.57624,4.14012,13.8282,0.04385,5.67126,0.8212,4.14012,0.39328,7.19994,10.75299,0.04372
19.01,15.87404,10.92952,9.67315,12.04212,3.34102,5.84387,10.61773,5.97338,0.04417,3.8572,0.04392,8.72647,3.53471,4.18393,1.81327,164.00697,0.48768,207.95703,4.71612,15.2874,0.04392,6.30626,0.91441,4.71612,0.4352,7.70869,12.04212,0.04374
20.01,17.26137,11.68671,10.34393,13.36872,3.74962,6.24841,11.34647,6.80697,0.04427,4.4362,0.044,9.27703,3.93291,4.85528,1.9551,,0.57241,246.87713,5.31461,16.77375,0.044,6.95099,1.00926,5.31461,0.4783,8.20925,13.36872,0.04377
21.01,18.62985,12.4435,10.98134,14.72062,4.16532,6.64016,12.06096,7.70121,0.04438,5.05318,0.04409,9.81304,4.33107,5.58004,2.09279,,0.66654,287.82186,5.93172,18.28384,0.04409,7.60157,1.10529,5.93172,0.52237,8.70154,14.72062,0.0438
22.01,19.97654,13.20041,11.58758,16.08439,4.58519,7.0188,12.76281,8.65864,0.04449,5.70616,0.04419,10.33434,4.72562,6.35751,2.22624,,0.77025,327.39554,6.56362,19.81478,0.04419,8.25442,1.20209,6.56362,0.56722,9.18551,16.08439,0.04383
23.01,21.29956,13.95742,12.16538,17.44629,5.00645,7.38419,13.45324,9.68251,0.04462,6.39308,0.0443,10.84097,5.11427,7.18683,2.35545,,0.88367,363.899,7.20662,21.36417,0.0443,8.90633,1.29925,7.20662,0.61264,9.66112,17.44629,0.04385
24.01,22.59782,14.71407,12.71764,18.79312,5.42653,7.73628,14.13314,10.77733,0.04476,7.11194,0.04442,11.33309,5.49545,8.06695,2.48051,,1.00683,397.1397,7.85724,22.93,0.04442,9.55467,1.39645,7.85725,0.65847,10.12839,18.79312,0.04388
25.01,23.87074,15.46967,13.24715,20.11241,5.84355,8.07515,14.80302,11.94886,0.04492,7.86092,0.04455,11.81098,5.86807,8.99664,2.60152,,1.13972,428.18767,8.51229,24.51061,0.04455,10.19732,1.49338,8.51233,0.70452,10.58729,20.11241,0.0439
26.01,25.118,16.22336,13.75638,21.39233,6.25674,8.40096,15.46309,13.20395,0.04508,8.63834,0.0447,12.27494,6.23141,9.97454,2.71864,,1.28226,459.03694,9.16875,26.10458,0.0447,10.8326,1.58977,9.16887,0.75067,11.03778,21.39233,0.04393
27.01,26.33951,16.97421,14.24728,22.62174,6.66593,8.71399,16.1133,14.55073,0.04525,9.4426,0.04485,12.72534,6.58505,10.9991,2.83204,,1.43432,491.88191,9.82343,27.71071,0.04485,11.45916,1.68539,9.82414,0.79676,11.47976,22.62174,0.04396
28.01,27.53524,17.72125,14.72131,23.79061,7.07081,9.01455,16.75346,15.99901,0.04544,10.27203,0.04502,13.16255,6.92888,12.06867,2.94188,,1.59569,530.70622,10.47252,29.32793,0.04502,12.07592,1.78004,10.47558,0.8427,11.91312,23.79061,0.04398
29.01,28.70524,18.46355,15.1794,24.89053,7.47049,9.30293,17.38326,17.56114,0.04564,11.12473,0.04519,13.58692,7.26299,13.18145,3.04835,,1.76614,582.95809,11.11093,30.95529,0.04519,12.68198,1.87354,11.12069,0.88838,12.33768,24.89053,0.04401
30.01,29.8496,19.20018,15.62203,25.91521,7.8636,9.57943,18.00234,19.25288,0.04585,11.99849,0.04538,13.9988,7.58768,14.33555,3.15163,,1.94536,666.69558,11.73236,32.59193,0.04538,13.27663,1.96573,11.75693,0.93371,12.75325,25.91521,0.04403
31.01,30.96841,19.93025,16.04927,26.86076,8.24847,9.84427,18.61033,21.09418,0.04607,12.89072,0.04558,14.39851,7.90341,15.52897,3.25188,,2.13304,870.26414,12.33056,34.237,0.04558,13.85926,2.0565,12.38188,0.97862,13.15963,26.86076,0.04406
32.01,32.06175,20.65285,16.46086,27.72573,8.6235,10.0976,19.2069,23.11023,0.04631,13.79841,0.0458,14.78637,8.21071,16.75967,3.34929,,2.32886,3423.52738,12.89989,35.88966,0.0458,14.42941,2.14573,12.99372,1.02305,13.55662,27.72573,0.04408
33.01,33.1297,21.36709,16.85618,28.51094,8.9874,10.33953,19.79179,25.33338,0.04656,14.71807,0.04603,15.16269,8.51021,18.02549,3.44401,,2.53253,5159.71823,13.43528,37.54908,0.04603,14.98669,2.23335,13.59119,1.06697,13.94402,28.51094,0.04411
34.01,34.17232,22.07213,17.23439,29.2192,9.33935,10.5701,20.36468,27.80632,0.04682,15.64578,0.04627,15.52775,8.8026,19.32428,3.53618,,2.7437,5300.66774,13.93262,39.21437,0.04627,15.53077,2.3193,14.17343,1.11032,14.32168,29.2192,0.04413
35.01,35.18967,22.76717,17.59458,29.85488,9.67893,10.78929,20.92521,30.58756,0.0471,16.57718,0.04652,15.88184,9.08856,20.65384,3.62595,,2.96202,5033.30407,14.38934,40.8846,0.04652,16.0614,2.40353,14.73984,1.15308,14.68944,29.85488,0.04416
36.01,36.18181,23.45148,17.93608,30.42337,10.00598,10.99701,21.47297,33.76051,0.04739,17.50752,0.04679,16.22522,9.36879,22.01193,3.71345,,3.18707,4716.55256,14.8049,42.55879,0.04679,16.57836,2.48601,15.29008,1.19525,15.04718,30.42337,0.04419
37.01,37.1488,24.12438,18.25853,30.93057,10.32049,11.19305,22.00758,37.45023,0.04769,18.43172,0.04707,16.55814,9.644,23.39631,3.7988,,3.41844,4426.00942,15.18073,44.23593,0.04707,17.08146,2.56674,15.8241,1.23679,15.39478,30.93057,0.04421
38.01,38.09071,24.78525,18.56187,31.38248,10.62259,11.37719,22.52863,41.8577,0.04802,19.34458,0.04737,16.88082,9.91484,24.80468,3.88212,,3.65574,4173.64275,15.51939,45.91496,0.04737,17.57057,2.64571,16.34205,1.27771,15.73218,31.38248,0.04424
39.01,39.00757,25.43351,18.84624,31.78492,10.91251,11.54933,23.03577,47.34818,0.04835,20.24095,0.04769,17.1935,10.18194,26.23474,3.96352,,3.89871,3957.23303,15.82352,47.5948,0.04769,18.04553,2.72295,16.84421,1.31801,16.05928,31.78492,0.04427
40.01,39.89937,26.06859,19.11193,32.1433,11.19063,11.70961,23.52865,54.75099,0.04871,21.11625,0.04802,17.49642,10.44592,27.68419,4.0431,,4.14723,3771.63181,16.09541,49.27433,0.04802,18.50619,2.79848,17.33106,1.3577,16.37602,32.1433,0.0443
41.01,40.76602,26.68996,19.35937,32.46254,11.4574,11.85844,24.00695,67.25501,0.04908,21.9672,0.04837,17.78982,10.7073,29.15083,4.12095,,4.40135,3611.99629,16.33704,50.95242,0.04837,18.95232,2.87236,17.80321,1.39677,16.68237,32.46254,0.04433
42.01,41.60727,27.29711,19.58903,32.74697,11.7134,11.99629,24.47039,154.07862,0.04947,22.79291,0.04873,18.07394,10.96659,30.63272,4.19715,,4.66136,3474.14772,16.55035,52.62794,0.04873,19.38351,2.94465,18.26136,1.43525,16.97828,32.74697,0.04436
43.01,42.42264,27.88949,19.80143,33.00032,11.95928,12.12371,24.91871,262.97314,0.04988,23.59591,0.04912,18.34902,11.22426,32.12823,4.27178,,4.92763,3355.03763,16.73741,54.29973,0.04912,19.79897,3.01539,18.7063,1.47314,17.26375,33.00032,0.04439
44.01,43.21147,28.46652,19.99715,33.22569,12.19576,12.24122,25.3516,336.46545,0.05032,24.38212,0.04952,18.61531,11.48072,33.63604,4.34491,,5.20063,3252.24038,16.9004,55.96665,0.04952,20.19744,3.08467,19.13885,1.51048,17.53876,33.22569,0.04442
45.01,43.97326,29.02747,20.17679,33.42564,12.42358,12.34933,25.76871,409.16885,0.05077,25.15851,0.04995,18.87308,11.73635,35.15506,4.41661,,5.48076,3163.77761,17.04163,57.62753,0.04995,20.57791,3.15258,19.55993,1.54726,17.80326,33.42564,0.04446
46.01,44.70782,29.57148,20.34103,33.60216,12.64352,12.44856,26.16952,499.13842,0.05124,25.93029,0.0504,19.12258,11.99146,36.68439,4.48694,,5.76833,3088.00343,17.16346,59.28124,0.0504,20.9402,3.21919,19.97052,1.58353,18.05721,33.60216,0.04449
47.01,45.41531,30.09766,20.49055,33.75683,12.85637,12.5394,26.55321,609.21369,0.05174,26.70012,0.05086,19.36412,12.24635,38.22321,4.55597,,6.06355,3023.48275,17.26828,60.92663,0.05086,21.28468,3.28461,20.37158,1.6193,18.30045,33.75683,0.04452
48.01,46.09599,30.6053,20.6261,33.89083,13.06288,12.62236,26.91855,735.73543,0.05226,27.46887,0.05136,19.59799,12.50126,39.77079,4.62373,,6.3665,,17.3584,62.56254,0.05136,21.6119,3.34892,20.76392,1.65461,18.53277,33.89083,0.04456
49.01,46.75021,31.094,20.74841,34.00507,13.26378,12.69795,27.26429,878.53016,0.0528,28.23651,0.05187,19.8245,12.75637,41.32646,4.69029,,6.67712,,17.43608,64.18781,0.05187,21.92243,3.41223,21.14816,1.68948,18.75381,34.00507,0.0446
50.01,47.37832,31.56356,20.85822,34.10023,13.45977,12.76666,27.58957,1034.24284,0.05337,29.00253,0.05241,20.04395,13.01187,42.88962,4.75568,,6.99519,,17.50343,65.80127,0.05241,22.21685,3.47464,21.5247,1.72395,18.96316,34.10023,0.04464
51.01,47.98066,32.01389,20.95628,34.17679,13.65151,12.82898,27.89368,1182.29363,0.05397,29.76608,0.05298,20.25666,13.26789,44.45973,4.81994,,7.32033,,17.56245,67.40172,0.05298,22.49574,3.53624,21.89371,1.75805,19.16053,34.17679,0.04468
52.01,48.55759,32.44495,21.04329,34.23512,13.83962,12.88537,28.17572,1323.50152,0.0546,30.52607,0.05358,20.46295,13.52453,46.0363,4.88311,,7.65203,,17.61495,68.98789,0.05358,22.75963,3.59714,22.25525,1.79181,19.34593,34.23512,0.04472
53.01,49.10942,32.8567,21.11993,34.27543,14.02467,12.9363,28.43514,1460.14329,0.05525,31.28114,0.0542,20.66312,13.78188,47.61893,4.94524,,7.98958,,17.66263,70.55844,0.0542,23.00905,3.65743,22.60925,1.82527,19.51969,34.27543,0.04476
54.01,49.63648,33.24918,21.18685,34.2976,14.20717,12.98219,28.67219,1593.07882,0.05593,32.02979,0.05485,20.85752,14.03998,49.20725,5.00634,,8.33209,,17.70696,72.11184,0.05485,23.24451,3.7172,22.95563,1.85845,19.68224,34.2976,0.0448
55.01,50.1391,33.62243,21.24465,34.30061,14.38757,13.02348,28.88756,1722.71418,0.05665,32.77039,0.05553,21.04645,14.29886,50.80101,5.06645,,8.67842,,17.7493,73.64631,0.05553,23.46651,3.77654,23.2943,1.8914,19.83409,34.30061,0.04485
56.01,50.61759,33.97656,21.29389,34.28249,14.56629,13.06055,29.08214,1849.01846,0.05739,33.50126,0.05625,21.23025,14.55852,52.40001,5.1256,,9.02722,,17.79082,75.15975,0.05625,23.67556,3.83554,23.62517,1.92413,19.97577,34.28249,0.04489
57.01,51.07232,34.31176,21.33512,34.24253,14.74368,13.09376,29.25686,1971.86739,0.05817,34.22068,0.05699,21.4092,14.81895,54.00415,5.1838,,9.37688,,17.83252,76.64985,0.05699,23.87216,3.89427,23.94822,1.95668,20.10777,34.24253,0.04494
58.01,51.5037,34.62822,21.36886,34.1815,14.92004,13.12347,29.41263,2091.80328,0.05899,34.92698,0.05777,21.58362,15.08012,55.61342,5.2411,,9.72556,,17.87527,78.11437,0.05777,24.05682,3.95279,24.26345,1.98908,20.23058,34.1815,0.04499
59.01,51.91212,34.92618,21.39562,34.10074,15.09565,13.15,29.55038,2209.52864,0.05984,35.61853,0.05859,21.75378,15.34199,57.22791,5.2975,,10.0712,,17.9198,79.55161,0.05859,24.23003,4.01118,24.57092,2.02133,20.34468,34.10074,0.04504
60.01,52.29801,35.20588,21.41585,34.00175,15.27071,13.17366,29.67107,2325.34175,0.06072,36.29381,0.05944,21.91999,15.60449,58.8478,5.35303,,10.41163,,17.96668,80.96058,0.05944,24.39227,4.06948,24.87074,2.05345,20.4505,34.00175,0.04509
61.01,52.66179,35.46767,21.42999,33.88603,15.44539,13.19476,29.77559,2439.37123,0.06164,36.95142,0.06032,22.08252,15.86755,60.47334,5.40771,,10.74489,,18.01638,82.34093,0.06032,24.54401,4.12773,25.16307,2.08547,20.54847,33.88603,0.04514
62.01,53.00388,35.71191,21.43846,33.75517,15.61982,13.21363,29.86489,2551.74358,0.0626,37.59012,0.06125,22.24165,16.13109,62.10494,5.46156,,11.06962,,18.06925,83.69266,0.06125,24.68571,4.18597,25.44812,2.11738,20.63901,33.75517,0.04519
63.01,53.32474,35.93906,21.44165,33.61075,15.79407,13.23057,29.9399,2662.57719,0.0636,38.20883,0.06221,22.39762,16.395,63.74304,5.51459,,11.3856,,18.12551,85.01595,0.06221,24.81781,4.24423,25.72615,2.14918,20.72251,33.61075,0.04524
64.01,53.62479,36.14958,21.43992,33.45435,15.9682,13.24589,30.00154,2771.91404,0.06464,38.80667,0.06321,22.55069,16.65919,65.38823,5.56682,,11.6941,,18.18529,86.31106,0.06321,24.94075,4.30252,25.99743,2.18088,20.79935,33.45435,0.0453
65.01,53.90443,36.34395,21.43364,33.28749,16.14221,13.25992,30.05071,2879.76469,0.06572,39.38294,0.06425,22.70106,16.92354,67.04116,5.61826,,11.99761,,18.24865,87.57827,0.06425,25.05493,4.36084,26.26226,2.21247,20.86986,33.28749,0.04535
66.01,54.16408,36.52267,21.42317,33.11162,16.31609,13.27294,30.08829,2986.14723,0.06683,39.93715,0.06533,22.84897,17.18794,68.70257,5.66894,,12.29899,,18.31556,88.8179,0.06533,25.16078,4.41919,26.52098,2.24394,20.93442,33.11162,0.04541
67.01,54.4041,36.68624,21.40882,32.92813,16.4898,13.28524,30.11514,3091.09129,0.068,40.46902,0.06646,22.99462,17.45227,70.37328,5.71885,,12.60067,,18.38593,90.03025,0.06646,25.25867,4.47754,26.77392,2.27526,20.99338,32.92813,0.04546
68.01,54.62485,36.83516,21.3909,32.73836,16.66326,13.29705,30.13209,3194.6322,0.0692,40.9785,0.06762,23.13819,17.71639,72.05418,5.76803,,12.90399,,18.45963,91.21562,0.06762,25.34897,4.53587,27.02143,2.30642,21.04711,32.73836,0.04552
69.01,54.82666,36.96996,21.36969,32.54354,16.83638,13.30858,30.13991,3296.80058,0.07045,41.46574,0.06883,23.27988,17.98019,73.74623,5.81647,,13.20914,,18.53644,92.37432,0.06883,25.43204,4.59415,27.26385,2.33739,21.09596,32.54354,0.04558
70.01,55.00981,37.09113,21.34546,32.34482,17.00904,13.32001,30.13932,3397.61142,0.07174,41.93113,0.07009,23.41982,18.24352,75.45043,5.86418,,13.51504,,18.61614,93.50663,0.07009,25.50821,4.65233,27.50152,2.36814,21.14029,32.34482,0.04564
71.01,55.17443,37.19918,21.31847,32.14322,17.18111,13.33149,30.131,3497.0629,0.07321,42.37525,0.07151,23.55816,18.50625,77.16782,5.91118,,13.81955,,18.69847,94.61284,0.07151,25.57783,4.71034,27.73477,2.39863,21.18043,32.14322,0.04567
72.01,55.32048,37.29458,21.28897,31.93969,17.35245,13.34314,30.11555,3595.13859,,42.79887,,23.69498,18.76827,78.89946,5.95748,,14.11955,,18.78314,95.69325,,25.6412,4.76813,27.96391,2.42882,21.21668,31.93969,0.04554
73.01,55.44745,37.37778,21.25718,31.73504,17.5229,13.35507,30.09354,3691.7873,,43.20295,,23.83037,19.02942,80.64639,6.00308,,14.41132,,18.86986,96.74812,,25.69862,4.82561,28.18925,2.45867,21.24935,31.73504,0.04514
74.01,55.5542,37.4492,21.22333,31.53002,17.69231,13.36737,30.0655,3786.87593,,43.58861,,23.96435,19.28957,82.40965,6.048,,14.69172,,18.95833,97.77773,,25.75038,4.88272,28.41108,2.48814,21.27871,31.53002,0.04444
75.01,55.63911,37.50923,21.18761,31.32527,17.86049,13.38016,30.03195,3880.13654,,43.95713,,24.09688,19.54858,84.19021,6.09224,,14.96014,,19.04824,98.7823,,25.79674,4.93936,28.62967,2.51717,21.30501,31.32527,0.04345
76.01,55.7011,37.55818,21.1502,31.12137,18.02728,13.39353,29.99337,3971.18466,,44.30992,,24.22779,19.80633,85.98899,6.13579,,15.21973,,19.13928,99.76208,,25.83797,4.99543,28.84525,2.54572,21.32851,31.12137,0.04222
77.01,55.74028,37.59623,21.11129,30.91883,18.1925,13.4076,29.95022,4059.59914,,44.64849,,24.35679,20.06269,87.80684,6.17867,,15.47919,,19.23115,100.71726,,25.87431,5.05084,29.05805,2.57373,21.34944,30.91883,0.04078
78.01,55.75752,37.62325,21.07103,30.71807,18.35598,13.42249,29.90294,4144.93734,,44.97443,,24.48349,20.31752,89.64454,6.22088,,15.76215,,19.32357,101.648,,25.90598,5.10549,29.26827,2.60114,21.36801,30.71807,0.03923
79.01,55.754,37.63873,21.02959,30.51945,18.51754,13.4383,29.85191,4226.80836,,45.28934,,24.60754,20.5707,91.50292,6.26242,,16.12802,,19.41627,102.55438,,25.93322,5.15925,29.47609,2.6279,21.38442,30.51945,0.03775
80.01,55.73091,37.64205,20.98712,30.3233,18.67702,13.45517,29.79749,4305.06343,,45.59486,,24.72886,20.82211,93.38279,6.30329,,16.85748,,19.50898,103.43639,,25.95624,5.21202,29.68164,2.65396,21.39883,30.3233,0.03643
81.01,55.68944,37.63314,20.94375,30.12988,18.83427,13.47316,29.74004,4379.93104,,45.89262,,24.84757,21.07162,95.28502,6.3435,,39.56041,,19.60148,104.29382,,25.97523,5.26369,29.88508,2.67924,21.41142,30.12988,0.03528
82.01,55.63076,37.6125,20.89959,29.93943,18.98912,13.49234,29.67988,4451.95865,,46.18416,,24.96396,21.31912,97.21042,6.38304,,98.3827,,19.69352,105.1261,,25.99036,5.31415,30.0865,2.70371,21.42234,29.93943,0.03428
83.01,55.55598,37.58091,20.85475,29.75214,19.14142,13.51274,29.61732,4521.82443,,46.47097,,25.07836,21.56448,99.15971,6.42191,,168.88883,,19.78489,105.93224,,26.00183,5.36327,30.28598,2.72729,21.43175,29.75214,0.0334
84.01,55.46617,37.53915,20.80935,29.56818,19.29103,13.53434,29.55265,4590.19839,,46.75442,,25.1911,21.80759,101.13348,6.4601,,257.44937,,19.87542,106.711,,26.00979,5.41093,30.48359,2.74994,21.43977,29.56818,0.03264
85.01,55.36236,37.48804,20.76349,29.38767,19.43782,13.55709,29.48615,4657.68902,,47.0357,,25.30251,22.04835,103.13218,6.49761,,370.05505,,19.96492,107.46152,,26.01441,5.45703,30.67935,2.7716,21.44653,29.38767,0.03198
86.01,55.24549,37.42832,20.71727,29.21071,19.58167,13.58091,29.41804,4724.83506,,47.31588,,25.4129,22.28666,105.1561,6.53444,,491.19322,,20.05323,108.18378,,26.01583,5.50146,30.87329,2.79222,21.45214,29.21071,0.03141
87.01,55.11647,37.36071,20.67077,29.03735,19.72246,13.60569,29.34855,4792.11159,,47.59579,,25.52259,22.52239,107.20532,6.57057,,615.06985,,20.14023,108.87831,,26.01418,5.54409,31.06541,2.81174,21.45669,29.03735,0.03092
88.01,54.97614,37.28588,20.62408,28.86767,19.86009,13.63133,29.2779,4859.93396,,47.87609,,25.63189,22.75546,109.27979,6.606,,740.43487,,20.2258,109.54585,,26.00961,5.58482,31.25569,2.83012,21.46029,28.86767,0.03049
89.01,54.82526,37.20446,20.57725,28.70171,19.99445,13.6577,29.20629,4928.6697,,48.15725,,25.74108,22.98577,111.37925,6.64072,,866.91158,,20.30982,110.1872,,26.00222,5.62356,31.44411,2.84731,21.46303,28.70171,0.03013
90.01,54.66448,37.11705,20.53037,28.53948,20.12548,13.6847,29.13388,4998.64815,,48.43951,,25.85048,23.21321,113.50326,6.67472,,994.16271,,20.39219,110.80314,,25.99214,5.66019,31.63061,2.86327,21.46498,28.53948,0.02981
91.01,54.49421,37.02421,20.4835,28.381,20.25308,13.71226,29.06085,5070.16812,,48.7229,,25.9604,23.43772,115.65118,6.70799,,1121.96972,,20.47285,111.3944,,25.97948,5.69462,31.81513,2.87795,21.46623,28.381,0.02954
92.01,54.31447,36.9265,20.4367,28.22623,20.37719,13.74029,28.98735,5143.50519,,49.00728,,26.07107,23.65921,117.82221,6.74051,,,,20.55172,111.96169,,25.96433,5.72677,31.9976,2.89132,21.46684,28.22623,0.02931
93.01,54.12484,36.82448,20.39003,28.07516,20.49777,13.76878,28.91349,5218.91819,,49.2923,,26.18262,23.87759,120.01533,6.77227,,,,20.62876,112.50565,,25.9468,5.75654,32.17792,2.90335,21.46687,28.07516,0.02912
94.01,53.92498,36.71866,20.34355,27.92775,20.61477,13.79766,28.83941,5296.65478,,49.57746,,26.29503,24.09279,122.22938,6.80326,,,,20.7039,113.02692,,25.92698,5.78386,32.35603,2.914,21.46638,27.92775,0.02895
95.01,53.71526,36.60958,20.2973,27.78396,20.72814,13.82689,28.76521,5376.95537,,49.86212,,26.40822,24.30474,124.463,6.83346,,,,20.77712,113.52606,,25.90494,5.80866,32.53181,2.92325,21.46542,27.78396,0.02882
96.01,53.49653,36.49771,20.25131,27.64376,20.83784,13.85639,28.69101,5460.05579,,50.14551,,26.52206,24.51337,126.71467,6.86285,,,,20.84838,114.0036,,25.88077,5.83086,32.70517,2.93107,21.46404,27.64376,0.0287
97.01,53.26978,36.38351,20.20564,27.50709,20.94387,13.88602,28.6169,5546.19739,,50.42678,,26.63639,24.71863,128.98271,6.89142,,,,20.91765,114.46005,,25.85455,5.85042,32.876,2.93744,21.46228,27.50709,0.02861
98.01,53.036,36.26742,20.16031,27.37389,21.0462,13.9156,28.54297,5635.61757,,50.70497,,26.75104,24.92046,131.26533,6.91915,,,,20.98493,114.89587,,25.82635,5.86727,33.04419,2.94236,21.46019,27.37389,0.02853
99.01,52.79611,36.1498,20.11537,27.24409,21.14482,13.94486,28.46929,5728.55379,,50.97906,,26.86586,25.1188,133.56057,6.94602,,,,21.05019,115.31151,,25.79623,5.88137,33.20964,2.9458,21.4578,27.24409,0.02847
100.01,52.55099,36.031,20.07086,27.11761,21.23974,13.97346,28.3959,5825.24636,,51.24799,,26.98068,25.31363,135.86639,6.97202,,,,21.11344,115.70744,,25.76425,5.89268,33.37224,2.94776,21.45515,27.11761,0.02843
101.01,52.30145,35.91133,20.02679,26.99439,21.33096,14.00097,28.32289,5925.93886,,51.51069,,27.09534,25.50489,138.18062,6.99712,,,,21.17468,116.08415,,25.73049,5.90116,33.53188,2.94823,21.45226,26.99439,0.02839
102.01,52.04825,35.79108,19.98321,26.87434,21.41848,14.0269,28.25029,6030.87763,,51.76605,,27.20968,25.69255,140.50099,7.02131,,,,21.23389,116.44209,,25.69499,5.9068,33.68847,2.94721,21.44917,26.87434,0.02837
103.01,51.79208,35.67052,19.94012,26.75739,21.50231,14.0507,28.17817,6140.31036,,52.01299,,27.32355,25.87658,142.82511,7.04456,,,,21.2911,116.78174,,25.65781,5.90957,33.8419,2.9447,21.44591,26.75739,0.02836
104.01,51.53359,35.54988,19.89757,26.64348,21.58249,14.07182,28.10658,6254.49114,,52.25046,,27.43677,26.05698,145.15051,7.06686,,,,21.34629,117.10352,,25.61899,5.90946,33.9921,2.94072,21.4425,26.64348,0.02836
105.01,51.27341,35.42938,19.85558,26.53251,21.65904,14.08971,28.03555,6373.66975,,52.47739,,27.5492,26.23371,147.47464,7.08818,,,,21.39949,117.40788,,25.5786,5.90646,34.13897,2.93526,21.43896,26.53251,0.02836
106.01,51.01213,35.30921,19.81417,26.42439,21.732,14.10388,27.9651,6498.09159,,52.69278,,27.66071,26.40677,149.79484,7.10852,,,,21.45071,117.69523,,25.53666,5.90058,34.28244,2.92834,21.43532,26.42439,0.02837
107.01,50.75034,35.18953,19.77337,26.31906,21.80139,14.11393,27.89528,6627.99696,,52.89566,,27.77115,26.57616,152.10842,7.12784,,,,21.49996,117.96596,,25.49324,5.89183,34.42243,2.91998,21.4316,26.31906,0.02839
108.01,50.48858,35.07051,19.73318,26.21643,21.86727,14.11955,27.8261,6763.61692,,53.08512,,27.88042,26.74188,154.4126,7.14613,,,,21.54726,118.22043,,25.44836,5.88021,34.55889,2.9102,21.42781,26.21643,0.02841
109.01,50.22738,34.9523,19.69363,26.11643,21.92966,14.12054,27.7576,6905.17986,,53.26032,,27.98838,26.90393,156.70454,7.16337,,,,21.59264,118.45899,,25.40208,5.86575,34.69178,2.89901,21.42398,26.11643,0.02844
110.01,49.96722,34.83501,19.65473,26.019,21.98863,14.11683,27.68981,7052.89323,,53.42046,,28.09494,27.06235,158.98137,7.17955,,,,21.63611,118.68194,,25.35441,5.84847,34.82105,2.88644,21.42012,26.019,0.02848
111.01,49.70854,34.71878,19.6165,25.92405,22.04422,14.10847,27.62275,7206.93846,,53.56483,,28.19998,27.21714,161.24017,7.19463,,,,21.6777,118.8896,,25.30541,5.8284,34.94667,2.87253,21.41626,25.92405,0.02851
112.01,49.45172,34.60371,19.57895,25.83151,22.0965,14.0956,27.55643,,,53.69277,,28.30341,27.36835,163.47801,7.20861,,,,21.71745,119.08226,,25.25511,5.80558,35.06861,2.85728,21.41241,25.83151,0.02856
113.01,49.19712,34.48986,19.5421,25.74131,22.14551,14.07846,27.49086,,,53.8037,,28.40515,27.516,165.69189,7.22147,,,,21.75538,119.26019,,25.20355,5.78006,35.18687,2.84075,21.40858,25.74131,0.0286
114.01,48.94505,34.37733,19.50596,25.65339,22.19133,14.05734,27.42605,,,53.89712,,28.50514,27.66014,167.87882,7.2332,,,,21.79152,119.42364,,25.15074,5.75187,35.30144,2.82296,21.40479,25.65339,0.02866
115.01,48.69578,34.26617,19.47054,25.56768,22.23402,14.03258,27.36202,,,53.97259,,28.60332,27.8008,170.0358,7.24377,,,,21.82591,119.57285,,25.09673,5.72107,35.41233,2.80394,21.40106,25.56768,0.02871
116.01,48.44957,34.15646,19.43584,25.48412,22.27365,14.00456,27.29878,,,54.02978,,28.69962,27.93805,172.15982,7.25317,,,,21.85858,119.70802,,25.04155,5.68771,35.51956,2.78374,21.39739,25.48412,0.02877
117.01,48.20665,34.04825,19.40188,25.40268,22.31029,13.97367,27.23634,,,54.0684,,28.794,28.07195,174.24787,7.26139,,,,21.88956,119.82939,,24.98521,5.65186,35.62315,2.7624,21.39381,25.40268,0.02883
118.01,47.9672,33.94158,19.36866,25.32327,22.34402,13.94032,27.17472,,,54.08824,,28.88642,28.20256,176.29695,7.26841,,,,21.9189,119.93715,,24.92776,5.61357,35.72313,2.73994,21.39033,25.32327,0.02889
119.01,47.73138,33.83649,19.3362,25.24585,22.37491,13.90491,27.1139,,,54.08919,,28.97684,28.32996,178.30407,7.27423,,,,21.94663,120.03151,,24.86921,5.57291,35.81954,2.71642,21.38697,25.24585,0.02896
120.01,47.49933,33.73299,19.3045,25.17035,22.40305,13.86782,27.0539,,,54.07117,,29.06525,28.45421,180.26627,7.27883,,,,21.9728,120.11265,,24.8096,5.52995,35.91242,2.69188,21.38373,25.17035,0.02903
121.01,47.27117,33.6311,19.27356,25.09674,22.42852,13.82943,26.99471,,,54.0342,,29.15163,28.57541,182.18059,7.2822,,,,21.99745,120.18076,,24.74895,5.48476,36.00185,2.66636,21.38062,25.09674,0.0291
122.01,47.047,33.53084,19.2434,25.02495,22.45139,13.79008,26.93635,,,53.97837,,29.23599,28.69362,184.04414,7.28434,,,,22.02062,120.236,,24.68728,5.43742,36.08787,2.6399,21.37766,25.02495,0.02918
123.01,46.82691,33.43223,19.214,24.95496,22.47175,13.7501,26.87883,,,53.9038,,29.31831,28.80896,185.85404,7.28522,,,,22.04237,120.27854,,24.62461,5.388,36.17056,2.61255,21.37487,24.95496,0.02926
124.01,46.61097,33.33527,19.18538,24.8867,22.4897,13.7098,26.82214,,,53.81072,,29.39858,28.92152,187.60748,7.28485,,,,22.06272,120.30854,,24.56097,5.33659,36.24999,2.58436,21.37226,24.8867,0.02934
125.01,46.39924,33.23996,19.15755,24.82014,22.50532,13.66945,26.7663,,,53.69937,,29.47683,29.03139,189.30169,7.28322,,,,22.08174,120.32617,,24.49638,5.28326,36.32624,2.55537,21.36983,24.82014,0.02942
126.01,46.19174,33.1463,19.1305,24.75523,22.5187,13.6293,26.71129,,,53.57007,,29.55306,29.13867,190.93395,7.28033,,,,22.09947,120.33158,,24.43087,5.2281,36.39938,2.52563,21.3676,24.75523,0.02951
127.01,45.9885,33.05426,19.10423,24.69193,22.52994,13.58959,26.65711,,,53.42317,,29.62728,29.24349,192.50161,7.27616,,,,22.11598,120.32491,,24.36444,5.1712,36.4695,2.49518,21.36557,24.69193,0.0296
128.01,45.78952,32.96384,19.07875,24.63019,22.53914,13.5505,26.60377,,,53.25908,,29.69954,29.34593,194.00209,7.27072,,,,22.1313,120.30632,,24.29713,5.11263,36.5367,2.46408,21.36376,24.63019,0.02969
129.01,45.59481,32.87503,19.05405,24.56998,22.54637,13.51223,26.55127,,,53.07825,,29.76984,29.44612,195.4329,7.26401,,,,22.14549,120.27591,,24.22894,5.05248,36.60106,2.43236,21.36217,24.56998,0.02978
130.01,45.40437,32.78782,19.03013,24.51127,22.55173,13.47491,26.49961,,,52.88117,,29.83821,29.54418,196.79162,7.25601,,,,22.15861,120.23384,,24.15991,4.99084,36.66267,2.40007,21.36081,24.51127,0.02988
131.01,45.21818,32.70219,19.00698,24.45402,22.55533,13.43869,26.44879,,,52.66837,,29.90469,29.64021,198.07592,7.24674,,,,22.17069,120.18022,,24.09004,4.92781,36.72164,2.36726,21.35969,24.45402,0.02998
132.01,45.03621,32.61813,18.98461,24.3982,22.55724,13.40369,26.39879,,,52.4404,,29.9693,29.73433,199.28357,7.2362,,,,22.18181,120.11517,,24.01935,4.86345,36.77805,2.33397,21.35883,24.3982,0.03008
133.01,44.85842,32.53559,18.96302,24.34376,22.55757,13.37,26.34962,,,52.19784,,30.03207,29.82668,200.41242,7.22438,,,,22.192,120.03882,,23.94787,4.79787,36.83199,2.30025,21.35821,24.34376,0.03018
134.01,44.68477,32.45455,18.94219,24.29068,22.5564,13.33769,26.30126,,,51.94131,,30.09305,29.91735,201.46047,7.21129,,,,22.20132,119.95126,,23.87561,4.73115,36.88357,2.26615,21.35784,24.29068,0.03028
135.01,44.5152,32.37499,18.92212,24.23892,22.55383,13.30684,26.25371,,,51.67146,,30.15228,30.00648,202.42578,7.19693,,,,22.20982,119.85261,,23.80257,4.66338,36.93288,2.23169,21.35773,24.23892,0.03039
136.01,44.34966,32.29689,18.90279,24.18846,22.54993,13.27749,26.20697,,,51.38894,,30.2098,30.09418,203.30658,7.18131,,,,22.21755,119.74296,,23.72878,4.59464,36.98002,2.19694,21.35789,24.18846,0.0305
137.01,44.1881,32.22021,18.88421,24.13926,22.5448,13.24967,26.16103,,,51.09446,,30.26563,30.18058,204.10119,7.16443,,,,22.22456,119.6224,,23.65425,4.52502,37.02508,2.16193,21.35832,24.13926,0.03061
138.01,44.03045,32.14494,18.86636,24.0913,22.53852,13.22342,26.11589,,,50.78871,,30.31983,30.26579,204.80807,7.14631,,,,22.23089,119.49103,,23.579,4.4546,37.06814,2.1267,21.35902,24.0913,0.03072
139.01,43.87662,32.07103,18.84923,24.04454,22.53119,13.19874,26.07152,,,50.47244,,30.37242,30.34994,205.42582,7.12694,,,,22.2366,119.34894,,23.50303,4.38348,37.10929,2.09129,21.35998,24.04454,0.03084
140.01,43.72655,31.99844,18.83281,23.99894,22.52287,13.17564,26.02793,,,50.14637,,30.42345,30.43314,205.95316,7.10635,,,,22.24174,119.19623,,23.42637,4.31172,37.14863,2.05575,21.36121,23.99894,0.03095
141.01,43.58014,31.92715,18.8171,23.95449,22.51366,13.15412,25.98509,,,49.81129,,30.47298,30.51551,206.38897,7.08452,,,,22.24634,119.03297,,23.34901,4.23942,37.18625,2.0201,21.36271,23.95449,0.03107
142.01,43.43733,31.85712,18.80206,23.91115,22.50363,13.13416,25.94301,,,49.46796,,30.52103,30.59715,206.73229,7.06149,,,,22.25046,118.85925,,23.27098,4.16665,37.22222,1.98438,21.36447,23.91115,0.03119
143.01,43.29804,31.78832,18.78768,23.86891,22.49284,13.11575,25.90168,,,49.11719,,30.56765,30.67819,206.98227,7.03726,,,,22.25413,118.67516,,23.19229,4.0935,37.25662,1.94864,21.3665,23.86891,0.03131
144.01,43.16218,31.72072,18.77396,23.82773,22.48138,13.09885,25.86108,,,48.75977,,30.61287,30.75873,207.13826,7.01183,,,,22.25739,118.48079,,23.11293,4.02003,37.28954,1.91291,21.36879,23.82773,0.03144
145.01,43.02966,31.65428,18.76088,23.78758,22.46931,13.08345,25.8212,,,48.3965,,30.65673,30.83888,207.19975,6.98523,,,,22.26027,118.27623,,23.03294,3.94633,37.32103,1.87721,21.37134,23.78758,0.03156
146.01,42.90039,31.58897,18.74843,23.74843,22.4567,13.0695,25.78203,,,48.02821,,30.69927,30.91875,207.16638,6.95747,,,,22.26283,118.0616,,22.95231,3.87247,37.35118,1.84159,21.37413,23.74843,0.03169
147.01,42.77427,31.52475,18.73658,23.71025,22.44362,13.05697,25.74355,,,47.65569,,30.74053,30.99843,207.03796,6.92856,,,,22.26508,117.83698,,22.87105,3.79852,37.38005,1.80607,21.37717,23.71025,0.03181
148.01,42.65123,31.46158,18.72531,23.67303,22.43011,13.04583,25.70575,,,47.27976,,30.78054,31.07802,206.81448,6.89851,,,,22.26706,117.60248,,22.78917,3.72455,37.4077,1.77069,21.38045,23.67303,0.03194
149.01,42.53116,31.39943,18.71461,23.63672,22.41624,13.03601,25.66862,,,46.90122,,30.81935,31.15761,206.49606,6.86735,,,,22.2688,117.35822,,22.70668,3.65063,37.43419,1.73546,21.38396,23.63672,0.03207
150.01,42.41399,31.33827,18.70446,23.60132,22.40205,13.02749,25.63215,,,46.52086,,30.85697,31.23731,206.08303,6.83509,,,,22.27031,117.10431,,22.62359,3.57682,37.45958,1.70043,21.38769,23.60132,0.0322
151.01,42.29963,31.27806,18.69484,23.56678,22.38761,13.02021,25.59632,,,46.13946,,30.89345,31.31719,205.57584,6.80175,,,,22.27164,116.84086,,22.5399,3.50319,37.48392,1.66561,21.39164,23.56678,0.03234
152.01,42.18798,31.21877,18.68573,23.53308,22.37296,13.01412,25.56112,,,45.75778,,30.92881,31.39734,204.97515,6.76734,,,,22.27279,116.56802,,22.45563,3.42981,37.50725,1.63103,21.3958,23.53308,0.03247
153.01,42.07895,31.16036,18.67711,23.50018,22.35815,13.00918,25.52652,,,45.37654,,30.96307,31.47785,204.28175,6.73188,,,,22.27379,116.28591,,22.37077,3.35672,37.52964,1.59672,21.40016,23.50018,0.0326
154.01,41.97244,31.10278,18.66896,23.46808,22.34322,13.00534,25.49251,,,44.99645,,30.99629,31.55877,203.4966,6.6954,,,,22.27466,115.99467,,22.28534,3.28399,37.5511,1.56269,21.4047,23.46808,0.03274
155.01,41.86838,31.04602,18.66126,23.43673,22.3282,13.00255,25.45908,,,44.6182,,31.02847,31.64019,202.62084,6.65791,,,,22.27541,115.69444,,22.19934,3.21168,37.57171,1.52897,21.40942,23.43673,0.03288
156.01,41.76668,30.99003,18.65398,23.40611,22.31313,13.00076,25.4262,,,44.24244,,31.05965,31.72217,201.65574,6.61943,,,,22.27607,115.38534,,22.11277,3.13983,37.59147,1.49557,21.41431,23.40611,0.03301
157.01,41.66725,30.93479,18.6471,23.37621,22.29804,12.99992,25.39386,,,43.86976,,31.08985,31.80478,200.60275,6.57999,,,,22.27663,115.06752,,22.02565,3.0685,37.61044,1.46253,21.41936,23.37621,0.03315
158.01,41.57002,30.88026,18.64061,23.34698,22.28296,12.99998,25.36204,,,43.50073,,31.11909,31.88808,199.46346,6.5396,,,,22.27711,114.74114,,21.93797,2.99773,37.62865,1.42984,21.42456,23.34698,0.03328
159.01,41.47488,30.82639,18.63448,23.31841,22.26792,13.0009,25.33072,,,43.13588,,31.14739,31.97212,198.2396,6.49829,,,,22.27751,114.40633,,21.84975,2.92757,37.64611,1.39754,21.4299,23.31841,0.03333
160.01,41.38176,30.77316,18.6287,23.29046,22.25295,13.00263,25.29988,,,42.77569,,31.17478,32.05696,196.93305,6.45608,,,,22.27785,114.06325,,21.76099,2.85806,37.66286,1.36562,21.43536,23.29046,0.03324
161.01,41.29057,30.72052,18.62323,23.2631,22.23805,13.00513,25.26949,,,42.42057,,31.20128,32.14264,195.54583,6.41299,,,,22.27813,113.71204,,21.67169,2.78925,37.67892,1.33412,21.44093,23.2631,0.03298
162.01,41.20124,30.66845,18.61805,23.23632,22.22325,13.00836,25.23955,,,42.07091,,31.22691,32.2292,194.08007,6.36905,,,,22.27834,113.35285,,21.58185,2.72117,37.69433,1.30304,21.4466,23.23632,0.03259
163.01,41.11369,30.61691,18.61314,23.21009,22.20856,13.01226,25.21004,,,41.72705,,31.25168,32.31669,192.53806,6.32427,,,,22.27848,112.98581,,21.49149,2.65387,37.70909,1.27239,21.45236,23.21009,0.03209
164.01,41.02785,30.56588,18.60848,23.18438,22.19401,13.0168,25.18093,,,41.38925,,31.27562,32.40514,190.92218,6.27869,,,,22.27856,112.61107,,21.4006,2.58737,37.72324,1.24219,21.45821,23.18438,0.03154
165.01,40.94364,30.51532,18.60404,23.15916,22.17959,13.02194,25.1522,,,41.05774,,31.29873,32.49459,189.23494,6.23232,,,,22.27857,112.2288,,21.3092,2.52171,37.73678,1.21244,21.46413,23.15916,0.03099
166.01,40.86098,30.46519,18.59981,23.1344,22.16533,13.02764,25.12383,,,40.73268,,31.32104,32.58506,187.47893,6.1852,,,,22.27852,111.83912,,21.21728,2.45691,37.74974,1.18315,21.4701,23.1344,0.03055
167.01,40.7798,30.41545,18.59577,23.11008,22.15123,13.03387,25.09579,,,40.41418,,31.34255,32.67658,185.65685,6.13734,,,,22.27839,111.44221,,21.12485,2.39302,37.76212,1.15433,21.47612,23.11008,0.03023
168.01,40.70003,30.36608,18.59188,23.08616,22.13728,13.04059,25.06807,,,40.10232,,31.36329,32.76917,183.7715,6.08878,,,,22.27818,111.03819,,21.03191,2.33004,37.77395,1.12599,21.48217,23.08616,0.03002
169.01,40.62161,30.31704,18.58813,23.06264,22.12351,13.04776,25.04066,,,39.79708,,31.38328,32.86284,181.82573,6.03953,,,,22.27789,110.62724,,20.93847,2.26801,37.78524,1.09813,21.48825,23.06264,0.02991
170.01,40.54448,30.26831,18.58449,23.03947,22.1099,13.05535,25.01354,,,39.49844,,31.4025,32.95763,179.82251,5.98962,,,,22.27751,110.2095,,20.84453,2.20695,37.79601,1.07076,21.49435,23.03947,0.02989
171.01,40.46856,30.21986,18.58094,23.01664,22.09646,13.06334,24.98667,,,39.2063,,31.42099,33.05353,177.76482,5.93907,,,,22.27703,109.78515,,20.7501,2.14687,37.80625,1.04388,21.50045,23.01664,0.02992
172.01,40.3938,30.17165,18.57747,22.99412,22.08318,13.07169,24.96005,,,38.9205,,31.43875,33.15056,175.65573,5.88793,,,,22.27645,109.35437,,20.65519,2.0878,37.81598,1.01749,21.50655,22.99412,0.03001
173.01,40.32013,30.12365,18.57404,22.97187,22.07006,13.08038,24.93364,,,38.64086,,31.45579,33.24872,173.49834,5.8362,,,,22.27576,108.91734,,20.55979,2.02975,37.82521,0.9916,21.51264,22.97187,0.03015
174.01,40.24748,30.07582,18.57065,22.94987,22.0571,13.08938,24.90743,,,38.36714,,31.47212,33.34801,171.29581,5.78391,,,,22.27496,108.47427,,20.46391,1.97274,37.83396,0.9662,21.5187,22.94987,0.03031
175.01,40.17581,30.02814,18.56727,22.92811,22.04429,13.09866,24.8814,,,38.09906,,31.48777,33.44845,169.05129,5.7311,,,,22.27402,108.02535,,20.36755,1.91677,37.84224,0.94131,21.52473,22.92811,0.03051
176.01,40.10506,29.98059,18.56388,22.90656,22.03162,13.10821,24.85553,,,37.83632,,31.50272,33.55002,166.76799,5.67779,,,,22.27295,107.57081,,20.27072,1.86186,37.85005,0.91691,21.53072,22.90656,0.03073
177.01,40.03518,29.93313,18.56045,22.88519,22.01909,13.11799,24.82981,,,37.57855,,31.51701,33.65273,164.44911,5.62399,,,,22.27173,107.11088,,20.17343,1.80801,37.85741,0.89302,21.53667,22.88519,0.03096
178.01,39.96612,29.88573,18.55698,22.86398,22.00669,13.12799,24.80422,,,37.3254,,31.53061,33.75657,162.09786,5.56975,,,,22.27036,106.64583,,20.07568,1.75524,37.86431,0.86962,21.54256,22.86398,0.03121
179.01,39.89782,29.83837,18.55345,22.84291,21.99441,13.13819,24.77872,,,37.07643,,31.54356,33.86153,159.71746,5.51509,,,,22.26882,106.17592,,19.97747,1.70354,37.87078,0.84672,21.54839,22.84291,0.03147
180.01,39.83023,29.791,18.54983,22.82194,21.98224,13.14858,24.75331,,,36.83123,,31.55586,33.9676,157.31108,5.46002,,,,22.26711,105.70143,,19.87882,1.65292,37.8768,0.82431,21.55416,22.82194,0.03174
181.01,39.7633,29.7436,18.54611,22.80107,21.97018,13.15913,24.72796,,,36.58935,,31.56752,34.07477,154.88192,5.40459,,,,22.26521,105.22266,,19.77971,1.60339,37.8824,0.8024,21.55984,22.80107,0.03201
182.01,39.697,29.69615,18.54228,22.78026,21.95822,13.16982,24.70266,,,36.35031,,31.57854,34.18303,152.43311,5.34881,,,,22.26312,104.7399,,19.68017,1.55494,37.88758,0.78097,21.56545,22.78026,0.03228
183.01,39.63129,29.64862,18.53831,22.75951,21.94633,13.18066,24.67739,,,36.11366,,31.58894,34.29236,149.96776,5.2927,,,,22.26083,104.25348,,19.5802,1.50758,37.89234,0.76003,21.57098,22.75951,0.03256
184.01,39.56612,29.60098,18.53419,22.73878,21.93452,13.19161,24.65215,,,35.8789,,31.59871,34.40275,147.48896,5.23631,,,,22.25832,103.76372,,19.4798,1.46129,37.89669,0.73957,21.57642,22.73878,0.03284
185.01,39.50144,29.55321,18.52992,22.71806,21.92278,13.20267,24.6269,,,35.64555,,31.60787,34.51418,144.99973,5.17964,,,,22.2556,103.27097,,19.37898,1.41609,37.90062,0.71959,21.58177,22.71806,0.03312
186.01,39.43721,29.50528,18.52547,22.69732,21.91109,13.21382,24.60163,,,35.41312,,31.61642,34.62663,142.50302,5.12273,,,,22.25265,102.77557,,19.27775,1.37195,37.90415,0.70008,21.58703,22.69732,0.0334
187.01,39.37339,29.45715,18.52084,22.67655,21.89945,13.22507,24.57633,,,35.18113,,31.62437,34.74008,140.00176,5.0656,,,,22.24947,102.27788,,19.1761,1.32889,37.90728,0.68103,21.59218,22.67655,0.03367
188.01,39.30994,29.4088,18.51601,22.65572,21.88783,13.23639,24.55097,,,34.94912,,31.63174,34.85451,137.49878,5.00828,,,,22.24604,101.77824,,19.07406,1.28689,37.91001,0.66244,21.59723,22.65572,0.03395
189.01,39.24684,29.36021,18.51097,22.63484,21.87624,13.24777,24.52555,,,34.71661,,31.63853,34.96989,134.99685,4.95079,,,,22.24237,101.27702,,18.97161,1.24594,37.91235,0.64431,21.60218,22.63484,0.03423
190.01,39.18405,29.31134,18.5057,22.61387,21.86465,13.25922,24.50006,,,34.48318,,31.64474,35.08621,132.49869,4.89316,,,,22.23844,100.77457,,18.86878,1.20603,37.9143,0.62663,21.60702,22.61387,0.0345
191.01,39.12154,29.26218,18.50021,22.5928,21.85306,13.27071,24.47447,,,34.24839,,31.65038,35.20343,130.00689,4.8354,,,,22.23425,100.27126,,18.76557,1.16716,37.91585,0.60939,21.61176,22.5928,0.03477
192.01,39.05927,29.21268,18.49449,22.57161,21.84145,13.28225,24.44877,,,34.01184,,31.65545,35.32155,127.52399,4.77755,,,,22.22979,99.76744,,18.66199,1.12932,37.91702,0.59259,21.61639,22.57161,0.03504
193.01,38.99721,29.16282,18.48852,22.55029,21.82983,13.29383,24.42295,,,33.77317,,31.65998,35.44052,125.05244,4.71963,,,,22.22507,99.26348,,18.55804,1.09248,37.91779,0.57622,21.62091,22.55029,0.03531
194.01,38.93533,29.11256,18.48231,22.52883,21.81818,13.30544,24.39699,,,33.53202,,31.66396,35.56033,122.59457,4.66166,,,,22.22007,98.75971,,18.45373,1.05665,37.91818,0.56027,21.62531,22.52883,0.03558
195.01,38.8736,29.06189,18.47584,22.50721,21.80648,13.31708,24.37089,,,33.2881,,31.66741,35.68094,120.15266,4.60366,,,,22.2148,98.25648,,18.34907,1.02181,37.91818,0.54474,21.62962,22.50721,0.03584
196.01,38.812,29.01077,18.4691,22.48543,21.79474,13.32873,24.34463,,,33.04114,,31.67034,35.80233,117.72886,4.54566,,,,22.20925,97.75412,,18.24406,0.98794,37.91779,0.52961,21.63381,22.48543,0.0361
197.01,38.75051,28.95918,18.4621,22.46347,21.78293,13.34041,24.31822,,,32.7909,,31.67273,35.92447,115.32523,4.48767,,,,22.20341,97.25295,,18.13872,0.95503,37.91702,0.51489,21.6379,22.46347,0.03636
198.01,38.68909,28.90708,18.45484,22.44132,21.77106,13.3521,24.29163,,,32.5372,,31.67461,36.04733,112.94374,4.42973,,,,22.19729,96.75331,,18.03305,0.92307,37.91586,0.50056,21.64188,22.44132,0.03663
199.01,38.62773,28.85445,18.44731,22.41897,21.75911,13.36381,24.26485,,,32.2799,,31.67599,36.17089,110.58622,4.37185,,,,22.19089,96.2555,,17.92706,0.89203,37.91432,0.48661,21.64576,22.41897,0.03688
200.01,38.56639,28.80124,18.4395,22.39642,21.74708,13.37552,24.23788,,,32.0189,,31.67686,36.29511,108.25444,4.31404,,,,22.18421,95.75981,,17.82077,0.86191,37.91239,0.47305,21.64953,22.39642,0.03714
201.01,38.50506,28.74744,18.43143,22.37365,21.73497,13.38724,24.21072,,,31.75415,,31.67725,36.41996,105.95005,4.25635,,,,22.17724,95.26653,,17.71417,0.83269,37.91008,0.45985,21.6532,22.37365,0.0374
202.01,38.44372,28.69301,18.42308,22.35067,21.72276,13.39897,24.18335,,,31.48566,,31.67716,36.54541,103.67459,4.19877,,,,22.16999,94.77593,,17.60727,0.80436,37.90739,0.44702,21.65677,22.35067,0.03766
203.01,38.38235,28.63791,18.41446,22.32746,21.71044,13.4107,24.15578,,,31.21347,,31.6766,36.67144,101.4295,4.14134,,,,22.16245,94.28828,,17.50009,0.77689,37.90431,0.43455,21.66025,22.32746,0.03791
204.01,38.32093,28.58213,18.40557,22.30403,21.69803,13.42243,24.12799,,,30.93766,,31.67556,36.79801,99.21611,4.08407,,,,22.15463,93.80381,,17.39263,0.75026,37.90086,0.42243,21.66364,22.30403,0.03817
205.01,38.25945,28.52561,18.39642,22.28036,21.6855,13.43416,24.09999,,,30.65835,,31.67407,36.9251,97.03566,4.02698,,,,22.14654,93.32277,,17.28491,0.72447,37.89701,0.41065,21.66693,22.28036,0.03842
206.01,38.19789,28.46832,18.387,22.25646,21.67286,13.4459,24.07175,,,30.3757,,31.67213,37.05266,94.88926,3.9701,,,,22.13817,92.84539,,17.17693,0.6995,37.89279,0.3992,21.67013,22.25646,0.03867
207.01,38.13623,28.41022,18.37732,22.23232,21.66011,13.45764,24.04329,,,30.08992,,31.66975,37.18067,92.77795,3.91342,,,,22.12953,92.37188,,17.0687,0.67532,37.88818,0.38807,21.67325,22.23232,0.03893
208.01,38.07445,28.35127,18.36739,22.20794,21.64723,13.46937,24.0146,,,29.80122,,31.66694,37.30909,90.70265,3.85699,,,,22.12063,91.90242,,16.96022,0.65192,37.88319,0.37727,21.67629,22.20794,0.03918
209.01,38.01256,28.29143,18.3572,22.18333,21.63423,13.48111,23.98568,,,29.50985,,31.6637,37.4379,88.66419,3.8008,,,,22.11146,91.4372,,16.85152,0.62928,37.87782,0.36678,21.67924,22.18333,0.03943
210.01,37.95054,28.23067,18.34677,22.15848,21.62111,13.49284,23.95654,,,29.21609,,31.66006,37.56706,86.66329,3.74488,,,,22.10204,90.97639,,16.74259,0.60738,37.87208,0.35659,21.68213,22.15848,0.03969
211.01,37.88838,28.16893,18.3361,22.13339,21.60786,13.50458,23.92716,,,28.92021,,31.65601,37.69654,84.70061,3.68925,,,,22.09236,90.52016,,16.63345,0.58621,37.86595,0.3467,21.68494,22.13339,0.03994
212.01,37.82607,28.10619,18.3252,22.10807,21.59448,13.51631,23.89755,,,28.6225,,31.65156,37.8263,82.77667,3.63391,,,,22.08244,90.06865,,16.52411,0.56575,37.85945,0.3371,21.68769,22.10807,0.04019
213.01,37.76359,28.04238,18.31407,22.08252,21.58099,13.52805,23.86771,,,28.32327,,31.64672,37.95631,80.89195,3.57889,,,,22.07228,89.622,,16.41457,0.54598,37.85257,0.32778,21.69037,22.08252,0.04044
214.01,37.70093,27.97748,18.30272,22.05675,21.56736,13.53979,23.83764,,,28.02279,,31.64151,38.08655,79.04679,3.5242,,,,22.06188,89.18033,,16.30485,0.52688,37.84532,0.31873,21.69299,22.05675,0.04069
215.01,37.6381,27.91144,18.29116,22.03075,21.55361,13.55153,23.80734,,,27.72138,,31.63594,38.21697,77.24151,3.46984,,,,22.05127,88.74373,,16.19495,0.50843,37.8377,0.30996,21.69555,22.03075,0.04095
216.01,37.57508,27.84424,18.2794,22.00454,21.53973,13.56328,23.77682,,,27.41932,,31.63001,38.34753,75.47629,3.41585,,,,22.04043,88.31232,,16.08488,0.49062,37.82971,0.30145,21.69806,22.00454,0.0412
217.01,37.51187,27.77585,18.26744,21.97812,21.52572,13.57503,23.74609,,,27.11688,,31.62373,38.47822,73.75129,3.36222,,,,22.02938,87.88618,,15.97466,0.47344,37.82136,0.29319,21.70052,21.97812,0.04145
218.01,37.44847,27.70625,18.2553,21.9515,21.5116,13.58678,23.71515,,,26.81433,,31.61711,38.60899,72.06654,3.30897,,,,22.01813,87.46538,,15.86429,0.45685,37.81264,0.28518,21.70293,21.9515,0.0417
219.01,37.38487,27.63543,18.24298,21.92468,21.49736,13.59854,23.68399,,,26.51193,,31.61016,38.73981,70.42204,3.25611,,,,22.00668,87.04999,,15.75378,0.44085,37.80355,0.27741,21.7053,21.92468,0.04195
220.01,37.32105,27.56339,18.23049,21.89767,21.48301,13.61031,23.65263,,,26.20991,,31.6029,38.87064,68.81772,3.20366,,,,21.99505,86.64007,,15.64315,0.42542,37.79411,0.26988,21.70763,21.89767,0.0422
221.01,37.25703,27.49015,18.21784,21.87049,21.46854,13.62208,23.62107,,,25.90849,,31.59532,39.00145,67.25342,3.15163,,,,21.98324,86.23565,,15.53239,0.41054,37.78431,0.26257,21.70992,21.87049,0.04245
222.01,37.1928,27.41572,18.20503,21.84313,21.45396,13.63386,23.58932,,,25.60788,,31.58746,39.1322,65.72896,3.10001,,,,21.97127,85.83676,,15.42152,0.3962,37.77417,0.25549,21.71218,21.84313,0.04269
223.01,37.12836,27.34017,18.19209,21.81562,21.43927,13.64566,23.5574,,,25.30827,,31.5793,39.26286,64.24409,3.04883,,,,21.95913,85.44343,,15.31055,0.38238,37.76367,0.24863,21.71442,21.81562,0.04294
224.01,37.06372,27.26353,18.17901,21.78795,21.42448,13.65746,23.52529,,,25.00984,,31.57086,39.3934,62.79849,2.9981,,,,21.94684,85.05566,,15.19949,0.36906,37.75284,0.24197,21.71663,21.78795,0.04318
225.01,36.99886,27.18587,18.16581,21.76014,21.4096,13.66927,23.49302,,,24.71273,,31.56215,39.52377,61.39181,2.94782,,,,21.93441,84.67347,,15.08834,0.35623,37.74166,0.23552,21.71882,21.76014,0.04342
226.01,36.9338,27.10726,18.15251,21.7322,21.39463,13.6811,23.46059,,,24.4171,,31.55318,39.65394,60.02365,2.898,,,,21.92185,84.29684,,14.97713,0.34387,37.73015,0.22928,21.72098,21.7322,0.04367
227.01,36.86852,27.02777,18.13911,21.70414,21.37958,13.69294,23.42801,,,24.12307,,31.54396,39.78388,58.69359,2.84865,,,,21.90917,83.92577,,14.86584,0.33197,37.71832,0.22322,21.72313,21.70414,0.0439
228.01,36.80304,26.94749,18.12562,21.67598,21.36444,13.7048,23.39529,,,23.83076,,31.53452,39.91355,57.40114,2.79977,,,,21.89638,83.56021,,14.7545,0.32052,37.70617,0.21735,21.72526,21.67598,0.04414
229.01,36.73736,26.8665,18.11206,21.64772,21.34923,13.71667,23.36243,,,23.54027,,31.52484,40.0429,56.1458,2.75138,,,,21.88348,83.20013,,14.64312,0.30949,37.6937,0.21167,21.72739,21.64772,0.04437
230.01,36.67148,26.78488,18.09844,21.61937,21.33395,13.72855,23.32946,,,23.25171,,31.51494,40.17192,54.92704,2.70348,,,,21.8705,82.8455,,14.53169,0.29888,37.68093,0.20616,21.7295,21.61937,0.04461
231.01,36.60541,26.70272,18.08479,21.59095,21.31861,13.74046,23.29638,,,22.96515,,31.50483,40.30055,53.74428,2.65608,,,,21.85742,82.49627,,14.42024,0.28867,37.66785,0.20083,21.73161,21.59095,0.04483
232.01,36.53914,26.62008,18.07111,21.56247,21.30321,13.75238,23.2632,,,22.68067,,31.49452,40.42876,52.59693,2.60917,,,,21.84428,82.15236,,14.30877,0.27885,37.65447,0.19566,21.73372,21.56247,0.04506
233.01,36.47269,26.53705,18.05742,21.53395,21.28777,13.76432,23.22992,,,22.39834,,31.48403,40.55652,51.4844,2.56278,,,,21.83108,81.81373,,14.19728,0.2694,37.64081,0.19066,21.73582,21.53395,0.04528
234.01,36.40604,26.45368,18.04375,21.50538,21.27229,13.77628,23.19656,,,22.11823,,31.47335,40.68378,50.40604,2.51689,,,,21.81782,81.48028,,14.08579,0.26031,37.62686,0.18582,21.73792,21.50538,0.0455
235.01,36.33921,26.37007,18.03009,21.47679,21.25677,13.78826,23.16313,,,21.84039,,31.46251,40.81051,49.36122,2.47152,,,,21.80453,81.15192,,13.97431,0.25158,37.61264,0.18112,21.74002,21.47679,0.04571
236.01,36.27222,26.2863,18.01649,21.44819,21.24122,13.80025,23.12965,,,21.56488,,31.45151,40.93667,48.34929,2.42667,,,,21.79119,80.82857,,13.86284,0.24318,37.59815,0.17658,21.74212,21.44819,0.04592
237.01,36.20505,26.20244,18.00294,21.4196,21.22565,13.81227,23.09612,,,21.29174,,31.44036,41.06222,47.36958,2.38234,,,,21.77784,80.51013,,13.75139,0.2351,37.5834,0.17218,21.74423,21.4196,0.04612
238.01,36.13771,26.1186,17.98948,21.39101,21.21007,13.82431,23.06255,,,21.02103,,31.42906,41.18713,46.42142,2.33854,,,,21.76446,80.19647,,13.63998,0.22734,37.56839,0.16792,21.74634,21.39101,0.04632
239.01,36.07021,26.03488,17.97611,21.36245,21.19449,13.83637,23.02896,,,20.75278,,31.41763,41.31135,45.50413,2.29527,,,,21.75109,79.8875,,13.5286,0.21988,37.55313,0.1638,21.74845,21.36245,0.04651
240.01,36.00255,25.95137,17.96286,21.33392,21.17891,13.84846,22.99535,,,20.48705,,31.40608,41.43485,44.61702,2.25253,,,,21.73773,79.58307,,13.41727,0.21271,37.53764,0.15981,21.75057,21.33392,0.0467
241.01,35.93474,25.86821,17.94974,21.30545,21.16334,13.86057,22.96174,,,20.22386,,31.39442,41.55759,43.75943,2.21033,,,,21.72438,79.28305,,13.306,0.20582,37.52191,0.15595,21.7527,21.30545,0.04688
242.01,35.86678,25.78551,17.93677,21.27703,21.14779,13.87269,22.92813,,,19.96326,,31.38265,41.67953,42.93065,2.16866,,,,21.71106,78.98729,,13.19478,0.1992,37.50596,0.15221,21.75483,21.27703,0.04706
243.01,35.79868,25.7034,17.92396,21.24869,21.13226,13.88484,22.89455,,,19.70529,,31.37079,41.80063,42.13003,2.12752,,,,21.69777,78.69564,,13.08364,0.19285,37.48979,0.14859,21.75698,21.24869,0.04723
244.01,35.73045,25.622,17.91133,21.22043,21.11677,13.89701,22.861,,,19.44999,,31.35883,41.92086,41.35687,2.08692,,,,21.68453,78.40795,,12.97258,0.18674,37.47342,0.14509,21.75913,21.22043,0.04739
245.01,35.66209,25.54144,17.89889,21.19226,21.10132,13.90921,22.82749,,,19.19738,,31.34679,42.04017,40.61051,2.04686,,,,21.67133,78.12404,,12.8616,0.18088,37.45684,0.1417,21.76129,21.19226,0.04753
246.01,35.5936,25.46183,17.88667,21.1642,21.08592,13.92142,22.79403,,,18.9475,,31.33469,42.15852,39.89029,2.00734,,,,21.65821,77.84374,,12.75072,0.17524,37.44007,0.13843,21.76345,21.1642,0.04751
247.01,35.52499,25.38327,17.87466,21.13625,21.07057,13.93366,22.76062,,,18.7004,,31.32252,42.27589,39.19554,1.96836,,,,21.64515,77.56687,,12.63994,0.16984,37.42312,0.13525,21.76562,21.13625,0.04715
248.01,35.45626,25.3059,17.86289,21.10843,21.05529,13.94592,22.72729,,,18.4561,,31.3103,42.39221,38.52562,1.92991,,,,21.63217,77.29323,,12.52927,0.16464,37.40599,0.13218,21.76779,21.10843,0.04642
249.01,35.38743,25.22979,17.85135,21.08075,21.04008,13.9582,22.69405,,,18.21463,,31.29803,42.50747,37.87989,1.892,,,,21.61928,77.02262,,12.41871,0.15965,37.3887,0.12922,21.76997,21.08075,0.04537
250.01,35.31849,25.15504,17.84007,21.05321,21.02494,13.9705,22.6609,,,17.97604,,31.28571,42.62162,37.25771,1.85463,,,,21.60649,76.75485,,12.30828,0.15486,37.37125,0.12634,21.77216,21.05321,0.04408
251.01,35.24946,25.08174,17.82906,21.02583,21.0099,13.98282,22.62785,,,17.74034,,31.27337,42.73462,36.65848,1.81779,,,,21.59379,76.4897,,12.19797,0.15027,37.35364,0.12357,21.77434,21.02583,0.04268
252.01,35.18032,25.00995,17.81831,20.99861,20.99495,13.99516,22.59492,,,17.50757,,31.26099,42.84643,36.08158,1.78149,,,,21.58121,76.22694,,12.0878,0.14585,37.3359,0.12088,21.77653,20.99861,0.04125
253.01,35.11109,24.93973,17.80785,20.97156,20.9801,14.00752,22.5621,,,17.27775,,31.2486,42.95701,35.52641,1.74572,,,,21.56875,75.96636,,11.97777,0.14162,37.31802,0.11828,21.77872,20.97156,0.03996
254.01,35.04177,24.87114,17.79768,20.9447,20.96537,14.0199,22.52941,,,17.05092,,31.23621,43.06633,34.9924,1.71048,,,,21.55642,75.70771,,11.8679,0.13755,37.30002,0.11576,21.7809,20.9447,0.03886
255.01,34.97237,24.80423,17.78779,20.91803,20.95074,14.0323,22.49686,,,16.8271,,31.2238,43.17435,34.47897,1.67577,,,,21.54422,75.45075,,11.75817,0.13364,37.28191,0.11333,21.78308,20.91803,0.03794
256.01,34.90289,24.73905,17.77821,20.89156,20.93624,14.04471,22.46446,,,16.60632,,31.2114,43.28102,33.98557,1.64159,,,,21.53216,75.19521,,11.64861,0.12989,37.26369,0.11098,21.78526,20.89156,0.03719
257.01,34.83333,24.67562,17.76892,20.8653,20.92186,14.05714,22.43221,,,16.38859,,31.19901,43.38632,33.51165,1.60792,,,,21.52025,74.94083,,11.53922,0.1263,37.24537,0.10871,21.78744,20.8653,0.03657
258.01,34.7637,24.61397,17.75995,20.83925,20.90763,14.06958,22.40013,,,16.17394,,31.18662,43.4902,33.05668,1.57478,,,,21.50848,74.68735,,11.43001,0.12284,37.22697,0.10651,21.7896,20.83925,0.03607
259.01,34.69399,24.55411,17.75129,20.81341,20.89353,14.08205,22.36822,,,15.96239,,31.17426,43.59263,32.62014,1.54216,,,,21.49688,74.43449,,11.32097,0.11953,37.20848,0.10438,21.79175,20.81341,0.03567
260.01,34.6242,24.49605,17.74294,20.78781,20.87959,14.09453,22.33648,,,15.75394,,31.16193,43.69357,32.20152,1.51006,,,,21.48544,74.18198,,11.21213,0.11634,37.18994,0.10232,21.79389,20.78781,0.03535
261.01,34.55433,24.43981,17.73492,20.76244,20.86581,14.10702,22.30493,,,15.54863,,31.14963,43.79297,31.80034,1.47846,,,,21.47417,73.92952,,11.10348,0.11329,37.17133,0.10034,21.79601,20.76244,0.03511
262.01,34.48439,24.38539,17.7272,20.73731,20.85218,14.11953,22.27358,,,15.34644,,31.13737,43.89082,31.41611,1.44738,,,,21.46308,73.67685,,10.99503,0.11035,37.15267,0.09841,21.79811,20.73731,0.03493
263.01,34.41437,24.33279,17.71981,20.71243,20.83872,14.13206,22.24242,,,15.14739,,31.12515,43.98706,31.04838,1.4168,,,,21.45216,73.42367,,10.88678,0.10754,37.13397,0.09656,21.80019,20.71243,0.0348
264.01,34.34427,24.282,17.71275,20.6878,20.82544,14.1446,22.21147,,,14.95148,,31.11297,44.08167,30.69668,1.38672,,,,21.44143,73.1697,,10.77875,0.10483,37.11524,0.09476,21.80225,20.6878,0.03472
265.01,34.27409,24.23301,17.706,20.66343,20.81233,14.15716,22.18073,,,14.75869,,31.10085,44.1746,30.36057,1.35714,,,,21.43089,72.91463,,10.67094,0.10224,37.09649,0.09302,21.80429,20.66343,0.03468
266.01,34.20381,24.18579,17.69958,20.63932,20.79942,14.16973,22.1502,,,14.56902,,31.08879,44.26583,30.03963,1.32805,,,,21.42054,72.65816,,10.56336,0.09975,37.07773,0.09134,21.80629,20.63932,0.03467
267.01,34.13344,24.14033,17.69349,20.61548,20.78669,14.18231,22.11989,,,14.38246,,31.07679,44.35532,29.73344,1.29945,,,,21.41039,72.39998,,10.45601,0.09736,37.05896,0.08972,21.80826,20.61548,0.0347
268.01,34.06298,24.09662,17.68771,20.59191,20.77415,14.19491,22.08981,,,14.19901,,31.06486,44.44303,29.44159,1.27134,,,,21.40044,72.13979,,10.34889,0.09506,37.0402,0.08815,21.81019,20.59191,0.03474
269.01,33.99241,24.05463,17.68225,20.56861,20.76182,14.20752,22.05996,,,14.01866,,31.053,44.52893,29.16369,1.24371,,,,21.39068,71.87733,,10.24202,0.09284,37.02146,0.08664,21.81209,20.56861,0.03481
270.01,33.92175,24.01434,17.67712,20.5456,20.74969,14.22014,22.03035,,,13.84142,,31.04122,44.61299,28.89935,1.21656,,,,21.38114,71.61237,,10.1354,0.09035,37.00274,0.08517,21.81394,20.5456,0.0349
271.01,33.85097,23.97571,17.6723,20.52287,20.73777,14.23277,22.00097,,,13.66729,,31.02951,44.69517,28.64822,1.18988,,,,21.3718,71.34475,,10.02904,0.08723,36.98405,0.08376,21.81575,20.52287,0.035
272.01,33.78007,23.93871,17.66781,20.50042,20.72606,14.24541,21.97184,,,13.49628,,31.01789,44.77545,28.40991,1.16367,,,,21.36267,71.07434,,9.92294,0.08356,36.96541,0.08239,21.81751,20.50042,0.03512
273.01,33.70905,23.90331,17.66363,20.47826,20.71458,14.25806,21.94294,,,13.3284,,31.00635,44.85378,28.18408,1.13793,,,,21.35376,70.80106,,9.81711,0.07954,36.94682,0.08107,21.81921,20.47826,0.03525
274.01,33.6379,23.86947,17.65976,20.45639,20.70331,14.27071,21.9143,,,13.16366,,30.9949,44.93015,27.97039,1.11264,,,,21.34506,70.52487,,9.71155,0.07537,36.92828,0.07979,21.82086,20.45639,0.03538
275.01,33.56663,23.83718,17.6562,20.43481,20.69226,14.28337,21.88591,,,13.00205,,30.98355,45.00452,27.7685,1.08781,,,,21.33657,70.24575,,9.60628,0.07119,36.90982,0.07855,21.82245,20.43481,0.03553
276.01,33.49524,23.80638,17.65295,20.41354,20.68144,14.29604,21.85777,,,12.84358,,30.9723,45.07686,27.5781,1.06343,,,,21.3283,69.96368,,9.5013,0.06714,36.89144,0.07736,21.82398,20.41354,0.03569
277.01,33.42374,23.77704,17.65001,20.39256,20.67085,14.3087,21.8299,,,12.68822,,30.96114,45.14714,27.39885,1.03949,,,,21.32025,69.67866,,9.39661,0.06334,36.87313,0.07621,21.82545,20.39256,0.03585
278.01,33.35212,23.74913,17.64737,20.37187,20.66049,14.32137,21.80227,,,12.53597,,30.95008,45.21533,27.23047,1.01599,,,,21.31241,69.3907,,9.29222,0.05992,36.85492,0.07509,21.82684,20.37187,0.03602
279.01,33.2804,23.72259,17.64504,20.35149,20.65038,14.33404,21.77491,,,12.38682,,30.93912,45.28141,27.07264,0.99293,,,,21.3048,69.09983,,9.18814,0.05688,36.83681,0.07402,21.82816,20.35149,0.03619
280.01,33.20859,23.69741,17.643,20.33141,20.64049,14.34672,21.74781,,,12.24075,,30.92828,45.34535,26.92507,0.9703,,,,21.2974,68.8061,,9.08438,0.05417,36.81881,0.07298,21.8294,20.33141,0.03637
281.01,33.13672,23.67353,17.64125,20.31162,20.63085,14.35938,21.72096,,,12.09776,,30.91755,45.40712,26.78748,0.9481,,,,21.29022,68.50963,,8.98093,0.05177,36.80092,0.07197,21.83056,20.31162,0.03656
282.01,33.0648,23.65092,17.6398,20.29215,20.62144,14.37205,21.69439,,,11.95783,,30.90692,45.46669,26.65959,0.92632,,,,21.28326,68.21059,,8.87782,0.04964,36.78316,0.071,21.83163,20.29215,0.03674
283.01,32.99287,23.62954,17.63863,20.27298,20.61228,14.3847,21.66807,,,11.82094,,30.89641,45.52405,26.54112,0.90495,,,,21.27651,67.90919,,8.77503,0.04775,36.76552,0.07006,21.83262,20.27298,0.03693
284.01,32.92096,23.60936,17.63775,20.25411,20.60336,14.39735,21.64202,,,11.68708,,30.88601,45.57917,26.43182,0.88399,,,,21.26998,67.60564,,8.67258,0.04607,36.74802,0.06916,21.83351,20.25411,0.03713
285.01,32.84909,23.59033,17.63715,20.23554,20.59469,14.41,21.61623,,,11.55621,,30.87573,45.63203,26.33142,0.86344,,,,21.26365,67.30017,,8.57048,0.04459,36.73067,0.06828,21.83431,20.23554,0.03733
286.01,32.7773,23.57242,17.63683,20.21728,20.58626,14.42263,21.59069,,,11.42833,,30.86557,45.68259,26.23966,0.84329,,,,21.25754,66.99297,,8.46874,0.04327,36.71346,0.06743,21.83501,20.21728,0.03753
287.01,32.70562,23.55559,17.63678,20.19932,20.57808,14.43525,21.56542,,,11.30339,,30.85553,45.73085,26.1563,0.82354,,,,21.25164,66.68416,,8.36734,0.04211,36.69641,0.06662,21.8356,20.19932,0.03773
288.01,32.63408,23.5398,17.637,20.18166,20.57014,14.44786,21.54041,,,11.18138,,30.84562,45.77678,26.08108,0.80418,,,,21.24595,66.37385,,8.26632,0.04108,36.67952,0.06583,21.83608,20.18166,0.03793
289.01,32.56274,23.52501,17.63748,20.16431,20.56244,14.46045,21.51566,,,11.06225,,30.83583,45.82037,26.01378,0.7852,,,,21.24046,66.06208,,8.16566,0.04017,36.6628,0.06507,21.83646,20.16431,0.03814
290.01,32.49161,23.51121,17.63823,20.14726,20.55499,14.47302,21.49116,,,10.94597,,30.82616,45.86159,25.95415,0.76661,,,,21.23516,65.74888,,8.06539,0.03937,36.64625,0.06433,21.83672,20.14726,0.03835
291.01,32.42074,23.49834,17.63923,20.13051,20.54778,14.48557,21.46691,,,10.83251,,30.81661,45.90042,25.90196,0.74839,,,,21.23006,65.43425,,7.9655,0.03866,36.62987,0.06362,21.83686,20.13051,0.03856
292.01,32.35014,23.48637,17.64049,20.11406,20.54082,14.49811,21.44292,,,10.72181,,30.80719,45.93685,25.85699,0.73054,,,,21.22516,65.11826,,7.86599,0.03804,36.61368,0.06293,21.83688,20.11406,0.03877
293.01,32.27985,23.47527,17.642,20.09791,20.5341,14.51062,21.41917,,,10.61384,,30.7979,45.97087,25.81901,0.71305,,,,21.22045,64.801,,7.76689,0.03749,36.59768,0.06227,21.83677,20.09791,0.03899
294.01,32.20991,23.46501,17.64376,20.08205,20.52762,14.52311,21.39566,,,10.50855,,30.78874,46.00245,25.7878,0.69593,,,,21.21592,64.48259,,7.66819,0.03702,36.58187,0.06163,21.83653,20.08205,0.03921
295.01,32.14036,23.45555,17.64575,20.06649,20.52137,14.53557,21.3724,,,10.40591,,30.77971,46.03158,25.76314,0.67916,,,,21.21157,64.16321,,7.5699,0.0366,36.56625,0.06101,21.83616,20.06649,0.03943
296.01,32.07123,23.44687,17.64798,20.05123,20.51536,14.548,21.34938,,,10.30585,,30.77081,46.05826,25.74482,0.66275,,,,21.20739,63.843,,7.47203,0.03624,36.55084,0.06041,21.83565,20.05123,0.03964
297.01,32.00257,23.43894,17.65045,20.03627,20.50959,14.5604,21.32659,,,10.20834,,30.76203,46.08246,25.73263,0.64667,,,,21.20338,63.52206,,7.37459,0.03593,36.53564,0.05983,21.835,20.03627,0.03987
298.01,31.93441,23.43172,17.65315,20.02159,20.50404,14.57278,21.30403,,,10.11333,,30.75339,46.10418,25.72636,0.63094,,,,21.19954,63.20043,,7.27757,0.03566,36.52064,0.05927,21.83421,20.02159,0.04009
299.01,31.8668,23.42519,17.65607,20.0072,20.49873,14.58512,21.28169,,,10.02075,,30.74488,46.12341,25.7258,0.61555,,,,21.19586,62.87804,,7.181,0.03542,36.50585,0.05874,21.83326,20.0072,0.04031
300.01,31.7998,23.41931,17.65921,19.99311,20.49364,14.59742,21.25958,,,9.93058,,30.7365,46.14013,25.73076,0.60048,,,,21.19234,62.55477,,7.08487,0.03523,36.49129,0.0582,21.83217,19.99311,0.04054
301.01,31.73345,23.41407,17.66257,19.9793,20.48878,14.60969,21.23768,,,9.84274,,30.72826,46.15434,25.74103,0.58574,,,,21.18896,62.23042,,6.98919,0.03506,36.47694,0.05748,21.83092,19.9793,0.04076
302.01,31.66782,23.40944,17.66613,19.96577,20.48412,14.62192,21.216,,,9.75721,,30.72015,46.16603,25.75641,0.57132,,,,21.18572,61.90485,,6.89398,0.03493,36.46282,0.05644,21.82951,19.96577,0.04099
303.01,31.60294,23.4054,17.66991,19.95253,20.47969,14.63411,21.19452,,,9.67392,,30.71217,46.17519,25.77671,0.55722,,,,21.18261,61.57796,,6.79923,0.03481,36.44893,0.05507,21.82794,19.95253,0.04122
304.01,31.53888,23.40192,17.67389,19.93957,20.47546,14.64626,21.17326,,,9.59283,,30.70432,46.18182,25.80173,0.54327,,,,21.17963,61.2498,,6.70495,0.03472,36.43527,0.05346,21.82621,19.93957,0.04145
305.01,31.47567,23.39897,17.67806,19.92689,20.47145,14.65837,21.1522,,,9.51387,,30.6966,46.18592,25.83128,0.52697,,,,21.17677,60.92049,,6.61116,0.03466,36.42183,0.05167,21.82431,19.92689,0.04168
306.01,31.41337,23.39654,17.68243,19.91448,20.46763,14.67043,21.13135,,,9.43701,,30.68902,46.18747,25.86518,0.50603,,,,21.17402,60.59019,,6.51785,0.0346,36.40864,0.04979,21.82223,19.91448,0.0419
307.01,31.35203,23.39459,17.68699,19.90235,20.46401,14.68245,21.11071,,,9.36218,,30.68157,46.18648,25.90323,0.48101,,,,21.17138,60.25901,,6.42504,0.03457,36.39568,0.04791,21.81998,19.90235,0.04213
308.01,31.29168,23.39312,17.69174,19.89049,20.46057,14.69442,21.09028,,,9.28935,,30.67425,46.18294,25.94525,0.45334,,,,21.16884,59.92697,,6.33274,0.03455,36.38296,0.04614,21.81755,19.89049,0.04236
309.01,31.23238,23.39211,17.69666,19.8789,20.45732,14.70633,21.07007,,,9.21847,,30.66707,46.17685,25.99106,0.42438,,,,21.16638,59.59399,,6.24094,0.03455,36.37049,0.04459,21.81494,19.8789,0.04259
310.01,31.17414,23.39153,17.70176,19.86758,20.45425,14.7182,21.05009,,,9.14947,,30.66001,46.16822,26.04047,0.39523,,,,21.16401,59.25998,,6.14967,0.03455,36.35826,0.04325,21.81215,19.86758,0.04282
311.01,31.11702,23.39136,17.70703,19.85652,20.45136,14.73001,21.03033,,,9.08231,,30.65308,46.15704,26.09331,0.36673,,,,21.1617,58.92504,,6.05892,0.03457,36.34627,0.0421,21.80917,19.85652,0.04305
312.01,31.06102,23.39159,17.71247,19.84572,20.44863,14.74177,21.0108,,,9.01694,,30.64629,46.14332,26.14939,0.33978,,,,21.15947,58.58964,,5.96871,0.0346,36.33453,0.0411,21.80599,19.84572,0.04327
313.01,31.00618,23.39219,17.71808,19.83518,20.44607,14.75348,20.99153,,,8.95331,,30.63962,46.12705,26.20854,0.31501,,,,21.15728,58.2547,,5.87904,0.03464,36.32304,0.04026,21.80262,19.83518,0.0435
314.01,30.95252,23.39316,17.72383,19.82489,20.44365,14.76512,20.97251,,,8.89137,,30.63309,46.10825,26.27058,0.29246,,,,21.15515,57.92158,,5.78992,0.03469,36.3118,0.03953,21.79906,19.82489,0.04372
315.01,30.90007,23.39448,17.72974,19.81486,20.44138,14.77671,20.95375,,,8.83107,,30.62669,46.08691,26.33535,0.27195,,,,21.15304,57.59189,,5.70135,0.03474,36.30082,0.03892,21.79529,19.81486,0.04394
316.01,30.84883,23.39613,17.7358,19.80509,20.43925,14.78824,20.93528,,,8.77237,,30.62041,46.06304,26.40267,0.2533,,,,21.15097,57.26728,,5.61335,0.0348,36.29008,0.0384,21.79133,19.80509,0.04416
317.01,30.79883,23.3981,17.74201,19.79556,20.43725,14.7997,20.91709,,,8.71522,,30.61426,46.03665,26.47238,0.23633,,,,21.1489,56.94929,,5.52592,0.03487,36.2796,0.03796,21.78715,19.79556,0.04438
318.01,30.75006,23.40037,17.74835,19.78628,20.43538,14.8111,20.89921,,,8.65957,,30.60823,46.00774,26.5443,0.2209,,,,21.14685,56.63925,,5.43908,0.03495,36.26936,0.0376,21.78277,19.78628,0.04459
319.01,30.70253,23.40293,17.75483,19.77723,20.43362,14.82244,20.88163,,,8.60536,,30.60234,45.97632,26.61827,0.20684,,,,21.14479,56.33823,,5.35282,0.03503,36.25939,0.03729,21.77818,19.77723,0.04481
320.01,30.65625,23.40576,17.76144,19.76843,20.43197,14.83371,20.86438,,,8.55257,,30.59657,45.94241,26.69413,0.19404,,,,21.14272,56.04708,,5.26716,0.03511,36.24967,0.03705,21.77338,19.76843,0.04501
321.01,30.61123,23.40886,17.76817,19.75987,20.43041,14.84491,20.84747,,,8.50113,,30.59093,45.906,26.77171,0.18237,,,,21.14062,55.76642,,5.1821,0.0352,36.2402,0.03685,21.76835,19.75987,0.04522
322.01,30.56745,23.41222,17.77503,19.75154,20.42895,14.85604,20.8309,,,8.45101,,30.58541,45.86711,26.85087,0.17172,,,,21.13847,55.49671,,5.09766,0.03529,36.23099,0.0367,21.76311,19.75154,0.04542
323.01,30.52494,23.41582,17.782,19.74345,20.42756,14.86709,20.8147,,,8.40216,,30.58001,45.82575,26.93143,0.16201,,,,21.13628,55.23824,,5.01383,0.03539,36.22204,0.03658,21.75765,19.74345,0.04562
324.01,30.48366,23.41965,17.78908,19.73558,20.42625,14.87808,20.79888,,,8.35454,,30.57474,45.78193,27.01325,0.15313,,,,21.13402,54.99117,,4.93063,0.03549,36.21334,0.03649,21.75197,19.73558,0.04581
325.01,30.44362,23.4237,17.79628,19.72794,20.42501,14.88899,20.78344,,,8.30809,,30.56958,45.73567,27.09618,0.14502,,,,21.13168,54.75556,,4.84807,0.0356,36.20489,0.03644,21.74606,19.72794,0.046
326.01,30.40481,23.42796,17.80358,19.72052,20.42381,14.89983,20.76839,,,8.26279,,30.56455,45.68698,27.18006,0.1376,,,,21.12925,54.53139,,4.76615,0.03571,36.1967,0.0364,21.73992,19.72052,0.04618
327.01,30.36721,23.43242,17.81097,19.71332,20.42266,14.91058,20.75375,,,8.21858,,30.55965,45.63587,27.26474,0.1308,,,,21.12673,54.31853,,4.68488,0.03582,36.18877,0.03639,21.73355,19.71332,0.04636
328.01,30.33082,23.43708,17.81846,19.70634,20.42153,14.92126,20.73954,,,8.17542,,30.55486,45.58235,27.35008,0.12457,,,,21.1241,54.11684,,4.60427,0.03593,36.18109,0.0364,21.72695,19.70634,0.04653
329.01,30.29564,23.44192,17.82604,19.69958,20.42043,14.93186,20.72575,,,8.13328,,30.55019,45.52645,27.43594,0.11886,,,,21.12137,53.9261,,4.52433,0.03604,36.17367,0.03643,21.72012,19.69958,0.0467
330.01,30.26163,23.44693,17.83371,19.69303,20.41933,14.94238,20.71239,,,8.0921,,30.54564,45.46817,27.52218,0.11361,,,,21.11854,53.74606,,4.44506,0.03616,36.1665,0.03646,21.71305,19.69303,0.04686
331.01,30.22878,23.45212,17.84146,19.68669,20.41824,14.95281,20.69947,,,8.05186,,30.54121,45.40754,27.60865,0.10879,,,,21.11561,53.57646,,4.36648,0.03628,36.15959,0.03652,21.70574,19.68669,0.04701
332.01,30.19708,23.45746,17.84928,19.68055,20.41712,14.96316,20.68701,,,8.0125,,30.53689,45.34458,27.69523,0.10435,,,,21.1126,53.41697,,4.28858,0.0364,36.15292,0.03658,21.69818,19.68055,0.04715
333.01,30.16651,23.46295,17.85718,19.67462,20.41598,14.97342,20.67499,,,7.974,,30.53269,45.27929,27.78177,0.10026,,,,21.10951,53.26728,,4.21138,0.03652,36.14651,0.03665,21.69039,19.67462,0.04713
334.01,30.13705,23.4686,17.86515,19.66889,20.4148,14.9836,20.66343,,,7.93631,,30.5286,45.2117,27.86815,0.09649,,,,21.10633,53.12705,,4.13488,0.03665,36.14036,0.03673,21.68235,19.66889,0.0468
335.01,30.10869,23.47438,17.87318,19.66336,20.41356,14.99368,20.65233,,,7.89939,,30.52463,45.14182,27.95424,0.09301,,,,21.10308,52.99592,,4.05909,0.03677,36.13445,0.03682,21.67406,19.66336,0.04609
336.01,30.0814,23.4803,17.88127,19.65803,20.41227,15.00368,20.64169,,,7.86321,,30.52077,45.06969,28.03991,0.08978,,,,21.09975,52.87354,,3.98402,0.03689,36.1288,0.03692,21.66553,19.65803,0.04506
337.01,30.05516,23.48635,17.88941,19.65289,20.41093,15.01358,20.63152,,,7.82773,,30.51702,44.99531,28.12504,0.0868,,,,21.09634,52.75954,,3.90967,0.03702,36.12339,0.03702,21.65675,19.65289,0.04379
338.01,30.02996,23.49252,17.89761,19.64794,20.40953,15.02339,20.62181,,,7.79291,,30.51339,44.91871,28.20952,0.08403,,,,21.09285,52.65355,,3.83606,0.03714,36.11824,0.03713,21.64771,19.64794,0.04239
339.01,30.00576,23.4988,17.90585,19.64318,20.40809,15.0331,20.61255,,,7.75871,,30.50986,44.83991,28.29322,0.08147,,,,21.08927,52.5552,,3.76319,0.03727,36.11333,0.03724,21.63842,19.64318,0.04098
340.01,29.98254,23.50519,17.91414,19.6386,20.40661,15.04272,20.60376,,,7.72511,,30.50644,44.75894,28.37604,0.07908,,,,21.08559,52.46413,,3.69105,0.03739,36.10867,0.03736,21.62888,19.6386,0.03968
341.01,29.9603,23.5117,17.92246,19.6342,20.40509,15.05224,20.59542,,,7.69206,,30.50313,44.6758,28.45785,0.07685,,,,21.0818,52.37996,,3.61968,0.03751,36.10426,0.03748,21.61908,19.6342,0.03857
342.01,29.939,23.5183,17.93081,19.62999,20.40354,15.06165,20.58754,,,7.65954,,30.49993,44.59053,28.53856,0.07478,,,,21.07789,52.30233,,3.54905,0.03763,36.10009,0.03761,21.60902,19.62999,0.03765
343.01,29.91863,23.52501,17.9392,19.62595,20.40197,15.07097,20.58012,,,7.6275,,30.49684,44.50315,28.61806,0.07284,,,,21.07385,52.23089,,3.4792,0.03776,36.09616,0.03774,21.5987,19.62595,0.03689
344.01,29.89915,23.53181,17.94761,19.62208,20.40037,15.08018,20.57313,,,7.59591,,30.49384,44.41369,28.69624,0.07103,,,,21.06966,52.16529,,3.41011,0.03788,36.09248,0.03787,21.58813,19.62208,0.03627
345.01,29.88055,23.5387,17.95605,19.61839,20.39874,15.08929,20.56659,,,7.56475,,30.49095,44.32216,28.77301,0.06934,,,,21.06531,52.10518,,3.34179,0.03799,36.08903,0.038,21.57729,19.61839,0.03576
346.01,29.8628,23.54567,17.9645,19.61486,20.39708,15.0983,20.56048,,,7.53397,,30.48817,44.22859,28.84827,0.06775,,,,21.06078,52.05022,,3.27426,0.03811,36.08583,0.03814,21.56618,19.61486,0.03536
347.01,29.84589,23.55272,17.97296,19.6115,20.39537,15.10719,20.5548,,,7.50355,,30.48549,44.13301,28.92193,0.06625,,,,21.05607,52.00009,,3.20751,0.03823,36.08287,0.03828,21.55481,19.6115,0.03504
348.01,29.82978,23.55986,17.98143,19.6083,20.39362,15.11598,20.54955,,,7.47346,,30.48291,44.03544,28.9939,0.06484,,,,21.05115,51.95446,,3.14155,0.03834,36.08015,0.03842,21.54318,19.6083,0.03479
349.01,29.81447,23.56707,17.9899,19.60526,20.3918,15.12465,20.54472,,,7.44366,,30.48043,43.93591,29.0641,0.06352,,,,21.046,51.91304,,3.07639,0.03845,36.07766,0.03857,21.53128,19.60526,0.03461
350.01,29.79993,23.57435,17.99838,19.60238,20.38992,15.13321,20.54029,,,7.41413,,30.47805,43.83443,29.13243,0.06227,,,,21.04062,51.87553,,3.01203,0.03856,36.0754,0.03871,21.51911,19.60238,0.03448
351.01,29.78612,23.5817,18.00686,19.59965,20.38796,15.14165,20.53627,,,7.38483,,30.47576,43.73105,29.19883,0.06109,,,,21.03499,51.84163,,2.94847,0.03866,36.07337,0.03886,21.50667,19.59965,0.0344
352.01,29.77304,23.58911,18.01532,19.59707,20.3859,15.14998,20.53264,,,7.35574,,30.47357,43.62578,29.26321,0.05997,,,,21.02909,51.81107,,2.88573,0.03877,36.07158,0.03901,21.49396,19.59707,0.03436
353.01,29.76066,23.59659,18.02378,19.59465,20.38372,15.15819,20.5294,,,7.32683,,30.47148,43.51865,29.3255,0.05891,,,,21.0229,51.78359,,2.82379,0.03887,36.07002,0.03916,21.48097,19.59465,0.03435
354.01,29.74896,23.60412,18.03221,19.59236,20.38142,15.16628,20.52654,,,7.29807,,30.46949,43.40969,29.38563,0.05791,,,,21.01641,51.75893,,2.76267,0.03896,36.06868,0.03931,21.46772,19.59236,0.03437
355.01,29.73793,23.61172,18.04063,19.59023,20.37897,15.17424,20.52406,,,7.26943,,30.46759,43.29892,29.44354,0.05695,,,,21.0096,51.73685,,2.70237,0.03906,36.06757,0.03947,21.45419,19.59023,0.03441
356.01,29.72754,23.61937,18.04903,19.58823,20.37637,15.18208,20.52194,,,7.24088,,30.46578,43.18637,29.49915,0.05605,,,,21.00246,51.71712,,2.64289,0.03914,36.06669,0.03962,21.44039,19.58823,0.03448
357.01,29.71778,23.62708,18.0574,19.58637,20.3736,15.18978,20.52019,,,7.21241,,30.46406,43.07207,29.55242,0.05518,,,,20.99498,51.69952,,2.58423,0.03914,36.06602,0.03978,21.42631,19.58637,0.03457
358.01,29.70861,23.63483,18.06574,19.58465,20.37063,15.19736,20.51878,,,7.18398,,30.46243,42.95604,29.60327,0.05436,,,,20.98713,51.68383,,2.5264,0.03891,36.06558,0.03994,21.41196,19.58465,0.03467
359.01,29.70002,23.64263,18.07404,19.58305,20.36746,15.20481,20.51771,,,7.15556,,30.4609,42.83832,29.65166,0.05357,,,,20.9789,51.66987,,2.46941,0.0384,36.06536,0.0401,21.39733,19.58305,0.03478
360.01,29.692,23.65048,18.08231,19.58159,20.36406,15.21212,20.51698,,,7.12714,,30.45945,42.71893,29.69754,0.05282,,,,20.97028,51.65744,,2.41324,0.03764,36.06535,0.04025,21.38243,19.58159,0.03491
361.01,29.68453,23.65838,18.09053,19.58025,20.36042,15.21929,20.51658,,,7.0987,,30.4581,42.5979,29.74085,0.0521,,,,20.96125,51.64637,,2.3579,0.03669,36.06556,0.04041,21.36725,19.58025,0.03505
362.01,29.67759,23.66632,18.09871,19.57904,20.35652,15.22632,20.5165,,,7.0702,,30.45683,42.47525,29.78155,0.05141,,,,20.95179,51.63648,,2.3034,0.03563,36.06599,0.04057,21.35179,19.57904,0.03519
363.01,29.67117,23.6743,18.10684,19.57795,20.35235,15.23321,20.51673,,,7.04162,,30.45565,42.35102,29.81961,0.05075,,,,20.9419,51.62762,,2.24974,0.03454,36.06662,0.04073,21.33605,19.57795,0.03535
364.01,29.66523,23.68232,18.11491,19.57698,20.34789,15.23995,20.51727,,,7.01294,,30.45455,42.22523,29.85497,0.05012,,,,20.93155,51.61964,,2.19691,0.03352,36.06747,0.04089,21.32003,19.57698,0.03551
365.01,29.65978,23.69038,18.12293,19.57613,20.34312,15.24655,20.51811,,,6.98414,,30.45354,42.09791,29.88761,0.04951,,,,20.92074,51.61241,,2.14491,0.03265,36.06852,0.04105,21.30373,19.57613,0.03568
366.01,29.65478,23.69847,18.13089,19.57539,20.33803,15.25299,20.51923,,,6.9552,,30.45261,41.96909,29.91749,0.04893,,,,20.90945,51.60578,,2.09375,0.03193,36.06978,0.04121,21.28716,19.57539,0.03585
367.01,29.65023,23.7066,18.13879,19.57476,20.3326,15.25927,20.52065,,,6.9261,,30.45177,41.8388,29.94458,0.04837,,,,20.89766,51.59965,,2.04343,0.03134,36.07124,0.04137,21.2703,19.57476,0.03603
368.01,29.64612,23.71477,18.14661,19.57425,20.32681,15.26539,20.52234,,,6.89682,,30.45101,41.70706,29.96885,0.04783,,,,20.88537,51.59388,,1.99393,0.03087,36.07291,0.04152,21.25316,19.57425,0.03621
369.01,29.64242,23.72297,18.15437,19.57384,20.32066,15.27135,20.5243,,,6.86733,,30.45034,41.5739,29.99028,0.04731,,,,20.87255,51.58839,,1.94528,0.03049,36.07478,0.04168,21.23574,19.57384,0.0364
370.01,29.63913,23.7312,18.16205,19.57355,20.31411,15.27714,20.52653,,,6.83763,,30.44974,41.43936,30.00885,0.0468,,,,20.85921,51.58306,,1.89745,0.0302,36.07685,0.04183,21.21803,19.57355,0.03659
371.01,29.63622,23.73947,18.16965,19.57335,20.30717,15.28276,20.52901,,,6.80769,,30.44922,41.30345,30.02454,0.04632,,,,20.84531,51.57781,,1.85046,0.02998,36.07911,0.04199,21.20005,19.57335,0.03678
372.01,29.63368,23.74776,18.17718,19.57327,20.29981,15.2882,20.53175,,,6.77749,,30.44878,41.16621,30.03732,0.04586,,,,20.83086,51.57255,,1.80429,0.02981,36.08157,0.04214,21.18178,19.57327,0.03698
373.01,29.63151,23.75608,18.18461,19.57329,20.29202,15.29346,20.53473,,,6.74703,,30.44841,41.02767,30.04719,0.04541,,,,20.81584,51.5672,,1.75895,0.0297,36.08423,0.04229,21.16323,19.57329,0.03718
374.01,29.62968,23.76443,18.19196,19.57342,20.28377,15.29854,20.53795,,,6.71628,,30.44813,40.88785,30.05414,0.04497,,,,20.80023,51.56168,,1.71443,0.02963,36.08707,0.04243,21.14439,19.57342,0.03738
375.01,29.62819,23.77281,18.19922,19.57365,20.27507,15.30342,20.54141,,,6.68522,,30.44792,40.74679,30.05815,0.04456,,,,20.78404,51.55593,,1.67073,0.0296,36.09011,0.04258,21.12527,19.57365,0.03759
376.01,29.62703,23.78122,18.20638,19.574,20.26589,15.3081,20.54509,,,6.65385,,30.44779,40.6045,30.05923,0.04415,,,,20.76723,51.54987,,1.62785,0.0296,36.09332,0.04272,21.10587,19.574,0.03779
377.01,29.62618,23.78965,18.21345,19.57444,20.25622,15.31259,20.549,,,6.62215,,30.44773,40.46102,30.05736,0.04376,,,,20.74981,51.54346,,1.58578,0.02962,36.09673,0.04286,21.08619,19.57444,0.038
378.01,29.62562,23.79811,18.22041,19.575,20.24604,15.31686,20.55313,,,6.59011,,30.44774,40.31637,30.05254,0.04339,,,,20.73177,51.53664,,1.54452,0.02967,36.10031,0.04299,21.06622,19.575,0.03821
379.01,29.62536,23.80659,18.22727,19.57566,20.23535,15.32092,20.55747,,,6.5577,,30.44783,40.17059,30.04478,0.04302,,,,20.71309,51.52936,,1.50407,0.02973,36.10408,0.04312,21.04597,19.57566,0.03842
380.01,29.62537,23.8151,18.23402,19.57643,20.22412,15.32476,20.56201,,,6.52493,,30.44799,40.02369,30.03408,0.04267,,,,20.69377,51.52156,,1.46441,0.02981,36.10802,0.04325,21.02543,19.57643,0.03864
381.01,29.62565,23.82362,18.24066,19.57732,20.21235,15.32836,20.56676,,,6.49179,,30.44822,39.87571,30.02044,0.04233,,,,20.67378,51.51321,,1.42556,0.0299,36.11215,0.04338,21.00462,19.57732,0.03885
382.01,29.6262,23.83217,18.24719,19.57831,20.20002,15.33173,20.57171,,,6.45825,,30.44852,39.72668,30.00387,0.04201,,,,20.65313,51.50427,,1.38749,0.03001,36.11644,0.0435,20.98352,19.57831,0.03907
383.01,29.62699,23.84075,18.2536,19.57942,20.18713,15.33485,20.57685,,,6.42431,,30.44889,39.57661,29.98438,0.04169,,,,20.63181,51.49469,,1.3502,0.03012,36.1209,0.04361,20.96213,19.57942,0.03929
384.01,29.62802,23.84934,18.25989,19.58063,20.17365,15.33771,20.58218,,,6.38997,,30.44933,39.42554,29.96197,0.04138,,,,20.6098,51.48446,,1.3137,0.03024,36.12553,0.04372,20.94046,19.58063,0.03951
385.01,29.62928,23.85796,18.26605,19.58196,20.15957,15.3403,20.58769,,,6.3552,,30.44983,39.27349,29.93667,0.04109,,,,20.5871,51.47352,,1.27797,0.03037,36.13033,0.04383,20.91851,19.58196,0.03973
386.01,29.63076,23.86659,18.27209,19.58341,20.14489,15.34262,20.59338,,,6.32002,,30.45041,39.12049,29.90849,0.0408,,,,20.5637,51.46187,,1.243,0.0305,36.13529,0.04393,20.89628,19.58341,0.03996
387.01,29.63245,23.87524,18.278,19.58496,20.1296,15.34464,20.59924,,,6.2844,,30.45105,38.96657,29.87744,0.04053,,,,20.53959,51.44945,,1.2088,0.03064,36.14042,0.04402,20.87376,19.58496,0.04018
388.01,29.63435,23.88391,18.28378,19.58664,20.11367,15.34637,20.60528,,,6.24835,,30.45175,38.81175,29.84355,0.04026,,,,20.51476,51.43626,,1.17535,0.03078,36.1457,0.04398,20.85097,19.58664,0.04041
389.01,29.63645,23.89261,18.28942,19.58843,20.09711,15.34777,20.61149,,,6.21185,,30.45252,38.65605,29.80682,0.04001,,,,20.48921,51.42227,,1.14264,0.03093,36.15114,0.04364,20.82789,19.58843,0.04063
390.01,29.63874,23.90132,18.29493,19.59033,20.07989,15.34885,20.61785,,,6.17491,,30.45335,38.49951,29.7673,0.03976,,,,20.46292,51.40746,,1.11067,0.03108,36.15673,0.04297,20.80453,19.59033,0.04086
391.01,29.64122,23.91004,18.30029,19.59235,20.06202,15.34957,20.62438,,,6.13751,,30.45425,38.34214,29.72498,0.03952,,,,20.43589,51.39181,,1.07944,0.03123,36.16247,0.042,20.78088,19.59235,0.04109
392.01,29.64386,23.91879,18.30551,19.59448,20.04347,15.34994,20.63106,,,6.09966,,30.4552,38.18398,29.67991,0.03919,,,,20.40812,51.3753,,1.04893,0.03138,36.16836,0.04084,20.75696,19.59448,0.04132
393.01,29.64668,23.92755,18.31059,19.59673,20.02425,15.34991,20.63789,,,6.06135,,30.45622,38.02504,29.6321,0.03864,,,,20.3796,51.35791,,1.01913,0.03154,36.1744,0.03956,20.73275,19.59673,0.04155
394.01,29.64965,23.93633,18.31551,19.59909,20.00433,15.34949,20.64487,,,6.02258,,30.4573,37.86535,29.58159,0.03786,,,,20.35031,51.33963,,0.99004,0.03169,36.18058,0.03825,20.70827,19.59909,0.04178
395.01,29.65279,23.94512,18.32029,19.60156,19.98372,15.34863,20.65199,,,5.98335,,30.45844,37.70494,29.5284,0.03688,,,,20.32026,51.32044,,0.96164,0.03185,36.1869,0.03705,20.6835,19.60156,0.042
396.01,29.65608,23.95393,18.32491,19.60415,19.9624,15.34733,20.65926,,,5.94366,,30.45964,37.54383,29.47256,0.03578,,,,20.28943,51.30034,,0.93394,0.03201,36.19336,0.03603,20.65846,19.60415,0.04223
397.01,29.65951,23.96276,18.32937,19.60684,19.94036,15.34554,20.66666,,,5.9035,,30.4609,37.38205,29.4141,0.03461,,,,20.25782,51.2793,,0.90692,0.03217,36.19995,0.03518,20.63313,19.60684,0.04246
398.01,29.66307,23.9716,18.33368,19.60964,19.9176,15.34326,20.6742,,,5.86289,,30.46221,37.21961,29.35305,0.03343,,,,20.22543,51.25732,,0.88057,0.03233,36.20667,0.03448,20.60752,19.60964,0.04269
399.01,29.66677,23.98046,18.33782,19.61256,19.8941,15.34043,20.68187,,,5.82181,,30.46358,37.05654,29.28945,0.03232,,,,20.19226,51.23439,,0.85488,0.03249,36.21352,0.0339,20.58164,19.61256,0.04291
400.01,29.67059,23.98933,18.3418,19.61557,19.86986,15.33704,20.68967,,,5.78028,,30.46501,36.89287,29.22333,0.03135,,,,20.15828,51.2105,,0.82984,0.03266,36.22051,0.03344,20.55547,19.61557,0.04314
401.01,29.67454,23.99821,18.34561,19.6187,19.84487,15.33304,20.69759,,,5.73829,,30.4665,36.72861,29.15471,0.03053,,,,20.12351,51.18563,,0.80545,0.03282,36.22761,0.03307,20.52903,19.6187,0.04336
402.01,29.67861,24.00712,18.34925,19.62192,19.81913,15.3284,20.70564,,,5.69585,,30.46804,36.5638,29.08365,0.02984,,,,20.08793,51.15978,,0.7817,0.03299,36.23484,0.03278,20.5023,19.62192,0.04358
403.01,29.68279,24.01604,18.35272,19.62525,19.79262,15.32307,20.71381,,,5.65296,,30.46963,36.39845,29.01017,0.02927,,,,20.05154,51.13294,,0.75856,0.03315,36.24218,0.03255,20.4753,19.62525,0.0438
404.01,29.68708,24.02497,18.35601,19.62867,19.76534,15.31702,20.72209,,,5.60962,,30.47127,36.23258,28.93431,0.02879,,,,20.01434,51.10512,,0.73604,0.03332,36.24964,0.03239,20.44802,19.62867,0.04402
405.01,29.69147,24.03391,18.35913,19.63219,19.73728,15.3102,20.73049,,,5.56585,,30.47297,36.06623,28.85611,0.02839,,,,19.97632,51.0763,,0.71413,0.03348,36.25721,0.03227,20.42047,19.63219,0.04424
406.01,29.69596,24.04287,18.36207,19.6358,19.70843,15.30256,20.73899,,,5.52164,,30.47472,35.89939,28.7756,0.02807,,,,19.93748,51.04647,,0.6928,0.03365,36.26489,0.0322,20.39263,19.6358,0.04445
407.01,29.70054,24.05184,18.36483,19.63951,19.6788,15.29405,20.74761,,,5.47699,,30.47652,35.73211,28.69283,0.02781,,,,19.89782,51.01563,,0.67207,0.03382,36.27268,0.03217,20.36453,19.63951,0.04466
408.01,29.70522,24.06083,18.3674,19.6433,19.64836,15.28463,20.75634,,,5.43193,,30.47838,35.56441,28.60783,0.0276,,,,19.85733,50.98378,,0.6519,0.03399,36.28057,0.03216,20.33614,19.6433,0.04486
409.01,29.70998,24.06984,18.36979,19.64718,19.61713,15.27423,20.76517,,,5.38644,,30.48028,35.39629,28.52065,0.02744,,,,19.81601,50.95092,,0.6323,0.03416,36.28855,0.03218,20.30749,19.64718,0.04506
410.01,29.71483,24.07886,18.37199,19.65114,19.58508,15.26282,20.7741,,,5.34054,,30.48223,35.22779,28.43132,0.02731,,,,19.77385,50.91704,,0.61325,0.03433,36.29664,0.03223,20.27855,19.65114,0.04526
411.01,29.71976,24.08788,18.37401,19.65518,19.55222,15.25034,20.78313,,,5.29425,,30.48423,35.05892,28.33988,0.02722,,,,19.73086,50.88214,,0.59474,0.0345,36.30481,0.03229,20.24935,19.65518,0.04545
412.01,29.72476,24.09693,18.37583,19.6593,19.51854,15.23674,20.79225,,,5.24756,,30.48627,34.88971,28.24638,0.02716,,,,19.68703,50.84623,,0.57676,0.03467,36.31308,0.03237,20.21987,19.6593,0.04564
413.01,29.72983,24.10598,18.37745,19.66349,19.48404,15.22196,20.80147,,,5.20048,,30.48837,34.72017,28.15085,0.02712,,,,19.64236,50.80929,,0.5593,0.03484,36.32143,0.03246,20.19012,19.66349,0.04583
414.01,29.73498,24.11505,18.37888,19.66776,19.4487,15.20597,20.81079,,,5.15303,,30.49051,34.55032,28.05334,0.0271,,,,19.59684,50.77133,,0.54236,0.03501,36.32987,0.03257,20.16009,19.66776,0.046
415.01,29.7402,24.12413,18.38011,19.6721,19.41254,15.1887,20.8202,,,5.10522,,30.49269,34.38019,27.9539,0.0271,,,,19.55048,50.73236,,0.52591,0.03518,36.33838,0.03269,20.1298,19.6721,0.04618
416.01,29.74548,24.13323,18.38114,19.67651,19.37553,15.17012,20.82969,,,5.05705,,30.49492,34.20979,27.85255,0.02712,,,,19.50328,50.69237,,0.50995,0.03535,36.34697,0.03281,20.09924,19.67651,0.04634
417.01,29.75082,24.14234,18.38197,19.68098,19.33769,15.15017,20.83927,,,5.00854,,30.49719,34.03913,27.74934,0.02714,,,,19.45523,50.65136,,0.49447,0.03552,36.35563,0.03295,20.0684,19.68098,0.0465
418.01,29.75622,24.15145,18.38259,19.68551,19.29899,15.12882,20.84894,,,4.9597,,30.49951,33.86825,27.64432,0.02718,,,,19.40634,50.60935,,0.47946,0.03569,36.36436,0.03309,20.0373,19.68551,0.04666
419.01,29.76168,24.16058,18.38301,19.69011,19.25945,15.10602,20.85868,,,4.91054,,30.50187,33.69716,27.53753,0.02723,,,,19.3566,50.56632,,0.4649,0.03586,36.37315,0.03323,20.00593,19.69011,0.0468
420.01,29.76719,24.16973,18.38322,19.69476,19.21906,15.08173,20.86851,,,4.86107,,30.50427,33.52587,27.42901,0.02728,,,,19.30601,50.52229,,0.45079,0.03603,36.382,0.03338,19.97429,19.69476,0.04681
421.01,29.77275,24.17888,18.38322,19.69946,19.17782,15.05591,20.87841,,,4.81131,,30.50672,33.35441,27.3188,0.02735,,,,19.25457,50.47726,,0.43712,0.0362,36.39091,0.03354,19.94239,19.69946,0.0465
422.01,29.77836,24.18805,18.383,19.70422,19.13571,15.02853,20.88839,,,4.76128,,30.5092,33.18278,27.20694,0.02742,,,,19.20228,50.43124,,0.42387,0.03636,36.39988,0.0337,19.91022,19.70422,0.04582
423.01,29.78403,24.19724,18.38257,19.70903,19.09275,14.99955,20.89844,,,4.71097,,30.51172,33.01102,27.09347,0.02749,,,,19.14915,50.38422,,0.41103,0.03653,36.40889,0.03386,19.87778,19.70903,0.04482
424.01,29.78973,24.20643,18.38193,19.71388,19.04893,14.96895,20.90857,,,4.66041,,30.51428,32.83913,26.97845,0.02757,,,,19.09517,50.33623,,0.39861,0.0367,36.41794,0.03403,19.84509,19.71388,0.04357
425.01,29.79548,24.21563,18.38107,19.71878,19.00424,14.9367,20.91876,,,4.60962,,30.51688,32.66713,26.8619,0.02765,,,,19.04034,50.28726,,0.38657,0.03686,36.42704,0.0342,19.81212,19.71878,0.04219
426.01,29.80127,24.22484,18.37999,19.72372,18.95869,14.90278,20.92903,,,4.5586,,30.51952,32.49504,26.74388,0.02773,,,,18.98467,50.23733,,0.37492,0.03702,36.43618,0.03437,19.7789,19.72372,0.04079
427.01,29.8071,24.23407,18.37869,19.7287,18.91228,14.86716,20.93936,,,4.50738,,30.52219,32.32287,26.62441,0.02782,,,,18.92816,50.18644,,0.36365,0.03719,36.44535,0.03454,19.74541,19.7287,0.03949
428.01,29.81297,24.24331,18.37716,19.73372,18.865,14.82985,20.94975,,,4.45596,,30.52491,32.15065,26.50355,0.02791,,,,18.8708,50.13459,,0.35274,0.03735,36.45455,0.03472,19.71166,19.73372,0.03838
429.01,29.81888,24.25256,18.37541,19.73878,18.81685,14.79082,20.96021,,,4.40437,,30.52765,31.97838,26.38134,0.028,,,,18.81261,50.08181,,0.34218,0.0375,36.46377,0.0349,19.67765,19.73878,0.03745
430.01,29.82482,24.26182,18.37344,19.74386,18.76783,14.75007,20.97073,,,4.35261,,30.53044,31.80608,26.25781,0.02809,,,,18.75358,50.0281,,0.33197,0.03766,36.47301,0.03508,19.64339,19.74386,0.03669
431.01,29.83079,24.27109,18.37124,19.74898,18.71795,14.7076,20.98131,,,4.30071,,30.53325,31.63377,26.133,0.02819,,,,18.69372,49.97347,,0.3221,0.03781,36.48227,0.03526,19.60886,19.74898,0.03607
432.01,29.83679,24.28037,18.36881,19.75412,18.66719,14.66342,20.99194,,,4.24868,,30.53611,31.46146,26.00696,0.02829,,,,18.63303,49.91793,,0.31255,0.03797,36.49154,0.03544,19.57407,19.75412,0.03556
433.01,29.84283,24.28966,18.36615,19.75929,18.61557,14.61752,21.00264,,,4.19653,,30.53899,31.28917,25.87973,0.02838,,,,18.57152,49.86149,,0.30332,0.03811,36.50083,0.03562,19.53903,19.75929,0.03515
434.01,29.84889,24.29896,18.36326,19.76448,18.56309,14.56992,21.01339,,,4.14429,,30.54191,31.11691,25.75133,0.02848,,,,18.50918,49.80417,,0.2944,0.03826,36.51011,0.03581,19.50373,19.76448,0.03483
435.01,29.85498,24.30828,18.36014,19.7697,18.50973,14.52062,21.02419,,,4.09197,,30.54486,30.94469,25.62183,0.02858,,,,18.44603,49.74598,,0.28578,0.0384,36.5194,0.03599,19.46818,19.7697,0.03459
436.01,29.8611,24.3176,18.35678,19.77493,18.45552,14.46965,21.03504,,,4.03959,,30.54785,30.77253,25.49124,0.02868,,,,18.38206,49.68693,,0.27744,0.03854,36.52868,0.03618,19.43237,19.77493,0.0344
437.01,29.86724,24.32694,18.35319,19.78018,18.40044,14.41703,21.04594,,,3.98716,,30.55086,30.60044,25.35961,0.02878,,,,18.31729,49.62703,,0.26939,0.03868,36.53795,0.03637,19.39631,19.78018,0.03427
438.01,29.8734,24.33628,18.34936,19.78544,18.34451,14.36277,21.05689,,,3.93469,,30.5539,30.42844,25.22698,0.02888,,,,18.25172,49.56631,,0.26161,0.03881,36.54721,0.03656,19.35999,19.78544,0.03419
439.01,29.87959,24.34564,18.34529,19.79072,18.28772,14.30692,21.06789,,,3.88222,,30.55697,30.25653,25.09338,0.02899,,,,18.18535,49.50477,,0.25409,0.03894,36.55645,0.03675,19.32342,19.79072,0.03415
440.01,29.88579,24.35501,18.34098,19.79601,18.23008,14.24948,21.07893,,,3.82974,,30.56008,30.08474,24.95886,0.02909,,,,18.11819,49.44243,,0.24683,0.03907,36.56567,0.03695,19.2866,19.79601,0.03414
441.01,29.89202,24.36439,18.33643,19.80131,18.17158,14.19048,21.09001,,,3.77729,,30.56321,29.91307,24.82344,0.02919,,,,18.05024,49.3793,,0.23982,0.03919,36.57486,0.03714,19.24953,19.80131,0.03416
442.01,29.89827,24.37378,18.33164,19.80662,18.11224,14.12995,21.10114,,,3.72487,,30.56637,29.74153,24.68717,0.0293,,,,17.98152,49.31541,,0.23305,0.03931,36.58402,0.03733,19.21221,19.80662,0.0342
443.01,29.90454,24.38318,18.32661,19.81193,18.05206,14.0679,21.11231,,,3.67251,,30.56955,29.57015,24.55007,0.0294,,,,17.91203,49.25076,,0.22651,0.03942,36.59314,0.03753,19.17465,19.81193,0.03427
444.01,29.91082,24.39259,18.32134,19.81725,17.99105,14.00433,21.12352,,,3.62022,,30.57276,29.39892,24.41219,0.02951,,,,17.84178,49.18538,,0.2202,0.03946,36.60222,0.03772,19.13683,19.81725,0.03436
445.01,29.91712,24.402,18.31582,19.82256,17.9292,13.93925,21.13476,,,3.56801,,30.576,29.22787,24.27356,0.02961,,,,17.77077,49.11928,,0.2141,0.03927,36.61125,0.03792,19.09876,19.82256,0.03446
446.01,29.92343,24.41143,18.31005,19.82788,17.86652,13.87265,21.14604,,,3.51591,,30.57926,29.05699,24.13421,0.02972,,,,17.69901,49.05248,,0.20821,0.0388,36.62023,0.03811,19.06045,19.82788,0.03457
447.01,29.92976,24.42087,18.30403,19.83319,17.80302,13.80454,21.15736,,,3.46392,,30.58255,28.88631,23.99417,0.02982,,,,17.62651,48.985,,0.20253,0.03807,36.62916,0.03831,19.02189,19.83319,0.0347
448.01,29.9361,24.43032,18.29777,19.8385,17.7387,13.73491,21.16872,,,3.41207,,30.58586,28.71584,23.85348,0.02993,,,,17.55328,48.91684,,0.19704,0.03714,36.63803,0.0385,18.98309,19.8385,0.03484
449.01,29.94246,24.43978,18.29126,19.8438,17.67358,13.66375,21.1801,,,3.36038,,30.58919,28.54558,23.71217,0.03004,,,,17.47933,48.84804,,0.19175,0.03609,36.64683,0.0387,18.94404,19.8438,0.03498
450.01,29.94883,24.44925,18.28449,19.8491,17.60765,13.59106,21.19152,,,3.30885,,30.59254,28.37554,23.57028,0.03014,,,,17.40467,48.77862,,0.18663,0.03499,36.65555,0.0389,18.90475,19.8491,0.03514
451.01,29.9552,24.45872,18.27748,19.85438,17.54092,13.5168,21.20297,,,3.2575,,30.59592,28.20574,23.42783,0.03025,,,,17.3293,48.70858,,0.1817,0.03396,36.66421,0.03909,18.86521,19.85438,0.0353
452.01,29.96159,24.46821,18.27021,19.85965,17.47341,13.44095,21.21445,,,3.20636,,30.59932,28.03618,23.28485,0.03036,,,,17.25324,48.63795,,0.17693,0.03307,36.67278,0.03929,18.82543,19.85965,0.03547
453.01,29.96799,24.4777,18.26269,19.86492,17.40511,13.36346,21.22595,,,3.15543,,30.60274,27.86688,23.14138,0.03046,,,,17.1765,48.56675,,0.17233,0.03234,36.68127,0.03948,18.78542,19.86492,0.03564
454.01,29.9744,24.48721,18.25492,19.87016,17.33604,13.28428,21.23749,,,3.10472,,30.60618,27.69784,22.99743,0.03057,,,,17.09908,48.49499,,0.16789,0.03175,36.68966,0.03967,18.74516,19.87016,0.03582
455.01,29.98082,24.49672,18.24689,19.87539,17.2662,13.20336,21.24905,,,3.05427,,30.60964,27.52908,22.85306,0.03067,,,,17.02099,48.4227,,0.1636,0.03127,36.69796,0.03987,18.70466,19.87539,0.036
456.01,29.98725,24.50624,18.23861,19.8806,17.19561,13.12066,21.26064,,,3.00407,,30.61311,27.3606,22.70827,0.03078,,,,16.94225,48.3499,,0.15946,0.0309,36.70616,0.04006,18.66393,19.8806,0.03619
457.01,29.99369,24.51577,18.23007,19.88579,17.12427,13.03615,21.27224,,,2.95415,,30.6166,27.1924,22.5631,0.03088,,,,16.86287,48.2766,,0.15547,0.0306,36.71425,0.04025,18.62296,19.88579,0.03638
458.01,30.00013,24.52531,18.22127,19.89095,17.05219,12.94982,21.28387,,,2.90452,,30.62012,27.02451,22.41758,0.03099,,,,16.78286,48.20283,,0.15161,0.03038,36.72223,0.04043,18.58175,19.89095,0.03657
459.01,30.00658,24.53486,18.21221,19.8961,16.97938,12.8617,21.29552,,,2.85519,,30.62365,26.85692,22.27173,0.03109,,,,16.70223,48.1286,,0.14788,0.03022,36.7301,0.04062,18.5403,19.8961,0.03677
460.01,30.01304,24.54441,18.2029,19.90121,16.90585,12.7718,21.30719,,,2.80617,,30.62719,26.68965,22.12558,0.0312,,,,16.62098,48.05393,,0.14428,0.03011,36.73784,0.0408,18.49862,19.90121,0.03697
461.01,30.01951,24.55398,18.19333,19.9063,16.8316,12.68018,21.31888,,,2.75748,,30.63076,26.5227,21.97916,0.0313,,,,16.53914,47.97884,,0.1408,0.03004,36.74545,0.04098,18.45671,19.9063,0.03717
462.01,30.02598,24.56355,18.18349,19.91136,16.75666,12.58688,21.33059,,,2.70914,,30.63433,26.35608,21.83248,0.0314,,,,16.45672,47.90336,,0.13745,0.03001,36.75294,0.04116,18.41456,19.91136,0.03737
463.01,30.03246,24.57313,18.1734,19.91639,16.68103,12.49192,21.34231,,,2.66115,,30.63792,26.1898,21.68558,0.0315,,,,16.37372,47.8275,,0.1342,0.03001,36.76028,0.04134,18.37218,19.91639,0.03758
464.01,30.03894,24.58271,18.16304,19.92139,16.60472,12.39534,21.35405,,,2.61353,,30.64153,26.02386,21.53848,0.0316,,,,16.29016,47.75129,,0.13107,0.03004,36.76748,0.04151,18.32956,19.92139,0.03779
465.01,30.04543,24.5923,18.15243,19.92635,16.52774,12.29717,21.3658,,,2.56629,,30.64515,25.85827,21.39121,0.0317,,,,16.20605,47.67473,,0.12804,0.03009,36.77454,0.04168,18.28672,19.92635,0.038
466.01,30.05192,24.6019,18.14155,19.93127,16.45011,12.19747,21.37756,,,2.51944,,30.64878,25.69304,21.24377,0.0318,,,,16.1214,47.59786,,0.12512,0.03016,36.78144,0.04184,18.24364,19.93127,0.03821
467.01,30.05841,24.61151,18.1304,19.93616,16.37183,12.09634,21.38934,,,2.473,,30.65243,25.52817,21.09621,0.03189,,,,16.03623,47.52068,,0.12229,0.03024,36.78818,0.042,18.20034,19.93616,0.03843
468.01,30.06491,24.62113,18.119,19.941,16.29291,11.99395,21.40112,,,2.42696,,30.65608,25.36368,20.94854,0.03199,,,,15.95055,47.44323,,0.11954,0.03034,36.79476,0.04216,18.15681,19.941,0.03864
469.01,30.07142,24.63075,18.10733,19.94581,16.21337,11.89059,21.41292,,,2.38136,,30.65975,25.19955,20.80077,0.03208,,,,15.86437,47.36551,,0.11642,0.03045,36.80117,0.04231,18.11305,19.94581,0.03886
470.01,30.07792,24.64038,18.09539,19.95056,16.13323,11.78664,21.42472,,,2.33618,,30.66342,25.03581,20.65294,0.03218,,,,15.7777,47.28755,,0.1125,0.03057,36.80741,0.04246,18.06906,19.95056,0.03908
471.01,30.08443,24.65002,18.0832,19.95528,16.05248,11.68258,21.43652,,,2.29145,,30.66711,24.87245,20.50507,0.03227,,,,15.69057,47.20937,,0.10784,0.0307,36.81346,0.04261,18.02485,19.95528,0.0393
472.01,30.09094,24.65966,18.07073,19.95995,15.97115,11.57896,21.44834,,,2.24718,,30.67081,24.70949,20.35716,0.03236,,,,15.60297,47.13099,,0.10268,0.03083,36.81933,0.04274,17.98041,19.95995,0.03952
473.01,30.09745,24.66931,18.058,19.96457,15.88925,11.4764,21.46016,,,2.20337,,30.67451,24.54691,20.20925,0.03244,,,,15.51493,47.05241,,0.09721,0.03097,36.82501,0.04288,17.93575,19.96457,0.03975
474.01,30.10397,24.67897,18.045,19.96914,15.80678,11.37552,21.47198,,,2.16003,,30.67823,24.38474,20.06135,0.03253,,,,15.42646,46.97367,,0.09165,0.03111,36.8305,0.043,17.89087,19.96914,0.03997
475.01,30.11049,24.68863,18.03174,19.97366,15.72377,11.2769,21.48381,,,2.11717,,30.68195,24.22298,19.91347,0.03261,,,,15.33756,46.89478,,0.08613,0.03126,36.83578,0.04301,17.84576,19.97366,0.0402
476.01,30.117,24.6983,18.01821,19.97812,15.64023,11.18111,21.49565,,,2.0748,,30.68568,24.06162,19.76565,0.03269,,,,15.24827,46.81575,,0.08089,0.03141,36.84085,0.04276,17.80043,19.97812,0.04042
477.01,30.12352,24.70798,18.00441,19.98253,15.55616,11.08862,21.50748,,,2.03292,,30.68941,23.90068,19.61789,0.03277,,,,15.15858,46.73661,,0.0761,0.03157,36.84572,0.04217,17.75488,19.98253,0.04065
478.01,30.13004,24.71766,17.99034,19.98689,15.47159,10.99984,21.51932,,,1.99155,,30.69315,23.74015,19.47021,0.03285,,,,15.06852,46.65738,,0.07178,0.03172,36.85036,0.0413,17.7091,19.98689,0.04088
479.01,30.13656,24.72735,17.97601,19.99118,15.38652,10.9151,21.53115,,,1.95069,,30.69689,23.58004,19.32263,0.03286,,,,14.97809,46.57806,,0.06789,0.03188,36.85479,0.04021,17.66311,19.99118,0.04111
480.01,30.14307,24.73704,17.9614,19.99542,15.30097,10.83466,21.54299,,,1.91034,,30.70064,23.42036,19.17516,0.03269,,,,14.88731,46.49868,,0.06438,0.03205,36.85898,0.039,17.6169,19.99542,0.04134
481.01,30.1496,24.74674,17.94653,19.9996,15.21495,10.75868,21.55482,,,1.87051,,30.7044,23.2611,19.02783,0.03231,,,,14.79619,46.41926,,0.06123,0.03221,36.86294,0.03776,17.57047,19.9996,0.04157
482.01,30.15612,24.75645,17.93139,20.00371,15.12848,10.68729,21.56666,,,1.83121,,30.70815,23.10227,18.88063,0.03174,,,,14.70476,46.3398,,0.05838,0.03237,36.86666,0.03661,17.52383,20.00371,0.04179
483.01,30.16263,24.76616,17.91598,20.00777,15.04157,10.62054,21.57849,,,1.79244,,30.71191,22.94387,18.7336,0.03103,,,,14.61301,46.26033,,0.05582,0.03254,36.87014,0.03563,17.47697,20.00777,0.04202
484.01,30.16915,24.77587,17.9003,20.01175,14.95423,10.55844,21.59031,,,1.7542,,30.71567,22.7859,18.58674,0.03024,,,,14.52097,46.18087,,0.05351,0.03271,36.87336,0.03481,17.42989,20.01175,0.04225
485.01,30.17566,24.78559,17.88434,20.01567,14.86648,10.50095,21.60214,,,1.71651,,30.71944,22.62837,18.44007,0.02943,,,,14.42865,46.10142,,0.05142,0.03287,36.87633,0.03415,17.3826,20.01567,0.04248
486.01,30.18218,24.79531,17.86812,20.01952,14.77833,10.44799,21.61395,,,1.67936,,30.7232,22.47128,18.2936,0.02866,,,,14.33607,46.022,,0.04953,0.03304,36.87904,0.03361,17.33509,20.01952,0.04271
487.01,30.18869,24.80504,17.85163,20.02331,14.6898,10.39945,21.62576,,,1.64276,,30.72696,22.31463,18.14734,0.02801,,,,14.24323,45.94263,,0.04783,0.03321,36.88149,0.03317,17.28737,20.02331,0.04293
488.01,30.19521,24.81477,17.83487,20.02702,14.6009,10.35522,21.63757,,,1.60671,,30.73073,22.15842,18.00131,0.02748,,,,14.15015,45.86332,,0.04629,0.03338,36.88366,0.03283,17.23944,20.02702,0.04315
489.01,30.20172,24.82451,17.81783,20.03066,14.51165,10.31515,21.64936,,,1.57121,,30.73449,22.00265,17.85552,0.02707,,,,14.05684,45.78409,,0.0449,0.03356,36.88555,0.03257,17.1913,20.03066,0.04338
490.01,30.20823,24.83425,17.80053,20.03422,14.42205,10.27907,21.66115,,,1.53626,,30.73825,21.84733,17.70998,0.02675,,,,13.96333,45.70495,,0.04364,0.03373,36.88716,0.03237,17.14295,20.03422,0.0436
491.01,30.21474,24.844,17.78295,20.03771,14.33213,10.2468,21.67293,,,1.50188,,30.74201,21.69245,17.5647,0.0265,,,,13.86961,45.62591,,0.0425,0.0339,36.88849,0.03223,17.09439,20.03771,0.04381
492.01,30.22124,24.85374,17.7651,20.04112,14.24189,10.21818,21.68469,,,1.46805,,30.74576,21.53801,17.41969,0.02632,,,,13.77571,45.54699,,0.04146,0.03408,36.88952,0.03213,17.04561,20.04112,0.04403
493.01,30.22774,24.86349,17.74698,20.04446,14.15135,10.19302,21.69645,,,1.43477,,30.74952,21.38402,17.27496,0.0262,,,,13.68164,45.4682,,0.04052,0.03425,36.89025,0.03208,16.99664,20.04446,0.04424
494.01,30.23425,24.87325,17.72858,20.04771,14.06053,10.17112,21.7082,,,1.40206,,30.75327,21.23048,17.13053,0.02612,,,,13.58741,45.38955,,0.03967,0.03443,36.89069,0.03206,16.94745,20.04771,0.04445
495.01,30.24075,24.88301,17.70992,20.05089,13.96944,10.15231,21.71993,,,1.36991,,30.75702,21.07738,16.9864,0.02608,,,,13.49304,45.31105,,0.03889,0.0346,36.89081,0.03207,16.89806,20.05089,0.04466
496.01,30.24725,24.89277,17.69098,20.05398,13.87808,10.13639,21.73165,,,1.33831,,30.76076,20.92473,16.84259,0.02607,,,,13.39854,45.23273,,0.03818,0.03478,36.89062,0.03211,16.84846,20.05398,0.04486
497.01,30.25374,24.90253,17.67178,20.05699,13.78649,10.12319,21.74335,,,1.30728,,30.76449,20.77253,16.69909,0.02609,,,,13.30392,45.15458,,0.03754,0.03496,36.89011,0.03217,16.79865,20.05699,0.04506
498.01,30.26024,24.91229,17.6523,20.05992,13.69467,10.11253,21.75504,,,1.2768,,30.76822,20.62077,16.55593,0.02613,,,,13.20919,45.07662,,0.03695,0.03513,36.88927,0.03225,16.74864,20.05992,0.04525
499.01,30.26672,24.92206,17.63255,20.06276,13.60263,10.10423,21.76671,,,1.24688,,30.77195,20.46945,16.4131,0.02619,,,,13.11438,44.99886,,0.03642,0.03531,36.88811,0.03234,16.69843,20.06276,0.04544
500.01,30.27321,24.93183,17.61253,20.06551,13.51039,10.09812,21.77836,,,1.21751,,30.77567,20.31858,16.27062,0.02627,,,,13.01948,44.92131,,0.03593,0.03549,36.88662,0.03244,16.64802,20.06551,0.04562
