_step,_runtime,_timestamp,train/reward,train/reward_rolling_avg,train/distance,train/consumption,train/actor_loss,train/critic_loss,train/entropy
2,0.17440754,1784955932.4403992,-1284.574768275919,-1964.8871282766008,1736.147278815508,125,-0.015009435126557946,2684.6771697998047,0.6610966101288795
4,0.17440754,1784955933.475786,-185.80890731332644,-1209.3529808137873,717.1349342614412,56,-0.010499919328140095,66.7927896976471,0.494222080335021
6,0.17440754,1784955934.526119,6.5573173604881525,-807.7801781035164,352.0660351663828,29,-0.008699637546669692,7.50088033080101,0.36049922928214073
8,0.17440754,1784955935.164138,23.33471631008059,-605.1010475441312,304.7653551027179,33,-0.002282673944137059,9.40808555483818,0.3926039170473814
10,0.17440754,1784955935.8812711,63.21798155693734,-477.51446438977183,256.8097698315978,26,-0.007489408482797444,9.664432883262634,0.32343424670398235
12,0.17440754,1784955936.8412569,93.97250774139734,-380.29663418590127,189.0886136442423,23,-0.0032503417460247874,8.418376952409744,0.18364393059164286
14,0.17440754,1784955937.0975318,115.74866009764344,-309.97543646779224,154.34830318391323,15,-0.0023005868424661458,8.150180995464325,0.19028588384389877
16,0.17440754,1784955937.720829,128.29726949330563,-257.4477151278429,147.0161846280098,13,-0.00217030307976529,15.557379603385925,0.17390843480825424
18,0.17440754,1784955938.1552541,104.46655711246221,-216.8243355231061,147.59633241966367,13,-0.001979487089556642,6.026983380317688,0.164091682061553
20,0.17440754,1784955938.808948,99.63478103551725,-183.2947613440345,175.06361747160554,15,-0.002591538242995739,6.180789306759834,0.17179954051971436
22,0.17440754,1784955939.148541,136.71328605843772,-155.48749309086384,121.53602200746536,11,-0.0011265230714343488,8.525337487459183,0.12951401621103287
24,0.17440754,1784955939.78789,139.99090844411668,-131.06775675985332,134.47090223431587,8,-0.0009120114846155047,6.642807066440582,0.13776393327862024
26,0.17440754,1784955940.317145,130.2190055772971,-111.13987770996958,133.77756012231112,10,-0.0033509728382341564,16.872426360845566,0.12826941814273596
28,0.17440754,1784955940.653096,122.40761591825866,-94.95556849744916,123.66315630078316,7,-0.0013953220914117992,5.062532931566238,0.1387094259262085
30,0.17440754,1784955940.956191,86.48104494352526,-81.70424173991326,209.28404657542706,16,-0.0007654557848582044,5.137598276138306,0.1463060826063156
32,0.17440754,1784955941.6702578,116.16548652562382,-68.43564775140797,162.43072675913572,16,-0.002531148958951235,13.596835106611252,0.23373069986701012
34,0.17440754,1784955942.045374,122.42719648945464,-57.48941791386239,151.33883567526937,16,-0.001888424092612695,4.4313903748989105,0.15036352258175611
36,0.17440754,1784955942.349225,98.29962402545385,-47.69053790077672,192.51669335365295,14,-0.0013838645027135499,20.345372885465622,0.14020350016653538
38,0.17440754,1784955942.649058,111.73924742850377,-38.61998736403932,146.3440460152924,11,-0.001973734877537936,3.0870160907506943,0.19456783682107925
40,0.17440754,1784955942.9230201,130.03068070505142,-29.834545874028414,154.7712583169341,14,0.0017926232540048659,5.383580237627029,0.19943255186080933
42,0.17440754,1784955943.651712,132.1067205314631,-21.661638387656268,123.62842428684235,14,-0.0026207633200101554,16.55777046084404,0.2022601356729865
44,0.17440754,1784955943.9478989,105.86101814720706,-15.306321762679913,185.80099744349718,18,-0.0033688475959934294,2.7056826800107956,0.15131732169538736
46,0.17440754,1784955944.207011,127.02763507436988,-8.915108693615108,146.24250230193138,15,-0.002556096063926816,2.6966440230607986,0.18783843331038952
48,0.17440754,1784955944.482711,129.20450362528734,-3.302814137858102,125.74625824764371,11,-0.001686141244135797,22.28409254550934,0.20170185808092356
50,0.17440754,1784955944.7709692,105.34491234311619,1.3094954091448516,176.33302899450064,17,-0.004402559548907448,3.631314292550087,0.18438514694571495
52,0.17440754,1784955945.022388,150.61878270220546,85.51499089514047,125.24471095204353,7,-0.002335796656552702,16.25507551431656,0.16373545117676258
54,0.17440754,1784955945.30033,116.4137840364744,108.54967431287804,166.85678941756487,17,-0.00041659361158963293,6.154304534196854,0.2520267218351364
56,0.17440754,1784955945.551903,128.53428229242277,114.00999797919036,112.65306927263737,9,-0.0019011203839909285,2.1637097150087357,0.24723542854189873
58,0.17440754,1784955945.818283,127.17102259246354,119.00083781622452,128.27069360017776,13,-0.0028976518660783768,1.6325325146317482,0.3279529046267271
60,0.17440754,1784955946.097122,125.30236831381919,122.78789780792812,149.0695958212018,19,-0.0022276853414950892,2.1956025809049606,0.2497203480452299
62,0.17440754,1784955946.3583622,97.75921736660477,122.26916320179912,167.82286701723933,24,-0.0003041036252398044,4.8418242037296295,0.23515515308827162
64,0.17440754,1784955946.61357,126.9052470789366,123.34052174307675,142.9699291549623,20,-0.0028469243552535772,4.011062666773796,0.2516119945794344
66,0.17440754,1784955946.8911328,132.70731284003386,123.97835906427775,127.12080310285091,15,-0.0015162932104431093,1.9559334889054298,0.217555433511734
68,0.17440754,1784955947.157242,125.49710029302143,124.7697490456577,145.3921484015882,12,-0.002881102089304477,1.9353233650326729,0.22410861868411303
70,0.17440754,1784955947.4590578,123.58229468509205,125.13477678968191,131.9114368930459,11,-0.0005412786267697811,1.145669613033533,0.21657877508550882
72,0.17440754,1784955947.724333,140.13684190973467,125.43018628215908,111.70953378081322,11,-0.0026563553255982697,1.8808201849460602,0.18576471228152514
74,0.17440754,1784955947.976707,128.50129912147435,124.45470989939685,151.49186789989471,14,-0.004273743834346533,2.599298268556595,0.3231694083660841
76,0.17440754,1784955948.2691379,132.3686539693831,124.65930275974682,124.50413208082318,12,-0.0025005246425280347,1.8916390612721443,0.24011966865509748
78,0.17440754,1784955948.605749,146.16753422263548,125.12623411901579,110.49637540057302,11,-0.002317015765584074,0.9430565685033798,0.204435589723289
80,0.17440754,1784955948.889766,146.05110236226824,126.85638429581162,110.29660807177424,13,-0.0058304047415731475,2.762547977268696,0.26708517502993345
82,0.17440754,1784955949.194751,146.8203574254264,127.17817531223147,101.57638926059008,12,-0.0017539926338940859,1.9678907319903374,0.17114598024636507
84,0.17440754,1784955949.454915,136.5847029147041,128.11895451408128,122.57305639609694,15,-0.0015380728291347623,3.226859398186207,0.18314069416373968
86,0.17440754,1784955949.733515,145.907574338794,128.76328331387813,121.19835662841797,13,-0.0037825265317223966,1.5406255349516869,0.25328459590673447
88,0.17440754,1784955949.9888508,129.34704073572962,128.36104316110763,145.88049286417663,14,-0.001417672901879996,3.097558468580246,0.17958080489188433
90,0.17440754,1784955950.243628,115.06359823576182,127.56330732220144,174.5269048511982,16,-0.001491827773861587,3.0675618052482605,0.22830102499574423
92,0.17440754,1784955950.551817,141.8031752048078,127.47975612542348,116.22301416099072,13,-0.006507038837298751,1.38223672285676,0.1596978921443224
94,0.17440754,1784955950.857676,150.90009198104812,128.5906324296183,115.57598455250263,12,-0.001430800708476454,2.0344297662377357,0.24429618660360575
96,0.17440754,1784955951.134628,126.43998545175329,128.81483462901514,138.67550463601947,13,-0.006515423650853336,2.323133297264576,0.3215844947844744
98,0.17440754,1784955951.850881,164.6800802737294,129.49086820800966,98.18179784715176,11,-0.007132020953577012,1.5457150377333164,0.2520632725208998
100,0.17440754,1784955952.2186098,117.14843903412283,130.22820577863337,148.7684072330594,15,-0.0014006937271915376,3.2091203927993774,0.2558391569182277
102,0.17440754,1784955952.5746639,128.76239845762572,130.3586410366054,138.4123034775257,12,-0.0014044430281501263,1.707902517169714,0.172619316726923
104,0.17440754,1784955952.8321621,113.09520708109994,130.79560715187455,135.71633122488856,13,-0.0035889278078684583,2.194893106818199,0.27726596035063267
106,0.17440754,1784955953.211214,131.90691126274868,131.04014021655416,134.13280621543527,8,-0.001259156510059256,1.266500849276781,0.13937042094767094
108,0.17440754,1784955953.509541,147.50537508182396,131.435492547194,117.36788618564606,11,-0.0021129365195520222,1.2663050517439842,0.1863175518810749
110,0.17440754,1784955953.8184,125.21753436735666,131.76528795901586,136.86000690609217,11,-0.003259022021666169,1.2335713431239128,0.24982759077101946
112,0.17440754,1784955954.087007,148.1589713974377,133.7117650435173,123.73491181060672,13,-0.002733401212026365,2.9892629757523537,0.24366579484194517
114,0.17440754,1784955954.3795881,125.94934417592597,133.74300730337956,133.57096780091524,12,-0.003923745345673524,1.2893217131495476,0.2725976640358567
116,0.17440754,1784955954.645817,150.34434830826615,134.07302640834013,101.39367058500648,10,-0.004306315473513678,1.1407125480473042,0.2751441542059183
118,0.17440754,1784955954.949486,134.2233943128161,134.20259660326758,118.63176691532135,18,-0.003211841802112758,0.8649691008031368,0.2781387362629175
120,0.17440754,1784955955.21751,135.97512354873382,133.7117318826575,118.0434285029769,17,-0.0037520911428146064,1.8891678899526596,0.26655590906739235
122,0.17440754,1784955955.477185,154.15516031303434,134.4986704012612,105.06460905820131,13,-0.004071879156981595,1.9902249053120613,0.22737986128777266
124,0.17440754,1784955955.778902,135.5061486545519,135.87867159039314,152.92363471537828,12,0.0006891484372317791,2.05693269520998,0.18275711964815855
126,0.17440754,1784955956.0559518,142.91320811665645,136.04551112821972,125.17628266662359,11,-0.000925685882975813,1.3173571079969406,0.10867072269320488
128,0.17440754,1784955956.320035,130.24783463921028,136.01806285190034,126.82023118436337,10,-0.0047191928897518665,1.3478204607963562,0.290632339194417
130,0.17440754,1784955956.60959,160.45218682517492,136.04312601175195,89.79205519333482,13,0.003136104787699878,1.417689684778452,0.27565012872219086
132,0.17440754,1784955956.868574,121.24755011709154,135.66035779305517,153.41950625553727,18,-0.0017379848286509514,3.468186005949974,0.23873900528997183
134,0.17440754,1784955957.1740239,158.37191248125333,135.84367407383132,109.6774070225656,12,-0.004370559872768354,1.7373747453093529,0.17581626679748297
136,0.17440754,1784955957.457991,151.5639955858436,136.2280344461365,114.68001164123416,10,-0.0019378510187380016,0.5686835441738367,0.23109902907162905
138,0.17440754,1784955957.734656,136.5158747542026,137.11305479497503,116.87897542119026,15,0.00045924117148388177,2.2289026007056236,0.28107406571507454
140,0.17440754,1784955958.018263,135.7706064264355,138.43282805323187,122.83469185233116,10,-0.002562827547080815,0.7897529490292072,0.2294369712471962
142,0.17440754,1784955958.290533,127.76180488030252,138.1442338027029,129.4979003034532,12,-0.0015638742042938247,1.7181211039423943,0.11665402399376035
144,0.17440754,1784955958.57479,146.42572244700636,138.42065684205335,112.28379236906767,18,-0.0019257782405475155,1.162374708801508,0.23440108727663755
146,0.17440754,1784955958.856729,120.47469291580221,137.80436578568717,158.5493893660605,13,-0.00128061359282583,1.4658638462424278,0.1208118200302124
148,0.17440754,1784955959.133281,128.67635822012335,137.00601903377117,140.76813885755837,12,-0.0026787978131324053,0.5935971550643444,0.2375944647938013
150,0.17440754,1784955959.432209,145.56105229144808,137.6159756683218,104.3112464249134,11,-0.001781724495231174,0.699690330773592,0.2346287379041314
152,0.17440754,1784955959.692208,140.7926355180695,137.73641222795575,111.39336303062737,14,-0.00025409588124603033,1.845293216407299,0.23934468440711498
154,0.17440754,1784955959.950114,131.39213219103848,137.96182619692433,137.44825173914433,17,0.0067128760274499655,3.060676172375679,0.2500012060627341
156,0.17440754,1784955960.240285,140.8057406601571,138.2859122826114,121.7438742518425,17,-0.0024363032425753772,1.2381018623709679,0.234802158549428
158,0.17440754,1784955960.5012338,134.26759967466356,138.36513611403453,132.38980241119862,15,-0.0034337990218773484,2.4377255514264107,0.18565964233130217
160,0.17440754,1784955960.764802,132.04902759762206,138.35379856950132,138.43758185952902,15,-0.002469435421517119,2.236921064555645,0.26695014350116253
162,0.17440754,1784955961.054871,129.59546733094948,137.6791273634727,133.15911424160004,16,-0.008520625997334719,1.8157655894756317,0.1974664432927966
164,0.17440754,1784955961.321256,157.45635520497785,138.22605605766353,107.69860852882266,12,-0.0007361436728388071,1.768738679587841,0.1558845997788012
166,0.17440754,1784955961.6073332,160.36450643338256,138.78039118054915,97.77282873168588,14,-0.004844540962949395,2.1873661056160927,0.17732649948447943
168,0.17440754,1784955961.87158,158.7521200344623,138.941805849888,105.98140213638544,9,-0.00026249657094012946,1.5290933400392532,0.2167421793565154
170,0.17440754,1784955962.134707,125.27044486248589,139.90146525633847,142.04705552756786,16,-0.0031666277936892584,1.2971468828618526,0.30501698702573776
172,0.17440754,1784955962.4192069,142.56474722643003,139.2087875746169,128.7105523692444,12,-0.005340053699910641,2.6057140342891216,0.2471723547205329
174,0.17440754,1784955962.680455,122.60263668882784,138.82816216648794,143.9869723469019,14,-0.0018501147569622844,2.9455009028315544,0.1740443194285035
176,0.17440754,1784955963.441695,154.5892389294348,139.72413112958225,104.72182367369533,13,-0.005173754601855762,2.3620934262871742,0.29798140097409487
178,0.17440754,1784955963.7282681,153.32692433543602,140.61902689148917,110.62676591053605,16,-0.0037279903335729614,2.3125205636024475,0.17522624228149652
180,0.17440754,1784955963.99101,124.90566405726314,140.35578616734915,141.45882354676723,19,-0.0052966304938308895,0.6879394128918648,0.21298013348132372
182,0.17440754,1784955964.2773,128.2113963937802,140.6418328016403,131.12694819271564,12,-0.001844124315539375,0.9275937005877495,0.23037078510969877
184,0.17440754,1784955964.550445,147.02034392100475,140.7347608019318,116.660937551409,12,-0.0011837041820399463,1.329192690551281,0.08491376833990216
186,0.17440754,1784955964.824885,146.04590083383118,141.050042875984,117.64014403522015,12,-0.0008885521965567023,1.7136409394443035,0.15509174019098282
188,0.17440754,1784955965.106721,162.76589789192604,141.55237315062976,88.04903116077185,12,-0.0034442117903381586,0.9191084876656532,0.205367898568511
190,0.17440754,1784955965.3718212,151.76385495891782,141.46111369684036,106.68733314611018,13,-0.004234559484757483,1.7723303511738777,0.1664453111588955
192,0.17440754,1784955965.641228,136.8222635956358,142.17866912733112,116.2767774052918,18,-0.001253251131856814,1.4012263640761375,0.23342989198863506
194,0.17440754,1784955965.9283042,148.79688539884057,142.33357976249067,119.50724401324987,14,-0.002446344296913594,2.0498790070414543,0.24518323969095945
196,0.17440754,1784955966.1851368,141.37611552082748,143.14970443450568,118.33267064392567,11,-0.002874197904020548,1.3883045762777328,0.13724521547555923
198,0.17440754,1784955966.483616,155.25705421299637,144.43591547479443,105.00488280504942,14,-0.004453251152881421,1.6628177911043167,0.1245674416422844
200,0.17440754,1784955966.750669,160.34273247984606,144.57572913472907,92.8702740073204,13,-0.0017696934519335628,0.9683509916067123,0.19136879593133926
202,0.17440754,1784955967.021534,151.33354030586145,144.63295808579952,95.93244901299477,13,-0.0010810004896484315,0.9810287244617939,0.21647676080465317
204,0.17440754,1784955967.311386,147.68694513641822,144.89589046047976,108.87754110991955,15,-0.002033936674706638,1.3817609027028084,0.18455737456679344
206,0.17440754,1784955967.571369,147.753168655448,145.02489375552125,120.5121323466301,11,-0.0007842091436032206,2.3921523317694664,0.14171505207195878
208,0.17440754,1784955967.836352,144.22289398129215,145.4903360207944,122.20608884841204,11,-0.002630538772791624,1.5592414066195488,0.1974063878878951
210,0.17440754,1784955968.1244211,137.62331346596696,145.66889101028602,130.8394015133381,9,-0.011453500017523766,1.2574435658752918,0.41170793399214745
212,0.17440754,1784955968.386206,140.4022425469519,146.38519251539364,116.10255736112595,9,-0.0013835905119776726,2.9853096306324005,0.1234857109375298
214,0.17440754,1784955969.0458722,126.5855230290654,146.32158014329346,124.65242744982243,10,-0.007775026489980519,1.6895922273397446,0.18041975423693657
216,0.17440754,1784955969.306935,118.91450641151704,145.79422866129553,145.93984249606729,19,-0.0005456653307192028,2.9456232637166977,0.2994663678109646
218,0.17440754,1784955969.660086,149.67142446692188,146.20233701450664,105.07462356984615,14,-0.0015886268811300397,3.0386340096592903,0.1687255511060357
220,0.17440754,1784955969.9508228,145.55158634128577,146.76753736207138,113.87279948964715,15,-0.001523801765870303,1.1337919309735298,0.19418312329798937
222,0.17440754,1784955970.219709,155.32943794052042,147.52204982494698,105.93711327761412,11,-0.0028316216776147485,0.36002617329359055,0.19805677980184555
224,0.17440754,1784955970.485704,145.97170046641887,147.7928776910821,113.31178382970393,14,-0.0026504489360377192,1.5084297768771648,0.1889660833403468
226,0.17440754,1784955970.7728572,149.44939597394995,146.82328484764673,109.26655546203256,14,-0.003349624515976757,2.420569323003292,0.20866672694683075
228,0.17440754,1784955971.143276,155.27175673903514,147.08241993418505,99.14579576905817,12,-0.0007851961418054998,1.9145522862672806,0.11321499012410641
230,0.17440754,1784955971.43312,150.424265755887,147.51846417608292,118.26341814547777,13,-0.0020712458062916994,1.1533613838255405,0.16956266574561596
232,0.17440754,1784955971.6941051,143.58892482240694,147.8679057111575,128.77653752453625,16,0.0016015799483284354,3.0711506381630898,0.22010499238967896
234,0.17440754,1784955971.9647338,133.63742250483497,147.67136104493449,115.9939103871584,13,-0.0025211365427821875,1.4683907590806484,0.16973229683935642
236,0.17440754,1784955972.2480378,151.72532439300238,146.83561694730915,119.51807131618261,12,-0.0019707517349161208,2.2904350832104683,0.13611129857599735
238,0.17440754,1784955972.512379,148.8022292087147,146.86249479033606,107.14076333120465,16,-0.0017976894159801304,1.3175916820764542,0.16856574174016714
240,0.17440754,1784955972.774647,142.8568600343519,146.78536335587611,121.37614427041262,15,-0.001489671238232404,2.1122956722974777,0.21053649857640266
242,0.17440754,1784955973.0658848,121.21977808325651,145.87060627393817,144.340308861807,19,-0.0006924835033714771,2.8185396790504456,0.20561237446963787
244,0.17440754,1784955973.3324318,141.9205208555305,145.20827376515965,120.78040866553783,13,-0.002260533277876675,3.74030140042305,0.14950023218989372
246,0.17440754,1784955973.623347,144.00467908124847,145.42049368996132,107.40871907770634,12,-0.0024192348355427384,0.7806052975356579,0.21111636329442263
248,0.17440754,1784955973.994284,154.17224390285372,144.75260766594894,111.04557900130749,14,-0.007509534843848087,1.3632771521806717,0.08702301979064941
250,0.17440754,1784955974.690986,134.59361695722384,144.20278536495132,125.54722246527672,9,-0.001777605852112174,0.7134892884641886,0.17779874615371227
252,0.17440754,1784955974.990179,146.50493154203653,143.92763454741737,110.9011897072196,10,9.760120883584023e-05,1.1699705496430397,0.11837129527702928
254,0.17440754,1784955975.247381,145.88659287699903,144.49617901782128,114.12332706525922,10,-0.009894110946333967,1.2628176473081112,0.23877686355262995
256,0.17440754,1784955975.504419,152.07352014929123,144.45450338610382,105.9174125790596,15,-0.002555073078838177,1.2690207213163376,0.21924882009625435
258,0.17440754,1784955975.7913878,149.5399413630885,143.95107823684407,104.7379087433219,14,0.0020211146911606193,2.233710929751396,0.17094280757009983
260,0.17440754,1784955976.059232,126.65687139442879,143.45365023595474,140.9291680045426,17,-0.0025282418355345726,1.4468496590852737,0.09654181217774749
262,0.17440754,1784955976.34586,143.01517889106717,143.52082602633027,109.41632433980703,12,-0.002956888609332964,1.5481433272361755,0.23669806960970163
264,0.17440754,1784955976.6069849,155.69473480617728,143.60672365795836,106.40168640762568,9,-0.0020837664778809994,1.1494714096188545,0.1922689499333501
266,0.17440754,1784955976.866,155.22140225744218,144.36712577486838,104.96972877532244,14,0.0005320298951119184,2.8575174063444138,0.26561709959059954
268,0.17440754,1784955977.154262,148.11282580990508,144.12830856407035,109.45328865945339,12,-0.002761296520475298,0.7760179936885834,0.18454465828835964
270,0.17440754,1784955977.409666,148.20254950425164,143.72198494168123,108.20749995112419,12,-0.002663439663592726,1.1135701388120651,0.08382034255191684
272,0.17440754,1784955977.664416,152.11449544249973,144.0916832864125,107.67428517341614,12,-0.0017563060973770916,2.443515256047249,0.18566998187452555
274,0.17440754,1784955977.947777,145.0230307688161,143.85657935799335,115.70080779492855,11,-0.0009184404043480754,1.279429417103529,0.09064329508692026
276,0.17440754,1784955978.2054138,154.4411683831789,144.1629164701645,117.86240672320127,14,-0.0013255109952297062,0.4621962569653988,0.11848308332264423
278,0.17440754,1784955978.488168,166.6754996092503,144.42302057601276,96.04205222800374,10,-0.001547371328342706,1.581029299646616,0.14449700247496367
280,0.17440754,1784955978.745516,155.2480578232432,144.63707224553397,105.07463715597987,12,-0.0016095255850814283,1.669992059469223,0.13769766129553318
282,0.17440754,1784955978.999221,149.33453069956317,145.00439135694873,121.80403455346823,14,-0.004010758828371763,2.0676156505942345,0.19846909027546644
284,0.17440754,1784955979.27976,151.55045653501247,145.4050242792995,103.1416537174955,15,-0.0028164079994894564,0.9616732969880104,0.08213484799489379
286,0.17440754,1784955979.536124,159.37770080533036,146.30014414951356,94.01632571220398,15,-0.001177294208901003,1.1770817749202251,0.13290193863213062
288,0.17440754,1784955979.78978,161.09007805447698,146.24790094095528,100.95761059224606,12,-0.0015021428698673844,1.1306228823959827,0.07727322913706303
290,0.17440754,1784955980.08448,150.99409432596863,146.29830406614224,105.4215682297945,13,-0.0013320345897227526,0.8740579467266798,0.2149814134463668
292,0.17440754,1784955980.3689759,145.59634019991833,147.10210381990433,123.63830238580704,13,-0.0020515868382062763,1.6995576471090317,0.1146142459474504
294,0.17440754,1784955980.6617641,149.9407676080882,147.02511368383915,121.41995041072369,10,-0.004486603960685898,0.7818930149078369,0.048112709540873766
296,0.17440754,1784955980.91903,169.21380970245295,147.48000123641378,93.87881393358111,9,-0.001586958736879751,0.9652850441634655,0.1516549549996853
298,0.17440754,1784955981.594597,154.56798720979398,148.5870934952023,104.19459546357393,11,-0.003682774266053457,0.9971541836857796,0.19380404334515333
300,0.17440754,1784955981.877287,149.04794303988092,149.6520037815135,109.94267040491104,10,-0.0002956125099444762,1.3689270690083504,0.1079273740760982
302,0.17440754,1784955982.139342,156.14626961123616,150.14096184806493,106.0546488687396,18,-0.003085168922552839,1.1255267672240734,0.24207169003784657
304,0.17440754,1784955982.3985238,147.7834335858515,149.88776588425154,96.38843850232661,15,-0.0049964385107159615,1.2902774959802628,0.23982073180377483
306,0.17440754,1784955982.6815329,153.76520407089424,149.96586765101313,108.06982358172536,13,-0.0019608307629823685,2.316773124039173,0.1372397351078689
308,0.17440754,1784955982.939754,155.2777173000681,150.5208872374362,104.01282065734267,14,0.003387818665942177,4.836696520447731,0.16090883407741785
310,0.17440754,1784955983.221055,149.92151330568942,151.4682192930018,103.14956083893776,15,-0.003612025873735547,1.3981884606182575,0.09665904520079494
312,0.17440754,1784955983.479445,164.83113569477536,152.25600320031302,100.73186729103327,10,0.0005883426056243479,1.1640412621200085,0.17307824408635497
314,0.17440754,1784955983.737695,156.49555959627207,152.27268353331297,105.03635508194566,14,-0.0023479019291698933,4.143355637788773,0.10069437325000763
316,0.17440754,1784955984.0187562,126.7955833354297,151.84180915631134,138.51505982130766,13,-0.002131277884473093,7.80867525935173,0.13330153189599514
318,0.17440754,1784955984.275978,159.53492740026087,152.3275879270385,98.34338132664561,14,-0.0022744061425328255,1.3274799808859825,0.22701736725866795
320,0.17440754,1784955984.5354729,132.72795046697541,152.32611095496665,121.21473030000925,19,-0.002946303109638393,1.963674046099186,0.1977793648838997
322,0.17440754,1784955984.818053,164.8920425154398,152.46518825035437,92.49437821656466,14,0.0004365533241070807,1.4102100990712643,0.10930211376398802
324,0.17440754,1784955985.0750022,145.9335823659037,152.8720863707881,117.62734151259065,12,-0.005992119753500447,1.5611211992800236,0.31431684643030167
326,0.17440754,1784955985.3568761,158.41801397605087,153.22063252923223,96.9518546834588,15,-0.000841859815409407,1.0293760634958744,0.13815458910539746
328,0.17440754,1784955985.613214,152.3841440408077,153.06770454706788,100.67054564505816,14,-0.003706478513777256,0.6017915289849043,0.24600044451653957
330,0.17440754,1784955985.872243,169.78485067956777,153.26016721358414,92.51184810698032,12,-0.0027768253348767757,2.464529514312744,0.13609454734250903
332,0.17440754,1784955986.153367,138.44682752198977,152.89616498253258,118.7469888702035,9,-0.0005688085802830756,1.3646638058125973,0.08676575450226665
334,0.17440754,1784955986.412811,166.0988730154016,153.13590685455756,80.33780536614358,12,-0.0006102270272094756,1.220932587981224,0.11401729797944427
336,0.17440754,1784955986.670246,163.09348315000767,153.3355574391892,89.42972584441304,13,-0.0008119652047753334,2.276150308549404,0.13024462945759296
338,0.17440754,1784955987.010296,160.41469265358364,153.9659120711588,96.31753120571375,10,-0.000704351972672157,1.3538826629519463,0.24188684858381748
340,0.17440754,1784955987.2941802,139.20833097250016,153.68740007112237,117.60321612283587,13,-0.004359367158031091,1.940019741654396,0.22172380611300468
342,0.17440754,1784955987.605909,145.28547558174637,153.66614752651344,105.33752237726003,14,-0.00231059140060097,1.357707567512989,0.14742712257429957
344,0.17440754,1784955987.8921,170.51592593045035,154.57470250800688,86.56785856932402,9,-0.000917762634344399,0.8196573592722416,0.08985001407563686
346,0.17440754,1784955988.5499048,177.79962851524022,154.69942658939658,86.88559804856777,9,-0.0043035876005887985,1.6330890394747257,0.3007181938737631
348,0.17440754,1784955988.8650172,149.823065615245,153.74756792052918,101.9984277561307,11,-0.008014621620532125,0.5982863418757915,0.19193855300545692
350,0.17440754,1784955989.136039,153.64999271108,153.4747644743815,108.1374396160245,11,-0.002607594768051058,0.5402912357822061,0.18312590289860964
352,0.17440754,1784955989.528076,144.15188391460143,153.19980193297528,114.23541605100036,15,-0.0018455863682902418,1.3822551369667053,0.16523452568799257
354,0.17440754,1784955989.810195,164.24501280040542,153.61954500929943,107.32047375105321,8,-0.0014224214246496558,2.417689584195614,0.10743294330313802
356,0.17440754,1784955990.0654871,152.9777466681257,153.80020197634235,99.02602523565292,14,-0.003972429170971736,1.1145641058683395,0.3066168911755085
358,0.17440754,1784955990.344724,158.5163529589132,154.21937562379878,88.67718130350113,11,-0.006252859020605683,0.5197765659540892,0.18198869284242392
360,0.17440754,1784955990.600874,153.7798715870006,154.66230632614983,104.19355766102672,11,-0.001768201997037977,1.1329130120575428,0.14868077542632818
362,0.17440754,1784955990.855422,170.04339414004343,154.35095143633114,91.49213176034391,12,-0.008176058530807495,0.9646754898130894,0.34722409024834633
364,0.17440754,1784955991.134872,169.31298136069893,154.53832757322465,100.63927350565791,15,-0.00327778936480172,2.151387259364128,0.17743298690766096
366,0.17440754,1784955991.391859,123.6026742895836,154.17633462510474,125.68503943830729,15,-0.010733149712905288,3.258250132203102,0.302084906026721
368,0.17440754,1784955991.6458318,140.31667214867872,153.7508088194268,113.8245624229312,12,-0.0002448899031151086,1.898454762995243,0.13003241829574108
370,0.17440754,1784955991.9211252,137.46762598533965,153.71415863534784,118.97741757333279,13,-0.002474149107001722,2.310057707130909,0.20171309728175402
372,0.17440754,1784955992.2235909,158.37914239946167,153.54401172208284,108.9419005215168,11,-0.002167831640690565,2.660954788327217,0.12251804722473025
374,0.17440754,1784955992.51262,155.6005624469501,153.79782331112324,93.5586121622473,15,-0.0015814770013093948,1.6964838951826096,0.19963733106851578
376,0.17440754,1784955992.7974641,146.22444932996382,153.76889760520754,125.17634632438421,10,0.00012610704288817942,2.4612781405448914,0.052404411137104034
378,0.17440754,1784955993.127848,162.29956682252336,153.73370782886172,98.83659369684756,11,-0.002701273187994957,1.5797240659594536,0.12044980609789491
380,0.17440754,1784955993.410729,125.94080665233898,152.6861333157842,129.40249104052782,16,0.0012779762037098408,3.9106546342372894,0.19509816356003284
382,0.17440754,1784955993.669869,159.49957420971222,153.42867564613346,96.65366961807013,10,-0.0013387657527346164,1.1008927337825298,0.12141375243663788
384,0.17440754,1784955993.927238,147.0231673390902,153.12029569867104,117.79401334188879,11,-0.0008682181942276657,3.5240996032953262,0.094423683360219
386,0.17440754,1784955994.209461,162.71884511008977,152.76786101981872,99.12394939363003,9,-0.0034523181238910183,0.6201168429106474,0.26954334042966366
388,0.17440754,1784955994.469467,167.3243783246554,152.4288045504102,90.24964801222086,10,-0.0037120579509064555,2.4971984550356865,0.1610887600108981
390,0.17440754,1784955994.755181,163.1694691662064,153.48813974309755,96.7033672798425,11,0.00021618616301566362,1.603384293615818,0.1913314750418067
392,0.17440754,1784955995.0113869,155.45815651862426,153.39574534451793,106.20392337441444,11,-0.004022849432658404,1.4212877005338669,0.16780806239694357
394,0.17440754,1784955995.268173,161.81666021474103,152.78806512256108,101.7479303739965,12,-0.0021529078658204526,1.1806565262377262,0.21335558407008648
396,0.17440754,1784955995.553015,139.5356973487283,152.32881347867846,115.77712523564696,13,-0.003995767547166906,1.339902639389038,0.20877782069146633
398,0.17440754,1784955995.80949,149.88963507439973,152.84966139379344,107.65906633809209,14,-0.00020362372742965817,1.3077929988503456,0.10683008842170238
400,0.17440754,1784955996.0683131,159.21479366644252,153.03042125641082,107.33069038018584,14,-0.002975196053739637,2.627684958279133,0.09943163301795721
402,0.17440754,1784955996.349304,160.87499369714254,153.24918901186138,92.4032895155251,12,-9.791532647795975e-06,1.1487570330500603,0.1342338970862329
404,0.17440754,1784955996.60874,176.79233789680237,152.94554611973356,87.05098158121109,10,-0.002612346492242068,1.8282362297177315,0.16569031588733196
406,0.17440754,1784955996.898835,147.8673720627293,153.2115849992262,113.42591100558639,11,-0.011337815783917904,2.6065850630402565,0.2576694479212165
408,0.17440754,1784955997.214606,169.05186846495857,153.53075776169348,91.30985059589148,12,-0.0021440143609652296,1.2357064448297024,0.17185203544795513
410,0.17440754,1784955997.8841732,165.94089418830313,153.95720383989791,98.09030878916383,13,0.001066210214048624,3.334229201078415,0.1368872090242803
412,0.17440754,1784955998.218435,164.12868828867016,154.32950772975212,96.85355259850621,15,-0.0027791946195065975,0.7309876792132854,0.1850277604535222
414,0.17440754,1784955998.492018,161.15241218378978,154.28005986756966,98.8531513363123,15,-0.0029296733991941437,1.6731335893273354,0.14218655694276094
416,0.17440754,1784955998.756772,142.11751764130526,155.05643888207578,117.06282916292548,12,0.0006134874420240521,1.3812607415020466,0.14152288623154163
418,0.17440754,1784955999.037653,136.74565531019172,155.50490887132733,120.53393571078777,17,0.004983072227332741,1.8254499435424805,0.09597161784768105
420,0.17440754,1784955999.291272,139.80192074929107,155.81665775371798,136.73040618747473,13,-0.001973397855181247,2.9299824461340904,0.12363631743937731
422,0.17440754,1784955999.574317,149.09692571367987,155.36122433024875,104.16385062411427,14,-0.00024616188602522016,1.2666082717478275,0.1340005798265338
424,0.17440754,1784955999.829395,146.8220720085157,155.18220981780325,118.63556246086955,13,-0.0039942977600730956,1.0818552076816559,0.22346984595060349
426,0.17440754,1784956000.079683,164.74499328716178,155.59786464939165,100.52477453649044,14,0.0019661839469335973,1.5525299422442913,0.1805075965821743
428,0.17440754,1784956000.353808,162.92415139508896,155.31287655819563,104.1377008780837,10,-0.00628860859433189,1.4870709255337715,0.23345637507736683
430,0.17440754,1784956000.6082811,167.04722276980058,156.16707950686703,99.31197723373771,12,-0.0027187829618924297,1.0551092214882374,0.19605460856109858
432,0.17440754,1784956000.865872,142.17684668713423,155.70246440993077,107.52933127619326,16,-0.0016789225628599524,1.4386896640062332,0.16987764835357666
434,0.17440754,1784956001.5788212,180.36242329044563,156.6956543147351,75.89631189592183,14,-0.003646872180979699,2.2319661751389503,0.20095055270940065
436,0.17440754,1784956001.899565,136.86908797117624,156.68516678847018,133.06948961690068,13,-0.0031803646706975996,1.2686791196465492,0.23756704665720463
438,0.17440754,1784956002.199185,172.06276920601002,157.2912727689851,86.91692618280649,10,-0.007452875375747681,0.863190058618784,0.24332314170897007
440,0.17440754,1784956002.585485,164.6315305696527,157.19291323729135,87.00880512595177,13,0.0003607286635087803,0.7542226258665323,0.10353095829486847
442,0.17440754,1784956003.085857,158.86933252996442,157.7521360753422,114.50269967317581,10,0.0013394890120252967,4.207897216081619,0.07813682709820569
444,0.17440754,1784956003.3875241,127.75383674385537,157.5965776701046,143.81196757778525,21,-4.764745244756341e-05,2.6687436401844025,0.24445114471018314
446,0.17440754,1784956003.911726,148.8562970847293,157.66438159760196,104.95169841963798,14,-0.0009495175909250975,2.268501102924347,0.18186386115849018
448,0.17440754,1784956004.2677388,167.07481045764567,157.92576735363423,88.07588141784072,12,-0.0007177839361247607,2.920267604291439,0.09978619730100036
450,0.17440754,1784956004.769855,154.72091898775082,157.89257348131042,116.35883081331849,13,0.0023066830763127655,6.656136989593506,0.15605130419135094
452,0.17440754,1784956005.0694249,147.7627340320253,157.87101103315138,103.1292024878785,16,-0.007431526202708483,1.441469021141529,0.26624554954469204
454,0.17440754,1784956005.404541,162.49523110543532,158.24837103345826,97.95673913136125,16,-0.0006922307948116213,1.5015658736228943,0.13687099795788527
456,0.17440754,1784956005.701903,163.66149008028535,158.4302297646853,93.13974425196648,12,-0.0017674992777756415,0.9971367847174406,0.11353154201060534
458,0.17440754,1784956005.9935622,167.8428365049903,158.0334675127881,84.44926854036748,14,-0.0029209309723228216,1.4739686101675034,0.19790621474385262
460,0.17440754,1784956006.2866921,158.5640215141045,157.34997523675054,99.71964072436094,11,-0.0013295595199451782,1.1792703531682491,0.17909743264317513
462,0.17440754,1784956006.60544,160.30060912158686,157.30631372127004,100.21325433254242,11,-0.002745006531768013,1.7373227998614311,0.1386498943902552
464,0.17440754,1784956006.871573,159.97918546318132,157.2472919751931,102.96130206529051,13,0.0022760756546631455,2.822708584368229,0.1330738626420498
466,0.17440754,1784956007.1483111,165.47653922471304,157.31984298736677,96.7140472382307,11,-0.0017131862987298518,2.4263341203331947,0.22402435541152954
468,0.17440754,1784956007.410501,154.36595844936477,157.8221542951734,105.59939680248499,12,-0.0027282447990728542,0.9777553826570511,0.21081315632909536
470,0.17440754,1784956007.696458,156.57075891161992,158.35052010491916,98.78735790401697,11,0.0010999293299391866,1.5200679004192352,0.21731389872729778
472,0.17440754,1784956007.966191,161.19241056226002,158.74543958023295,99.99582970887423,10,-0.002846673654858023,0.8918984159827232,0.17522281408309937
474,0.17440754,1784956008.2581189,146.24907658767134,159.19718293939297,102.76966013014317,13,-0.001158085447968915,2.556676484644413,0.09391391463577747
476,0.17440754,1784956008.550517,157.585083176604,158.94080441340594,94.90651041269302,14,-0.0010808128718053922,1.1257633678615093,0.12084953347221017
478,0.17440754,1784956008.8030562,149.7933339748329,159.00486198077135,111.97343842685223,15,-0.0038908776186872274,0.8033205457031727,0.1303885173983872
480,0.17440754,1784956009.056149,168.87487789757603,158.76475558593376,82.75697272829711,11,-0.003240202320739627,4.914994552731514,0.1237903912551701
482,0.17440754,1784956009.333154,166.51407546581422,158.9784541492035,83.69293938204646,10,-0.00019129886641167104,1.117846380919218,0.07973139709793031
484,0.17440754,1784956009.6144059,141.66083714049762,158.31000120117346,116.66904051788151,14,-0.002816219115629792,2.888926222920418,0.11376982228830457
486,0.17440754,1784956009.9062972,162.1347022708335,158.32385685358403,95.20984825119376,19,-0.0008664253109600395,1.064353108406067,0.14848824543878436
488,0.17440754,1784956010.1706,131.14856071125308,157.46928475214466,131.03298969194293,19,-0.005771472933702171,1.3209717087447643,0.23105187807232141
490,0.17440754,1784956010.4538822,158.2388769929671,156.93867751318524,101.70283157378435,14,-0.003220081373001449,2.1949275583028793,0.18469604291021824
492,0.17440754,1784956010.743911,164.33773637572082,157.24970638897454,88.72264397703111,13,-0.0026574712464935146,1.2267039194703102,0.21262477431446314
494,0.17440754,1784956011.0077739,147.49091955783717,157.93708394335275,124.35385758802295,11,-0.001022459808154963,3.301523670554161,0.08334005577489734
496,0.17440754,1784956011.410938,158.854901458355,158.19637199246984,90.96805633418262,13,-0.0020869713043794036,4.103902116417885,0.12611324386671185
498,0.17440754,1784956011.691206,131.08117384069433,157.58283224472936,136.19885601848364,15,-0.0021329831797629595,1.8368319869041443,0.15306674968451262
500,0.17440754,1784956012.2936141,123.29121809927311,156.82682213937105,158.17600341141224,17,-0.0011732057901099324,3.73110693693161,0.12617769418284297
502,0.17440754,1784956012.625699,177.70429000532658,157.209075333987,85.69230886362493,15,-0.0023569610057165846,1.721016887575388,0.1637147981673479
504,0.17440754,1784956012.965466,165.29524699181138,156.91721525159375,105.17869450896978,11,-0.0036469324259087443,1.6672600954771042,0.2096560699865222
506,0.17440754,1784956013.222304,149.52544064053305,156.30579459500885,102.7007476426661,16,-0.0013239187392173335,1.926159791648388,0.12842807034030557
508,0.17440754,1784956013.502642,157.32136424936274,156.33587214596858,99.80345123633742,15,-0.0038067671994213015,1.4485155940055847,0.16526022646576166
510,0.17440754,1784956013.754975,172.0537808781075,156.6258826508317,85.32013066858053,15,-0.0011508794559631497,0.791993236169219,0.19443321786820889
512,0.17440754,1784956014.412673,134.5855109933882,156.37074406745063,145.2065264992416,14,-0.00036443975841393694,2.282421477138996,0.11827224818989635
514,0.17440754,1784956014.704792,163.74891764319344,156.56106202449163,91.68754697963595,11,-0.001497083983849734,1.9423375688493252,0.15353835094720125
516,0.17440754,1784956014.9589,154.09611731871072,156.86400039555664,99.95586816221476,13,-0.0026754550053738058,2.230440080165863,0.13736522383987904
518,0.17440754,1784956015.234636,158.61749348087136,156.39246429847614,93.5869896877557,13,-0.0029260347364470363,0.9868452958762646,0.17640969064086676
520,0.17440754,1784956015.485763,144.39989239308616,155.8454122659886,96.15910029411316,14,-0.001958670916792471,0.8098836615681648,0.20821760687977076
522,0.17440754,1784956015.7610629,169.38039497842166,156.13027344628594,85.4189272671938,14,-0.002377084740146529,2.4931361824274063,0.22536668088287115
524,0.17440754,1784956016.036923,178.98412546791755,156.22653147252643,80.17478393763304,11,-0.000319461221806705,2.212374337017536,0.14765509637072682
526,0.17440754,1784956016.2876549,145.54130146031474,156.27107657544758,116.75938506610692,13,-0.009366523372591473,3.5632924288511276,0.1640581409446895
528,0.17440754,1784956016.55752,146.46484893684647,156.61761781240259,106.43949096277356,14,-0.002750562329310924,1.0124690271914005,0.2330602565780282
530,0.17440754,1784956016.838814,156.47331219384046,156.80259251821997,99.36659486033022,14,-0.0032156368251889944,2.1091854572296143,0.20433302130550146
532,0.17440754,1784956017.091912,165.00248786365646,156.85184378591686,87.07093614339828,13,-0.002722424134844914,0.6461999267339706,0.17264300398528576
534,0.17440754,1784956017.37095,169.98124857783975,157.31184823182844,96.91111059486866,10,-0.006679124664515257,1.4269484654068947,0.18477180786430836
536,0.17440754,1784956017.626176,141.05009661224608,157.30476714573194,124.15947500616312,16,-0.0018346901633776724,1.3068907260894775,0.17198073584586382
538,0.17440754,1784956017.8780742,156.99441098840535,157.7229479625784,95.52985067293048,15,-0.0022341955627780408,1.489241637289524,0.20424808375537395
540,0.17440754,1784956018.156311,154.9707555078412,157.87096852141775,103.10160599648952,16,-0.0013461566995829344,1.2277594991028309,0.14465664513409138
542,0.17440754,1784956019.0500531,173.90180083542666,158.35102577846462,89.42315167933702,10,-0.0024066079640761018,1.2778241038322449,0.11182545684278011
544,0.17440754,1784956019.305408,164.72641037212608,158.24190569511407,83.85240622796118,13,-0.005037624156102538,2.0542584657669067,0.15651221852749586
546,0.17440754,1784956019.586337,172.71117933943373,158.82453667613154,84.38910948857665,12,-0.00189626042265445,0.7879244070500135,0.16268042661249638
548,0.17440754,1784956019.847797,153.98106980753334,159.2669973617504,103.0517575033009,14,-0.002083219245832879,1.1640353314578533,0.19716680701822042
550,0.17440754,1784956020.156919,158.6920666849844,160.41314223501067,88.7289295103401,15,-0.0014239829033613205,1.3407664261758327,0.1673400728031993
552,0.17440754,1784956020.412462,157.33535553350754,160.21841317672147,89.12875800579786,13,-0.0010357485734857619,0.779092326760292,0.1140029956586659
554,0.17440754,1784956020.6971352,162.48617596272007,160.38308128907133,94.03171130642295,13,-0.0028074492583982646,0.768420685082674,0.24238727428019047
556,0.17440754,1784956020.97382,156.30395607309896,161.0685845613761,101.7260453402996,13,-0.0018281328666489571,0.798334963619709,0.12776271579787135
558,0.17440754,1784956021.223208,162.32045965345037,161.0551201929727,85.39406788349152,13,-0.004485190351260826,1.118811883032322,0.1986457286402583
560,0.17440754,1784956021.471322,178.62398303427156,161.50156412966032,78.60614046826959,10,-0.0006932690521352924,1.127408791333437,0.1505240723490715
562,0.17440754,1784956021.745684,161.88997278050607,161.00806886835633,101.41022317111492,12,-0.0029521858887164854,1.428328923881054,0.18863735999912024
564,0.17440754,1784956021.998883,147.35582219714408,161.05872009921072,109.97172373905778,13,-0.0016997955390252173,2.034755177795887,0.09869091119617224
566,0.17440754,1784956022.2749681,168.15447384591195,160.75197662600237,97.95542906597257,11,-0.002951050875708461,1.7245971485972404,0.16602511936798692
568,0.17440754,1784956022.532112,156.79462975512828,160.9553685628373,94.84336516261101,15,-0.0036292730655986816,1.4387904480099678,0.14987244037911296
570,0.17440754,1784956022.784117,144.93368146434054,161.14639119748747,117.74374322220683,14,-0.001560548844281584,1.6077491492033005,0.15777797903865576
572,0.17440754,1784956023.063197,165.83306866941177,161.26959523322924,92.03582668676972,12,-0.0021416046074591577,1.4715213440358639,0.12860443210229278
574,0.17440754,1784956023.354468,149.36914924328883,160.9953758279293,108.28162755258381,13,0.0013684147561434656,1.3336652219295502,0.10561039159074426
576,0.17440754,1784956023.824914,163.7387430491637,161.36415630860208,98.63335864432156,15,-0.002286795133841224,1.575362455099821,0.18393486645072699
578,0.17440754,1784956024.123513,149.11896234400626,161.34863324567996,105.42837220057845,14,-0.0013693293440155685,0.8411120735108852,0.14192218845710158
580,0.17440754,1784956024.4199061,150.61213266002778,161.21328502852245,104.73628135956824,15,-0.002431828193948604,0.5808899309486151,0.10693261725828052
582,0.17440754,1784956024.785465,149.56298448992928,161.23466163315936,118.39296400547028,16,-0.002964147279271856,1.0415474325418472,0.16544594150036573
584,0.17440754,1784956025.069571,167.60628770938536,161.13519146379628,88.44561222009361,12,-0.0032736820867285132,1.4251348711550236,0.10716330539435148
586,0.17440754,1784956025.327756,178.0949072345193,161.77320506790156,82.8659204132855,13,-0.00045095769746694714,3.3350184485316277,0.06385180284269154
588,0.17440754,1784956025.614635,143.50041046041238,161.40699436058668,108.75745591893792,16,-0.002259621294797398,0.8507234938442707,0.18770612496882677
590,0.17440754,1784956025.870085,166.83349068211314,161.8447849448972,88.86608208715916,14,-0.0013135128901922144,1.0425552763044834,0.09770065965130925
592,0.17440754,1784956026.185764,173.69930081611986,161.6613974379049,83.61893600225449,11,-0.0018496091943234205,1.393491007387638,0.16519627254456282
594,0.17440754,1784956026.467448,177.8345924289472,162.2809987308447,73.14177798852324,10,-0.00334870012011379,0.8459153771400452,0.20649290643632412
596,0.17440754,1784956026.728673,149.19108986481797,161.46461779796812,105.4270754661411,18,-0.0026758280582726,2.625641316175461,0.13383902655914426
598,0.17440754,1784956027.0040991,158.62495972745393,161.35482186525644,102.51030434295535,14,-0.001715877471724525,1.4556639455258846,0.17752342857420444
600,0.17440754,1784956027.277209,153.68905155181503,160.7056884862952,108.26894989982247,12,0.0004762796452268958,2.486289821565151,0.059631614247336984
602,0.17440754,1784956027.552789,170.18789188996732,161.395786107435,82.31375454645604,14,-0.0009020243887789547,1.1794879920780659,0.10810013767331839
604,0.17440754,1784956027.836577,155.5566951264874,161.21076090070244,104.35386315733194,14,-0.0014431849122047424,0.8724641762673855,0.1577227395027876
606,0.17440754,1784956028.1411588,167.78187047233536,161.21237546786517,89.11623435467482,11,-0.0031633898324798793,1.501493625342846,0.1713719768449664
608,0.17440754,1784956028.4185972,171.9012869345135,161.62804337645036,85.12830773368478,12,-0.002330020332010463,2.4868868589401245,0.08390027214772999
610,0.17440754,1784956028.707306,167.67973211331642,161.55636881322502,91.97802140936255,13,-0.005309950312948786,2.6278932243585587,0.1162822819314897
612,0.17440754,1784956029.084974,147.13118783496756,161.97075698547985,107.42749258130789,16,-0.0005262060767563526,4.764358773827553,0.09321007085964084
614,0.17440754,1784956029.3867369,154.4749525543186,162.12977680481836,97.03747208043933,13,0.0009097040456254035,1.307793267071247,0.15070239547640085
616,0.17440754,1784956029.650524,149.66825445895964,161.69421910656376,115.79894610121846,18,-0.002126951585523784,2.0402642637491226,0.1568780979141593
618,0.17440754,1784956029.9109278,163.65869308258175,161.603850131982,87.4198210183531,15,-0.0026550839975243434,1.6780263036489487,0.1566633335314691
620,0.17440754,1784956030.2288861,147.2257592188763,161.64286476107057,101.55212681181729,14,-0.0022541669895872474,0.8713465668261051,0.09314992814324796
622,0.17440754,1784956031.1115031,151.41551134269295,161.6370756684245,106.17358748987317,14,-0.0009707560966489837,1.2732226848602295,0.09350405167788267
624,0.17440754,1784956031.375102,157.65882218843538,161.89618622981703,97.83788282051682,14,-0.004217124835122377,0.8271293863654137,0.23979653976857662
626,0.17440754,1784956031.664811,156.19845436170482,161.41504818756428,92.55135423876345,13,-0.001609858009032905,2.312843471765518,0.1610461650416255
628,0.17440754,1784956031.923669,154.6537488182772,161.36557458596326,119.43836357444525,11,-0.0006796236848458648,2.2850665003061295,0.11909663444384933
630,0.17440754,1784956032.208166,172.22970881724962,162.07571859551848,85.39170031994581,11,-0.000652763614198193,1.346575528383255,0.1324226357974112
632,0.17440754,1784956032.472664,166.3890539987584,162.26862936749393,90.71742223203182,10,-0.0028892195550724864,0.7680849116295576,0.11954011674970388
634,0.17440754,1784956032.730135,169.50768393835088,162.45918536038045,84.33174839243293,10,0.0006651290095760487,1.6416975110769272,0.15752965956926346
636,0.17440754,1784956033.012326,160.06171927728178,162.01406176227948,92.6596237309277,13,-0.0012583940115291625,1.5423243306577206,0.16527183167636395
638,0.17440754,1784956033.272406,148.10472543311272,162.150055509747,104.90998048894107,14,-0.0058571003610268235,1.2554484754800797,0.12416131282225251
640,0.17440754,1784956033.531981,169.79636074849802,162.01043714834088,77.07061008177698,12,-0.0015205199015326798,1.0201834104955196,0.09371536131948233
642,0.17440754,1784956033.843068,168.33387809084374,161.86015536522407,93.89031002670527,14,5.022680852562189e-05,1.0180949307978153,0.1171747394837439
644,0.17440754,1784956034.104128,173.20842913474604,161.4624417010668,79.3453913833946,12,-0.0012857548354077153,1.163029059767723,0.1575095341540873
646,0.17440754,1784956034.4051478,178.09075580393716,162.35949339748996,86.58528184890747,12,-0.001487594810896553,2.2124679759144783,0.09033763501793146
648,0.17440754,1784956034.6785998,170.58707442104907,162.8033798390918,77.88678362220526,14,-0.002659981430042535,1.2947961874306202,0.05666759819723666
650,0.17440754,1784956035.413336,185.3665301734094,163.76546834468198,74.66230072453618,11,-5.79480838496238e-05,1.8368919417262077,0.09280672972090542
652,0.17440754,1784956035.7258291,151.67802247926255,163.4231848118805,95.41377292200923,12,0.0007531197043135762,2.060093753039837,0.0932557238265872
654,0.17440754,1784956036.320384,188.324476698011,164.5437698268465,68.96040175482631,12,-0.0020467159629333764,0.8749430999159813,0.16372185060754418
656,0.17440754,1784956036.6093,173.7008642325938,164.7261148033009,71.22827073186636,14,-0.002258879947476089,1.382821299135685,0.1932528940960765
658,0.17440754,1784956036.914728,156.19116639838018,164.05841701143063,99.20885653048754,15,-0.008177929499652237,1.5768453478813171,0.16550550051033497
660,0.17440754,1784956037.2010481,148.76804013175476,163.48025078354618,107.16918101161718,15,-0.004282979018171318,1.9601085633039474,0.13992952648550272
662,0.17440754,1784956037.5651462,157.47253555442498,163.83297301819837,117.85083016008139,14,0.0009580701735103503,2.3472106605768204,0.15066892467439175
664,0.17440754,1784956037.822977,183.54437260607062,164.03036173240372,73.47031428851187,14,-0.0010371432872489095,1.1303967908024788,0.18177627492696047
666,0.17440754,1784956038.077742,168.9010550143539,164.64958628074123,83.12662603333592,13,-0.001019864168483764,1.9526763409376144,0.12681928975507617
668,0.17440754,1784956038.357433,143.7691954112087,164.6372716099816,113.4344703219831,13,-0.004748149774968624,1.5946022719144821,0.16218199860304594
670,0.17440754,1784956038.611587,165.92758934101178,165.260446871668,90.03766158223152,11,-0.0007679565460421145,1.272216122597456,0.0869255296420306
672,0.17440754,1784956039.589618,157.1594521083072,165.4747397532171,90.58270864654332,13,-0.0031664222478866577,2.3656191751360893,0.19670594576746225
674,0.17440754,1784956039.869914,165.10163703949692,165.6792535208873,89.21870462968946,12,-0.00396288646152243,1.161360900849104,0.1564421714283526
676,0.17440754,1784956040.1758149,154.97403491928173,165.64209793048897,96.35509584099054,17,-0.0023674957155890297,2.7471532374620438,0.09659726219251752
678,0.17440754,1784956040.4721332,161.24551748440834,165.45458700077853,102.59693399444222,14,0.000262558925896883,1.0285432301461697,0.09602758660912514
680,0.17440754,1784956040.739481,151.69470999629206,164.81629347869577,93.45370248705149,13,-0.0009587213862687349,1.4096304178237915,0.10207656724378467
682,0.17440754,1784956040.994312,164.4659191605234,164.84807025536452,90.06872858200222,14,-0.0006926750065758824,1.4703205153346062,0.13664298225194216
684,0.17440754,1784956041.2752051,166.60929877597053,164.3014453324152,91.35494527965784,15,-0.006215774512384087,1.6293446570634842,0.11224545584991574
686,0.17440754,1784956041.535372,160.5812711647533,164.66899160203062,94.38123163301498,15,-0.0003126929223071784,1.2912055477499962,0.17153619416058064
688,0.17440754,1784956041.793758,180.10681430022223,165.03327563668586,75.74797385185957,13,-0.0004600475658662617,2.539192646741867,0.13238154584541917
690,0.17440754,1784956042.0719638,174.80803544057383,165.4459311221848,76.44190933182836,11,-0.0019283629371784627,2.238773763179779,0.17952185682952404
692,0.17440754,1784956042.3333929,159.11442395562807,164.998420950607,92.59362066164613,13,-0.002399548888206482,2.0676902569830418,0.19912919867783785
694,0.17440754,1784956042.61715,161.33194967821694,165.315006588735,84.30859251879156,10,-0.0024721493537072092,1.7507731169462204,0.07665837975218892
696,0.17440754,1784956042.871246,169.25455361515625,164.87435962898897,86.94725112617016,10,3.486251807771623e-05,0.8449645675718784,0.10831555631011724
698,0.17440754,1784956043.12657,150.4426332620291,164.2021450974033,102.46414992585778,12,-0.005760207801358774,1.2700724191963673,0.1735188877210021
700,0.17440754,1784956043.414283,148.2513329076522,163.38456772258698,104.39937571249902,11,-0.003419030166696757,1.7239319831132889,0.23879705276340246
702,0.17440754,1784956043.678547,146.1355517995341,162.6995152917201,113.78143099881709,11,-0.005671152961440384,1.06678556650877,0.1404318124987185
704,0.17440754,1784956043.932093,164.37074854433283,161.76748212099108,88.99422328732908,13,-0.0015299361548386514,1.4641213789582253,0.13157032756134868
706,0.17440754,1784956044.573421,193.03085017181846,162.4192967070289,67.76610708981752,10,-0.0006827413890277967,1.305707048624754,0.1360998684540391
708,0.17440754,1784956044.86451,149.94216336428755,162.49338901780888,91.94899931550026,13,-0.0008159344433806837,2.6872812137007713,0.08332942728884518
710,0.17440754,1784956045.142522,160.54147712978076,162.84040592217764,109.12349931150675,15,-0.003238094854168594,3.8531841933727264,0.10620727948844433
712,0.17440754,1784956045.3989818,172.7537348136259,162.8847614723595,82.97347352094948,14,-0.001968712662346661,1.4435159713029861,0.14991855807602406
714,0.17440754,1784956045.652508,162.24387470335847,162.58964069333322,89.79337891750038,12,-0.00043544358777580783,1.3806907013058662,0.0675342227332294
716,0.17440754,1784956045.932321,161.45325412971707,162.68159624201445,96.73689402267337,15,-0.00015971472021192312,2.028169959783554,0.13200132502242923
718,0.17440754,1784956046.1883678,151.23408835294347,162.7088476075536,106.34016585210338,13,-0.0007214898578240536,1.5175612047314644,0.13889811467379332
720,0.17440754,1784956046.4435241,173.33784320807882,162.47874728335069,83.64283830299973,13,-0.002520374095183797,3.062728524208069,0.08026165794581175
722,0.17440754,1784956046.750157,158.25860825606225,161.94059423836495,87.19590144231915,16,-0.0017335876473225653,1.1707546822726727,0.08164823800325394
724,0.17440754,1784956047.0513332,179.09141980538763,161.9115529881704,78.09680173546076,13,-0.004052578820846975,1.5237475112080574,0.10231644287705421
726,0.17440754,1784956047.375328,179.1792664385059,162.88328300969243,82.04855525493622,9,-0.003355864027980715,1.370132863521576,0.11801341269165277
728,0.17440754,1784956047.6445088,186.5392226926409,163.83338790739577,68.94120769575238,13,1.9583385437726974e-05,0.6789603941142559,0.10860890010371804
730,0.17440754,1784956047.910686,163.11332389314924,163.95896868315933,92.43221607524902,13,-0.001445472240447998,1.0099893622100353,0.16748320404440165
732,0.17440754,1784956048.19804,177.02357869119615,164.69908254940336,91.30107489787042,7,-0.001971542718820274,1.1814310550689697,0.12766339257359505
734,0.17440754,1784956048.466083,158.52896069464148,164.728918049621,100.9843341819942,14,-0.004048720169521403,1.6737590730190277,0.19289256632328033
736,0.17440754,1784956048.884783,163.74000054416928,164.89284868007377,93.18075093626976,13,-0.0031601715891156346,3.7047453969717026,0.0672622297424823
738,0.17440754,1784956049.168541,165.71962584527543,164.529453104903,85.81841333396733,15,-0.0007174665806815028,0.8449937738478184,0.09000543202273548
740,0.17440754,1784956049.4227781,152.59232582744204,164.01557672201645,110.70662243850529,16,-0.005104252806631848,2.9836796075105667,0.12633766885846853
742,0.17440754,1784956049.734171,184.2275322344124,164.7987331097481,74.82883985713124,13,-0.005205715366173536,1.2113968133926392,0.10374763328582048
744,0.17440754,1784956049.9890518,159.43893081318933,164.3226463326777,95.07658353075385,15,-0.0015479995927307755,1.0879275277256966,0.09512893063947558
746,0.17440754,1784956050.245227,156.3422090839832,163.950292877186,93.8995046056807,15,-0.0021979931043460965,1.815753810107708,0.14593746699392796
748,0.17440754,1784956050.52151,184.74531548551408,165.08327011231796,71.55883689317852,11,-0.0005714041762985289,0.8227589130401611,0.1176366307772696
750,0.17440754,1784956051.245624,160.16216385769272,165.4494917311025,97.40231993794441,13,-0.0027038444386562333,0.7516574710607529,0.15070439036935568
752,0.17440754,1784956051.5303612,163.16985397970427,166.149990438477,83.72888908907771,12,0.0019007245427928865,3.625217154622078,0.10481232381425798
754,0.17440754,1784956051.810017,144.68512773915722,166.14263223529733,115.04549643397331,15,0.0011050738394260406,3.160390943288803,0.18643475137650967
756,0.17440754,1784956052.065505,145.13206935847342,165.0348104656101,113.1274884827435,16,-0.0016669083343003877,1.0189361609518528,0.10365884774364531
758,0.17440754,1784956052.342471,172.5411164600728,165.63517898617366,90.66980763524771,10,-0.0017356452299281955,0.5301794670522213,0.13321922812610865
760,0.17440754,1784956052.596128,171.2895142976182,165.78361142666637,87.38936532661319,10,0.0008859657100401819,1.3638198301196098,0.09665365237742662
762,0.17440754,1784956052.847666,158.25856225677552,165.571889637848,97.81315839104354,12,-0.0017232291866093874,3.6264031380414963,0.04726131388451904
764,0.17440754,1784956053.122337,183.64508054153754,165.62303649674428,70.31204589083791,12,-0.0011109000770375133,0.753909956663847,0.1063320841640234
766,0.17440754,1784956053.372809,167.34046996422967,165.92371528925534,81.25109030492604,13,-0.00895167957060039,0.9971960708498955,0.13811396155506372
768,0.17440754,1784956053.625534,180.28700487078876,166.19323211800645,80.44550002925098,12,-0.0016026405501179397,1.911810614168644,0.1387773510068655
770,0.17440754,1784956053.901587,166.20384580294055,166.08020923958298,89.07665995508432,13,-0.0018060714792227373,1.8621453791856766,0.16315726935863495
772,0.17440754,1784956054.165094,168.71952648863916,166.31743539398767,90.87134435772896,10,-0.001746002642903477,1.1473782937973738,0.18245974089950323
774,0.17440754,1784956054.445408,166.8709175013069,165.7307647544805,88.2688184287399,15,-0.001387542244629003,1.0057005286216736,0.11897528311237693
776,0.17440754,1784956054.700473,165.4754866150184,165.53916252232193,87.81583920493722,12,-0.0012008359481114894,2.1893491744995117,0.18218753533437848
778,0.17440754,1784956054.951643,183.97323120600396,165.68974785740994,76.78573759272695,11,-0.0010151381138712168,1.765427626669407,0.153988900128752
780,0.17440754,1784956055.234113,159.40831835814453,165.9448330878871,96.77804574090987,15,-0.0013607466826215386,2.7513635978102684,0.09840225148946047
782,0.17440754,1784956055.487394,163.62448312522105,164.8489715504233,96.69310070574284,12,-0.0010940772481262684,1.7024927660822868,0.06409370875917375
784,0.17440754,1784956055.7410681,144.5674220482398,164.45348267391378,104.59712829440832,14,-0.00037885509664192796,1.9246447756886482,0.07874296815134585
786,0.17440754,1784956056.014426,166.78880791086664,164.3763235925673,96.53208951465786,12,-0.0035636853135656565,0.9192246161401272,0.1473352606408298
788,0.17440754,1784956056.26406,167.33521833593568,165.11486230320187,95.32723844796419,12,0.0004814751446247101,1.4306589402258396,0.08696149801835418
790,0.17440754,1784956056.540859,170.4338209839608,165.62245898086218,81.47829263471067,11,-0.0010877447784878314,0.8199336230754852,0.10882841562852263
792,0.17440754,1784956056.79229,163.52411775511527,164.79587716578487,87.61300928518176,13,-0.0004153800255153328,0.9801473058760166,0.1074992110952735
794,0.17440754,1784956057.043457,168.6160385298234,164.9270461348369,81.27937551215291,11,-0.00205185025697574,2.4130833372473717,0.07851538830436766
796,0.17440754,1784956057.319946,163.72443872714354,165.58782687773612,85.09563700482249,9,-0.001128339623392094,0.6822812929749489,0.07104258355684578
798,0.17440754,1784956057.573521,186.76231677610238,165.8028920680637,71.31078689545393,12,-0.001478271540690912,0.567953810095787,0.07521378202363849
800,0.17440754,1784956057.825788,168.8505235914187,165.52703386783068,89.97417835332453,11,-0.0011641603196039796,2.2105515897274017,0.08748988131992519
802,0.17440754,1784956058.10414,173.47485630602935,165.88092114421602,79.79918806208298,12,-0.0026476172206457704,2.4276767522096634,0.16099816095083952
804,0.17440754,1784956058.35758,177.9987215169491,166.01091635773173,74.24587507173419,12,-0.0008780143107287586,1.3082513473927975,0.10161129757761955
806,0.17440754,1784956058.632595,174.74237470509385,166.12833246897588,88.32782996632159,11,-0.0023048285365803167,1.9978977888822556,0.09414891013875604
808,0.17440754,1784956058.885793,166.6718021298371,166.04400226244553,87.65507996454835,13,-0.0019987947307527065,1.5378758013248444,0.2067500799894333
810,0.17440754,1784956059.139967,142.1062753102747,165.61668539354847,128.11741399765015,17,0.0007653319771634415,3.817185342311859,0.10882481560111046
812,0.17440754,1784956059.417305,170.3220394111771,165.47606257241196,90.0821094494313,13,-0.005767602240666747,1.862642228603363,0.09564644563943148
814,0.17440754,1784956059.6699798,151.84668790164494,165.3658432517959,103.94218280911446,11,-0.0024484124151058495,0.5471813287585974,0.13757574139162898
816,0.17440754,1784956059.922904,154.96972693566877,164.88888561777006,108.3570657223463,14,-0.0024191246629925445,1.0656669288873672,0.1073396154679358
818,0.17440754,1784956060.1984088,151.82879417254375,164.42935468391232,98.44234934449196,12,-0.00035594168002717197,2.97728231549263,0.05766877066344023
820,0.17440754,1784956060.454287,147.58891885266993,163.98145104233706,125.98656757175922,15,0.0005140430657775141,4.681765496730804,0.14628241211175919
822,0.17440754,1784956060.732676,171.0423384814188,164.26567263220676,86.04188945144415,9,-0.004853239166550338,0.9845809563994408,0.14500455418601632
824,0.17440754,1784956060.9854872,164.13509355352943,164.6768539965573,97.8080692216754,14,-0.003267955093178898,1.5614323019981384,0.20373419858515263
826,0.17440754,1784956061.236235,159.3507277287447,163.9993362389135,97.1688685938716,14,-0.0005598810967057943,4.081985741853714,0.094750399235636
828,0.17440754,1784956061.509353,161.01895239455433,162.8000402563902,85.16416044533253,11,-0.002011745353229344,1.2173865288496017,0.1944399317726493
830,0.17440754,1784956061.7628129,149.29457839450157,162.72842060575147,103.68221560306847,11,-0.0026365470766904764,0.9956821352243423,0.16137586487457156
832,0.17440754,1784956062.014931,163.20122656641013,163.14432393984953,88.80992215126753,13,-0.0015681598597439006,1.4472086355090141,0.1923656826838851
834,0.17440754,1784956062.292835,170.17961092254262,163.98788180660557,78.84345552884042,11,-0.0005727463867515326,0.8797649219632149,0.07140430202707648
836,0.17440754,1784956062.545438,175.60036168655972,164.11070961389353,78.80469514802098,10,-0.004277442647435237,1.5394761338829994,0.18116059433668852
838,0.17440754,1784956062.821116,188.14864609183414,164.583233943692,68.49272985756397,11,-0.0009258641257474665,1.2530329711735249,0.07867035898379982
840,0.17440754,1784956063.074255,154.76458230775646,164.30645140862663,95.5749925058335,14,-0.003915265726391226,1.4455940052866936,0.1755363354459405
842,0.17440754,1784956063.323385,160.41666741681854,164.55634858058716,89.3842041566968,11,-0.0015529406955465674,1.5407507717609406,0.1500627426430583
844,0.17440754,1784956063.595791,156.84497185560565,164.756963639058,96.85453571751714,8,-0.0028214947669766843,0.7626041024923325,0.15056688571348786
846,0.17440754,1784956063.8472111,174.16304672419216,164.50866948744104,84.33368826285005,10,-0.0013665484148077667,1.1594951301813126,0.11597513034939766
848,0.17440754,1784956064.10189,145.80068028673696,163.1575413438644,97.79479859769344,11,-0.00014000042574480176,3.782688096165657,0.1420113854110241
850,0.17440754,1784956064.37741,163.20063018168912,162.93433394482636,84.13026222959161,12,-0.005265818210318685,2.106206104159355,0.07336523314006627
852,0.17440754,1784956064.6350248,165.7559160875083,162.54024875568098,92.73572542890906,9,-0.0009728501026984304,1.1529746688902378,0.11848343536257744
854,0.17440754,1784956064.909996,161.56960929915763,162.42753502602827,90.26410825550556,13,-0.00043083500349894166,2.111968830227852,0.06218746956437826
856,0.17440754,1784956065.1634471,152.42139197679705,161.99685844146663,94.36154881864786,11,-0.005034805333707482,1.588051863014698,0.26717264391481876
858,0.17440754,1784956065.419592,164.54369391808387,162.2601505696718,84.71263074874878,9,-0.0010653697536326945,1.797343235462904,0.09908893797546625
860,0.17440754,1784956065.700178,161.55889308053003,162.0213532372519,99.20678956061602,9,-0.00039377311259158887,1.576001524925232,0.050443459185771644
862,0.17440754,1784956065.954261,174.24210735353984,162.6635014998205,76.4305442366749,11,-0.001047853846102953,1.112638421356678,0.09720406727865338
864,0.17440754,1784956066.206147,180.27985146968672,163.2714313630455,74.99595719575882,12,-0.002696027047932148,1.4058071225881577,0.14767606183886528
866,0.17440754,1784956066.483569,182.73281547495282,163.8219615870075,74.58508667722344,11,-0.0011507021263241768,1.3914805576205254,0.055835463339462876
868,0.17440754,1784956066.7364402,181.59771278938416,164.8757574423623,83.17543362826109,10,-0.002346462570130825,1.3588410019874573,0.08697577472776175
870,0.17440754,1784956067.013682,166.89849008073773,165.31122558783775,95.14943342655897,12,-0.0019786502234637737,1.9193903617560863,0.1743336971849203
872,0.17440754,1784956067.268832,179.94520269430737,165.38204131926162,78.77605902962387,12,-0.0011833054013550282,1.0778337977826595,0.14413807168602943
874,0.17440754,1784956067.521028,177.72704816803855,165.90249004180274,74.89653286337852,13,-0.0016113470774143934,1.0018236376345158,0.10164403915405273
876,0.17440754,1784956067.794573,168.2996961077492,166.1548062854742,90.01353384181857,12,-0.001347790122963488,1.5232715792953968,0.0833895169198513
878,0.17440754,1784956068.0446599,177.6688676446313,166.88478963726863,79.33830938488245,11,-0.0002873804187402129,0.88995754532516,0.12419263273477554
880,0.17440754,1784956068.3000598,184.39335236755858,166.8675577171082,78.42889577522874,12,-0.005299944394209888,1.4914636388421059,0.18268963135778904
882,0.17440754,1784956068.575965,170.44090730474005,166.8821459459524,87.5563652664423,14,-0.004133074195124209,1.1204614751040936,0.18261135090142488
884,0.17440754,1784956068.827081,183.87945914353512,166.8133198374487,79.12769043259323,12,0.0009211960714310408,2.522037297487259,0.11759152635931969
886,0.17440754,1784956069.101693,160.78925590181836,166.7645671886365,89.74176355451345,12,-0.0014405025285668671,0.7398928292095661,0.13487642351537943
888,0.17440754,1784956069.35328,151.984278281704,165.7203229619519,101.9167657122016,13,-0.0019450114923529327,0.9051014818251133,0.11839057272300124
890,0.17440754,1784956069.606665,164.22625205884728,166.1590023173662,85.97870798408985,9,-0.0017396690818713978,2.7127074003219604,0.07605073158629239
892,0.17440754,1784956069.8845592,173.10481395064224,166.36452882533465,78.98095966503024,11,-0.0019445194629952312,0.5668742582201958,0.09841880924068391
894,0.17440754,1784956070.1388822,183.40420897683236,166.9080415775203,73.66048469766974,11,-0.0008745252853259444,0.746906902641058,0.11099919397383928
896,0.17440754,1784956070.39063,157.44533231534572,166.71104400877985,111.049312107265,15,-0.0004613615164998919,2.7147940024733543,0.12964915623888373
898,0.17440754,1784956070.669534,184.20413099339342,167.79831658874429,77.43533823639154,10,-0.0018354964558966458,0.8428237549960613,0.12655638763681054
900,0.17440754,1784956070.921443,160.67073563456506,168.208164248436,83.04732899181545,11,-0.0007926936959847808,1.3952388763427734,0.08470711205154657
902,0.17440754,1784956071.197557,177.36865688172517,168.864103854259,84.21403033845127,11,-0.0013756530242972076,1.2484788484871387,0.07183235976845026
904,0.17440754,1784956071.446481,166.264756057437,168.97137127668466,85.60813924111426,15,0.0003557571144483518,1.76497320830822,0.07936505903489888
906,0.17440754,1784956071.6971562,165.09850155710592,169.6387085142593,92.43515671789646,11,-0.002865063725039363,1.4502891302108765,0.17315632663667202
908,0.17440754,1784956071.976922,178.20527594456607,169.36877185215909,74.29530472215265,12,-0.000913953990675509,0.7551331203430891,0.11345632886514068
910,0.17440754,1784956072.2330298,171.12277019212127,169.91309026772424,83.57851960510015,11,-0.0027358864317648113,0.45822096429765224,0.1482580816373229
912,0.17440754,1784956072.485193,161.78288688602126,169.53058648008042,85.72376443818212,12,-0.004257603781297803,1.192737489938736,0.14767396496608853
914,0.17440754,1784956072.762959,145.54970359705692,168.15570834412026,108.43537316471338,12,0.0017039121594280005,0.7034075111150742,0.05289026000536978
916,0.17440754,1784956073.0173812,153.39572118206405,167.37900225808363,101.19615417718887,15,-0.004044229630380869,0.8588189221918583,0.09955938998609781
918,0.17440754,1784956073.291882,172.11411206685153,166.99894852741411,78.32544907182455,14,-0.0009016719413921237,0.46265725046396255,0.1371928728185594
920,0.17440754,1784956073.542791,163.89934524736728,167.09879691597365,94.00873929075897,13,-0.0011615641415119171,1.2998571433126926,0.13766155298799276
922,0.17440754,1784956073.794366,164.37439727217827,166.7355528918077,91.36396177858114,11,-0.0044365838839439675,1.6319993063807487,0.18595444597303867
924,0.17440754,1784956074.075009,178.90128942386644,166.447924519886,79.83908353000879,10,0.00016476697783218697,1.7777348682284355,0.11076218262314796
926,0.17440754,1784956074.329395,171.56571734252233,166.12350461093138,85.08190701715648,13,-0.0009410124330315739,1.7581050395965576,0.0820756801404059
928,0.17440754,1784956074.578936,162.31919249395577,165.91379402796628,95.2843844667077,11,-0.0044820636248914525,1.2498853094875813,0.15998965501785278
930,0.17440754,1784956074.854177,169.40225752870396,166.34470496057594,87.84544391743839,10,-0.006889189302455634,1.4115959480404854,0.19418551586568356
932,0.17440754,1784956075.110214,168.89947012764108,166.54469350841023,80.8415257036686,10,-0.00451600925589446,1.6531482189893723,0.1257232017815113
934,0.17440754,1784956075.386131,172.06893981879998,166.86692897500197,79.4402149617672,10,-0.0023932631593197584,0.6183315236121416,0.11935165338218212
936,0.17440754,1784956075.641259,160.21788984472883,166.698517576506,99.86290172860026,10,-0.0026341371703892946,1.1175372377038002,0.17462673829868436
938,0.17440754,1784956075.8936691,145.9322322414295,166.68813761138867,110.42567631229758,14,0.00021608342649415135,1.6401260793209076,0.05160112155135721
940,0.17440754,1784956076.171718,151.5053218068445,166.14031817479116,115.35251628607512,11,-0.0008892745827324688,1.0266831032931805,0.04712103528436273
942,0.17440754,1784956076.427862,164.18627498959452,166.18112696317857,94.11404651775956,11,0.00030155158310662955,0.6753140687942505,0.11642201896756887
944,0.17440754,1784956076.6787179,172.2660058465457,165.74401371404957,86.22772723436356,10,-0.0009706685086712241,4.107609033584595,0.09961559297516942
946,0.17440754,1784956076.9536,143.5123851461451,165.6023630196668,110.36230356246233,14,0.0009182504436466843,5.0672463327646255,0.08535316865891218
948,0.17440754,1784956077.2037508,162.83907633910766,164.89970120354462,87.29405442252755,13,-0.0011404020187910646,1.1454950459301472,0.10974014783278108
950,0.17440754,1784956077.4796648,153.3912723913223,165.05320129988962,90.47132313996553,12,-0.00208482937887311,1.6397383287549019,0.12058942951261997
952,0.17440754,1784956077.732461,175.333990136508,164.4917825754145,81.34023606777191,11,-0.0030251910793595016,1.2793992683291435,0.07883643475361168
954,0.17440754,1784956077.984451,173.5197005004448,165.04659169903425,77.86720121279359,11,-0.0049158697365783155,0.5882561206817627,0.10276390751823783
956,0.17440754,1784956078.255637,150.34439924185793,164.98469339735155,105.65852580219507,10,-0.0016096789622679353,1.2387895658612251,0.06004970124922693
958,0.17440754,1784956078.5100858,161.81650954353282,164.8656095448511,98.63076066970825,13,-0.0021698117488995194,0.7296090219169855,0.1655480805784464
960,0.17440754,1784956078.76339,159.56331994637287,164.5092536472514,95.7080940734595,13,-0.003912427637260407,1.955209568142891,0.11270020389929414
962,0.17440754,1784956079.039208,147.97251994014644,164.53018760789976,101.65720063075423,13,-0.0006241807714104652,1.494229905307293,0.11326169781386852
964,0.17440754,1784956079.289094,173.70154952202708,165.8342934054047,80.11835975572467,12,-0.002102451107930392,0.8566598277539015,0.17575105093419552
966,0.17440754,1784956079.565938,154.87543534666884,166.12505544122584,91.302564881742,13,0.0003154928854200989,0.9624625258147717,0.05304208223242313
968,0.17440754,1784956079.82088,169.98391587877677,166.14737531646148,81.51307581365108,15,-0.0018631790590006858,1.6032014563679695,0.15676909871399403
970,0.17440754,1784956080.073042,184.3756694019697,166.6813526749465,70.88615685980767,11,-0.0009386438978253864,1.0067625120282173,0.12368182418867946
972,0.17440754,1784956080.354177,183.42902640119283,166.9767404082077,74.17082953080535,9,0.002600890293251723,1.2188065573573112,0.12135542184114456
974,0.17440754,1784956080.605661,169.6589025884556,166.9241758232737,83.62479577213526,14,-0.0003551442641764879,0.8539434969425201,0.12691465113312006
976,0.17440754,1784956080.859884,167.0478860791322,167.65941016197522,85.9163518929854,12,0.00018491290393285453,1.841619785875082,0.08229817845858634
978,0.17440754,1784956081.1376362,185.6997566896008,168.23347327704232,70.93744518049061,12,-0.002556378167355433,0.6753568854182959,0.12484851945191622
980,0.17440754,1784956081.456044,177.92010203475357,168.51620172320673,74.31606909073889,11,-0.002423328420263715,1.6366721019148827,0.18017384689301252
982,0.17440754,1784956081.7355452,164.19389023432794,168.20752304190086,86.09219968318939,11,-0.00046995900629553944,1.519282802939415,0.06483401590958238
984,0.17440754,1784956081.985842,191.1251960824408,168.24930202018913,70.81033041328192,10,0.0010142521350644529,1.0557089038193226,0.11603590194135904
986,0.17440754,1784956082.258812,157.37007295516474,168.29748164736407,101.84457910060883,12,-0.0017586025642231107,1.6900633797049522,0.13818264845758677
988,0.17440754,1784956082.7236512,172.65445503529398,168.86251318777752,93.12403990328312,12,-0.001465202891267836,0.5776993203908205,0.08573719067499042
990,0.17440754,1784956082.9820979,180.9251861694639,169.51359929155166,72.73012918140739,11,-0.0009051731321960688,0.7828821875154972,0.05856529832817614
992,0.17440754,1784956083.239815,173.75295616981816,169.3639518684445,82.62539921328425,11,-0.00270919525064528,0.8075452409684658,0.07795774843543768
994,0.17440754,1784956083.5217972,170.67165670236267,169.33809845411906,90.59157635085285,13,-0.004519460257142782,0.8003936260938644,0.13137388927862048
996,0.17440754,1784956083.772363,182.82985181472745,170.37383609135796,66.60942665114999,12,-0.0014673881232738495,0.90471426025033,0.12084347289055586
998,0.17440754,1784956084.051063,155.16931797678495,170.4367026218007,97.48670534417033,12,-0.002784209151286632,0.8891823776066303,0.17322624567896128
1000,0.17440754,1784956084.84372,184.84221113414,170.9648383534016,73.7719933995977,11,-0.004078527097590268,1.1172951199114323,0.13901227340102196
1000,0.17440754,1784956084.84372,184.84221113414,170.9648383534016,73.7719933995977,11,-0.004078527097590268,1.1172951199114323,0.13901227340102196
1002,0.17440754,1784956085.3039382,171.08913205664638,170.98052690165522,85.91161596775055,12,-0.0044227815815247595,1.1463053710758686,0.10095515614375472
1004,0.17440754,1784956085.595175,161.00792064856128,169.89756683899944,94.75561096798629,17,-0.005079856840893626,1.151949804276228,0.16399782476946712
1006,0.17440754,1784956085.871739,170.95973690566439,169.7671100259605,88.14415284525603,11,-0.0037993440637364984,1.0419024787843227,0.1173951500095427
1008,0.17440754,1784956086.151493,165.63600826897186,169.80040185158157,89.2557233273983,13,0.0010852098930627108,1.3146556355059147,0.06860780017450452
1010,0.17440754,1784956086.4361348,163.2684601051036,170.4072168115148,93.97643651999533,13,-0.0003467043279670179,0.976983867585659,0.10032823449000716
1012,0.17440754,1784956086.696577,166.68951919361763,170.13385039566822,89.69635461457074,11,-0.0023666614179091994,2.5093313455581665,0.08943554922007024
1014,0.17440754,1784956086.980176,180.23860403575208,170.05018589962313,84.48478126898408,12,-0.0008863184484653175,1.3405669182538986,0.09377057082019746
1016,0.17440754,1784956087.240705,163.2266686916669,170.2126926028879,92.22549600340426,13,-0.004778618924319744,2.141621507704258,0.0662449422525242
1018,0.17440754,1784956087.4991949,185.332683082511,171.0114978839017,72.20407086145133,11,-0.0007973821484483778,1.4948098957538605,0.10091135650873184
1020,0.17440754,1784956087.788785,175.0256994806228,170.40398893853865,78.78713103756309,11,-0.0006170608685351908,2.231990732252598,0.06673439382575452
1022,0.17440754,1784956088.048516,170.54956613170566,170.45027205970248,80.6377913877368,12,-0.0010703575098887086,0.821375448256731,0.08917010901495814
1024,0.17440754,1784956088.3250592,189.46940988351017,171.02296531818882,73.74535905569792,9,0.00042097446566913277,1.261294063180685,0.07223567157052457
1026,0.17440754,1784956088.612061,177.15907292488848,171.42362384151312,80.7263920577243,13,-0.001935740641783923,1.119645081460476,0.10146613838151097
1028,0.17440754,1784956088.870641,162.77211066739966,170.60198184802383,97.9069575034082,13,-0.0032564388820901513,2.269218146800995,0.08391414093784988
1030,0.17440754,1784956089.153688,160.0637898251291,170.21286431005134,99.71993645839393,12,-0.0011722317431122065,2.139177866280079,0.09341877978295088
1032,0.17440754,1784956089.413381,154.65232337558405,169.83125315994116,102.15243957005441,12,-0.0016822591423988342,1.1333573088049889,0.09726060973480344
1034,0.17440754,1784956089.673239,187.00403410586853,169.88704130065202,66.61518599279225,11,-0.0012891044607385993,0.6057176291942596,0.0836856933310628
1036,0.17440754,1784956089.95778,175.98868056626694,170.56643064976356,79.8053540699184,12,-0.001319274764682632,0.6108886022120714,0.13529801927506924
1038,0.17440754,1784956090.2163541,185.49739287711736,170.9958460751893,74.0136017203331,10,-0.0032893350580707192,1.2187591791152954,0.12791392300277948
1040,0.17440754,1784956090.475958,158.15320408136796,170.17012084895126,93.32371623348445,13,-0.0016635198408039287,3.0373572558164597,0.09150667581707239
1042,0.17440754,1784956090.759319,168.1129488227735,170.15079865001604,84.79734227247536,13,-0.004361716564744711,1.9705928340554237,0.05499923136085272
1044,0.17440754,1784956091.018121,179.15484686554592,170.71826249469203,85.70429130643606,9,-0.0006747315055690706,1.2416740134358406,0.1219394258223474
1046,0.17440754,1784956091.3025851,169.4107283297402,170.29623549746404,82.53214539587498,12,-0.0008822648087516427,1.3587335422635078,0.0654915003105998
1048,0.17440754,1784956091.5604532,169.34713599389033,170.526203663826,84.09174613468349,13,-0.0014169162895996124,0.7846807949244976,0.17379125207662582
1050,0.17440754,1784956091.8215559,154.95911518027128,169.99074969139383,108.95508440956473,14,-0.001920651615364477,1.1674658060073853,0.16495707631111145
1052,0.17440754,1784956092.10237,175.84373766770878,170.00227113587397,77.78656303137541,10,-0.0019897458660125267,1.0185814276337624,0.06848277035169303
1054,0.17440754,1784956092.363064,174.029075861616,170.3352206795791,83.41934242844582,9,-0.0007386493234662339,1.5680700987577438,0.13981138356029987
1056,0.17440754,1784956092.6225421,166.4694784789344,170.3540659862905,87.75970973446965,12,-0.0008037046063691378,0.7990543134510517,0.14011369412764907
1058,0.17440754,1784956092.929931,166.9006067853441,170.43884522573882,88.11140558402985,14,-0.001995653670746833,1.3415150456130505,0.10553733073174953
1060,0.17440754,1784956093.188663,169.66607306871953,170.5331300052711,89.20374714676291,13,-0.0023415735995513387,2.043192356824875,0.10310749942436814
1062,0.17440754,1784956093.4733791,166.8890197529266,171.0449213526938,97.25392647087574,13,-0.0020528060194919817,0.8802124373614788,0.07323377765715122
1064,0.17440754,1784956093.7329228,146.90369103271016,170.6731187186807,112.10124819725752,15,-0.0009337165392935276,4.106072619557381,0.15637738117948174
1066,0.17440754,1784956093.990607,164.06745436816524,170.975470767048,84.77505745738745,12,-0.002173592976760119,0.69378318823874,0.1413090261630714
1068,0.17440754,1784956094.2767801,164.87109780971713,170.23720368653255,100.1707666888833,11,-0.0012333299382589757,0.8625791352242231,0.1074304892681539
1070,0.17440754,1784956094.53674,159.34425526930514,170.3321771465791,92.43451284617186,12,-0.0008220472373068333,1.3888706602156162,0.05859552277252078
1072,0.17440754,1784956094.797166,165.47885012944755,170.16841417799128,105.46242852136493,14,-0.000851350610901136,2.568071961402893,0.16416168492287397
1074,0.17440754,1784956095.084756,171.76544228921796,169.469956688272,77.7953049633652,13,-0.0019536649633664638,1.3352951258420944,0.09553475677967072
1076,0.17440754,1784956095.3455749,179.61853066866576,169.3044643053724,83.5439688116312,13,-0.0016815662384033203,2.2840742841362953,0.08135864580981433
1078,0.17440754,1784956095.629581,153.60449394332676,169.30002438139337,98.3500576838851,16,-9.630282875150442e-05,2.5879899859428406,0.1281622056849301
1080,0.17440754,1784956095.8956218,163.85476840188244,169.03246991926932,92.24425370618701,13,-0.0006109279347583652,2.788585141301155,0.1126177660189569
1082,0.17440754,1784956096.176547,170.52663631528895,169.20170021333385,88.21554492041469,10,-0.001381342051899992,1.8998801000416279,0.11036751279607415
1084,0.17440754,1784956096.4905229,169.08819164555064,168.6247222958331,88.37267442420125,12,-0.001415379680111073,1.093341950327158,0.1049614604562521
1086,0.17440754,1784956096.811091,160.22118614332717,168.27766179991772,99.35713150165975,12,-0.0008755114213272464,3.239811383187771,0.08885026560164988
1088,0.17440754,1784956097.091583,165.38661899915007,167.7977998338248,90.09461794234812,11,-0.001776036348019261,2.0219812840223312,0.1582772210240364
1090,0.17440754,1784956097.408663,177.36477737234136,168.33385841054513,82.89382509887218,9,-0.000620716717094183,1.0251329764723778,0.09091319190338254
1092,0.17440754,1784956097.6974049,170.10184592185524,168.51107670241458,81.641447218135,11,-0.0005994484963594005,1.4104347117245197,0.062037067487835884
1094,0.17440754,1784956098.028511,164.6696476143563,167.68463164566023,88.71334516257048,10,-0.00257318839430809,1.7253293544054031,0.07267207116819918
1096,0.17440754,1784956098.3128362,163.40047855742267,167.23902025317952,87.92705541849136,11,0.0020010791486129165,0.617962907999754,0.062411395367234945
1098,0.17440754,1784956098.5872908,178.52909231437528,167.37617273186862,87.96564044430852,10,-0.0025507062091492116,1.8305191174149513,0.11400791630148888
1100,0.17440754,1784956098.873081,161.29267802382054,167.44257732159815,99.99873596709222,10,-0.0012350892648100853,1.1055126003921032,0.10560159897431731
1102,0.17440754,1784956099.133196,155.63569327025587,166.8761873695829,95.33138053491712,9,-0.0006374574732035398,1.6233139857649803,0.04355184338055551
1104,0.17440754,1784956099.400935,172.54477614153626,167.41068935152006,88.72770215570927,10,-0.0009079323499463499,1.1460214033722878,0.07970650470815599
1106,0.17440754,1784956099.7279491,169.39491096507967,167.79187153194513,84.06456495076418,12,-0.0018735933990683407,0.6100518424063921,0.12245957367122173
1108,0.17440754,1784956100.013896,147.1468704591783,167.34866705510066,103.47072952985764,13,-0.0016632659826427698,2.559976749122143,0.14725602883845568
1110,0.17440754,1784956100.334477,154.40614161528032,166.51315743824037,89.7022941596806,11,-0.0024424117291346192,1.0424455665051937,0.08466650359332561
1112,0.17440754,1784956100.594595,178.60750492554058,166.99785823118006,73.34647523518652,12,-0.005151237368409056,2.3131606057286263,0.16933413967490196
1114,0.17440754,1784956100.85378,163.403415684073,166.9980987753845,94.48050943762064,10,0.0012596368906088173,1.0137971453368664,0.07106160931289196
1116,0.17440754,1784956101.137897,166.0171146289023,166.80529538775295,85.436777446419,12,-0.0025735307426657528,0.7416828200221062,0.16478579258546233
1118,0.17440754,1784956101.3965518,161.7941513278529,166.35164112612676,86.75193631276488,11,-0.0025927942770067602,1.8123569563031197,0.08524032565765083
1120,0.17440754,1784956101.664865,158.93044009701973,166.32942294224696,94.90126594156027,13,-0.001975449704332277,1.613831952214241,0.11581270257011056
1122,0.17440754,1784956101.9547899,163.38911676775248,166.09516640253452,87.77445425093174,13,-0.001809529261663556,0.9441939070820808,0.127652068156749
1124,0.17440754,1784956102.226897,182.61430555420273,166.55153025770898,81.57958827540278,9,-0.002238976943772286,1.0605562813580036,0.130528521258384
1126,0.17440754,1784956102.510561,160.4965652715525,165.6861092315539,88.12961546704173,11,-0.0007969637226779014,0.6044793017208576,0.07736224634572864
1128,0.17440754,1784956102.7687109,172.63268024123192,166.37502490713115,83.2586854249239,10,-0.00037908577360212803,0.8269364833831787,0.04747226752806455
1130,0.17440754,1784956103.070936,172.1359409939377,166.5946124297148,92.89955835323781,13,-0.0008466404833598062,1.797989845275879,0.09587269742041826
1132,0.17440754,1784956103.369678,154.82774063475878,166.8258307907593,95.9041941985488,10,-0.00032657333213137463,0.9081415459513664,0.051563633140176535
1134,0.17440754,1784956103.64153,174.47226316697694,167.04472995198566,87.56419884413481,13,-0.001043124997522682,2.091709144413471,0.06566563853994012
1136,0.17440754,1784956103.923585,151.58391681466654,166.791126431271,105.16327100619674,10,-0.0014074132195673883,1.4056570082902908,0.10016381787136197
1138,0.17440754,1784956104.2130728,161.57153578543753,166.65942215921143,95.76625304296613,13,-0.0014945747097954154,0.9119983464479446,0.12846156302839518
1140,0.17440754,1784956104.501802,169.1900786483877,166.53540905251486,81.98084059078246,11,-0.0002956792013719678,0.8619529455900192,0.18884259928017855
1142,0.17440754,1784956104.81899,166.94912520526051,166.44638050626364,88.96778694726527,11,-0.0032751677790656686,1.9252868965268135,0.13986344076693058
1144,0.17440754,1784956105.127964,163.73920221231262,166.61581469721364,91.19304810091853,11,-0.0011598969576880336,1.1503730304539204,0.19167873077094555
1146,0.17440754,1784956105.4095738,142.86069719604188,166.76405513638846,136.43346881493926,12,-0.001957547035999596,4.407694071531296,0.06122660590335727
1148,0.17440754,1784956105.723996,151.3807685385336,166.0879673270795,102.41145443171263,13,-0.0018765113782137632,0.6291752029210329,0.1458713263273239
1150,0.17440754,1784956105.9909801,176.72459215252113,166.1524722243672,85.6922189630568,14,-0.0033078209671657532,1.3938801176846027,0.13876206893473864
1152,0.17440754,1784956106.2784991,169.05106915256303,166.55574853384655,87.03438752517104,14,-0.003290074091637507,0.5054532438516617,0.10692081414163113
1154,0.17440754,1784956106.579405,161.07833461297437,166.18014893002754,103.27076707780361,13,-0.0011077001108787954,1.6087181866168976,0.11674760468304157
1156,0.17440754,1784956106.863689,155.58534751489145,165.80958890992915,114.17940947785974,13,-0.0021805757423862815,1.2926537431776524,0.1495955502614379
1158,0.17440754,1784956107.1756968,175.49268337789906,166.1598198318924,80.26444344967604,12,-0.0010603885893942788,1.0819671042263508,0.11112729832530022
1160,0.17440754,1784956107.453515,158.57831589912274,166.33021085633771,97.14162825420499,12,-0.0006975811302254442,1.189989771693945,0.07998259924352169
1162,0.17440754,1784956107.734862,185.3367656036517,165.9387530876954,75.0642716921866,11,-0.001404833368724212,0.7487202286720276,0.12920893356204033
1164,0.17440754,1784956108.0206459,165.09682159350075,166.1958532193201,85.86188199743629,11,-0.00097875198116526,0.5527781993150711,0.15061742719262838
1166,0.17440754,1784956108.279438,187.22439712192485,166.71916327870636,71.47618148475885,11,-0.0012379598047118634,0.8037310093641281,0.08115416718646884
1168,0.17440754,1784956108.547765,179.20280910366768,167.28961709078882,75.0434471424669,10,-0.002626982517540455,1.1347965896129608,0.2430920796468854
1170,0.17440754,1784956108.838938,175.04138168505244,167.46719373012627,84.1789302714169,11,-0.00414964443189092,0.6856289058923721,0.10515716252848506
1172,0.17440754,1784956109.1001961,164.2923355595581,167.8303530695395,90.01383111439645,12,-0.001399452332407236,1.601271077990532,0.11318242875859141
1174,0.17440754,1784956109.38759,154.7378752437027,167.26234820137648,95.12448126450181,11,-0.0010657350940164179,1.2807041518390179,0.09735513990744948
1176,0.17440754,1784956109.6623628,152.85807549431735,167.51808036135515,96.03799257427454,12,-0.010139667720068246,0.4929278902709484,0.12626902852207422
1178,0.17440754,1784956109.9306822,137.66582055806757,166.33881865729288,123.71826013550162,12,-0.0010240222909487784,0.803861478343606,0.08807358518242836
1180,0.17440754,1784956110.21899,179.02049028181023,166.28471795693895,75.48309469269589,12,-0.0028994360982323997,2.094059854745865,0.1601845514960587
1182,0.17440754,1784956110.476324,190.56888470653234,166.64714113766752,74.67667006328702,9,-8.984461601357907e-05,1.3332855477929115,0.0623824029462412
1184,0.17440754,1784956110.744156,178.1439454309351,166.7374828705917,79.3272027745843,11,-0.0038860609056428075,1.9661392122507095,0.1305536744184792
1186,0.17440754,1784956111.030747,173.68468323223328,166.61452265838955,85.16556553915143,11,-0.002663470892002806,1.4322958216071129,0.1359231541864574
1188,0.17440754,1784956111.2916522,169.03527877372355,166.46919846845967,80.89856887608767,11,-0.0011542243446456268,2.4486365020275116,0.09638010431081057
1190,0.17440754,1784956111.575904,155.01936482687228,166.26558243893618,106.4085882306099,12,-0.0007859364268369973,1.0026258416473866,0.06993988296017051
1192,0.17440754,1784956111.83554,173.71759385286447,166.54427533692706,81.28788016363978,12,-0.0005959670525044203,1.8194859325885773,0.10782797308638692
1194,0.17440754,1784956112.101244,163.4783412835666,166.50633960997035,89.55700362101197,12,-0.004758510331157595,0.9518337957561016,0.17867857869714499
1196,0.17440754,1784956112.386865,182.3179852325359,167.21863431358037,75.48060171678662,10,-0.0009482578607276082,1.1219278313219547,0.08721398282796144
1198,0.17440754,1784956112.647069,179.0111900864625,168.18675456692657,75.72200882434845,11,-0.0015270367148332298,1.0281631164252758,0.06039972906000912
1200,0.17440754,1784956112.93208,162.2688590496823,168.4028947532552,88.80998062714934,11,-0.0019129246938973665,1.5184506699442863,0.11050422862172127
1202,0.17440754,1784956113.2169201,157.63562418571178,168.58846359005406,98.30011831223965,10,-0.0010045564267784357,1.3282738514244556,0.10754963895305991
1204,0.17440754,1784956113.476223,181.40404022797503,169.15557987397082,79.08890720270574,13,-0.002214364503743127,0.5781729612499475,0.1635088948532939
1206,0.17440754,1784956113.782965,170.8818889956605,168.9247823309721,86.38510791957378,11,-0.0013374877744354308,0.9911675192415714,0.14926593517884612
1208,0.17440754,1784956114.04194,155.8558846129078,168.45632201861434,98.36660880595446,11,-0.0006505055353045464,1.297272965312004,0.0707882740534842
1210,0.17440754,1784956114.379572,167.339525046958,168.63354795439759,85.66026636958122,16,-0.0007288487395271659,1.6992439329624176,0.12122116377577186
1212,0.17440754,1784956114.663935,172.70242199595302,168.47787699870597,84.80192489363253,12,-0.001220454170834273,1.0738390237092972,0.10854250751435757
1214,0.17440754,1784956114.921723,174.20058305613696,168.66553226206,83.52778635919094,11,-0.0023095689830370247,1.5507453307509422,0.0874806004576385
1216,0.17440754,1784956115.180495,157.7770420219709,168.0799582767786,94.0727074034512,13,-0.002667312408448197,0.8427599146962166,0.11145214643329382
1218,0.17440754,1784956115.463437,162.73265824559812,168.17967403686652,90.83973148558289,11,-0.0006780761468689889,0.5422854218631983,0.10589882917702198
1220,0.17440754,1784956115.723928,162.08717124031932,168.21917464093346,89.70583382807672,15,-0.0015043788007460535,3.814508408308029,0.14761470258235931
1222,0.17440754,1784956116.005912,164.28022754598004,168.2262514189359,93.34646067023277,12,-0.0008056870210566558,1.142561875283718,0.1193073894828558
1224,0.17440754,1784956116.266901,159.23363646619265,168.2829101722801,94.60861911252141,15,-0.0013541893713409081,0.7551193721592426,0.15153552126139402
1226,0.17440754,1784956116.52606,157.21471006412395,167.91944625652712,105.62694645300508,17,-0.007846470107324421,2.2863964587450027,0.11881027417257428
1228,0.17440754,1784956116.808154,180.85403589503665,169.33090922891694,71.69381849840283,12,-0.001041320287185954,1.2284421920776367,0.10965159861370921
1230,0.17440754,1784956117.067887,165.78186065397702,169.41872836297043,85.9224462416023,12,-0.0024503583044861443,1.0803791545331478,0.12821862660348415
1232,0.17440754,1784956117.3297222,159.36084355710977,169.10966182670975,93.66036355495453,12,-0.00045400328235700727,1.4616636857390404,0.08095477055758238
1234,0.17440754,1784956117.61097,168.73728765087773,168.82018808431158,92.35598681494594,11,0.0003962121372751426,1.369538426399231,0.06134620262309909
1236,0.17440754,1784956117.8707058,181.52778171824923,169.60175931231566,77.7473950907588,9,-0.0013704978191526607,1.5948555693030357,0.11518682958558202
1238,0.17440754,1784956118.1752908,177.43414536961598,170.2603362610896,88.09382399357855,9,-0.0010328459829906933,1.5637314766645432,0.10084179043769836
1240,0.17440754,1784956118.445415,169.57312395620835,170.42990540603955,92.293765835464,9,-0.0011901039106305689,1.7086166255176067,0.12761317612603307
1242,0.17440754,1784956118.805154,171.90864491582113,170.15794848584702,83.83076530322433,9,-0.0008057979866862297,1.6395333409309387,0.12377742631360888
1244,0.17440754,1784956119.094595,173.93472505769367,170.57031844420607,78.71291857771575,10,-0.0033285535173490644,0.5223446693271399,0.14788868511095643
1246,0.17440754,1784956119.353156,179.04793230472524,170.40403699010687,77.80890414491296,12,-0.0016884884171304293,0.8760048225522041,0.11468458129093051
1248,0.17440754,1784956119.608912,167.28415280423724,170.26404383377186,80.25939454883337,11,-0.0015416421229019761,0.9731071218848228,0.10574732488021255
1250,0.17440754,1784956120.2821262,175.99033344619386,170.2031780967119,79.19674668647349,12,-0.0028522837965283543,0.5834024157375097,0.1416576849296689
1252,0.17440754,1784956120.5764558,145.99654902686117,169.70280686109385,106.43097176402807,12,0.0010047260657302104,2.1195695474743843,0.08816707320511341
1254,0.17440754,1784956120.980878,160.50213034292318,168.49297696632843,91.52086558565497,13,-0.0024322280078195035,1.9273119270801544,0.10845213057473302
1256,0.17440754,1784956121.254365,170.38063518273057,168.9763940716549,78.2291291449219,11,0.0003706856514327228,1.2702874317765236,0.08071192470379174
1258,0.17440754,1784956121.508704,168.55438089491125,169.1458335089362,90.4494310580194,12,-0.0013254023651825264,1.854824922978878,0.1123923109844327
1260,0.17440754,1784956121.7853959,168.08458869476434,169.0033325480242,90.73687365278602,12,-0.0009085498750209808,1.3736749850213528,0.11355797247961164
1262,0.17440754,1784956122.03876,158.17470365944854,168.73652460220555,98.95745047926903,13,-0.0011641046512522735,1.3584728799760342,0.1526001924648881
1264,0.17440754,1784956122.301033,180.65443915615273,168.8215862851738,77.4310126695782,12,-0.001064517127815634,2.2590434327721596,0.11102583259344101
1266,0.17440754,1784956122.752636,167.9159856136948,169.16279872477529,85.08679411187768,11,-0.0013458018656820059,2.4433388262987137,0.11014650156721473
1268,0.17440754,1784956123.022943,164.05744889137551,168.7107846395107,94.74562645796686,13,-0.0014508009189739823,1.6905641108751297,0.125798427965492
1270,0.17440754,1784956123.3082612,169.6773913311108,168.97004982198413,85.80864248238504,12,-0.0017015777630149387,2.2416502237319946,0.1286032530479133
1272,0.17440754,1784956123.577164,172.1842572303146,169.0083225789675,79.92578980326653,12,-0.001005134079605341,1.077356792986393,0.09781781048513949
1274,0.17440754,1784956123.96831,172.83416638849386,169.18723821342599,82.30434583872557,12,-0.0010023433133028448,1.3476807549595833,0.09809435252100229
1276,0.17440754,1784956124.2559721,167.47686730107225,169.91810469904897,85.7281810650602,13,-0.0029408346163108945,0.6701012700796127,0.13482953142374754
1278,0.17440754,1784956124.514247,180.39404444355873,169.97476941407166,75.91077481210232,12,-0.002100168727338314,0.5924065914005041,0.1261680256575346
1280,0.17440754,1784956124.774687,154.01442381025586,169.9221943514094,94.70636826008558,10,-0.0007415534928441048,2.3623886927962303,0.12260951986536384
1282,0.17440754,1784956125.05845,178.90051582131034,170.25138602142997,79.09145905449986,13,-0.001287460618186742,1.6627984754741192,0.13772087777033448
1284,0.17440754,1784956125.315371,178.57242701912043,170.4641928956156,73.80741961300373,10,-0.0011194319231435657,0.8282456658780575,0.15974078373983502
1286,0.17440754,1784956125.595785,158.32061810717772,169.87563461711096,92.06002423167229,12,-0.0012995762517675757,1.2384014129638672,0.11629794770851731
1288,0.17440754,1784956125.8548548,161.35329879928696,169.3057689784363,94.52417642250657,12,-0.0009540887549519539,2.3508094549179077,0.07002873113378882
1290,0.17440754,1784956126.110846,166.75121562958114,169.4331155276951,96.85790832340717,11,-0.0014664716945844702,1.0858251713216305,0.15947089530527592
1292,0.17440754,1784956126.40005,186.90253907646772,169.18404050341502,69.3750289529562,12,-0.0015043289749883115,1.0669919438660145,0.0775584529619664
1294,0.17440754,1784956126.657923,157.7903561692347,168.95718176723284,94.91767136566341,12,-0.0003274737682659179,2.1282464675605297,0.10984554747119546
1296,0.17440754,1784956126.915112,152.6791794440606,168.58162664949435,111.10093805938959,10,-0.0006937426769582089,1.0168456956744194,0.12045408319681883
1298,0.17440754,1784956127.195852,180.84729674921303,168.59779356852854,74.3087297398597,12,-0.0013090928550809622,0.916742006316781,0.12828473560512066
1300,0.17440754,1784956127.5253701,167.11309165243088,168.15343104984913,85.86357725411654,12,-0.0008130231872200966,1.37029517441988,0.08786571118980646
1302,0.17440754,1784956127.809021,169.35858225880045,168.652254779342,88.7930692397058,11,-0.0010624788119457662,1.0412604734301567,0.10868862411007285
1304,0.17440754,1784956128.066945,160.322645779219,168.98279352496857,93.72067987173796,13,-0.0010034645674750209,1.357800878584385,0.08540519373491406
1306,0.17440754,1784956128.3256378,169.9653505576422,168.95913609260532,86.64990709349513,12,-0.002710911212489009,1.6739073619246483,0.13058654079213738
1308,0.17440754,1784956128.607312,151.0050087189614,168.8475044140454,107.48157173581421,12,-0.0007694512605667114,2.485546313226223,0.12033983785659075
1310,0.17440754,1784956128.866071,159.9129722259059,169.06733616076588,96.87820280343294,10,-0.0005394743056967854,1.2672255262732506,0.10186926601454616
1312,0.17440754,1784956129.122499,149.07104412058786,168.8105183346129,104.00885017216206,9,-0.00015306429122574627,1.6826498210430145,0.044364179600961506
1314,0.17440754,1784956129.405407,191.37692962076653,169.01905651072434,72.37279094010592,10,-0.0023524561838712543,2.5206238254904747,0.08637874014675617
1316,0.17440754,1784956129.663795,168.52110200565588,168.6480789355796,89.27951591461897,10,-0.0018185273511335254,0.8917460013180971,0.13565586088225245
1318,0.17440754,1784956129.946522,169.70606815451066,168.63610904378388,85.28884038329124,13,-1.1899042874574661e-05,2.060483492910862,0.06427744752727449
1320,0.17440754,1784956130.2037492,165.25347358078884,168.199115679774,94.62569516338408,12,-0.0016347618075087667,2.235582374036312,0.10116546112112701
1322,0.17440754,1784956130.461292,181.06670937193334,168.04461509052643,75.39464553818107,10,-0.00047080940566956997,2.208323135972023,0.11623424710705876
1324,0.17440754,1784956130.7457862,189.4908521405135,168.36838295311804,74.41209093667567,9,-0.00045022187987342477,0.8303623721003532,0.07629625662229955
1326,0.17440754,1784956131.00241,157.56817751709016,167.93964227389577,100.66390783712268,10,-0.0012538530572783202,2.261325314640999,0.06855040113441646
1328,0.17440754,1784956131.2597818,166.783905985027,167.44247664005286,85.55245513096452,13,-0.005447834148071706,1.27147226780653,0.15834752656519413
1330,0.17440754,1784956131.5493891,166.82781956764336,167.25574096372145,93.63482221961021,14,-0.0008690115937497467,2.0235163792967796,0.0925239846110344
1332,0.17440754,1784956131.831593,171.24379511703523,167.08852520701177,84.39228258281946,10,-0.0006737776566296816,1.2775848023593426,0.07214730116538703
1334,0.17440754,1784956132.114462,167.41704367555636,166.9465550159569,91.07409205660224,12,-0.00232144258916378,2.585538327693939,0.08831968274898827
1336,0.17440754,1784956132.371545,169.70655855175355,167.3886110444989,81.133032720536,13,-0.0015978670853655785,1.482807695865631,0.12569614732638001
1338,0.17440754,1784956132.627625,169.4844745819206,167.2666910970949,93.62093522399664,9,-0.002031434327363968,1.9258434921503067,0.1619350342079997
1340,0.17440754,1784956132.911254,173.65518010861305,167.60174863840635,91.94612254202366,10,-0.0013473498547682539,2.8068124055862427,0.11575565626844764
1342,0.17440754,1784956133.170806,180.8304628915021,168.1026615206296,76.85332951322198,10,-0.001178690028609708,0.8028770685195923,0.13438768638297915
1344,0.17440754,1784956133.427635,183.71179882627206,168.09433600142222,70.72666299343109,10,-0.0007909404812380672,0.8525923751294613,0.09007802652195096
1346,0.17440754,1784956133.710766,169.15056163276498,168.15891746118226,82.06086153537035,10,-0.0013900131161790341,1.4416598454117775,0.12071144627407193
1348,0.17440754,1784956133.968914,179.19354953351097,168.0228571738062,78.93764467537403,11,-0.0016457100864499807,2.1196482330560684,0.12936273775994778
1350,0.17440754,1784956134.250339,187.3120517315617,168.6278053040296,70.74731892347336,10,-0.0007711445214226842,1.1736029125750065,0.07142924726940691
1352,0.17440754,1784956134.5070999,171.1756022541106,168.91790290477738,84.34891661256552,12,-0.0011026078136637807,1.6392428502440453,0.07160004274919629
1354,0.17440754,1784956134.763712,161.4319578091384,169.26464865549343,89.00726578384638,12,-0.006054089317331091,3.436437040567398,0.09690193342976272
1356,0.17440754,1784956135.04957,176.63389897671462,169.18983713818713,81.85637892410159,11,-0.0023696438875049353,0.7548296861350536,0.1396580645814538
1358,0.17440754,1784956135.308372,163.36357436856326,169.5606066943765,95.23840154334903,12,-0.0010246767778880894,1.011984284967184,0.11078734276816249
1360,0.17440754,1784956135.567748,165.84013943554632,169.5866579574563,86.48896738886833,10,-0.0016520377103006467,0.9616751000285149,0.11337076919153333
1362,0.17440754,1784956135.851976,168.87407788500684,169.87147040468005,76.47337957657874,14,-0.0008511483611073345,0.695304099470377,0.10489177890121937
1364,0.17440754,1784956136.1100302,165.5418786882421,169.36869165548768,91.6179473362863,11,-0.0036145462654531,0.9824625067412853,0.09049745788797736
1366,0.17440754,1784956136.416152,167.35953105178694,169.6921609902938,85.48738295957446,10,-0.0008792040171101689,1.1287077739834785,0.08385179238393903
1368,0.17440754,1784956136.672747,174.88822425098357,169.87439257491778,81.60885192453861,10,-0.0002929123002104461,0.7138562351465225,0.10860694432631135
1370,0.17440754,1784956136.948384,174.99917880164955,169.7256952261834,81.9738163780421,12,0.0004037132239318453,2.579557605087757,0.12492597615346313
1372,0.17440754,1784956137.241657,165.96056125879372,169.8040991480044,95.51328790560365,11,-0.002796300483169034,1.4387773871421814,0.16640482982620597
1374,0.17440754,1784956137.5038579,167.47060912153378,169.05765229598225,91.05000203847885,14,-0.0015230185817927122,1.1054432168602943,0.15308345388621092
1376,0.17440754,1784956137.7622368,143.54903706859903,169.0318283069268,104.87191012874246,11,-0.002519183180993423,1.5576363950967789,0.14595107594504952
1378,0.17440754,1784956138.043437,164.82019456025893,168.76160919770496,102.69884468242526,14,-0.0011512008495628834,2.0613699704408646,0.0929233399219811
1380,0.17440754,1784956138.300004,146.3878339478363,168.57022333877384,111.23003931343555,9,-0.000514728541020304,1.80577202886343,0.05406940961256623
1382,0.17440754,1784956138.583754,171.00866123599636,168.93696294806418,88.85430903732777,9,-0.0007345112971961498,1.2376057244837284,0.06421319697983563
1384,0.17440754,1784956138.841674,175.5359946019927,169.2345276048523,81.8344655521214,12,-0.0013395308051258326,1.228347834199667,0.08097921055741608
1386,0.17440754,1784956139.096416,171.80721456097262,168.81458076602667,83.65832962468266,12,-0.001564717385917902,1.4057339131832123,0.1384923979640007
1388,0.17440754,1784956139.3775349,165.63858506886905,169.2489477092406,84.71226849406958,11,-0.001819075463572517,0.654009360820055,0.11471253307536244
1390,0.17440754,1784956139.6376262,174.8477412037476,169.0007284541467,81.45567487180233,9,-0.004390424175653607,1.5539485290646553,0.14106800220906734
1392,0.17440754,1784956139.895964,177.97221893421096,169.02817958725873,74.73040165752172,11,-0.0011669561499729753,1.899685449898243,0.09852188127115369
1394,0.17440754,1784956140.179158,167.43637914396825,168.93118456353844,82.75145445764065,11,-0.0032395968155469745,1.290652185678482,0.040502044605091214
1396,0.17440754,1784956140.437088,171.5425687089297,168.8882256069074,90.73373640142381,13,-0.0003657349443528801,1.4183967001736164,0.09288699110038579
1398,0.17440754,1784956140.717868,148.52789337393344,168.07598655810446,117.84745185822248,16,-0.0012488597421906888,5.635488778352737,0.07690215157344937
1400,0.17440754,1784956140.997333,170.79100053948915,167.62080632276707,85.01739869453013,14,-0.0008962441352196038,1.2555282674729824,0.09363262774422765
1402,0.17440754,1784956141.255071,181.28630246785707,167.84385209687179,80.3925857078284,13,-0.001579561736434698,1.6144578829407692,0.13533894205465913
1404,0.17440754,1784956141.5409012,178.8181382214909,168.0532671141764,74.1225632764399,11,-0.0019007852242793888,0.8123649656772614,0.10789047088474035
1406,0.17440754,1784956141.7992792,180.26105028586093,168.08084254812357,74.14549323916435,12,-0.0010463786020409316,1.3014629781246185,0.06096262950450182
1408,0.17440754,1784956142.0542772,176.34211822670383,168.54219025482587,80.23712601140141,11,-0.0009488176729064435,4.389798954129219,0.06044595642015338
1410,0.17440754,1784956142.337527,157.895946317408,168.12414269050572,96.39348361641169,13,-0.0017535537481307983,1.4052645042538643,0.10587722761556506
1412,0.17440754,1784956142.5951161,183.96020744701428,168.76645584469225,84.45281023904681,10,-0.0009929337538778782,2.3639077842235565,0.10782382963225245
1414,0.17440754,1784956142.877871,178.44583436771728,168.88109524730334,76.45440537109971,13,-0.0016001744661480188,1.2637132816016674,0.08145684166811407
1416,0.17440754,1784956143.1340349,177.56287723034166,169.10082732311844,78.16333123296499,12,-0.0010819662711583078,1.4242719858884811,0.10135684534907341
1418,0.17440754,1784956143.391832,160.62829711051572,168.8589380712082,103.43186386674643,12,-0.0010978535283356905,3.1288701817393303,0.10423798486590385
1420,0.17440754,1784956143.745398,169.91432510040906,168.93098336132567,88.24958482757211,12,0.0007785967900417745,1.8565853983163834,0.07266447227448225
1422,0.17440754,1784956144.006965,171.71777382418685,168.61609798900113,80.96981642395258,10,-0.00044867217366117984,1.0045334808528423,0.03296716220211238
1424,0.17440754,1784956144.263386,150.00991323394146,168.98221760068176,112.88995487615466,15,-0.0037050938699394464,1.8530411794781685,0.12114065932109952
1426,0.17440754,1784956144.545156,169.55311379414758,169.46468116429452,87.62684013321996,11,-0.0011273305863142014,1.0892741940915585,0.15094417240470648
1428,0.17440754,1784956144.802145,184.72547196379128,169.76485572724982,74.7301361002028,11,-0.00043420236033853143,0.5646680779755116,0.05005017842631787
1430,0.17440754,1784956145.084637,180.0824259909207,170.56039273842072,69.55582427978516,14,-0.0011550115959835239,0.7695351503789425,0.08293864014558494
1432,0.17440754,1784956145.3416152,172.22753063880154,170.4014933055971,83.31024707108736,12,-0.002971775429614354,1.1468360088765621,0.1737563582137227
1434,0.17440754,1784956145.623508,161.1135156817018,170.25468438450116,96.05793681740761,13,-0.0015600336773786694,1.4365719892084599,0.10498203872703016
1436,0.17440754,1784956145.981478,174.8502765276288,170.28268046706208,79.5265391599387,13,-0.00017330434639006853,1.8678676262497902,0.07371730520389974
1438,0.17440754,1784956146.239392,154.26762604475948,169.80930619446698,104.43727536313236,16,-0.0016853836277732626,0.6170424111187458,0.13167979940772057
1440,0.17440754,1784956146.49552,184.41563505963467,170.04291760572906,76.3236977159977,9,-0.0033599301532376558,1.0572037920355797,0.13058945769444108
1442,0.17440754,1784956146.7781608,166.73518861826162,169.85690016825757,79.88821955397725,11,-0.0019188692094758153,0.8217805065214634,0.15471572056412697
1444,0.17440754,1784956147.0358982,171.46753424793445,169.85714753552486,92.40524193644524,11,-0.0018109455122612417,1.0762395858764648,0.09731353120878339
1446,0.17440754,1784956147.316779,177.62014418492248,169.89498391428594,85.68546953424811,9,-0.0010982052190229297,1.4748476892709732,0.11754233483225107
1448,0.17440754,1784956147.575116,156.17396504903957,170.39386484977993,94.48419543728232,11,-0.001421768101863563,2.8330709040164948,0.08159250975586474
1450,0.17440754,1784956147.834908,158.5737513534798,170.34410903224864,95.03170732408762,13,-0.0007705535972490907,2.2229448407888412,0.11267261998727918
1452,0.17440754,1784956148.117651,185.45372328311004,170.52098479634023,70.67241199873388,12,-0.0020213190582580864,1.5122935697436333,0.11848741816356778
1454,0.17440754,1784956148.3770292,168.0835520135511,170.52150193549392,88.4858216047287,12,-0.001072306651622057,0.972105335444212,0.10055352095514536
1456,0.17440754,1784956148.6347039,167.1079691672228,170.80123455133008,97.38662612438202,13,-0.0008480226388201118,2.263367846608162,0.11056515667587519
1458,0.17440754,1784956148.9154959,181.94253171064886,170.92931283871144,75.08594811148942,13,-0.0011910268804058433,1.0400832742452621,0.1119569237343967
1460,0.17440754,1784956149.1729732,186.88991200438153,172.10233165984445,76.09326854720712,12,-0.001546054845675826,1.9694488048553467,0.11146764503791928
1462,0.17440754,1784956149.466166,163.7456036968007,171.4535589282445,91.34865785762668,11,-0.0018263152742292732,0.9712632074952126,0.10173912113532424
1464,0.17440754,1784956149.730348,171.11522671579036,171.21942638276948,90.57156414538622,11,-0.0014727728557772934,2.6277780160307884,0.04076187626924366
1466,0.17440754,1784956150.010756,163.89175189576133,170.78536388432505,102.77889380976558,11,-0.0006975002470426261,2.3467225953936577,0.05205801094416529
1468,0.17440754,1784956150.2936802,174.72941820946002,170.96515732755103,79.61838691309094,12,-0.0020323993667261675,1.4355054572224617,0.132044839207083
1470,0.17440754,1784956150.552649,157.07007299747244,170.8132269787796,98.41864893957973,12,-0.0017782668583095074,2.8973554521799088,0.07288019801490009
1472,0.17440754,1784956150.8100321,180.20780721708803,171.37523504010684,81.84924019128084,10,-0.002733263165282551,1.2974154464900494,0.11860103160142899
1474,0.17440754,1784956151.09378,158.76554029368992,171.1745025067444,95.903807785362,12,-0.0026701073220465332,1.5914108976721764,0.1328925178386271
1476,0.17440754,1784956151.3551512,184.3513948615554,171.6658248547372,65.9719270132482,13,-0.00033387524308636785,1.1662937738001347,0.10594470473006368
1478,0.17440754,1784956151.6443892,171.08636351067892,171.6467431046266,88.4686458595097,10,-0.0004951275768689811,0.5515877082943916,0.04033214831724763
1480,0.17440754,1784956151.904918,184.38189957556446,171.38112121978048,70.31118801422417,11,-0.001839693810325116,0.7517443485558033,0.13740610424429178
1482,0.17440754,1784956152.1626828,135.46042967942665,170.7720433516678,114.12786375358701,15,-0.0013309168862178922,4.27719421684742,0.12698244443163276
1484,0.17440754,1784956152.448403,170.37160091149022,170.73869620327827,83.6795145906508,13,-0.0015366044826805592,0.8481850922107697,0.12147356569766998
1486,0.17440754,1784956152.705805,172.80940324633752,170.42859845665552,82.09304361790419,12,-0.0006849791388958693,2.116079092025757,0.04520294605754316
1488,0.17440754,1784956152.963491,187.20111957686478,171.06703606976316,73.16263231635094,11,-0.0012488695792853832,1.678522378206253,0.1225623763166368
1490,0.17440754,1784956153.2460759,166.16099867090878,170.5333992351529,87.14517360925674,11,-0.003625245823059231,1.7065973356366158,0.17377176601439714
1492,0.17440754,1784956153.503073,170.65567356783166,170.26903657482887,81.82924078404903,12,-0.0011567964393179864,1.5139116495847702,0.10535299917683005
1494,0.17440754,1784956153.786019,177.82587299324462,170.8724423707076,80.29868568852544,12,-0.0001987228897633031,1.45209638774395,0.08915401808917522
1496,0.17440754,1784956154.044731,162.9918011566711,170.50666979713375,93.08371799439192,11,-0.001081497233826667,1.1399935632944107,0.08843053318560123
1498,0.17440754,1784956154.3231528,180.19929583466202,171.1458682845445,78.01570914313197,8,-0.0024831838672980666,1.8780515268445015,0.11054019210860133
1500,0.17440754,1784956154.991022,171.9575349847822,170.91717905456636,82.08744423557073,15,-0.0014936733059585094,1.3195991106331348,0.16151677584275603
1502,0.17440754,1784956155.275126,187.2729808507533,170.40862494111337,76.54542922601104,10,-0.0005070900224382058,1.0205705612897873,0.11114667169749737
1504,0.17440754,1784956155.534559,156.45631603090604,170.1690377696323,104.50339555181563,15,-0.0017595345852896571,1.5180332660675049,0.15509061980992556
1506,0.17440754,1784956155.819401,147.27663647833737,169.59799764343867,111.37429280951619,12,-0.0025928934337571263,0.7266874834895134,0.15394500363618135
1508,0.17440754,1784956156.076163,178.7237604709215,169.52550809831558,83.78735371120274,11,0.002495497989002615,2.6850133687257767,0.13435945799574256
1510,0.17440754,1784956156.356964,137.28611944580737,168.49008203460983,126.11562421172857,14,0.0006050501251593232,2.0328801423311234,0.0589733577799052
1512,0.17440754,1784956156.615087,141.42490714995478,167.66986279789356,110.56680781394243,12,-0.0004338369471952319,0.9528939761221409,0.053199677960947156
1514,0.17440754,1784956156.873824,162.09194987434628,167.2293716878355,91.42619195207953,11,-0.000580162595724687,2.5387807339429855,0.046434939140453935
1516,0.17440754,1784956157.156798,163.89127308618257,167.03451122704675,92.16247648373246,14,-0.0029502625693567097,1.881668783724308,0.06871419469825923
1518,0.17440754,1784956157.4168189,153.3253048938331,166.4176490454231,103.51144375652075,12,-0.0012551028121379204,1.8875940069556236,0.10613461211323738
1520,0.17440754,1784956157.674264,164.8991634682032,167.00921813786397,87.86025000363588,11,-0.0025744520826265216,1.9691146612167358,0.22094490006566048
1522,0.17440754,1784956157.95694,181.4838957507931,166.9485140907243,77.99119055643678,10,-0.0019051681738346815,1.3811824098229408,0.13921992667019367
1524,0.17440754,1784956158.2178009,181.17930411227724,167.5887646862115,71.77482229284942,11,-0.0009702393726911396,1.1497843004763126,0.07085329224355519
1526,0.17440754,1784956158.499003,191.44240880980345,167.36158450713293,63.87430747970939,11,-3.0869850888848305e-06,0.5640466418117285,0.07316150679253042
1528,0.17440754,1784956158.779616,175.17517125667854,167.08037994829928,79.18405490368605,12,-0.0009579734178259969,0.8159384950995445,0.08360509970225394
1530,0.17440754,1784956159.03666,160.44934834822362,167.07267237623248,104.54457511007786,13,-0.0007186196744441986,2.2021504044532776,0.08459196798503399
1532,0.17440754,1784956159.319086,169.7450780604843,167.2298311494691,91.54156322032213,10,-0.002163402532460168,0.8781443536281586,0.09061794076114893
1534,0.17440754,1784956159.574655,170.3006149556224,167.48454113322404,80.27501077763736,10,-0.001556566043291241,1.1568908616900444,0.10583408595994115
1536,0.17440754,1784956159.835524,182.08208947460142,168.14803286109836,78.85046479851007,12,-0.0020918890659231693,1.3373433500528336,0.12424850836396217
1538,0.17440754,1784956160.11806,180.13180528112647,167.79962326260917,75.42984995618463,12,-0.000269954587565735,1.4461743384599686,0.11413480853661895
1540,0.17440754,1784956160.37784,154.79570273437503,167.9040473542056,97.56547515839338,11,-0.0006844353702035733,1.5304775163531303,0.05554619699250907
1542,0.17440754,1784956160.662997,157.58638017201798,167.7890996845204,98.11429000273347,15,-0.0010186349973082542,2.046537362039089,0.06656648661009967
1544,0.17440754,1784956160.920332,164.9983754137805,167.4356091301027,92.55199882388115,11,-0.0018842474673874676,2.3694690987467766,0.05257232883013785
1546,0.17440754,1784956161.1827269,190.80783088961667,167.9498721316374,64.34785011410713,11,-0.0013277790712891147,1.2190020754933357,0.10333243571221828
1548,0.17440754,1784956161.570216,170.75220016259306,167.61429590959062,86.38186239823699,13,-0.000807000818895176,1.1951388157904148,0.07694003963842988
1550,0.17440754,1784956161.837857,177.17010086807787,167.9531123149458,71.2765988893807,11,-0.0009353790810564533,1.1354174055159092,0.09117137384600937
1552,0.17440754,1784956162.096308,176.80040321744934,168.32394163212018,78.6319578923285,10,-0.0017767227836884558,1.381999708712101,0.09971658233553171
1554,0.17440754,1784956162.3788412,160.14829854225113,168.10240126633917,100.0283536054194,12,-0.00040689481829758734,1.9905137121677399,0.057930976850911975
1556,0.17440754,1784956162.636416,181.30813798794557,168.73895498725216,75.53319698385894,14,0.0007338848845392931,1.1856754645705223,0.08672476815991104
1558,0.17440754,1784956162.9204721,158.59478231154006,168.24613593604295,96.10500138998032,10,-0.000809567587566562,1.9140737652778625,0.11322460230439901
1560,0.17440754,1784956163.179295,180.59106768705144,169.12992722449977,79.95455003157258,10,-0.001039215363562107,1.5966358557343483,0.07400830322876573
1562,0.17440754,1784956163.46152,158.86447488669697,170.31900538965553,99.34854903817177,13,-0.0005058327806182206,3.738365024328232,0.06462265853770077
1564,0.17440754,1784956163.7433238,174.47895886138394,170.9755334041479,78.98481925949454,10,-0.00023500167299062014,1.0683378763496876,0.08110559824854136
1566,0.17440754,1784956164.001513,175.391458739611,171.3300836354637,86.6641230173409,12,-0.003694384067784995,1.8564710021018982,0.11302309343591332
1568,0.17440754,1784956164.259396,171.89027597748895,171.99330876538406,79.36134167388082,12,-0.0017340073245577514,1.0198171138763428,0.10904654953628778
1570,0.17440754,1784956164.5414069,169.0898660804723,171.8769518300234,86.00257305428386,11,-0.0006976099830353633,1.1204319149255753,0.061588536482304335
1572,0.17440754,1784956164.801964,180.05194684105234,171.89797859024407,75.45461603999138,12,-0.0009973819833248854,1.0756186582148075,0.10857477271929383
1574,0.17440754,1784956165.083062,157.33584206947134,171.3978422268641,92.67660855129361,11,-0.003016269125510007,1.0283572301268578,0.11008978448808193
1576,0.17440754,1784956165.3383229,172.12658506619144,171.32571891688698,90.27657848224044,10,-0.0022180805972311646,2.176743745803833,0.04480237152893096
1578,0.17440754,1784956165.594996,156.0791500367863,171.64528886839244,102.87146592140198,13,-0.0010259507689625025,2.812667742371559,0.10572089115157723
1580,0.17440754,1784956165.877702,174.26725220309837,171.5732827069292,84.51016513071954,10,-0.0023168986663222313,1.1145388893783092,0.07133046700619161
1582,0.17440754,1784956166.137422,165.5328513843291,171.84558614109227,91.41973521374166,11,-0.0011874629271915182,1.054288987070322,0.13013340719044209
1584,0.17440754,1784956166.397964,180.10675402113176,171.4923745063903,77.69780034571886,14,-0.0006739227173966356,1.5377447083592415,0.08013189909979701
1586,0.17440754,1784956166.680832,174.01209351984764,171.01939526500988,83.2408402133733,13,-0.001989950309507549,2.1310798078775406,0.13769543776288629
1588,0.17440754,1784956167.30965,178.0071645682522,171.6531169262085,77.69702997524291,11,-0.0013226965311332606,2.152026556432247,0.0923187353182584
1590,0.17440754,1784956167.5920918,181.85891675677647,172.11468290875325,80.6423655692488,12,-0.0008703959756530821,1.535270132124424,0.05981909204274416
1592,0.17440754,1784956167.850694,183.9306296366251,172.85752920289346,73.17658579349518,11,-0.002027934795478359,2.0219445526599884,0.07963043823838234
1594,0.17440754,1784956168.129279,174.40977914621405,173.0987631448873,82.03460327535868,9,-0.0005176743725314736,1.4110802039504051,0.10364175867289305
1596,0.17440754,1784956168.4136288,178.29463270129077,173.01219612023877,78.40096342563629,10,-0.0009883216116577387,0.7632003873586655,0.10308541730046272
1598,0.17440754,1784956168.670743,186.78957582667496,173.20925705445003,65.7366548255086,11,-0.0024213659344241023,1.4721670523285866,0.12705469876527786
1600,0.17440754,1784956168.929867,162.55361263207536,173.04410174144613,105.84554297477007,16,-0.0007411929400404915,4.056090801954269,0.11315433727577329
1602,0.17440754,1784956169.211693,139.98267048474685,171.82673677515743,122.23839857801795,15,-0.0003793094656430185,4.544019445776939,0.04648622660897672
1604,0.17440754,1784956169.4705431,174.24763630788314,172.4493726052156,87.75261921808124,11,-0.0008867473661666736,2.607934668660164,0.088491000700742
1606,0.17440754,1784956169.757622,175.07601008567627,172.39767177598927,80.93589091300964,9,-0.0007626953884027898,0.8765598982572556,0.07706021564081311
1608,0.17440754,1784956170.01539,153.91893137063283,172.24185347701572,98.87369681894779,11,-0.001194672760902904,2.0457122698426247,0.13718286016955972
1610,0.17440754,1784956170.272664,164.68218048180682,171.54811554400624,91.67257702723145,8,-0.0020133943035034463,1.400664109736681,0.11159934103488922
1612,0.17440754,1784956170.554572,178.43119120044213,171.92949254204078,77.2182164080441,12,0.0008845601696521044,0.9123998619616032,0.08025171793997288
1614,0.17440754,1784956170.813056,171.3609507015581,171.86255300984908,83.52324061654508,13,-0.00016814819537103176,2.1442954689264297,0.09273526328615844
1616,0.17440754,1784956171.069708,171.46787557115556,171.90183089351277,92.03316346183419,13,-0.0007762357708998024,6.189111799001694,0.04824519110843539
1618,0.17440754,1784956171.3524458,163.37783699882644,171.88268407053545,92.588967140764,10,-0.00193553702411009,1.1437182277441025,0.18848108500242233
1620,0.17440754,1784956171.6114712,191.7429089658964,172.17540639082017,68.16381698660553,12,-0.0007317725103348494,1.9058008417487144,0.09351566480472684
1622,0.17440754,1784956171.9004369,163.62350602589652,171.7459054192927,82.83030295744538,11,-0.0003603246696002316,0.6729270443320274,0.050165585591457784
1624,0.17440754,1784956172.1578188,165.4350682842937,172.26089944715122,82.9614802673459,11,-0.0015730403829365969,0.7279583849012852,0.11218830943107605
1626,0.17440754,1784956172.416558,174.24862224864734,172.2550267280858,83.86178855970502,10,-0.006458075484260917,1.7525352835655212,0.155081732198596
1628,0.17440754,1784956172.7199402,170.95314699528237,172.10594733384082,85.69980579055846,11,-0.0016343166353181005,1.130034677684307,0.10865155886858702
1630,0.17440754,1784956172.97783,152.2645620020429,172.02073545190015,104.21140501089394,12,-0.001103127171518281,3.145990639925003,0.10469775181263685
1632,0.17440754,1784956173.233163,150.080882659171,171.37918163267776,99.22249222174287,14,-0.0014377118786796927,1.945282131433487,0.09435068117454648
1634,0.17440754,1784956173.51249,176.78779701411412,171.41485537595457,77.20542244054377,10,0.000456725072581321,0.7611044216901064,0.0646736219059676
1636,0.17440754,1784956173.7691982,181.15427044683724,171.78500668698842,77.32265835814178,13,-0.001578774506924674,1.9791802391409874,0.12305855937302113
1638,0.17440754,1784956174.048852,177.56985577862696,171.2994031578859,80.54453047271818,12,-0.003571205808839295,0.823158785700798,0.1347778895869851
1640,0.17440754,1784956174.3069189,167.905919869872,171.1569499382006,86.87552981823683,11,-0.0008578834822401404,1.1437270678579807,0.08121987828053534
1642,0.17440754,1784956174.5606332,166.26416827551282,170.95377672839663,80.97815004736185,12,-0.001195550081320107,1.5209625475108624,0.11956885736435652
1644,0.17440754,1784956174.844616,151.22813490069737,170.12805995919553,109.14184078387916,17,-0.0019561124572646804,1.4419208131730556,0.11979182669892907
1646,0.17440754,1784956175.1003578,170.61274905875717,170.07446604382022,92.06246172264218,11,0.0016800898738438264,1.5485369190573692,0.09141930867917836
1648,0.17440754,1784956175.357779,169.0908857428542,169.66719180950986,89.53908945992589,8,-0.0010185693390667439,3.574489250779152,0.06643438816536218
1650,0.17440754,1784956175.644036,175.92802130958995,170.22879706039978,82.36377013474703,12,-0.0007210670155473053,0.8966289795935154,0.08467152109369636
1652,0.17440754,1784956175.9021492,164.97173149383434,170.6923290057271,92.0812973305583,15,-0.0016395055572502315,1.4221991635859013,0.08969876496121287
1654,0.17440754,1784956176.184166,160.99417313350784,170.5991929586628,102.04609006270766,13,-0.0006425653846235946,3.13665871322155,0.03912705753464252
1656,0.17440754,1784956176.442898,171.6263468040075,170.35118965662045,86.97965005040169,11,-0.0004424137878231704,0.5948049370199442,0.06781606306321919
1658,0.17440754,1784956176.696888,182.03696006447188,171.2113115886462,72.50198723003268,12,-0.0036125188635196537,2.1674132868647575,0.0714955935254693
1660,0.17440754,1784956177.000968,170.06784521270816,171.35254411008026,79.2213421240449,11,4.9045716878026724e-05,1.289908692240715,0.061284301336854696
1662,0.17440754,1784956177.258967,158.30220975736145,170.72087040453883,100.14808690175414,11,-9.949435479938984e-05,2.410647749900818,0.062134246807545424
1664,0.17440754,1784956177.515187,154.0735609634243,170.64021451052452,101.61904229596257,9,-0.000686525134369731,5.224703386425972,0.06472593150101602
1666,0.17440754,1784956177.7956202,185.07388664690922,170.52493186569137,70.33668724354357,11,-0.0011883621918968856,1.5066034123301506,0.07084157085046172
1668,0.17440754,1784956178.051805,170.10774066008895,170.8173305102911,96.57746355608106,10,-0.0023531726328656077,1.6424096710979939,0.10996927972882986
1670,0.17440754,1784956178.333571,165.63801274872012,170.22126825686456,99.74322417005897,11,-0.0010134134208783507,2.358098089694977,0.10122793121263385
1672,0.17440754,1784956178.590061,139.06346126184198,170.11154052948206,113.68106591328979,15,-0.0025043275963980705,3.0771439224481583,0.18779115285724401
1674,0.17440754,1784956178.848223,180.62417093356652,169.9078450996136,80.91423255205154,10,0.0005068074387963861,1.7517299801111221,0.056009315652772784
1676,0.17440754,1784956179.1299891,172.0298382013966,169.49934584508884,78.59382883831859,11,-0.0026484747722861357,0.6088373344391584,0.1603983100503683
1678,0.17440754,1784956179.453642,184.7445628121577,170.2182836880241,74.23533855937421,12,0.00010443671635584906,0.8512863554060459,0.09179308591410518
1680,0.17440754,1784956179.713848,150.13464300262623,169.77368299848,103.03026970475912,15,-0.001864021432993468,1.8214783892035484,0.15547741670161486
1682,0.17440754,1784956179.992255,159.97302865345597,170.3965144230051,101.74581927061081,11,-0.0022009006279404275,1.3197204917669296,0.14847506443038583
1684,0.17440754,1784956180.249352,169.45821686130805,170.41539151213163,87.12688820436597,9,-0.001684430637396872,2.0539377704262733,0.12400312069803476
1686,0.17440754,1784956180.528704,168.3560284593491,170.34725199698872,85.28676759824157,12,-0.00013603208935819566,0.8902049884200096,0.09082319028675556
1688,0.17440754,1784956180.787412,176.75425655618483,170.1811524527142,76.48161227628589,11,-0.0018598192400531843,0.6109984200447798,0.09385810559615493
1690,0.17440754,1784956181.0430248,187.66298756365558,170.52254094871373,73.35740518197417,13,-0.003471320669632405,1.4339284300804138,0.10715100076049566
1692,0.17440754,1784956181.332453,171.28197010009515,170.38381700585592,87.62600600719452,12,-0.001389735087286681,0.8122752457857132,0.136014218442142
1694,0.17440754,1784956181.615129,191.52849328156643,170.83088708879848,68.42885660380125,12,-0.001076265332812909,1.4999599233269691,0.07979456032626331
1696,0.17440754,1784956181.872677,157.82483706350246,170.59621092900653,98.07590608112514,9,-0.0009578886383678764,1.6134782582521439,0.06123324274085462
1698,0.17440754,1784956182.153197,168.03111348724687,171.04829236857998,85.89620403200388,10,-0.0006783060671295971,1.0446139536798,0.07852247566916049
1700,0.17440754,1784956182.409672,184.28010781812134,171.20944169165273,68.1889727562666,12,-0.0020081254551769234,2.9531791359186172,0.09677925519645214
1702,0.17440754,1784956182.6915882,174.7038424823179,171.57022270270147,78.80649044364691,11,-0.0006118676392361522,1.4944593198597431,0.09301612246781588
1704,0.17440754,1784956182.947113,169.00442791788316,171.34678311287473,86.2944114105776,10,-0.002014496407355182,1.1849666759371758,0.17682885378599167
1706,0.17440754,1784956183.2027252,185.3205434519534,171.71173579652154,72.64242704864591,11,-0.0015696743503212929,1.221096444875002,0.07110038376413286
1708,0.17440754,1784956183.4841301,168.83642923276847,170.9433437655116,89.40457477699965,11,-0.0010515096364542842,1.8953879177570343,0.08636761270463467
1710,0.17440754,1784956183.741191,162.75707865993007,170.8360330793683,89.61908704042435,13,-0.0010405973007436842,1.0155958198010921,0.05732936935964972
1712,0.17440754,1784956183.998034,171.98830507741604,171.16239482606252,86.56343878433108,11,0.0009401768766110763,1.8034859672188759,0.06413339800201356
1714,0.17440754,1784956184.279642,188.8374552520574,171.73479528032382,70.08955812826753,12,2.7433852665126324e-06,1.8527968749403954,0.07783916033804417
1716,0.17440754,1784956184.536351,138.8154667812336,171.09169094420554,113.76737670227885,13,-0.0015790492470841855,4.457645863294601,0.07549370895139873
1718,0.17440754,1784956184.819699,165.48461605214376,170.5354614088094,91.58561848476529,14,-0.002528221462853253,2.0200851410627365,0.09447614126838744
1720,0.17440754,1784956185.0786948,183.46324386728378,170.69155811963853,78.0180788449943,12,-0.0003464898036327213,1.3746337369084358,0.0699466778896749
1722,0.17440754,1784956185.334083,171.04313666647735,171.1162713783866,83.14844591915607,10,-0.000564396905247122,1.6639405861496925,0.05634106555953622
1724,0.17440754,1784956185.617721,170.77956662041618,171.26748441504083,77.74205892160535,11,-0.0004385615757200867,1.8130334466695786,0.046279532951302826
1726,0.17440754,1784956185.875083,178.67692894246449,171.7734472702813,73.33103355206549,13,-0.0013771449448540807,0.8034663461148739,0.09125107061117887
1728,0.17440754,1784956186.1531599,137.5363809995503,170.54042572314071,110.7527165170759,13,-0.0005697689921362326,3.9769038558006287,0.030910339497495443
1730,0.17440754,1784956186.435114,185.94218956184744,171.55131206847034,73.02454947307706,15,-0.000946178799495101,1.6417377218604088,0.09507566690444946
1732,0.17440754,1784956186.6892679,163.9980959545375,171.5418055261376,86.71509850025177,11,-0.0010549848375376314,2.394058831036091,0.07005327381193638
1734,0.17440754,1784956186.9703732,163.27864291113292,171.42893245079088,100.43137539736927,11,-0.0014291387342382222,1.6060490980744362,0.11092265136539936
1736,0.17440754,1784956187.226615,172.90500727321657,171.2737177936002,87.78725849092007,10,-0.001303754688706249,1.067845892161131,0.10882143722847104
1738,0.17440754,1784956187.483361,172.1715012896362,171.3083807022088,83.02001323923469,11,-0.0013042706996202469,0.9653475619852543,0.08227742835879326
1740,0.17440754,1784956187.7640672,174.33864662034304,170.66158967452688,78.54135738126934,12,-0.0008212338871089742,1.2535582855343819,0.09865860315039754
1742,0.17440754,1784956188.021046,172.56831147622586,170.94669270584382,78.88006012886763,13,-0.0009965841309167445,0.9597016647458076,0.07896476425230503
1744,0.17440754,1784956188.2783601,171.74362331159563,170.67681663166994,83.70932189375162,11,-0.0014806630788370967,1.022444911301136,0.1272831503301859
1746,0.17440754,1784956188.5595038,177.3817826550521,171.29145343517823,75.59042082354426,12,-0.0016567219863645732,0.5686603114008904,0.15224775159731507
1748,0.17440754,1784956188.817305,182.18987284460454,171.00668021673263,67.70371639356017,11,-0.0009231408985215239,2.7411381006240845,0.07176826056092978
1750,0.17440754,1784956189.5011919,176.2483459906215,170.6918383081242,79.67809534538537,11,-0.0009071239037439227,1.1922553852200508,0.07355359848588705
1752,0.17440754,1784956189.778639,169.82066781183767,170.51307078344493,87.77156986668706,12,-0.0006587262905668467,1.7507576048374176,0.044065865222364664
1754,0.17440754,1784956190.0537758,182.93893605080925,170.8167439090268,68.30986615642905,14,-0.0008863534894771874,2.437206670641899,0.08806108543649316
1756,0.17440754,1784956190.338293,182.2753816198883,170.7569474456542,72.99003734439611,10,-0.0006052665994502604,0.7256857678294182,0.07053603208623827
1758,0.17440754,1784956190.596705,150.2480163346684,170.46717578606007,103.45773555710912,12,2.1807427401654422e-05,3.1659274995326996,0.08381379721686244
1760,0.17440754,1784956190.887883,169.47696398137185,170.91794520170114,84.06379907205701,9,-0.0012078021027264185,2.017236612737179,0.060882108518853784
1762,0.17440754,1784956191.1718981,169.27685873143218,171.09508715899392,85.29786556959152,12,-0.001549089269246906,1.6291517838835716,0.08909910754300654
1764,0.17440754,1784956191.428627,177.1238025658308,170.96522935107973,90.59130041208118,9,-0.003615176829043776,1.4439184479415417,0.10630120290443301
1766,0.17440754,1784956191.710631,178.85037204785775,171.96715197143484,75.32785496674478,11,-0.0011113358195871115,1.1102649495005608,0.055557177402079105
1768,0.17440754,1784956191.988936,179.33084973572994,172.5108735884638,80.11568013578653,10,-0.0011226136120967567,2.0498653054237366,0.0974795464426279
1770,0.17440754,1784956192.25348,183.06741308482225,173.15643348319108,77.86081067100167,10,-0.0011082206619903445,1.8597166612744331,0.07807652279734612
1772,0.17440754,1784956192.533869,190.19644109653004,173.7384011717564,67.30420817900449,12,-0.004174924426479265,0.5993002243340015,0.12626073695719242
1774,0.17440754,1784956192.791137,186.94672664544606,173.60548214005922,67.16710560023785,10,-8.466218423563987e-05,0.6798189878463745,0.08133843680843711
1776,0.17440754,1784956193.0486221,171.1817868420462,173.39819684569778,86.41160737164319,14,-0.0014862643292872235,1.4919992163777351,0.1344057065434754
1778,0.17440754,1784956193.3311691,177.29799076217714,174.28630003772446,81.3456300534308,12,-0.0004523916868492961,1.5402539744973183,0.10240863868966699
1780,0.17440754,1784956193.5893052,176.10947128192498,174.21697350255724,76.5552239511162,12,0.0003554985742084682,1.4404322504997253,0.06829161243513227
1782,0.17440754,1784956193.8716931,157.67764953925075,174.1485741932438,107.09840628504753,12,-0.0022725070302840322,3.5744973719120026,0.04463092843070626
1784,0.17440754,1784956194.1297338,176.1153475173882,174.50162640765052,80.53736869990826,12,-0.0010051275603473186,1.470192763954401,0.10738680465146899
1786,0.17440754,1784956194.3870301,166.33799433490645,174.61730288253682,90.54873468354344,14,-0.0007539054349763319,1.140691339969635,0.08487188420258462
1788,0.17440754,1784956194.670838,163.8499821363812,174.43078610861141,83.8373285382986,14,-0.0010591527097858489,1.1103252097964287,0.08657298283651471
1790,0.17440754,1784956194.9266932,184.42520290980346,174.8242573777236,79.77413511648774,10,-0.0009951371466740966,2.055343247950077,0.08695297641679645
1792,0.17440754,1784956195.1830149,177.59575737887013,174.9474372988897,79.40406430326402,10,-0.00046455045230686665,2.021263465285301,0.040567424381151795
1794,0.17440754,1784956195.487801,177.29743103738753,174.89725885516137,79.33341797068715,12,-0.0015177281820797361,1.2973981350660324,0.14220646303147078
1796,0.17440754,1784956195.753503,168.905353336833,174.36814151107137,87.23037230968475,10,-0.0011518443352542818,1.6402437537908554,0.10188175505027175
1798,0.17440754,1784956196.033708,172.18762056070898,174.39511993017788,85.6731187440455,12,-0.0019521135836839676,0.7114320155233145,0.15103104384616017
1800,0.17440754,1784956196.29148,165.49757887309067,174.13855721062654,94.24340948835015,12,0.00017347544780932367,1.7507537305355072,0.08938282169401646
1802,0.17440754,1784956196.5471349,180.6427597100329,174.29370021845276,76.22174568846822,12,-0.0007714868988841772,2.0209644734859467,0.10045898566022515
1804,0.17440754,1784956196.8295748,181.85769359324055,174.34712388446496,79.14034045860171,13,-0.0005903918281546794,0.8408614844083786,0.07857205299660563
1806,0.17440754,1784956197.083625,159.5577800824861,173.78455308207793,94.72019285336137,12,-0.0007939765928313136,2.1151534989476204,0.0529860919341445
1808,0.17440754,1784956197.3401558,169.13350099073315,174.33650724197793,79.05978166125715,12,-0.00196838171541458,1.7494189739227295,0.10155081795528531
1810,0.17440754,1784956197.6227698,149.74908946203928,173.97912088087782,112.35975435376167,12,-0.001585886289831251,2.762162208557129,0.1457634549587965
1812,0.17440754,1784956197.878892,163.84521638666732,173.58480981077784,85.29952565953135,12,-0.003818466793745756,1.866076573729515,0.09896215447224677
1814,0.17440754,1784956198.1633909,176.58280660287073,173.33621259038927,82.28583943471313,13,-0.0012727706925943494,1.1642832793295383,0.08264680649153888
1816,0.17440754,1784956198.42227,176.51245240087087,173.28825869393052,74.19435339421034,15,-0.0019228936289437115,1.367045521736145,0.09779454255476594
1818,0.17440754,1784956198.679799,168.09001260548322,173.22040202875857,85.43195953965187,13,-0.0014765760424779728,1.7150809317827225,0.1413206052966416
1820,0.17440754,1784956198.960433,182.342281312976,172.68991776283264,67.8470605276525,13,-0.0008531289640814066,1.0321131870150566,0.10506641189567745
1822,0.17440754,1784956199.219486,165.10663397742948,171.62825582260888,85.95976005867124,13,-0.0021739067742601037,1.1268014423549175,0.12343616411089897
1824,0.17440754,1784956199.4839401,176.51156740387776,171.3332342167083,78.28058108687401,11,-0.001020700205117464,1.5922370925545692,0.08986454084515572
1826,0.17440754,1784956199.769569,171.32861528847363,171.03646842727457,85.61539153382182,12,-0.0018300866067875177,1.4520996287465096,0.11008089547976851
1828,0.17440754,1784956200.055841,150.74748265467736,170.59564965143036,111.78487210348248,16,-0.0009135872824117541,2.379035361111164,0.1290842299349606
1830,0.17440754,1784956200.339726,178.8927746010122,170.7838906209893,81.64635819988325,13,-0.0010304637107765302,1.5752730071544647,0.06937370100058615
1832,0.17440754,1784956200.598868,175.5178490702243,170.94163652382173,85.58651399798691,11,-0.0012899679932161234,1.8174171969294548,0.13228414673358202
1834,0.17440754,1784956200.8560698,166.35482649095496,170.91598101431154,89.9823732227087,10,-0.0022885960643179715,1.1797084733843803,0.06278315593954176
1836,0.17440754,1784956201.1375191,171.44294369302594,171.06567706654275,79.11191599816084,10,-0.0014974671648815274,1.0570807792246342,0.14493640651926398
1838,0.17440754,1784956201.395914,151.06704974690095,170.89026325296544,104.87170016113669,12,-0.0003178052284056321,2.1510427594184875,0.06053371727466583
1840,0.17440754,1784956201.652757,172.85336082426744,170.88379785091428,84.23454538360238,12,-0.0009179005428450182,1.5798932611942291,0.08369298093020916
1842,0.17440754,1784956201.934935,167.0882560760888,170.5258326292737,91.51329069957137,10,-0.001790980837540701,1.0766835659742355,0.11308345943689346
1844,0.17440754,1784956202.190298,163.0311447184912,170.5216303622373,84.48697352781892,13,-0.0013126377016305923,2.283893182873726,0.11364966444671154
1846,0.17440754,1784956202.470747,178.2106391381408,170.76378866523683,77.32750512100756,10,-0.0003283601545263082,1.5150384828448296,0.09638430550694466
1848,0.17440754,1784956202.728638,164.66926740222002,170.76502111112484,88.07657370436937,15,-0.0012140527251176536,1.7678486108779907,0.11410658853128552
1850,0.17440754,1784956202.985933,190.04516773172966,171.2716033333546,68.39007709920406,11,-0.0012436792603693902,1.2616772800683975,0.10877478145994246
1852,0.17440754,1784956203.269483,171.47669434590145,171.07456014546554,80.03673489391804,12,-0.0031732528004795313,1.1310053244233131,0.13235547533258796
1854,0.17440754,1784956203.52798,166.79665586643287,170.83159706979583,91.19499448686838,12,-0.0007953440072014928,0.8610760644078255,0.05574534006882459
1856,0.17440754,1784956203.78634,182.7868611319445,171.5390285228574,81.26593569293618,12,-0.001225679472554475,1.3606652729213238,0.08182236598804593
1858,0.17440754,1784956204.085435,178.28263540055923,171.57962883026943,77.78070567548275,10,-0.00015182280912995338,0.5278393682092428,0.04776118043810129
1860,0.17440754,1784956204.342985,137.51925664088324,171.19835379743043,119.03371871262789,13,-0.00344022482750006,1.3236262761056423,0.11589647131040692
1862,0.17440754,1784956204.6495621,180.0170454718044,171.63773955594934,78.8721948377788,10,-0.00037939101457595825,1.185581848025322,0.07626752345822752
1864,0.17440754,1784956204.9081159,150.75916483727306,171.24433229716752,98.40103580057621,12,-0.00187761610141024,3.864731341600418,0.11804663250222802
1866,0.17440754,1784956205.165575,170.41173000489414,170.7018189434148,82.85834814608097,11,-0.0012772298068739474,0.6465377956628799,0.09848574874922633
1868,0.17440754,1784956205.4472609,191.01831950172112,170.7536408187912,64.45345941372216,12,-0.0016157625941559672,2.339229889214039,0.07170854951255023
1870,0.17440754,1784956205.70419,159.55222890978962,170.70446947128437,88.57360229641199,14,-0.0015695297333877534,0.914839792996645,0.16881361976265907
1872,0.17440754,1784956205.960352,178.5219776676927,171.0227638482963,75.14009881392121,11,-0.001328566373558715,1.5627407431602478,0.13418125873431563
1874,0.17440754,1784956206.241546,178.73034252042657,171.30128384143924,81.83678391203284,10,-0.0019636578508652747,1.4600788988173008,0.12636641412973404
1876,0.17440754,1784956206.497117,175.8388187838442,171.64349786249866,78.73524773493409,9,-0.0008379042556043714,0.9678928963840008,0.07172687095589936
1878,0.17440754,1784956206.7790458,173.49741509233587,172.20988376137848,87.8076803907752,12,-0.0008974131196737289,0.9925885386765003,0.08396161557175219
1880,0.17440754,1784956207.035079,154.25025549821436,171.52433856972763,99.48618105053902,10,-0.0005539191188290715,2.494087979197502,0.1060833977535367
1882,0.17440754,1784956207.292991,177.00484068332688,171.92305652230957,78.42938452214003,10,-0.0006700902013108134,1.5175700262188911,0.06110432441346347
1884,0.17440754,1784956207.574005,175.31594914463767,172.18391556993737,82.24757309630513,11,-0.000638087309198454,1.065084032714367,0.06122187990695238
1886,0.17440754,1784956207.8388789,176.7185572345997,171.61212277720537,70.86082979291677,11,-0.0013796596613246948,0.9311473704874516,0.10867585614323616
1888,0.17440754,1784956208.09654,168.21569075413635,172.18173049879542,86.4413867406547,8,-0.0014042876682651695,0.9559789896011353,0.08696779934689403
1890,0.17440754,1784956208.38002,179.81961120014643,172.06628171941261,81.00081530585885,10,-0.0007155744533520192,0.9272466897964478,0.05830943724140525
1892,0.17440754,1784956208.6362638,169.1214071078398,171.48388158518094,81.8618369139731,14,-0.0008675746212247759,1.5705885961651802,0.08498263778164983
1894,0.17440754,1784956208.9404218,179.80785671429038,171.85969036044781,74.55535619147122,12,0.00043379916314734146,1.582608312368393,0.09508884092792869
1896,0.17440754,1784956209.197888,177.64995634829123,172.34699953110245,78.61085095256567,10,0.0007949137216201052,0.7813897058367729,0.0727913174778223
1898,0.17440754,1784956209.456555,184.1022979852807,172.8609543002816,75.22299550101161,12,-0.0012005495955236256,1.7841430976986885,0.11988325417041779
1900,0.17440754,1784956209.744954,159.16848721356018,171.9899707767905,89.9913942553103,11,-0.0003940660390071571,0.9722961932420731,0.07251657941378653
1902,0.17440754,1784956210.00273,185.37925372013888,172.77426590250164,68.87986647710204,11,-0.0003564356593415141,0.5464025847613811,0.035914901876822114
1904,0.17440754,1784956210.2600079,152.6272141156779,172.2221409607942,105.12362812459469,13,0.00048244622303172946,2.1650208309292793,0.13302548276260495
1906,0.17440754,1784956210.541983,171.13927764520815,171.76958113223967,97.27351466566324,13,-0.0009416296234121546,2.122629888355732,0.09743286902084947
1908,0.17440754,1784956210.7996428,163.91388453229655,171.55022817191974,86.93059967085719,13,-0.002164160832762718,2.014357514679432,0.10854403814300895
1910,0.17440754,1784956211.081624,165.88085411363355,171.99858841372622,102.08041861467063,14,-0.0018473973614163697,1.3950952477753162,0.0885023009032011
1912,0.17440754,1784956211.340208,178.8960424164956,171.90414842561427,74.45825900696218,13,-0.0015638858894817531,1.140876181423664,0.1256987708620727
1914,0.17440754,1784956211.596171,172.56020848440366,172.33611931522083,72.97378880158067,13,-0.002953013638034463,0.960361909121275,0.1600884348154068
1916,0.17440754,1784956211.879455,165.80029268715893,172.3047750712654,93.48705777339637,14,-0.0009809471375774592,0.9715066812932491,0.09953056462109089
1918,0.17440754,1784956212.138922,160.66229255440538,172.00101037755852,84.55732621625066,13,-0.00025989965070039034,1.8368555903434753,0.1383345890790224
1920,0.17440754,1784956212.396259,183.55413417659105,172.39067852200458,75.13166644796729,11,-0.0001933614257723093,1.2846171259880066,0.11385814240202308
1922,0.17440754,1784956212.7403772,182.0478732675802,172.15221453460055,83.8846744298935,10,-0.002334121847525239,3.4106690287590027,0.17395554389804602
1924,0.17440754,1784956212.9994829,181.09385142780775,172.1964246226801,73.47495021298528,11,-0.0015801897970959544,0.647008154541254,0.09321835380978882
1926,0.17440754,1784956213.2812648,140.16062423076784,171.2077820292448,112.73823705688119,13,-0.0009241856168955564,3.2947166115045547,0.08374786656349897
1928,0.17440754,1784956213.5615869,188.76028316331065,171.1989868403417,69.5661716144532,9,-0.0006446804036386311,1.6327083557844162,0.10764957778155804
1930,0.17440754,1784956213.817315,170.30121814721994,171.46709039113762,81.01949036493897,10,-0.0014200651785358787,1.6438583210110664,0.14379967330023646
1932,0.17440754,1784956214.099721,167.15098052353937,171.16340583316685,81.48773043230176,13,-0.0006580448825843632,2.3365041464567184,0.06964594079181552
1934,0.17440754,1784956214.359518,170.2561463097335,170.78526502815973,82.11041544005275,11,-0.0006948879708943423,2.436759792268276,0.061613127356395125
1936,0.17440754,1784956214.6175349,164.49072463910377,171.18929353086895,86.06620371341705,10,-0.0010738923156168312,1.3929623141884804,0.07722119940444827
1938,0.17440754,1784956214.901998,181.93139136342515,171.30671566455783,74.11274538561702,11,-0.0008677660371176898,2.480110228061676,0.077245166990906
1940,0.17440754,1784956215.157759,163.642759387742,170.76991072637512,85.44925045594573,12,-0.001614342792890966,1.8302631452679634,0.12271728040650487
1942,0.17440754,1784956215.442532,160.62127997338277,170.88626777756,93.32913125678897,13,-0.0009188201875076629,0.7233480978757143,0.108300247695297
1944,0.17440754,1784956215.705385,144.10645199748132,170.3792190822625,104.76206503249705,14,-0.0006329405005089939,2.8998979702591896,0.10862149763852358
1946,0.17440754,1784956215.968734,184.81607643068287,170.32941569847483,73.50820100307465,10,-0.0006143928621895611,0.5362080968916416,0.05186354508623481
1948,0.17440754,1784956216.249938,183.7455693994038,170.31546864421645,75.34161422401667,12,0.0004774025874212384,1.2510391175746918,0.09525480074808002
1950,0.17440754,1784956216.50866,182.76232203088918,171.22567791040302,77.0294728949666,11,-0.0017709651729092002,0.8943565525114536,0.1315081464126706
1952,0.17440754,1784956216.766911,161.72024302810598,170.24138674682388,101.56496409699321,10,-0.001969417673535645,0.9366003014147282,0.12320015439763665
1954,0.17440754,1784956217.0477371,178.13981249232353,170.59308443113414,73.94726204127073,11,-0.0004134133196203038,0.9131105095148087,0.04304518306162208
1956,0.17440754,1784956217.304029,183.73865202051022,170.7679904747197,70.5619289111346,9,-0.0007821036560926586,2.0381745398044586,0.05969902779906988
1958,0.17440754,1784956217.585026,187.12453334581477,171.41102080447828,70.96405351534486,11,-0.001251585257705301,0.7987431436777115,0.11094382824376225
1960,0.17440754,1784956217.845099,147.56414147402748,170.7331365779646,100.92857326194644,13,-0.00041465176036581397,3.1843782663345337,0.09353258227929473
1962,0.17440754,1784956218.121989,169.35177478014523,170.83832451346908,88.125851187855,12,-0.0007515270845033228,1.3329959884285927,0.06387265166267753
1964,0.17440754,1784956218.405459,169.6962047328919,170.36922755610803,85.83155763149261,12,-0.00021733652101829648,1.3229097723960876,0.09453322319313884
1966,0.17440754,1784956218.6645539,169.1370425628774,170.62889010996622,76.53549415245652,14,-0.0024772728502284735,0.9941009469330311,0.0921181277371943
1968,0.17440754,1784956218.9214919,184.34485361267969,171.0174014330796,70.45812266692519,10,-0.0006926831556484103,1.084853820502758,0.08732719090767205
1970,0.17440754,1784956219.202883,169.39820896122646,170.85407686712603,94.05442275106907,9,-0.001160189276561141,2.3710674196481705,0.048366612987592816
1972,0.17440754,1784956219.461546,154.21519671196796,170.83678420899517,101.21578714903444,11,-0.00010578475485090166,2.3359215185046196,0.09733237884938717
1974,0.17440754,1784956219.744617,175.30399888455037,170.08470652790027,85.84408919513226,15,-0.0019682546553667635,0.883692130446434,0.09879269171506166
1976,0.17440754,1784956220.000559,181.7878053514948,171.13954912614497,75.82759445533156,9,-0.00024111263337545097,0.8266434147953987,0.03226890414953232
1978,0.17440754,1784956220.257899,170.466641471628,170.8109049789993,80.780338158831,13,-0.002391016954788938,1.2301462851464748,0.10973462462425232
1980,0.17440754,1784956220.540311,161.17720290555366,170.5889774390585,92.70018859580159,12,-0.0009136312582995743,2.395469553768635,0.07723024662118405
1982,0.17440754,1784956220.800749,175.25071691139485,170.2427907954696,76.62124344520271,11,-0.00050048076082021,0.717678863555193,0.06375708780251443
1984,0.17440754,1784956221.056757,161.9946198705018,169.90282129684016,89.94976753368974,10,-0.0010932058503385633,4.083356440067291,0.1054106077644974
1986,0.17440754,1784956221.339288,157.46902939894872,169.25892584048324,95.82590936124325,12,-0.001739014871418476,1.2377599105238914,0.15016154292970896
1988,0.17440754,1784956221.595673,158.63344708876318,168.8090660930421,87.17950011789799,12,-0.0012110011084587313,1.4508089572191238,0.11624046973884106
1990,0.17440754,1784956221.8785448,165.44613206233768,169.02484023890142,82.81352439895272,11,-0.0009804180590435863,0.7262953445315361,0.06105273659341037
1992,0.17440754,1784956222.137266,172.09452830098485,169.681067586798,86.25568677484989,13,-0.0016989773721434176,0.6599990762770176,0.09640690498054028
1994,0.17440754,1784956222.394911,189.30167407603395,170.69458770139943,76.72922443971038,9,-0.0010273279622197151,0.8973262645304203,0.07981187547557056
1996,0.17440754,1784956222.7009091,169.89621173037898,170.41505224303185,90.38922656141222,10,-0.0017902234103530645,0.9453077614307404,0.14753574831411242
1998,0.17440754,1784956222.95916,180.6631668887208,169.837784275653,74.11727268062532,9,-0.0012865524622611701,1.2625534310936928,0.09679121198132634
2000,0.199924456,1784956223.619052,156.6519663948315,169.04489726261124,98.76385942287743,12,-0.0007217147503979504,1.1630758717656136,0.09808436874300241
2000,0.199924456,1784956223.619052,156.6519663948315,169.04489726261124,98.76385942287743,12,-0.0007217147503979504,1.1630758717656136,0.09808436874300241
