_step,_runtime,_timestamp,train/reward,train/reward_rolling_avg,train/distance,train/consumption,train/actor_loss,train/critic_loss,train/entropy
2,0.219346543,1784956599.311784,-899.8563273872506,-1421.968373611525,1406.1444865614176,98,-0.011883767321705818,1119.9935455322266,0.6314885839819908
4,0.219346543,1784956600.379065,-285.62850102365377,-894.5459970543392,841.6807400286198,62,-0.012403074564645067,234.1720676422119,0.47815448977053165
6,0.219346543,1784956601.605344,-44.17453334661275,-612.9325055276606,455.1713105663657,45,-0.008242902113124728,14.304499566555023,0.3491268362849951
8,0.219346543,1784956602.396839,21.693664072825932,-451.58688957372044,316.86831494420767,32,-0.003297745031886734,8.912157356739044,0.3736067917197943
10,0.219346543,1784956603.580218,101.18535838894728,-346.10059248031973,174.77382254600525,19,-0.008010354358702898,7.770720034837723,0.3081889543682337
12,0.219346543,1784956604.4378939,118.04575778498995,-268.05755394798,152.07385393977165,12,-0.002328943111933768,14.569946527481079,0.14826653711497784
14,0.219346543,1784956604.7214122,105.77517954766044,-213.43057185077797,162.4012397378683,11,-0.001285930375161115,6.196670204401016,0.12816200032830238
16,0.219346543,1784956605.790727,134.5437814923039,-170.40159181295292,138.24462592601776,10,-0.0033313767635263503,6.480952113866806,0.153938390314579
18,0.219346543,1784956606.135968,120.53062998381678,-140.06346125477364,142.92753271758556,5,-0.001678252658166457,7.433792293071747,0.14651228114962578
20,0.219346543,1784956606.401144,104.99018099910576,-116.11167206766837,152.2557831481099,7,-0.0014562740689143538,11.652346551418304,0.12319207657128572
22,0.219346543,1784956607.146113,123.28972668351821,-93.68901807145998,126.31739601120353,8,-0.0012687106500379741,7.192130893468857,0.15815346408635378
24,0.219346543,1784956607.4159172,127.07690931762136,-75.72747794955161,133.09377881884575,13,-0.002851401688531041,1.8341422900557518,0.21802285872399807
26,0.219346543,1784956608.0248399,140.80563802439434,-59.765592583883866,111.98925144365057,9,-0.0013217514788266271,19.713556706905365,0.18627499975264072
28,0.219346543,1784956608.3401952,122.2756279329756,-47.765386454008755,172.94531559199095,12,-0.001482753868913278,8.651431322097778,0.10043643554672599
30,0.219346543,1784956608.59344,118.01203228690937,-36.15201851929848,134.81808254867792,14,-0.0020508664892986417,3.1082687079906464,0.2140357308089733
32,0.219346543,1784956608.8458738,103.34098628695644,-27.39926532715026,143.59952867776155,8,-0.002614438722957857,18.976402401924133,0.2129595000296831
34,0.219346543,1784956609.122758,119.20540033233415,-18.653051239961968,139.245500177145,11,-0.0021793898777104914,4.255449533462524,0.16214618273079395
36,0.219346543,1784956609.3748832,129.08611067312233,-10.414549256371211,121.54706950485706,8,-0.004505705554038286,13.490677207708359,0.16981366835534573
38,0.219346543,1784956609.656446,115.16603364414874,-4.0166444097948695,163.5611852351576,18,-0.004952261093421839,2.058502346277237,0.22051560040563345
40,0.219346543,1784956609.9136379,87.82370146205997,0.6155657262537829,221.7562130242586,22,-0.00615921983262524,5.321547150611877,0.263808480463922
42,0.219346543,1784956610.1666272,107.16325661592307,5.39862010509707,168.22632810473442,11,-0.003292297522420995,6.011312589049339,0.2385629778727889
44,0.219346543,1784956610.443462,128.4115552588626,10.901113367486795,121.33587754517794,9,-0.0029057544888928533,1.5477817133069038,0.20920946262776852
46,0.219346543,1784956610.6947079,131.24037594846428,15.372030975365414,146.48196602240205,10,-0.0027977380668744445,2.1788154244422913,0.22135441564023495
48,0.219346543,1784956610.9424949,103.66464169031649,19.63375622500176,154.66771372035146,10,-0.0022358471615007147,1.147990956902504,0.22127241175621748
50,0.219346543,1784956611.220532,119.33474678467108,23.691629051219874,143.90646708756685,9,-0.0022911167034180835,2.097742609679699,0.21237336471676826
52,0.219346543,1784956611.476953,101.74615645157358,84.72069048755243,170.2711698077619,12,-0.002585313210147433,1.7790098562836647,0.23528083600103855
54,0.219346543,1784956611.760855,115.42514858813938,104.18443492291702,153.6209914945066,16,-0.003816168988123536,2.683201387524605,0.18054050859063864
56,0.219346543,1784956612.174983,118.01197815903492,110.987348149212,146.3495391011238,15,-0.0024300380755448714,3.8509633913636208,0.20896368939429522
58,0.219346543,1784956612.5171268,112.46340250990947,114.2743449437229,156.0773413963616,11,-0.0009538016747683287,6.396248936653137,0.22341100964695215
60,0.219346543,1784956612.928307,128.05371285426952,116.38178508146304,120.87657528743148,9,-0.004256984160747379,0.6890936195850372,0.25173240900039673
62,0.219346543,1784956613.5366578,141.71622832998116,116.84714515464165,144.81659722328186,14,-0.0028517651517177,1.2566528916358948,0.25949904043227434
64,0.219346543,1784956613.825813,87.29696259076603,116.35501377101608,203.7979934439063,19,-0.0027321425441186875,3.417562425136566,0.23957095760852098
66,0.219346543,1784956614.107935,138.47643251909577,115.93107186670801,122.44768547639251,14,-0.0028249103052075952,2.290806606411934,0.18543632607907057
68,0.219346543,1784956614.711318,149.1600220771222,117.45216285390956,122.75499667227268,11,-0.0009749308374011889,8.320449590682983,0.14969186205416918
70,0.219346543,1784956615.021605,109.44177649780191,118.14744307841993,159.8248107135296,6,-0.0013832173135597259,2.99324169754982,0.18161410745233297
72,0.219346543,1784956615.280607,121.08761636310548,117.8014018523366,176.6362973600626,12,-0.002127543091773987,3.114933803677559,0.19378924742341042
74,0.219346543,1784956615.578922,127.41163114300434,117.93057839698825,148.5949531570077,11,-0.0022452743723988533,2.687245473265648,0.16201689466834068
76,0.219346543,1784956615.873035,107.99074117623604,117.12443968588038,176.21566031128168,11,0.00027510221116244793,4.952823773026466,0.14119633100926876
78,0.219346543,1784956616.58812,149.44012709338472,118.63907581595409,123.83917624503374,9,-0.0020788646361324936,0.8664228096604347,0.13969441689550877
80,0.219346543,1784956617.3111172,156.4670501886745,119.22668929913631,98.23886102996767,10,-0.003265323815867305,2.6627821549773216,0.16854937095195055
82,0.219346543,1784956617.6673138,149.6198605254053,120.59097290923795,109.50702413544059,10,-0.003254698764067143,3.188377723097801,0.18514015804976225
84,0.219346543,1784956617.9876149,112.3543027024135,120.62994734061871,148.10332690179348,9,-0.006023689114954323,5.171687230467796,0.25759389344602823
86,0.219346543,1784956618.301545,129.4408960764229,120.3506037670636,130.74543715454638,15,-0.0014688025112263858,1.3199747428297997,0.20540221128612757
88,0.219346543,1784956619.006233,158.05354003019139,122.02976123424403,103.44123550131917,10,-0.0025952975847758353,1.6005188897252083,0.3029321413487196
90,0.219346543,1784956619.308565,145.51114573134373,123.82401893496932,124.94598978757858,13,-0.002382268226938322,1.2790241576731205,0.2628152668476105
92,0.219346543,1784956619.6227572,137.94303200322435,124.96993522117846,108.38557524234056,11,-0.002951233385829255,1.5947315618395805,0.23460724763572216
94,0.219346543,1784956619.908632,155.0610835996742,125.28149436146101,123.14724908024073,17,-0.002982725331094116,1.578120730817318,0.20867773052304983
96,0.219346543,1784956620.189404,96.34700621560879,125.14897320751041,163.99358032643795,15,-0.004907713693683036,2.968752294778824,0.29185013473033905
98,0.219346543,1784956620.487157,136.25356984068478,125.49627935715247,161.26268300041556,13,-0.004205843899399042,1.077870313078165,0.18298857100307941
100,0.219346543,1784956620.749883,122.16313048135999,125.92272637839123,149.40916280448437,13,-0.0017867669521365315,2.01509727537632,0.25607282668352127
102,0.219346543,1784956621.036737,141.48341696370122,127.25244713168703,122.41216918081045,12,-0.0029775266302749515,2.7995505332946777,0.25545584689825773
104,0.219346543,1784956621.299937,139.22608861810352,127.7829708193312,132.93867543712258,14,-0.001996199833229184,2.5287505239248276,0.22676459234207869
106,0.219346543,1784956621.569248,139.71916038129402,128.50708735940137,109.25705740600824,12,-0.006514967157272622,1.433930680155754,0.18437380529940128
108,0.219346543,1784956621.861721,138.27350660792757,129.45432565481278,120.31800775974989,7,-0.001308390055783093,1.5547081008553505,0.18319895770400763
110,0.219346543,1784956622.1240408,153.50666579986816,129.6869632495549,101.40174425393343,12,-0.0020977504609618336,0.8850632831454277,0.17098104860633612
112,0.219346543,1784956622.4009159,125.53404197947395,129.235479042898,138.0547131858766,14,-0.0024713822931516916,1.1525134444236755,0.2197449253872037
114,0.219346543,1784956622.693422,139.43819306085564,130.62196800534377,111.16346574574709,12,-0.0005384578034863807,1.0609690323472023,0.153606909327209
116,0.219346543,1784956622.9510558,135.9745924851594,131.56409614605948,136.84886291623116,11,-0.0017857176717370749,1.4978146851062775,0.22688547149300575
118,0.219346543,1784956623.2378,129.9915698021495,131.45842287554794,138.8795317169279,16,-0.0019827368669211864,2.4343881607055664,0.27418688125908375
120,0.219346543,1784956623.496188,118.47721701164005,131.924066428556,172.37739392369986,15,-0.004619250219548121,1.110059354454279,0.22046518977731466
122,0.219346543,1784956624.16512,159.11758562463072,133.20964795810804,100.43032171577215,11,-0.0013557981001213193,1.9413114562630653,0.1822941116988659
124,0.219346543,1784956624.486767,137.47881779695513,133.37153021216514,128.67140256799757,15,-0.0020868335850536823,4.7573399394750595,0.17122303694486618
126,0.219346543,1784956624.7788138,136.79820718363612,134.70419817497475,124.66203277558088,12,-0.0013473883736878633,2.8189627453684807,0.17298566084355116
128,0.219346543,1784956625.059325,117.03312842467966,133.82013412872618,159.54099528677762,10,-0.003139847016427666,2.7039811611175537,0.26977603882551193
130,0.219346543,1784956625.373356,144.92572025776713,133.9921406602966,112.23379013873637,12,-0.002212218154454604,0.8874221108853817,0.14579140674322844
132,0.219346543,1784956625.653288,132.97195638536664,133.72895146721254,122.24220947176218,13,-0.004414019989781082,2.678398035466671,0.24132276326417923
134,0.219346543,1784956625.983426,153.75675074965574,134.90442950639897,108.21373589895666,11,-0.001961788395419717,1.0953137390315533,0.1786999749019742
136,0.219346543,1784956626.2620978,121.63630489218424,135.28640377356024,140.47013235464692,16,0.00011878421355504543,2.10334213078022,0.30925458669662476
138,0.219346543,1784956626.554686,118.44103539851335,134.30057982923466,139.92333835363388,13,-0.004766133177326992,2.7702261954545975,0.14867792278528214
140,0.219346543,1784956626.855741,156.73788220807714,135.14766085042206,104.51286800950766,10,-0.006382096849847585,0.7371502965688705,0.2550590233877301
142,0.219346543,1784956627.1739562,153.08469097021816,135.7282406557198,108.83918180689216,9,-0.00441834214143455,0.5801826491951942,0.23304960317909718
144,0.219346543,1784956627.454607,158.29180688554956,136.21452527077233,98.54516097158194,9,-0.0017292586853727698,3.447158008813858,0.16883873101323843
146,0.219346543,1784956627.751808,133.06269749855957,137.2460460205642,132.17451206967235,10,-0.0021077092678751796,0.412003330886364,0.22508827969431877
148,0.219346543,1784956628.0258,136.0724782841021,137.7559210552439,126.57232379168272,11,-0.001656888343859464,2.8549530059099197,0.2326954174786806
150,0.219346543,1784956628.3095071,136.1914911987351,137.71030748342363,125.90291804820299,13,-0.0021633379510603845,1.631432056427002,0.20083175040781498
152,0.219346543,1784956628.566551,137.1355556957354,137.20842824319004,108.1229047793895,12,-0.0017330165719613433,1.0572474040091038,0.2828443516045809
154,0.219346543,1784956628.8202019,131.74623067391155,137.35956140185505,130.02978867664933,14,-0.002525060888729058,2.658946007490158,0.23509677406400442
156,0.219346543,1784956629.104083,140.1037008088651,137.21508564578636,121.3620172701776,15,-0.0027689536509569734,2.823993146419525,0.24317645002156496
158,0.219346543,1784956629.371168,126.74278201697987,137.1040965842138,151.83845369145274,9,-0.0017402526864316314,2.7843047827482224,0.1685196217149496
160,0.219346543,1784956629.645709,139.36949894427127,137.2728298465791,103.15353528037667,11,-0.0022668035235255957,1.8013653457164764,0.2745972201228142
162,0.219346543,1784956629.941986,156.14091196503924,138.35167105885503,108.87931132130325,9,-0.0005007202853448689,0.9803695641458035,0.16307031363248825
164,0.219346543,1784956630.59972,132.55956621475534,138.87395555933455,118.48125008493662,13,-0.0002361451624892652,1.3746491000056267,0.1518402872607112
166,0.219346543,1784956630.996257,141.15458862837454,138.7109495924596,115.99593935720623,13,-0.0022413505794247612,0.91605069860816,0.19062211643904448
168,0.219346543,1784956631.672512,137.2880045455393,139.34495389300383,131.34913930296898,10,-0.002788893340039067,0.6662353873252869,0.263404774479568
170,0.219346543,1784956631.969194,153.47120186564808,140.0479754886179,111.90418154746294,11,-0.0032600320846540853,2.413783848285675,0.25921082589775324
172,0.219346543,1784956632.2721121,152.52560350746825,139.35656129711825,115.36734658107162,9,-0.0007691593200433999,0.8183211721479893,0.1775095220655203
174,0.219346543,1784956632.547031,147.98918687996147,139.55248847787846,110.49025982990861,12,-0.0019476977759040892,1.4291686937212944,0.1903916196897626
176,0.219346543,1784956632.805849,157.84823435566497,139.69332221694378,90.99285112693906,13,-0.002324994304217398,0.9851131550967693,0.2272080136463046
178,0.219346543,1784956633.103659,118.01647852305031,139.93714631184972,157.4594572596252,14,-0.0032091667380882427,1.3541719876229763,0.30749039724469185
180,0.219346543,1784956633.371777,156.97125663322538,139.83367206918717,91.79062639921904,11,-0.004976290976628661,4.211914286017418,0.25461685843765736
182,0.219346543,1784956633.6559098,150.54608498629364,140.1741469578973,119.03106408566236,10,-0.0024552352260798216,0.8458750322461128,0.23236236348748207
184,0.219346543,1784956633.9094,133.93414755180984,139.39126803497493,122.69638408347964,8,-0.001773852331098169,1.8760626390576363,0.17646826058626175
186,0.219346543,1784956634.169376,145.1701406746042,139.2352965282194,108.84450034610927,11,-0.002535090927267447,2.497448481619358,0.2644860642030835
188,0.219346543,1784956634.450284,152.83776773050565,140.0510363790026,100.6569656599313,14,-0.0024011415662243962,1.153853066265583,0.3016653601080179
190,0.219346543,1784956634.703669,140.2558187867777,139.69735529816987,119.95818758010864,15,-0.0021477070986293256,1.2109097316861153,0.2844144497066736
192,0.219346543,1784956634.95565,144.55459580133402,139.45166074851792,108.33305395394564,14,-0.004249895515386015,3.133093275129795,0.31188703514635563
194,0.219346543,1784956635.232098,141.20475916014843,139.21370222966786,122.95837493613362,17,-0.0040831518126651645,1.5152624882757664,0.25379439629614353
196,0.219346543,1784956635.5042078,153.86612733845226,139.627948113337,97.94597278907895,11,-0.002987236191984266,1.9925395622849464,0.266523745842278
198,0.219346543,1784956635.788325,168.47860177011611,140.48021153013187,89.26795941591263,12,-0.0021610462572425604,1.7221531681716442,0.24135692697018385
200,0.219346543,1784956636.0519521,129.3542195042064,140.81635148991265,139.4417645558715,13,-0.0005630459636449814,2.455839090049267,0.20750253833830357
202,0.219346543,1784956636.311102,123.70104483389015,141.15369856053417,131.06900463998318,17,-0.005149726479430683,1.4836353659629822,0.31051313877105713
204,0.219346543,1784956636.587882,135.2806385711833,141.20933947135745,138.10416102036834,14,-0.004526040283963084,3.1796730309724808,0.1831489410251379
206,0.219346543,1784956636.839375,151.8891982622687,141.95707453781847,97.30205569416285,11,-0.0025722531718201935,0.9861418567597866,0.24566531274467707
208,0.219346543,1784956637.094887,155.99713175829092,142.40409146063712,110.59849977120757,12,-0.002209091850090772,4.344746008515358,0.17349018342792988
210,0.219346543,1784956637.375186,139.22500692690926,142.2804972732602,114.03054001927376,10,-0.0019232312915846705,1.070934671908617,0.2645691307261586
212,0.219346543,1784956637.6308868,123.91034255841532,141.4919852076401,133.96571996808052,15,-0.005474460544064641,1.0256703607738018,0.1955938832834363
214,0.219346543,1784956637.9715059,161.80727656202959,141.65485811231386,97.68296251818538,13,-0.001135108876042068,2.4569042548537254,0.17098492570221424
216,0.219346543,1784956638.279325,133.78447693344754,141.7643325534039,117.35535178612918,15,-0.0028652598848566413,1.737880878150463,0.2669270448386669
218,0.219346543,1784956638.56742,149.69963689515458,141.61502657279578,105.69773682206869,12,-0.012130492366850376,0.9248813204467297,0.30063618067651987
220,0.219346543,1784956638.873052,160.44782652556464,141.77597026589646,101.90627825260162,10,-0.002091979418764822,1.6775531880557537,0.27806898299604654
222,0.219346543,1784956639.174585,138.77691938926176,141.75761902432217,138.39660490304232,10,-0.0013210531615186483,2.414991244673729,0.1929480629041791
224,0.219346543,1784956639.456337,153.97695372735296,142.75969615579473,90.19508358091116,10,-0.006598365376703441,1.542572196573019,0.3503189403563738
226,0.219346543,1784956639.765012,136.9090387527371,142.27548166915946,130.34224374219775,11,-0.002373599330894649,0.5366722848266363,0.34297184087336063
228,0.219346543,1784956640.021624,148.8890712578479,142.84312614525416,119.09388077259064,10,-0.0025740954151842743,2.951905481517315,0.2840220844373107
230,0.219346543,1784956640.302334,150.11936096878122,143.30898838287692,102.05042324028909,14,-0.0030131031962810084,2.045422315597534,0.23728977050632238
232,0.219346543,1784956640.561602,154.00344163758703,143.50548752043676,100.0620585270226,13,-0.007163384550949559,1.4232040718197823,0.2793941404670477
234,0.219346543,1784956640.826997,146.50582495296752,144.55168096571094,105.73877834528685,9,-0.0027899223496206105,1.1478081569075584,0.26691658049821854
236,0.219346543,1784956641.180299,149.63674862447888,144.97007333375112,114.82811431586742,10,-0.00216132661444135,0.587666760198772,0.27481429278850555
238,0.219346543,1784956641.475265,139.52534341255716,144.8217491927764,122.39832431823015,10,-0.004140058910707012,1.1251132227480412,0.23149832151830196
240,0.219346543,1784956641.772279,159.46062468856834,145.34948782842557,106.09375246614218,8,-0.003190748277120292,1.4238389246165752,0.296115112490952
242,0.219346543,1784956642.124236,145.77894131883787,145.69358435022147,119.44793549925089,12,-0.00202530856768135,1.065527979284525,0.21566104236990213
244,0.219346543,1784956642.387678,150.85046636609323,146.08189594665276,100.75608620792627,10,-0.002544432529248297,0.7321124970912933,0.2636168906465173
246,0.219346543,1784956642.679187,130.60078208328667,145.95213469005384,131.24079399183393,19,-0.002698794109164737,3.176709145307541,0.22559527400881052
248,0.219346543,1784956642.994498,139.5826615862685,145.2209138395508,122.81514981389046,14,-0.0028406495548551902,2.2162288948893547,0.2732871677726507
250,0.219346543,1784956643.6363049,137.42819586176654,145.18748412108957,104.79990393295884,15,-0.0027490396751090884,2.200594797730446,0.32416169717907906
252,0.219346543,1784956644.316882,149.74028094206088,146.38003671568904,99.12199229747057,13,-0.00142150123429019,1.23494154214859,0.2729102000594139
254,0.219346543,1784956644.589636,147.4134440778918,146.4867496266985,105.54722138680518,12,-0.0010098897328134626,0.9203578270971775,0.23165058623999357
256,0.219346543,1784956644.8558872,152.2674403458418,146.29695503305845,110.58491453714669,15,7.978538633324206e-06,1.3027499243617058,0.2865937165915966
258,0.219346543,1784956645.144473,161.20876276632603,146.43698618063436,96.3387825153768,13,-0.0035944588598795235,0.7017760146409273,0.33356356248259544
260,0.219346543,1784956645.406985,129.1389543906075,146.6775562174713,129.06110987439752,17,-0.0017091577756218612,2.0675162971019745,0.27097944635897875
262,0.219346543,1784956645.690277,117.02935932925783,146.68551932828726,158.86761301010847,15,-0.001791367947589606,1.2500201538205147,0.20880306791514158
264,0.219346543,1784956645.9489799,119.34390742055055,145.96227394843862,144.49337484687567,14,-0.002109901630319655,2.911257654428482,0.22943982854485512
266,0.219346543,1784956646.358119,141.39308219317957,146.1923131998663,133.67521822080016,12,-0.0027076022379333153,2.7969282642006874,0.22023485228419304
268,0.219346543,1784956646.694046,117.1369895856335,145.01076444815817,140.76065237820148,12,-0.0032178423716686666,1.8052918538451195,0.18875019252300262
270,0.219346543,1784956647.0049338,160.33388089743025,145.11137460073152,101.56336515396833,12,-0.002288914693053812,1.6823893785476685,0.2436791080981493
272,0.219346543,1784956647.2898052,134.85938898519308,145.21847374081514,122.35527246072888,12,-0.002348029345739633,5.912321925163269,0.210553839802742
274,0.219346543,1784956647.58564,142.4670526438735,144.3969453859875,111.52782621979713,15,-0.0021892664371989667,1.5400618240237236,0.17956914380192757
276,0.219346543,1784956647.850601,148.96090033102587,144.47432723018585,101.62831151857972,9,-0.0044105370179750025,3.7311639487743378,0.24174750968813896
278,0.219346543,1784956648.141245,158.8637077760321,144.6310862033858,93.77799287624657,10,-0.006102025508880615,1.730731524527073,0.1998936114832759
280,0.219346543,1784956648.409028,160.56540463432077,144.30221099424796,103.09883388876915,13,-0.004332184442318976,1.1392221078276634,0.3563987500965595
282,0.219346543,1784956648.700289,172.21692891578346,144.97944521604848,93.11489095538855,11,-0.005514306016266346,1.9137783236801624,0.22464528121054173
284,0.219346543,1784956648.992527,155.1931304267695,144.87629938525663,104.03332284465432,12,-0.005626393714919686,1.5221325680613518,0.33263627626001835
286,0.219346543,1784956649.277759,135.02142108578212,144.93616512791377,122.13617135956883,15,-0.004526895238086581,1.0276358872652054,0.1507740756496787
288,0.219346543,1784956649.559068,144.18219158324604,144.6943136050277,118.80529713071883,17,-0.004806889453902841,3.091741591691971,0.30012976843863726
290,0.219346543,1784956649.867367,132.80202260250033,143.91099989001162,124.59787505120039,17,-0.0060756170423701406,1.154982440173626,0.3202134929597378
292,0.219346543,1784956650.318932,140.20898804317187,143.2611792391482,105.56023315154016,19,-0.0034947896492667496,3.6725508868694305,0.23731787595897913
294,0.219346543,1784956650.630699,151.6364861137391,143.3119849438489,106.48764314502478,16,-0.0035495333140715957,0.8217249289155006,0.25693128257989883
296,0.219346543,1784956650.901911,149.04144291226734,143.7061816768575,111.92679866030812,14,-0.0029943659756099805,0.9863058887422085,0.24561534728854895
298,0.219346543,1784956651.181238,141.54833056698962,143.9569516971184,104.25601766258478,15,-0.00356224924325943,2.4575943872332573,0.28750591445714235
300,0.219346543,1784956651.6886332,161.00861064964138,144.65211363029732,107.4726079031825,13,-0.0031822631135582924,0.7841678485274315,0.24990907404571772
302,0.219346543,1784956651.966273,159.76246821234216,144.53975868781305,94.4614263549447,12,-0.0030863799183862284,0.47145264223217964,0.25629191007465124
304,0.219346543,1784956652.2366369,148.54446606020196,145.1118264563878,112.84854487329721,14,-0.0013808697258355096,2.840121030807495,0.3257375471293926
306,0.219346543,1784956652.5351958,167.00575220097983,145.3775599145677,92.79571878910065,11,-0.007254829164594412,2.400104448199272,0.28832082729786634
308,0.219346543,1784956652.8119419,153.33588326319048,145.3319249509306,89.3595075365156,11,-0.004768704951857217,1.9118333458900452,0.23650334123522043
310,0.219346543,1784956653.1341069,146.32162585735736,145.22951270393142,101.25376524217427,12,-0.0048144267639145255,1.00613471865654,0.3046876825392246
312,0.219346543,1784956653.4303029,156.21584737624067,146.1242772088108,95.29828432202339,9,-0.002488826052285731,1.0684943236410618,0.2901289500296116
314,0.219346543,1784956653.719676,135.46961664735852,146.7432806221921,111.92730325460434,13,-0.0024638522882014513,1.0943448394536972,0.33477651700377464
316,0.219346543,1784956654.040791,165.60617636402444,147.35057636351553,99.37927950173616,12,-0.0026295576826669276,1.564238615334034,0.2481917440891266
318,0.219346543,1784956654.357984,140.5509147277777,148.74640574108116,120.44556909799576,15,-0.0020932538027409464,2.4652567505836487,0.2251963261514902
320,0.219346543,1784956654.6559281,160.7026141491806,148.71592419512336,94.72185853868723,13,-0.0024306124541908503,0.9809055961668491,0.3282158486545086
322,0.219346543,1784956655.002194,156.7092430823376,149.31815353425293,88.9049004688859,14,-0.009462054586037993,0.930672112852335,0.33164044469594955
324,0.219346543,1784956655.2998269,125.3942802853046,149.1798053732192,154.06482527032495,16,-0.004059840619447641,6.054381310939789,0.2156260870397091
326,0.219346543,1784956655.62104,145.62077177709318,149.60443422183067,112.92240476980805,16,-0.0026522320695221424,0.9834261909127235,0.23131139017641544
328,0.219346543,1784956655.9156601,123.56339051194229,149.3042927646936,157.86379434913397,14,-0.0012921371089760214,2.1902365162968636,0.14152745623141527
330,0.219346543,1784956656.275799,160.1255214814699,149.46183426031607,93.5966018512845,12,-0.0010303924209438264,2.226846322417259,0.28865120001137257
332,0.219346543,1784956656.665208,138.8168325818197,148.83611865987655,113.09179935976863,13,-0.0005809622234664857,1.5426639430224895,0.24219796061515808
334,0.219346543,1784956657.051203,137.28632578212031,148.64254212914284,114.504882350564,13,-0.0017975920054595917,1.385230801999569,0.24681582860648632
336,0.219346543,1784956657.382731,143.70694023657742,148.60622468107894,107.67817866802216,15,-0.0017916950164362788,2.327812910079956,0.2683872673660517
338,0.219346543,1784956657.740015,141.85963178836727,148.48049119794175,112.73194537684321,16,-0.0029402384534478188,3.420709252357483,0.32992809638381004
340,0.219346543,1784956658.061586,133.19762166114276,148.29438846076425,120.07360533624887,14,-0.001254526199772954,2.45188420265913,0.23784669488668442
342,0.219346543,1784956658.395982,149.84849065128432,149.2537171027583,105.37359437067062,13,-0.00526556943077594,1.8284120485186577,0.20994688291102648
344,0.219346543,1784956658.691113,166.9401724393992,149.76172803812628,98.0263544395566,11,-0.003557793883373961,1.1618512198328972,0.3341143671423197
346,0.219346543,1784956658.983428,141.97938419970316,149.67284210517403,113.90124829858541,13,-0.0018762288382276893,2.781641513109207,0.2375685889273882
348,0.219346543,1784956659.312772,154.5276033729664,150.02614554648858,112.55921799689531,15,-0.0014924963470548391,2.1560502350330353,0.1429429268464446
350,0.219346543,1784956659.602742,143.48164956081462,149.65478584920766,109.44687809795141,10,-0.0030542825697921216,1.0221075601875782,0.21303242817521095
352,0.219346543,1784956659.8977869,149.80676613510428,149.0914539248598,99.12402276694775,14,-0.0028785222821170464,2.167550764977932,0.2828557137399912
354,0.219346543,1784956660.2192771,158.9157748701044,148.88463270205773,90.74789983220398,15,-0.00404780192184262,1.3076158240437508,0.33209115639328957
356,0.219346543,1784956660.51223,152.5957802824764,148.90651593361207,101.38751954212785,15,-0.0020023858232889324,2.809843473136425,0.18641047179698944
358,0.219346543,1784956660.8378901,164.136278725806,149.29186111361062,92.12423618882895,13,-0.003197092388290912,1.3920954391360283,0.26850005332380533
360,0.219346543,1784956661.128883,157.24088618943793,149.55869592086182,97.0624746158719,12,-0.0037430788506753743,1.8437781035900116,0.35595163330435753
362,0.219346543,1784956661.427596,163.03200962237906,150.0126763317569,101.86609107255936,13,-0.0021672845468856394,2.832038328051567,0.2761107422411442
364,0.219346543,1784956661.751277,148.53956656838187,150.16317991565467,111.09074659645557,17,-0.0029832044383510947,1.8211345374584198,0.22929793503135443
366,0.219346543,1784956662.0479648,145.37458045337362,149.5172336350082,112.65420269966125,17,-0.0026879177312366664,1.073427438735962,0.22611568216234446
368,0.219346543,1784956662.349086,157.80309762774564,149.51124556264244,96.18271670490503,11,-0.004896377387922257,1.3097203820943832,0.2003945978358388
370,0.219346543,1784956662.737102,158.95267786947957,149.3773701601782,95.583251722157,14,-0.001507360429968685,1.013823688030243,0.18757912889122963
372,0.219346543,1784956663.035925,163.50143692743092,149.88465964246475,88.44259201362729,13,-0.0033411614131182432,1.3198567554354668,0.23675392009317875
374,0.219346543,1784956663.964166,143.94225629941613,151.01207779537262,119.07441565394402,14,-0.0021656982135027647,1.1881288662552834,0.20303448755294085
376,0.219346543,1784956664.260889,164.99359470272591,151.4650046063489,94.94050247967243,12,-0.003860430500935763,1.7230793684720993,0.2156678093597293
378,0.219346543,1784956664.557106,150.99434400211587,151.9978292972039,98.78801413998008,11,-0.002031031937804073,1.981151856482029,0.2845335528254509
380,0.219346543,1784956664.88122,151.3477883283523,152.20928557859838,99.12658170610666,13,-0.002901293453760445,0.9833362773060799,0.29412376414984465
382,0.219346543,1784956665.174647,182.2711687865083,152.86694366629214,79.26035911589861,9,-0.0037201230588834733,0.9984353929758072,0.2855359800159931
384,0.219346543,1784956665.472664,163.82176712771178,153.35023449546006,86.32629140466452,16,-0.002317606209544465,1.924886740744114,0.28029490262269974
386,0.219346543,1784956665.798801,137.93357522404034,153.49858049541263,126.16444888710976,15,-0.001807222914067097,1.4278023093938828,0.26397678535431623
388,0.219346543,1784956666.116659,168.59686783627825,154.5310830751287,81.18669296428561,14,-0.008583715534768999,1.5885520093142986,0.20792940445244312
390,0.219346543,1784956666.520372,165.51412706568664,155.90994014518725,92.28390035359189,13,-0.00411121118668234,0.7560083791613579,0.19430461525917053
392,0.219346543,1784956667.001756,164.5183103262232,155.8500975385942,83.22292169742286,15,-0.0029933641926618293,1.7294668182730675,0.2457450618967414
394,0.219346543,1784956667.362758,153.709794460705,155.20975535854024,96.25424651429057,14,-0.0021970855304971337,2.7307271659374237,0.2471357360482216
396,0.219346543,1784956667.742243,158.7158563473656,155.89950514064384,96.89632512629032,14,-0.0026973875210387632,1.2354900985956192,0.24214868526905775
398,0.219346543,1784956668.09139,164.24850086709142,155.94489065083707,93.19282101094723,10,-0.001174480450572446,1.20124951004982,0.12217577360570431
400,0.219346543,1784956668.3885472,161.39334922172657,156.85759177440931,92.20935070887208,11,-0.00596841867081821,1.2590973153710365,0.24270936101675034
402,0.219346543,1784956668.771279,160.1378543262749,157.45907741350274,97.74419268965721,12,-0.005914619949180633,0.9047511145472527,0.29034976568073034
404,0.219346543,1784956669.70416,159.72480219579995,157.9483407707977,96.44681202620268,16,-0.003162741457344964,2.766553059220314,0.2613241085782647
406,0.219346543,1784956670.1744158,171.40850343486233,158.27566418870808,77.44998535141349,12,-0.006196599977556616,1.3240442499518394,0.2583900671452284
408,0.219346543,1784956670.610205,161.75734046111506,158.4668846132749,98.23327038064599,14,-0.004243576317094266,0.931128591299057,0.20770366676151752
410,0.219346543,1784956670.964294,151.09003007060772,159.03024866641087,96.25911520794034,12,-0.0023796254536136985,3.461514860391617,0.2051581023260951
412,0.219346543,1784956671.3107479,165.87133216757536,159.09683350564202,88.21792056038976,12,-0.005402645969297737,1.040347471833229,0.2386614428833127
414,0.219346543,1784956671.61885,171.3757004052139,159.38287882576896,81.03453700989485,11,-0.0025642823020461947,0.857197180390358,0.20457937940955162
416,0.219346543,1784956671.919113,140.7371361639322,159.81504842147902,116.18562421575189,14,-0.0043353420769562945,2.6421226263046265,0.20755350310355425
418,0.219346543,1784956672.2369778,143.6695639773393,159.72426104070502,109.1757884286344,12,-0.0023874655307736248,1.7592193335294724,0.2577656200155616
420,0.219346543,1784956672.578177,146.02755796712586,159.82603526105834,103.2031211219728,14,-0.0025537376932334155,0.8665396422147751,0.22615216951817274
422,0.219346543,1784956672.8776052,149.6294469268376,159.19891941429418,115.0176499420777,17,-0.0009259918733732775,1.1562311686575413,0.19903605710715055
424,0.219346543,1784956673.139186,157.6128990734351,158.81383569715027,93.27757920278236,15,-0.003627823265560437,1.6655580550432205,0.19855239521712065
426,0.219346543,1784956673.395637,164.78255783126704,158.68844040960678,102.3315731883049,17,-0.00290135461546015,2.3523655235767365,0.26261432468891144
428,0.219346543,1784956673.679265,147.76849726761844,158.40501795434326,115.81147826462984,13,-0.0031769840425113216,0.9590089432895184,0.27443175576627254
430,0.219346543,1784956673.939927,135.24409282866677,157.89026274779104,138.08501437678933,15,-0.0017889310765895061,2.489307574927807,0.17438401747494936
432,0.219346543,1784956674.196414,141.42458803174821,157.53900476346496,113.37568771094084,14,-0.00334485643543303,2.1194286346435547,0.23651663586497307
434,0.219346543,1784956674.479689,147.05325406735952,156.95421360126386,118.13216454535723,17,-0.000376709271222353,2.132181853055954,0.265396892093122
436,0.219346543,1784956674.739733,156.3580456971826,157.6864569637568,99.28177720680833,13,-0.0026906481944024563,2.235857754945755,0.1889691762626171
438,0.219346543,1784956675.019789,162.84577737595652,157.1703606635547,95.28258453309536,11,-0.001153344681370072,1.5102225840091705,0.13333446951583028
440,0.219346543,1784956675.302746,167.91851594551017,156.4096980231859,83.45809322968125,14,-0.001486895140260458,1.5532871037721634,0.14365064864978194
442,0.219346543,1784956675.566775,165.34286369468634,156.25242462430887,89.75494207628071,13,-0.0025835398118942976,1.2822799161076546,0.24174448754638433
444,0.219346543,1784956675.853236,159.46525892903233,156.59606410896163,90.95147045701742,13,-0.001234769937582314,1.965720497071743,0.25679514929652214
446,0.219346543,1784956676.11106,137.77693785477737,155.73553433952992,120.95280662365258,14,-0.0017204299510922283,1.1060603111982346,0.13832100294530392
448,0.219346543,1784956676.367778,158.23993249081704,155.77311846429896,97.72510959021747,12,-0.004911350202746689,4.203297346830368,0.22062059678137302
450,0.219346543,1784956676.6506948,161.50142966997544,155.290394186744,93.51529888808727,10,-0.0038076062191976234,0.7191026993095875,0.22895979322493076
452,0.219346543,1784956676.9097621,153.98495835168973,155.15104213014314,98.06872002407908,16,-0.003061513270949945,1.9896296560764313,0.19864020310342312
454,0.219346543,1784956677.194876,172.7208331219251,155.2948163883875,78.75459162704647,10,-0.0016046739183366299,0.8980257324874401,0.16664757579565048
456,0.219346543,1784956677.4584892,164.89274948606914,155.025191935233,86.23388356715441,14,0.0009850078640738502,1.1630143783986568,0.3172144182026386
458,0.219346543,1784956677.720027,170.97813259279656,155.11929356263684,90.32579209282994,10,-0.0019482416100800037,1.6997123546898365,0.12423036200925708
460,0.219346543,1784956678.001763,147.21612762100057,154.97846940068422,104.33380519412458,15,-0.001706151757389307,1.557780645787716,0.1567199807614088
462,0.219346543,1784956678.257727,158.69739147878803,154.95642856022815,105.8150295400992,14,-0.0024211096751969308,1.7196036390960217,0.16376323159784079
464,0.219346543,1784956678.514912,163.83499421310194,154.86236625062924,95.47205298393965,12,-0.00248244556132704,2.2376867718994617,0.24167506955564022
466,0.219346543,1784956678.796397,167.20440385038808,155.09246185950258,88.48123797401786,11,-0.0026932565378956497,2.2019065767526627,0.18431276641786098
468,0.219346543,1784956679.0556648,174.18690636249488,155.69306564016412,80.08815127797425,14,-0.0030924778839107603,2.1409886479377747,0.1903123538941145
470,0.219346543,1784956679.336708,146.71749635868528,155.86251082138506,116.21967148780823,16,-0.0026418459019623697,1.1804744601249695,0.2073824005201459
472,0.219346543,1784956679.595328,165.53131790636235,155.98619827832746,87.24659941252321,12,0.0005753486475441605,1.0837924778461456,0.26699482277035713
474,0.219346543,1784956679.852211,153.2227406368615,156.35465915448373,105.72744660079479,10,-0.0016824669437482953,2.245700053870678,0.14286615746095777
476,0.219346543,1784956680.135135,174.13849876708738,156.57425712800705,76.21549900248647,10,-0.002375189375015907,0.9812338352203369,0.2257503941655159
478,0.219346543,1784956680.410113,159.19161505043704,157.05505061377863,89.61879322305322,11,-0.0021422506542876363,0.9948877301067114,0.21715266723185778
480,0.219346543,1784956680.671118,151.17784326674618,157.5466337953707,100.46017348021269,16,-0.006599189873668365,1.6489718481898308,0.27102862019091845
482,0.219346543,1784956680.955227,178.99263394271102,158.24145242965542,72.88151611573994,14,-0.0023224042379297316,1.2681265026330948,0.23914092127233744
484,0.219346543,1784956681.220864,173.54241444842455,159.0762788715678,83.74929747357965,13,-0.0027446617241366766,2.1184480413794518,0.19192162062972784
486,0.219346543,1784956681.504019,160.31034350565395,158.92343895796705,91.34396241232753,11,-0.0032113068737089634,1.0722027868032455,0.271398619748652
488,0.219346543,1784956681.763519,142.4978536805771,158.581382470064,105.92322493344545,13,-0.008071142336120829,1.2719272337853909,0.23452796135097742
490,0.219346543,1784956682.018688,160.83342695244136,159.2272579136937,98.71376601979136,10,-0.0032134848879650235,1.4864859655499458,0.1657172916457057
492,0.219346543,1784956682.2997298,167.78043477160986,159.87519120583687,88.74527923204005,12,-0.004475185531191528,1.302172552794218,0.2315217535942793
494,0.219346543,1784956682.5581179,156.74649050398853,160.12690038523343,97.20713636651635,19,-0.003591272106859833,0.6175983771681786,0.21752290520817041
496,0.219346543,1784956682.8146849,167.22941109045456,160.66402388685043,88.8319904524833,15,-0.004027583636343479,1.9516583755612373,0.2548959953710437
498,0.219346543,1784956683.096027,144.71279618806196,160.35579046196167,111.1028446778655,12,-0.003386369440704584,1.0029375925660133,0.18877803534269333
500,0.219346543,1784956683.748109,174.70006530409364,160.80134742337904,80.46084602922201,12,-0.0027875025989487767,1.442868746817112,0.24141449760645628
502,0.219346543,1784956684.0567229,152.4366850462922,160.70121790469554,96.53116815537214,14,-0.001890482846647501,1.0497069582343102,0.20357288513332605
504,0.219346543,1784956684.314704,157.8022801420325,160.37163866098166,95.81738034635782,13,-0.0027771111053880304,1.6637198626995087,0.16734172031283379
506,0.219346543,1784956684.634384,166.18042741888308,160.56574055973033,88.16732869297266,13,-0.002499739726772532,2.362682282924652,0.23464662674814463
508,0.219346543,1784956684.917702,161.70631704608323,160.32681709753578,92.05653486400843,11,-0.003074526241107378,1.6541829407215118,0.20780662819743156
510,0.219346543,1784956685.176509,161.4697147249136,160.83032358282045,98.97057163342834,12,-0.0003356726956553757,2.3236449286341667,0.1115059657022357
512,0.219346543,1784956685.4357839,174.861956811054,160.44832970486436,83.61507752537727,13,-0.0033417624072171748,2.5342986434698105,0.24126357026398182
514,0.219346543,1784956685.718223,142.10602095986172,159.98854654671177,101.3312961012125,13,-0.0046308282762765884,1.2330247834324837,0.1872066082432866
516,0.219346543,1784956685.994553,159.06856782379782,159.7762220120424,97.63450087606907,11,-0.004484416567720473,1.2594273053109646,0.18408068176358938
518,0.219346543,1784956686.282156,155.4037427379691,159.18152971162368,102.51666391640902,13,-0.002538484302931465,0.9504259265959263,0.22970001306384802
520,0.219346543,1784956686.540268,168.71940944819988,159.80232561109835,94.20258118771017,17,-0.003971979953348637,1.3190823458135128,0.21839919686317444
522,0.219346543,1784956686.8006048,146.79073101667018,159.97326825756312,110.9649502132088,13,-0.0003534422139637172,1.9671866297721863,0.22899431642144918
524,0.219346543,1784956687.082942,152.99080777162038,159.94296238101018,113.76680520176888,13,-0.0014275121502578259,1.745361052453518,0.1638814266771078
526,0.219346543,1784956687.339882,155.35223911215417,159.21228268905614,98.5419510640204,9,-0.0043296609073877335,0.8740024827420712,0.23189513478428125
528,0.219346543,1784956687.597603,173.05318276092768,159.5336069865006,89.19230905920267,13,-0.00444097479339689,2.149821363389492,0.30943722277879715
530,0.219346543,1784956687.881004,161.86161341888135,159.86821166178194,96.41813585162163,12,-0.003545238228980452,1.6807571277022362,0.27706819400191307
532,0.219346543,1784956688.1399932,159.31045173152071,159.1062568918056,100.1186539158225,16,-0.0035528560110833496,1.8294412419199944,0.16438410803675652
534,0.219346543,1784956688.432107,160.31129905056392,158.8740098780914,93.82143274694681,13,-0.001062940340489149,1.3054588474333286,0.19535546470433474
536,0.219346543,1784956688.703755,148.72736692992052,158.7397369102353,107.13548659533262,16,-0.0034207868739031255,1.0922693461179733,0.21068251319229603
538,0.219346543,1784956689.302921,183.62690390642797,159.92747513212004,74.52419685944915,12,-0.0027496893308125436,2.001119442284107,0.27614961937069893
540,0.219346543,1784956690.001419,174.01026331007623,160.48256452032004,85.40860882401466,9,-0.0016646849690005183,0.7245997991412878,0.21951844822615385
542,0.219346543,1784956690.259028,153.99612132904522,160.39260719433113,99.73229821398854,10,-0.0020103636488784105,1.1864358633756638,0.1740947226062417
544,0.219346543,1784956690.516075,174.26361671555637,160.54632778595152,87.61026395112276,9,-0.008716969401575625,2.7317909374833107,0.27722349017858505
546,0.219346543,1784956690.799826,151.99861074027464,160.86610967107694,115.69848680496216,14,-0.00014669477241113782,2.5307758450508118,0.1293108626268804
548,0.219346543,1784956691.0585191,155.50380909365168,161.0800648182137,101.66907430067658,10,-0.0014221788733266294,3.1802819222211838,0.1056510261259973
550,0.219346543,1784956691.340728,169.12757421418297,161.20326914185074,91.40077105537057,12,-0.002630311588291079,3.7951465994119644,0.19804503303021193
552,0.219346543,1784956691.598531,179.06681921813978,161.7888336902565,77.82963236048818,10,-0.001566686318255961,0.7284760940819979,0.23664074670523405
554,0.219346543,1784956691.856329,140.44944909630493,161.31660190204317,118.5988847464323,13,-0.0008995333046186715,2.7222760766744614,0.15639496594667435
556,0.219346543,1784956692.1424901,145.47464407522838,161.1411652659533,106.14333837665617,15,-0.0018413953366689384,1.321132555603981,0.13880259962752461
558,0.219346543,1784956692.397422,185.9342207950972,161.90564303378812,69.94628364033997,9,-0.0019615373021224514,1.3446589149534702,0.21604163851588964
560,0.219346543,1784956692.6540082,153.04508007688628,161.65640134629834,95.62611109018326,11,-0.002592549892142415,2.0813470035791397,0.2930535916239023
562,0.219346543,1784956692.937529,162.6347889910858,161.99812268747803,83.33202601782978,14,-0.002795966458506882,1.7068816646933556,0.2300313413143158
564,0.219346543,1784956693.1935549,180.70865444351185,162.89445354908332,73.38742111995816,10,-0.00567743688588962,0.9356912933290005,0.14509834395721555
566,0.219346543,1784956693.8243258,189.29157614659118,163.7897743546287,66.9371009003371,11,-0.0014843866811133921,0.58535560593009,0.14369757054373622
568,0.219346543,1784956694.131262,171.37557366997532,164.49111498265722,89.55672565847635,12,-0.003224741172743961,2.1234107464551926,0.1779089579358697
570,0.219346543,1784956694.38892,178.03067200499638,164.6423606137233,83.87394201010466,10,-0.0023399686760967597,0.5729253217577934,0.18890890199691057
572,0.219346543,1784956694.6703959,181.0832230706014,165.24957546925606,77.36711036786437,12,-0.0025498318136669695,0.7470931299030781,0.18811963684856892
574,0.219346543,1784956694.927306,180.10577619126934,165.6894480790636,82.79711078479886,9,-0.0011067302548326552,0.6273240949958563,0.22023110184818506
576,0.219346543,1784956695.189075,168.92629092386895,166.44644246439523,84.73658640868962,13,0.0004022223292849958,3.513038218021393,0.1959093464538455
578,0.219346543,1784956695.469953,159.34824159769906,166.56178594115315,103.42811621166766,10,-0.004229896068864036,0.7445583660155535,0.19788164366036654
580,0.219346543,1784956695.729942,164.00771783777287,166.58981077379187,91.95882821269333,11,-0.004581134300678968,1.8407424315810204,0.1152441562153399
582,0.219346543,1784956696.011724,184.81952959236767,167.30998992145956,75.54664177447557,10,5.50205004401505e-06,1.0127717182040215,0.17259713634848595
584,0.219346543,1784956696.2675982,183.35096215617975,168.02852699120908,73.41874294355512,11,-0.0019592417520470917,0.572660056874156,0.22075480595231056
586,0.219346543,1784956696.5232692,159.35176783517343,168.29790903670965,97.04843654856086,11,-0.004275082261301577,3.5130869895219803,0.22712708823382854
588,0.219346543,1784956696.8052769,160.81577540314012,167.535077779996,89.4077225830406,10,-0.004644876957172528,0.6895534805953503,0.15309334825724363
590,0.219346543,1784956697.0624,154.72929570819915,166.78182727231575,98.44156232848763,11,-0.004158250871114433,1.5289348736405373,0.2092364439740777
592,0.219346543,1784956697.31954,176.7953404858938,167.35508909817742,90.07618962787092,11,-0.0026898875075858086,1.8764159306883812,0.21122192591428757
594,0.219346543,1784956697.6014762,165.1433798901987,167.412557129859,88.25351521372795,12,-0.0021138191514182836,1.1273050904273987,0.1788340201601386
596,0.219346543,1784956698.2106729,189.3454438395462,168.00224473125542,73.7588871344924,13,-0.006615230027819052,1.2377513609826565,0.15933514013886452
598,0.219346543,1784956698.519995,171.66299054474783,168.26034310656186,82.2049367800355,12,-0.002343449246836826,0.8754382859915495,0.2060082582756877
600,0.219346543,1784956698.776974,157.8163125084801,168.04350047168052,95.94920826889575,14,-0.0031577472982462496,0.9419954158365726,0.1961841406300664
602,0.219346543,1784956699.053997,160.8160941365333,167.48514162429973,93.71971948817372,12,-0.0021468802879098803,2.4728435426950455,0.11042858893051744
604,0.219346543,1784956699.33778,185.87944685151618,168.62858881877287,73.44753951579332,12,-0.0014676237769890577,1.035984367132187,0.17973075713962317
606,0.219346543,1784956699.5935109,183.77742176224007,169.1708473072582,75.55515464767814,11,-0.0014704053464811295,0.843423068523407,0.21486838720738888
608,0.219346543,1784956699.848715,146.01767004623125,168.22347171821406,102.40915098786354,11,-0.005860467143065762,1.0786719471216202,0.19346530362963676
610,0.219346543,1784956700.130924,161.24117052495808,167.94008043218884,86.81543777510524,15,-0.003518090525176376,1.4420708268880844,0.1978050321340561
612,0.219346543,1784956700.389075,154.4304519500415,167.3782979028096,99.45786582306027,13,-0.0018003974691964686,2.302348770201206,0.13753571826964617
614,0.219346543,1784956700.670058,178.81979056544068,167.32523829297924,82.15890949964523,10,-0.0018185224616900086,1.0528599619865417,0.16297637484967709
616,0.219346543,1784956700.929617,150.58424536823503,165.88641797676848,107.3437458705157,14,-0.002984247461427003,1.1127913556993008,0.18353692535310984
618,0.219346543,1784956701.1893399,154.83228992613647,165.86150561928724,103.12701490521431,14,-0.0018059940775856376,1.8476609103381634,0.17323239985853434
620,0.219346543,1784956701.470399,156.94224248205938,165.29817424177998,101.45230324938893,10,-0.002253876766189933,1.2210588231682777,0.11196202971041203
622,0.219346543,1784956701.7277079,152.6093572277849,164.88941068452786,96.68037194013596,11,-0.0016528161941096187,1.1934081763029099,0.17419347120448947
624,0.219346543,1784956701.983715,176.79676905621136,164.8250904571978,78.5092946253717,12,-0.0029124256689101458,1.058669812977314,0.21958240121603012
626,0.219346543,1784956702.267423,165.0216112976673,165.13197946288585,96.54733966290951,12,-0.0032280382001772523,1.4897280558943748,0.23535350803285837
628,0.219346543,1784956702.9007518,190.50923942089887,165.84110968258324,68.3632036447525,9,-0.0026001384685514495,1.5744806863367558,0.19067683722823858
630,0.219346543,1784956703.209345,173.39922199214308,166.13919004864695,83.50209707021713,9,-0.002161389966204297,1.0057694502174854,0.14696770533919334
632,0.219346543,1784956703.467972,172.87107969922815,165.89165157961767,85.23297872021794,10,-0.0022896698937984183,1.0069682337343693,0.19527319073677063
634,0.219346543,1784956703.74793,175.85551872502515,165.39283763654004,81.83853345736861,12,-0.0024492377997376025,1.13572446256876,0.196903838776052
636,0.219346543,1784956704.031297,159.99656385524696,165.80489542353163,99.29288890585303,13,-0.0019837783547700383,1.6857204586267471,0.13022389356046915
638,0.219346543,1784956704.2904499,160.30771730024495,165.9458374427829,103.00057102739811,12,-0.002037690079305321,2.1944103688001633,0.17879297211766243
640,0.219346543,1784956704.546607,171.20519783431126,166.21989755800902,82.23834901675582,11,-0.0011488475429359823,3.543501168489456,0.16492885537445545
642,0.219346543,1784956704.830744,169.22812721264546,165.39629836163147,93.8894506059587,13,-0.00149062171112746,1.1166230477392673,0.17781649064272642
644,0.219346543,1784956705.088799,160.43754239871234,164.87458329818685,90.45716472994536,15,-0.002978285774588585,1.5375465489923954,0.13250521617010236
646,0.219346543,1784956705.371708,170.4794969047354,163.90920639064353,87.16854943335056,13,-0.0030878714751452208,3.534009300172329,0.1725316345691681
648,0.219346543,1784956705.6314082,162.9947501388133,163.78778924578108,104.41033995524049,15,-0.004772135114762932,1.3426931165158749,0.22845569252967834
650,0.219346543,1784956705.888088,172.63695207287387,163.8909421911733,77.2792936898768,14,-0.002392493828665465,3.26994127035141,0.2220386415719986
652,0.219346543,1784956706.171829,128.8605164917057,163.57958568992598,134.8756585009396,15,-0.002054766082437709,2.2604598328471184,0.08687988668680191
654,0.219346543,1784956706.432956,169.92450585915807,163.49630393609124,82.4158522747457,14,-0.0013060750206932425,0.8175129741430283,0.15596583439037204
656,0.219346543,1784956706.690304,159.11604954549531,163.12749651523077,94.64570710808039,10,-0.002441750868456438,2.33441448956728,0.1761221755295992
658,0.219346543,1784956706.971274,170.86182756538562,163.61411581152288,84.56685448624194,9,-0.0013166085700504482,1.5393250212073326,0.1795677887275815
660,0.219346543,1784956707.234412,166.17865156113902,164.42224072348745,98.53502445295453,10,-0.0022115596220828593,1.9870832934975624,0.11714896420016885
662,0.219346543,1784956707.517461,173.81044615781732,165.38871049436955,81.281245354563,11,5.6021352065727115e-05,0.8176992610096931,0.1724904039874673
664,0.219346543,1784956707.776468,162.33548216656985,165.5233895258302,87.62825940735638,12,-0.001524248393252492,2.4998790249228477,0.1735926540568471
666,0.219346543,1784956708.057709,177.49229334104234,166.19405008266003,85.96137857064605,10,-0.002037214522715658,1.5579595305025578,0.20749899465590715
668,0.219346543,1784956708.3391519,166.95323149475695,165.99443792120746,86.45942480489612,11,-0.0034437879221513867,1.1405332759022713,0.17176631093025208
670,0.219346543,1784956708.595346,177.3214294090501,166.0076048499526,75.97142150439322,13,-0.001859966985648498,1.9143999442458153,0.19938415009528399
672,0.219346543,1784956708.853557,163.88733625065376,165.96125469682386,94.02596987783909,11,-0.0013931298090028577,2.8494438230991364,0.11820030398666859
674,0.219346543,1784956709.1355698,161.06694994060524,166.10811014351285,96.06853421032429,12,-0.0017163035226985812,1.4910394847393036,0.1666554156690836
676,0.219346543,1784956709.394176,162.2490704711755,165.8558176519808,90.05215742439032,11,-0.005212933800066821,1.3133190982043743,0.18207277357578278
678,0.219346543,1784956709.682225,149.13098085206744,164.19904047898578,125.37390780588612,11,-0.004833208025956992,1.923116996884346,0.17587075475603342
680,0.219346543,1784956709.93979,179.15914837579354,164.21398287277995,82.23820351995528,10,-0.007666357210837305,1.4787391647696495,0.1764048794284463
682,0.219346543,1784956710.197948,147.77503782972153,163.52440263845793,108.48049199394882,12,-0.001194211421534419,3.434108190238476,0.1349826124496758
684,0.219346543,1784956710.4786701,165.67846065104024,163.7439287390402,88.39728043507785,13,-0.00209727487526834,1.0086605325341225,0.1410442446358502
686,0.219346543,1784956710.737113,177.9269955528664,163.88030939183238,77.09842409938574,10,-0.0014623261522501707,1.1350176334381104,0.20303087774664164
688,0.219346543,1784956710.99548,158.91248126585896,164.05907356411038,90.1761789880693,8,-0.0021270029537845403,2.82510569691658,0.20184388756752014
690,0.219346543,1784956711.2800498,156.3682494081686,163.85143216657582,101.19495019689202,10,-0.0018092967802658677,2.244529239833355,0.1945823710411787
692,0.219346543,1784956711.535896,179.69463379703677,164.5368023985169,73.55513806641102,9,-0.0035078669316135347,1.140418954193592,0.14301942475140095
694,0.219346543,1784956711.818339,167.37836173595642,165.4025394892928,92.5706535205245,11,-0.0021168689127080142,0.49685274437069893,0.19718924816697836
696,0.219346543,1784956712.076551,179.37086780523262,165.92813096692768,76.54561527445912,11,-0.0020205045730108395,1.5073591358959675,0.17372777126729488
698,0.219346543,1784956712.332441,183.15098386246208,166.31352822078162,77.02113957889378,10,-0.0008540614508092403,2.944170191884041,0.14861030085012317
700,0.219346543,1784956712.63301,163.21333215689995,166.63566409518168,89.33095986116678,11,-0.002033221331657842,1.472204640507698,0.16761802416294813
702,0.219346543,1784956712.891694,169.48816696082875,167.32393262988396,88.4929222278297,10,-0.0019637232180684805,1.4064037427306175,0.13724458403885365
704,0.219346543,1784956713.148748,168.93266992067714,167.07722635484896,86.55726891383529,9,-0.001335661596385762,2.0863818526268005,0.14858183730393648
706,0.219346543,1784956713.43201,171.36078763825535,167.04717547415277,84.19319855608046,12,-0.0003257850185036659,1.6043264642357826,0.21503528207540512
708,0.219346543,1784956713.687472,154.63806345890194,166.87771754289497,95.88483405299485,16,-0.0015559802413918078,1.6592863649129868,0.1514712991192937
710,0.219346543,1784956713.969878,169.76048307147929,166.19444618864907,84.90609101578593,13,-0.0036074109375476837,1.6173626706004143,0.14290140802040696
712,0.219346543,1784956714.226971,171.17511514338037,166.03463778366492,80.83306334167719,11,-0.001090046833269298,0.6691704262048006,0.18619520124047995
714,0.219346543,1784956714.484965,145.31068304167883,165.52125191512314,106.81832028925419,14,-0.0048092603392433375,1.6584340929985046,0.17478641355410218
716,0.219346543,1784956714.76946,159.41700685917962,165.88418912697384,97.07211709395051,12,-0.00098503653134685,2.8273606300354004,0.07014134246855974
718,0.219346543,1784956715.0277061,170.66991925650154,166.36614155962113,83.43687522038817,12,-0.0027989429072476923,0.7219483759254217,0.19644190929830074
720,0.219346543,1784956715.286794,168.42313804067325,166.58846326969672,91.94686007872224,14,-0.004137108422582969,1.9995132312178612,0.18559346161782742
722,0.219346543,1784956715.572104,175.96689330853005,166.8281318372988,78.1304293256253,11,-0.003452179706073366,1.1412184834480286,0.1742225382477045
724,0.219346543,1784956715.829507,179.33414211735942,166.97517770704272,76.10187223087996,11,-0.0038327613146975636,1.603467732667923,0.18470690958201885
726,0.219346543,1784956716.114221,170.97002302254245,167.03507890968805,82.66581888496876,13,-0.001299800154811237,0.7530851997435093,0.09764294140040874
728,0.219346543,1784956716.369727,174.36460345624195,168.08957801063164,83.65250754542649,11,-0.0030116491834633052,1.188471719622612,0.16856025252491236
730,0.219346543,1784956716.625621,162.46854982174983,167.79641628242817,87.11180069670081,11,0.0006547830271301791,3.6415041387081146,0.08175061107613146
732,0.219346543,1784956716.908606,152.04307650142783,168.4363467480584,94.38501612469554,11,-0.0009613720467314124,1.1681838035583496,0.10687385872006416
734,0.219346543,1784956717.1867762,172.62935048785934,168.23812230417346,85.20981057360768,12,-0.0017791679129004478,1.3521037474274635,0.1502739153802395
736,0.219346543,1784956717.443089,171.88495391273256,167.84253226336037,84.71099726855755,10,-0.002890369505621493,2.9068654030561447,0.1875945427455008
738,0.219346543,1784956717.7308512,152.05525732787035,168.01076930404074,102.63983285240829,10,-0.010424313368275762,1.9212462306022644,0.20081022381782532
740,0.219346543,1784956717.986567,161.41070345090938,167.83495601398056,88.98944102600217,13,-0.005328761239070445,1.553835365921259,0.16640330106019974
742,0.219346543,1784956718.2688158,139.82741391731219,167.23177820403808,107.475042052567,14,-0.0005604089819826186,0.84022057056427,0.1131620779633522
744,0.219346543,1784956718.5268118,140.15101038474367,166.02543258398276,119.74191664904356,11,-0.0020999376429244876,1.6997582241892815,0.1632455470971763
746,0.219346543,1784956718.7819562,174.86583381128662,165.95973176248555,85.69800581410527,11,-0.0023241518647409976,1.757813360542059,0.2128814049065113
748,0.219346543,1784956719.065269,159.81322862658558,165.59040345049053,99.23930575884879,11,-0.0010429982794448733,1.7150351107120514,0.08825608598999679
750,0.219346543,1784956719.693934,164.41294209981373,165.4193570128316,104.19430681504309,10,-0.0036522841546684504,2.918858304619789,0.14301097858697176
752,0.219346543,1784956719.9775271,166.7311996727691,165.5360730364754,93.702158998698,12,-0.0016448988171759993,1.3566866852343082,0.15278976410627365
754,0.219346543,1784956720.273242,178.00272768764682,165.9415863817393,73.54202463105321,10,-0.0011372174485586584,1.0320632196962833,0.15522770211100578
756,0.219346543,1784956720.532608,160.10653543712226,166.21133595795877,86.2336693443358,10,-0.0011624831531662494,1.2842287607491016,0.08660761755891144
758,0.219346543,1784956720.875385,175.69171949835072,166.66945811714675,74.76434519607574,11,-0.0026071988395415246,0.9332366101443768,0.17950068321079016
760,0.219346543,1784956721.13647,156.53039009408428,167.21697188859926,106.73494956828654,14,-0.00148451160202967,2.2988211512565613,0.12373415986075997
762,0.219346543,1784956721.394086,165.72446734346292,167.0464684694977,82.1036810092628,10,-0.004624320077709854,1.1862980239093304,0.26823449693620205
764,0.219346543,1784956721.674772,161.4104326733338,167.17205662987166,97.63205714523792,11,-0.0036782408133149147,3.370551109313965,0.16842663381248713
766,0.219346543,1784956721.953226,173.76538295120542,167.30565230897108,75.15309549123049,10,-0.0036593738477677107,0.5670015010982752,0.17760648671537638
768,0.219346543,1784956722.2095308,185.14739007405282,167.001951364545,68.5904472861439,10,-0.0017741109622875229,2.0670735761523247,0.2096257470548153
770,0.219346543,1784956722.490794,174.6393734808945,167.17413300088344,76.55773363634944,12,0.0006512593245133758,0.7664438895881176,0.1595675335265696
772,0.219346543,1784956722.74756,176.79068630284223,167.5191190048172,76.00254809856415,12,-0.0030619274475611746,1.0019923076033592,0.14008321473374963
774,0.219346543,1784956723.028785,164.03513144406918,167.17167821857936,89.56651375629008,13,-0.0002045816509053111,2.2272885739803314,0.11317603383213282
776,0.219346543,1784956723.287453,181.57396437282318,167.57866424451606,71.99828062579036,12,-0.0026427551929373294,0.8225619792938232,0.1970542697235942
778,0.219346543,1784956723.544759,175.44352161982496,167.47273813839394,87.93583220243454,12,-0.002008106850553304,1.9346237182617188,0.1914751837030053
780,0.219346543,1784956723.8268769,172.27621988153794,167.39819561744346,80.66994961723685,10,-0.00266126987116877,1.4258029609918594,0.16159563744440675
782,0.219346543,1784956724.084251,164.4355580007162,167.54862638592192,86.36676097102463,11,-0.0035511114037944935,0.7562334090471268,0.17063676193356514
784,0.219346543,1784956724.3383198,184.87859116351663,167.8303680439414,70.46548782289028,10,-0.00443646585335955,2.1001072600483894,0.21446435246616602
786,0.219346543,1784956724.6227221,176.19418010369944,168.213854057794,82.64897354319692,12,-0.0029890877194702625,1.1708506494760513,0.18991371523588896
788,0.219346543,1784956724.880985,174.51271090994408,168.4625272955509,76.6218778565526,10,-0.001023090968374163,1.3783214390277863,0.15114652272313833
790,0.219346543,1784956725.164261,178.42385390670134,169.031232367821,75.28288014791906,12,-0.001636505279748235,0.9696326926350594,0.14434959134086967
792,0.219346543,1784956725.423583,140.18451440495608,168.73669357139178,108.1263989713043,14,-0.0029765135841444135,2.845196194946766,0.10242404136806726
794,0.219346543,1784956725.6803079,179.84394273457042,169.84549171514118,81.35861379280686,15,-0.005609422834822908,0.5642135702073574,0.1680220109410584
796,0.219346543,1784956725.964589,179.0162118813988,169.81777801500692,79.82910984568298,14,-0.0008132130024023354,1.7383456379175186,0.1556950230151415
798,0.219346543,1784956726.224938,171.28336614247442,170.422768426435,80.11969795078039,13,-0.008375760284252465,1.756623424589634,0.1876640161499381
800,0.219346543,1784956726.504589,162.73172755126927,169.7884922488,85.57726066373289,15,-0.0030601879116147757,1.2019649259746075,0.20600420609116554
802,0.219346543,1784956726.7857049,178.99049949827975,169.88485113256147,75.38022163137794,14,-0.0035053290630457923,1.1246565915644169,0.202762795612216
804,0.219346543,1784956727.040468,172.32722382624067,169.63840422930767,85.71451388299465,10,-0.0011701639741659164,2.567755348980427,0.19126870390027761
806,0.219346543,1784956727.320915,166.10979774388446,169.4200214825706,87.00441449321806,12,-0.0018036767141893506,0.9772557951509953,0.164322211407125
808,0.219346543,1784956727.580056,159.72021967873485,168.88294373481443,90.60682463273406,13,-4.170247120782733e-05,1.1378796584904194,0.20808712113648653
810,0.219346543,1784956727.8440802,178.90306837130584,168.87339380075176,71.02919349446893,13,-0.006941032246686518,1.3852587565779686,0.189812027849257
812,0.219346543,1784956728.126064,165.0887697083591,169.26753123014075,92.05212405323982,12,-0.0013483905931934714,0.8188457973301411,0.08806821377947927
814,0.219346543,1784956728.385945,190.109887147364,170.31189070394578,69.2503628320992,14,-0.0018859094707295299,0.7926681358367205,0.20275229401886463
816,0.219346543,1784956728.642807,159.40557653563764,169.67964382239535,101.27507570758462,13,-0.003995581355411559,2.346411280333996,0.20609195064753294
818,0.219346543,1784956728.925204,154.51947823539433,169.26480077538824,98.22665705531836,15,-0.0030737920897081494,1.7430457770824432,0.12385795218870044
820,0.219346543,1784956729.182938,165.77847808051072,168.7481021889017,89.13917161524296,12,-0.0016923947259783745,1.433900624513626,0.1654056664556265
822,0.219346543,1784956729.4665751,183.88889236033202,168.58323822896563,74.8248184658587,14,-0.0008251007820945233,0.7795165590941906,0.12883201194927096
824,0.219346543,1784956729.726342,176.62480032556374,168.38932202267225,77.89313149824739,14,-0.000907441892195493,1.2994605898857117,0.1737621556967497
826,0.219346543,1784956729.9827049,158.54623589929272,167.46655273593677,89.45401805918664,12,0.0032226551847998053,2.8856170773506165,0.14629564061760902
828,0.219346543,1784956730.2641401,173.40441526822806,167.5148920831398,80.60895586945117,11,-0.007803590589901432,1.362573567777872,0.14876218885183334
830,0.219346543,1784956730.5221581,168.3766398877993,167.60760443443053,82.98924289643764,13,-0.0030350175220519304,0.8736749105155468,0.15075392834842205
832,0.219346543,1784956730.7803688,174.1152840385775,167.47012615975862,75.4833895098418,13,-0.0016109046409837902,1.5128993019461632,0.21773973293602467
834,0.219346543,1784956731.0856361,167.756474710705,167.04196374803058,89.74498865753412,10,-0.0020367406541481614,0.37339683063328266,0.11025498015806079
836,0.219346543,1784956731.345129,188.28605588182018,167.2406640804877,69.16703777946532,10,-0.002012814860790968,1.8775480836629868,0.1394185689277947
838,0.219346543,1784956731.834528,171.14980294651608,167.27405680644108,86.84755771234632,12,-0.0017307606467511505,2.1421801447868347,0.17442176956683397
840,0.219346543,1784956732.473259,191.0211253869134,167.12551864497382,71.36558544263244,13,-0.0008284453942906111,1.0614470280706882,0.198203943669796
842,0.219346543,1784956732.771384,164.4739553699115,168.01281015143974,90.06787241995335,11,-0.003018618968781084,1.5416377559304237,0.21362090948969126
844,0.219346543,1784956733.0523362,168.78793082336,167.8724270234781,85.57275769487023,14,-0.003796558652538806,0.5325141064822674,0.18649726174771786
846,0.219346543,1784956733.305142,172.57913333193963,167.99999786969386,84.61411745473742,11,-0.0023957460653036833,1.921968474984169,0.166729430668056
848,0.219346543,1784956733.6201742,160.36280266565635,167.4617022292201,106.62439223146066,15,-0.0012333068661973812,2.149027854204178,0.1360155171714723
850,0.219346543,1784956733.9946399,164.0166556725352,167.7869245632654,88.38097262568772,13,-0.0026192729274043813,1.5400177016854286,0.13669936591759324
852,0.219346543,1784956734.2719162,160.73690061650964,166.9840638253906,101.2591530866921,13,-0.0007069970015436411,3.057331144809723,0.07408799277618527
854,0.219346543,1784956734.5831392,172.57018588699714,167.13555340314838,82.80260202288628,11,-0.0007342190656345338,0.9729124195873737,0.13287910353392363
856,0.219346543,1784956734.921782,171.69824081145467,167.5106727651803,90.38752706348896,9,-0.002018377184867859,0.8509263042360544,0.1974769840016961
858,0.219346543,1784956735.1898072,164.7005805933524,167.7163955696328,94.75139341503382,10,-0.004900716419797391,1.1720469258725643,0.21634482685476542
860,0.219346543,1784956735.469557,144.94079870109516,167.16564775273116,117.54575287178159,12,-0.0018491468799766153,0.6873967759311199,0.14961490454152226
862,0.219346543,1784956735.7281659,168.08937234131943,166.83898449664397,85.69638435542583,14,0.0005885690916329622,1.8367410823702812,0.16302475612610579
864,0.219346543,1784956736.155391,164.1973089426244,165.81440553649932,91.47637236118317,13,-0.0031171387527137995,1.3667056672275066,0.20075848791748285
866,0.219346543,1784956736.5012102,184.88406237434813,166.59612374027304,75.71258425712585,10,-0.002643641084432602,1.5139235481619835,0.2465404812246561
868,0.219346543,1784956736.799925,150.14863323233513,166.74673400437382,102.37726321350783,13,-0.001748031994793564,1.3728580474853516,0.18101032869890332
870,0.219346543,1784956737.1135612,158.3617800542402,167.16828383620225,99.9676560498774,17,-0.001845202292315662,1.4830093942582607,0.16788110230118036
872,0.219346543,1784956737.46784,174.31948743682239,167.11938270912444,74.19224147871137,12,-0.002397715696133673,1.3296575918793678,0.21521046571433544
874,0.219346543,1784956737.788872,169.24846603260062,167.2832678555487,82.81328479200602,11,-0.0009814787918003276,1.497906431555748,0.20282575301826
876,0.219346543,1784956738.138291,177.85205997506597,167.91084712941492,73.71109509747475,13,-0.0017482577823102474,1.2000757306814194,0.14406279427930713
878,0.219346543,1784956738.410652,186.30112325366972,167.98073661179203,75.94084504246712,9,-0.0008553541265428066,1.1104755252599716,0.1991311004385352
880,0.219346543,1784956738.799505,182.59288995706444,168.73518036619845,72.6945398375392,9,-0.0019654601346701384,1.0675619058310986,0.18257440999150276
882,0.219346543,1784956739.3143418,168.5879845235162,168.42633575112666,86.16973288729787,11,-0.0024533202522434294,0.6154307648539543,0.21269946079701185
884,0.219346543,1784956739.6360419,172.80259967450013,168.39630048415486,85.17066047340631,13,-0.002442878765577916,1.2414537779986858,0.16114484332501888
886,0.219346543,1784956739.988112,188.74260545331498,168.55071345680736,68.28886965289712,10,-0.001092939986847341,0.7478820495307446,0.13129146629944444
888,0.219346543,1784956740.254608,177.4695473414342,168.96241807269206,83.11155471717939,11,-0.0018996330836671405,1.5284380987286568,0.14953709719702601
890,0.219346543,1784956740.5166879,163.55367800742093,168.7870796726052,89.47092573344707,11,-0.0038644509622827172,0.5188822206109762,0.20236901938915253
892,0.219346543,1784956740.912815,185.16134803947597,168.86544084547958,75.2216900717467,10,-0.0021130312234163284,0.9510936476290226,0.1508152885362506
894,0.219346543,1784956741.224494,185.0922629780814,169.1795852092868,79.05630891956389,9,0.0001384005881845951,0.598572438582778,0.14610805921256542
896,0.219346543,1784956741.641243,186.41961509059516,169.40752118737134,72.22044280357659,12,-0.0013110059662722051,1.2994158416986465,0.1260637231171131
898,0.219346543,1784956742.875808,164.60075641414872,169.53293928942185,94.16321338526905,13,-0.0021107782376930118,1.8288422599434853,0.18635922949761152
900,0.219346543,1784956743.405785,168.311579526995,169.6383230522162,86.21761440485716,13,-0.0015546234790235758,2.0421383380889893,0.16505296155810356
902,0.219346543,1784956743.986169,158.77813123607288,170.26697008880853,100.08935059979558,12,-0.0012554162167361937,1.7003954201936722,0.16503750579431653
904,0.219346543,1784956744.403873,160.01847395095734,170.00461017116137,89.75656369514763,13,-0.0022496683232020587,1.440219596028328,0.1386199682019651
906,0.219346543,1784956744.7851362,177.33277649729365,169.61497318976745,78.52346834912896,13,-0.003094226005487144,2.5743567943573,0.11658819811418653
908,0.219346543,1784956745.16265,173.19105345903677,169.7378166844965,80.18832124210894,15,-0.0011585865140659735,1.6641602218151093,0.15972148720175028
910,0.219346543,1784956745.5151339,178.587551892194,170.3831558955687,86.4797441251576,13,-0.000739250157494098,1.5753722824156284,0.18161731958389282
912,0.219346543,1784956745.847836,161.88553726744942,169.70953354373313,85.94273168221116,12,-0.0023171739740064368,1.546023964881897,0.16384672932326794
914,0.219346543,1784956746.312941,178.86313995865723,169.43018150736137,74.30306435748935,12,-0.002098124794429168,2.4211715683341026,0.2009210055693984
916,0.219346543,1784956746.7973492,168.2944252464184,169.09122821693944,84.4990942850709,10,-0.002183757555030752,2.9025231674313545,0.1187538574449718
918,0.219346543,1784956747.234159,174.74704683632208,169.43753342093808,81.44737019389868,11,-0.0037949174584355205,1.1217873878777027,0.140077771153301
920,0.219346543,1784956747.575393,145.55618064178128,169.02210157314897,111.41372472420335,14,-0.001489146234234795,1.94488375633955,0.08131378283724189
922,0.219346543,1784956747.8784251,162.55946739752213,168.61103500440822,87.21085220947862,12,-0.0023169983032858,3.1150531470775604,0.10313432337716222
924,0.219346543,1784956748.175862,152.16629907903513,168.3669913894005,101.93896173220128,12,-0.00047629899927414954,1.2305599339306355,0.10031984327360988
926,0.219346543,1784956748.432328,178.71097733605868,168.68954694427373,77.44518353044987,12,-0.0018477506237104535,0.7755399569869041,0.14443195518106222
928,0.219346543,1784956748.683876,166.23857531151947,168.4111242388926,86.04168765619397,8,-0.004240640206262469,2.628381833434105,0.21255693957209587
930,0.219346543,1784956748.9910731,186.27822848391915,168.09335302682265,69.8663535527885,11,-0.002285146387293935,1.0230403766036034,0.15909046027809381
932,0.219346543,1784956749.275948,163.2086631650581,168.81614375641843,84.99452651664615,13,-0.0010043953916465398,2.175464317202568,0.11492895381525159
934,0.219346543,1784956749.580168,171.87841627534402,168.96769223076933,83.27288534492254,11,-0.0015766728902235627,1.691356174647808,0.13976088957861066
936,0.219346543,1784956749.872312,168.3735428882491,168.70225456180728,79.35112202353776,12,-0.0051250784017611295,0.7944559007883072,0.1975814700126648
938,0.219346543,1784956750.1621199,166.27490923375152,168.03861206989208,89.2210030881688,10,-0.0004591907490976155,2.0204487293958664,0.10153538966551423
940,0.219346543,1784956750.4552581,178.7864051582853,168.45349080069056,79.18760178610682,10,-0.0009198195766657591,0.7849763948470354,0.13336032442748547
942,0.219346543,1784956750.722197,177.94839526791114,168.7338324762812,77.75823097676039,11,-0.0019922158389817923,1.5017784163355827,0.16717178653925657
944,0.219346543,1784956751.0164301,176.0336276747628,168.38094377389697,79.92615858465433,9,-0.00335980934323743,4.125631883740425,0.09680474596098065
946,0.219346543,1784956751.379246,172.7994869099595,168.21591345793863,79.39720197021961,13,-0.0013540622312575579,2.1843812465667725,0.11308670230209827
948,0.219346543,1784956751.6448221,162.67634142702212,168.46952332786645,89.87165285646915,10,-0.0009069535954040475,1.3763369396328926,0.09533409448340535
950,0.219346543,1784956751.925637,164.48251288828445,168.84212500072027,85.68493496626616,12,-0.003154170961352065,0.764130488038063,0.17488826252520084
952,0.219346543,1784956752.178313,154.6136220437502,168.7669578968493,98.82720966637135,10,0.0008285677795356605,1.3902037926018238,0.06770663452334702
954,0.219346543,1784956752.498655,171.29250432726522,168.97982422338916,83.42037421278656,14,-0.003926512916223146,1.3413525708019733,0.14868448860943317
956,0.219346543,1784956752.791424,159.6769607759863,169.0102234644608,87.70187881588936,13,-0.0007412747363559902,1.390323892235756,0.10177203128114343
958,0.219346543,1784956753.0664692,186.03098579469267,169.30503505994344,69.53846777044237,11,-0.0012176772288512439,0.8978655431419611,0.14967581583186984
960,0.219346543,1784956753.3205152,163.8440254908099,168.86522434656572,95.35072976350784,13,-0.0025190298329107463,1.2772974446415901,0.16896240366622806
962,0.219346543,1784956753.599322,163.08137580053867,169.78853389687237,86.38049294427037,11,-0.001812086018617265,1.8060631603002548,0.10885579977184534
964,0.219346543,1784956753.870399,180.6636410460529,170.64312757930043,73.96632419899106,12,-0.002158193616196513,0.935871172696352,0.1465045241639018
966,0.219346543,1784956754.146772,169.4486539047054,170.57849088474654,82.58379820361733,10,7.506582187488675e-05,1.2903267070651054,0.09589236648753285
968,0.219346543,1784956754.399364,177.17061775854967,170.35548781648515,84.3488952126354,17,-0.0018305667908862233,1.8554418236017227,0.14557567471638322
970,0.219346543,1784956754.6554298,172.70988771861877,170.5307694500063,75.71553025231697,13,-0.0020679683148046024,1.3116817846894264,0.18104035686701536
972,0.219346543,1784956754.942774,165.39873899829433,170.50265932979386,85.1744920630008,14,-0.0007697155233472586,0.5575028695166111,0.10575921926647425
974,0.219346543,1784956755.216196,159.69299458761932,170.50740202339082,91.99345880374312,12,-0.002095413103234023,1.8674916625022888,0.15932783391326666
976,0.219346543,1784956755.488489,171.4586676004433,170.2174521700514,83.31069765985012,12,-0.0019252438214607537,2.04225442558527,0.10149852139875293
978,0.219346543,1784956755.782847,170.7936355415096,170.43933070701559,83.84284822642803,11,-0.0022916807211004198,0.8015505708754063,0.1829678826034069
980,0.219346543,1784956756.064471,164.21456566252135,169.8961011319268,91.66556913591921,12,-0.0010222714627161622,1.7613542899489403,0.09073861385695636
982,0.219346543,1784956756.358849,164.4410843870749,169.7978152509891,92.0447592921555,10,-0.0026642181037459522,0.9665107540786266,0.14976669661700726
984,0.219346543,1784956756.621907,169.15480362442472,169.94544184916467,84.77444050833583,11,-0.0014025660348124802,0.8406921699643135,0.1216844036243856
986,0.219346543,1784956757.297154,191.37087307078954,170.15066243380096,64.53742466494441,10,-0.0007969064172357321,4.105296745896339,0.13413751497864723
988,0.219346543,1784956757.6536288,175.78406133633393,170.2308923689233,74.34956651739776,10,-0.0007350366213358939,0.3904450163245201,0.11968820681795478
990,0.219346543,1784956757.978645,169.35636868334916,169.976557102408,85.29674076847732,10,-0.0012890403741039336,1.7893491834402084,0.08706296049058437
992,0.219346543,1784956758.4884858,165.1839711080782,169.50368079725627,81.83114921115339,11,-0.0017299586907029152,1.7460816986858845,0.1395934410393238
994,0.219346543,1784956758.8949661,161.41878713467165,169.09813125948276,89.62777408212423,12,-0.00425903161522001,1.115819487720728,0.21746898721903563
996,0.219346543,1784956759.177131,172.10942418238704,168.77276463560872,86.50776655599475,10,-0.0015777998487465084,1.4908213168382645,0.14532896550372243
998,0.219346543,1784956759.4812999,180.19436379114484,168.67743606940053,71.56792624294758,11,-0.0016191375616472214,0.9066810235381126,0.15637574344873428
1000,0.219346543,1784956760.101135,153.90587499958028,168.35939919918374,96.99243445694447,12,0.0014772483264096081,2.3906994313001633,0.10254968353547156
1000,0.219346543,1784956760.101135,153.90587499958028,168.35939919918374,96.99243445694447,12,0.0014772483264096081,2.3906994313001633,0.10254968353547156
1002,0.219346543,1784956760.4069371,162.09406695237533,168.1657446660408,89.48126563057303,15,-0.00151519517385168,1.8316018506884575,0.14417972788214684
1004,0.219346543,1784956760.686892,175.0342175694499,168.4314513577821,87.62821516953409,14,-0.001958549430128187,0.7538252472877502,0.14191657304763794
1006,0.219346543,1784956760.961483,165.52255117626498,168.8388642085563,90.24116349592805,12,-0.00260056892875582,1.5359987914562225,0.16839867364615202
1008,0.219346543,1784956761.237866,169.23089285488987,168.32729740030337,80.43794186227024,12,-0.0006302043329924345,3.7556093335151672,0.15822396613657475
1010,0.219346543,1784956761.5462139,164.92927052075908,168.4327905763165,84.08761879429221,12,-0.002604242763482034,0.7681989315897226,0.09907174948602915
1012,0.219346543,1784956761.820894,177.56647166339758,168.46977949991876,78.2297705989331,9,-0.0003510156529955566,1.2672791220247746,0.12498442409560084
1014,0.219346543,1784956762.114843,169.95996000245597,168.07269445873382,84.22156431153417,11,-0.00302173662930727,2.2473591044545174,0.11581136845052242
1016,0.219346543,1784956762.370255,165.57055474131832,168.1504737721654,93.68211752083153,10,-0.002110313253069762,0.7931723855435848,0.12260701367631555
1018,0.219346543,1784956762.6260889,183.41707243564557,168.64566719750894,73.459966275841,10,-0.0012529061059467494,1.8559892401099205,0.1198711721226573
1020,0.219346543,1784956762.9025018,155.1673895429514,168.87574902717932,92.93982947990298,10,-0.0024240443017333746,1.094242550432682,0.14079863019287586
1022,0.219346543,1784956763.51542,195.87751759985377,170.14751509002335,57.79870141111314,12,-0.0018443618901073933,0.5465096812695265,0.14359080092981458
1024,0.219346543,1784956763.889133,183.8332975738842,170.4308760018262,72.20943690277636,11,-0.003390563710127026,2.0635933205485344,0.15306210331618786
1026,0.219346543,1784956764.179347,179.80759923871744,170.77440974353448,76.35115834698081,11,-0.0034274758072569966,0.7044836636632681,0.11855900147929788
1028,0.219346543,1784956764.479912,162.88057372604473,170.73500017469908,96.85418018326163,10,-0.0007753007230348885,2.517218418419361,0.09058175515383482
1030,0.219346543,1784956764.783444,169.73487796511714,171.04052796225642,87.3204420786351,12,-0.0019242499547544867,2.238145001232624,0.09593900805339217
1032,0.219346543,1784956765.1089559,166.88843565499545,171.13423706564595,80.34598973765969,10,-0.002598124454380013,0.8452736139297485,0.1810913346707821
1034,0.219346543,1784956765.373804,185.6781425999933,171.59528505803442,77.26077116653323,8,-0.0015279241488315165,1.4711594209074974,0.15366083988919854
1036,0.219346543,1784956765.651065,177.44573254557721,171.07391743271978,80.00014878809452,9,-0.0021741748205386102,1.059311144053936,0.13395640347152948
1038,0.219346543,1784956765.9316301,176.55288453845102,171.5237423974232,78.34104000777006,11,-0.0025244097196264192,1.2260014787316322,0.16224659141153097
1040,0.219346543,1784956766.1943839,168.99424027281052,171.41962027132664,85.49936833977699,9,-0.0015727932623121887,1.07607601583004,0.1299981912598014
1042,0.219346543,1784956766.470752,171.31608165980808,171.58945462793153,84.81539377942681,14,-0.002291602337209042,1.31695207208395,0.18911953456699848
1044,0.219346543,1784956766.74059,183.2785629743045,172.14497378497427,77.99470422416925,12,-0.0008874415507307276,2.168825738132,0.08387658162973821
1046,0.219346543,1784956767.0207932,177.2391309997868,172.85141346704603,69.30772912688553,12,-0.0014759118494112045,0.9736452698707581,0.10923063242807984
1048,0.219346543,1784956767.3702972,179.9609954937634,172.9658399456384,71.75174951739609,12,-0.00020418348140083253,0.6437649372965097,0.14278718177229166
1050,0.219346543,1784956767.678453,161.61215639795992,172.95824709822705,103.29531478881836,11,0.0009141004993580282,3.3515001833438873,0.1009718393906951
1052,0.219346543,1784956767.960165,173.30889787468283,173.4402527016733,83.53696278110147,12,-0.003912024978490081,0.5521495025604963,0.12516423780471087
1054,0.219346543,1784956768.2109382,160.63391682657402,173.13772793991507,90.83829503133893,15,-0.0038506280106958,0.3915335088968277,0.18057445669546723
1056,0.219346543,1784956768.461878,179.13595706339248,173.42791103367136,78.95679711736739,15,-0.0020957837405148894,1.5289935544133186,0.1843385249376297
1058,0.219346543,1784956768.738334,190.57172158614839,174.1643798392453,64.3287640567869,12,-0.003592487599235028,0.8799030240625143,0.2166898911818862
1060,0.219346543,1784956769.002958,178.48246700453362,174.5843150309911,74.67249569296837,13,-0.0019123319361824542,1.3347648717463017,0.12559561897069216
1062,0.219346543,1784956769.282399,182.16777615232215,174.4077548408319,73.80713683366776,12,-0.0010359609150327742,0.9189267717301846,0.1256708474829793
1064,0.219346543,1784956769.540642,171.36649454006263,174.661097383242,84.35892582312226,13,-0.0035161414998583496,0.3088706946000457,0.2220576424151659
1066,0.219346543,1784956769.795668,177.45910611820568,174.53722951079519,82.28587840870023,11,-0.00109444884583354,2.7420547753572464,0.14032814325764775
1068,0.219346543,1784956770.096313,167.06001577636658,174.0603920693158,77.46841795742512,13,-0.0036447207676246762,0.6508798375725746,0.1104521625675261
1070,0.219346543,1784956770.348489,159.29321427329089,173.75041919470866,99.40470251068473,15,-0.0015699724608566612,1.4130104407668114,0.10857414687052369
1072,0.219346543,1784956770.601872,175.4879980999308,173.29831908007876,80.45494620874524,11,-0.0018630568738444708,1.386895552277565,0.15963895060122013
1074,0.219346543,1784956770.883206,174.96505332141976,172.95607840515706,82.84888029098511,10,-0.002260854176711291,1.1148025654256344,0.1411137212999165
1076,0.219346543,1784956771.135836,181.28126034397087,172.63532062318828,76.77824578806758,9,-0.001493385760113597,1.1917449347674847,0.10064060799777508
1078,0.219346543,1784956771.412695,164.03187096496532,172.45508433328504,88.40452115796506,11,-0.0007519293576478958,1.2300367690622807,0.0977600165642798
1080,0.219346543,1784956771.706867,158.0366844540839,172.02761033897124,103.62728342786431,15,-0.0020369318954180926,1.5445038676261902,0.13575465139001608
1082,0.219346543,1784956771.9599109,177.91355453673887,172.1204770329787,74.17806689348072,11,-0.00266788720182376,3.1026336401700974,0.14794587576761842
1084,0.219346543,1784956772.278836,161.72630205396885,171.54453918768857,87.98551888391376,12,-0.0011865484702866524,1.132129579782486,0.11027109203860164
1086,0.219346543,1784956772.590064,164.51967718340453,171.7005921907051,82.9107019957155,13,-0.0019273142679594457,0.8290057815611362,0.1321164327673614
1088,0.219346543,1784956772.868015,169.0330055697271,171.40630577716576,83.4187516849488,13,-0.0017734995781211182,1.8421398922801018,0.18002306390553713
1090,0.219346543,1784956773.15984,160.39512688917705,170.9780436328503,82.08990637212992,11,-0.0013463507202686742,0.7254418879747391,0.12712944857776165
1092,0.219346543,1784956773.4132721,143.659133353042,170.1170502112653,126.3223179988563,14,-0.002113117545377463,3.3603747487068176,0.10415741917677224
1094,0.219346543,1784956773.708865,165.31398677542813,170.03007710208306,86.33743472769856,12,-0.00236450886586681,1.654243528842926,0.1352988206781447
1096,0.219346543,1784956773.994116,182.87228277482996,169.7011021500683,72.1877502463758,11,-0.0022457144950749353,0.5174056123942137,0.1733321389183402
1098,0.219346543,1784956774.2725592,157.2338593355953,169.14053199955873,96.79357006400824,17,-0.0012303453404456377,3.5777208507061005,0.11022489331662655
1100,0.219346543,1784956774.5754828,163.9494204569743,169.0811953694148,87.33712265267968,12,-0.005739112093579024,1.7884924039244652,0.14120216853916645
1102,0.219346543,1784956774.830255,172.8095751571338,169.2892950498446,81.63527364656329,12,-0.0016147135174833238,0.7120139263570309,0.11592650832608342
1104,0.219346543,1784956775.1032162,174.3248309412425,169.57280996604717,80.22411112487316,11,-0.0016536236071260646,2.191131480038166,0.12997725838795304
1106,0.219346543,1784956775.408712,154.23447407182803,169.07073389846195,99.14227585121989,13,-0.004771473977598362,1.4295527376234531,0.11413910426199436
1108,0.219346543,1784956775.679152,161.94657575695638,168.2396223399945,92.17040484771132,11,-0.0009492582903476432,0.84872642531991,0.09352466929703951
1110,0.219346543,1784956775.95724,161.39979676596974,167.93868557023873,90.37612329795957,13,-0.0010897886531893164,0.5264382939785719,0.09250941779464483
1112,0.219346543,1784956776.209118,164.69212960171845,167.14648313209105,92.21280442550778,12,-0.0024474564925185405,2.0196547731757164,0.17208822909742594
1114,0.219346543,1784956776.4574158,180.24675872482405,166.8817792916772,74.87869449704885,13,-0.0010902620560955256,1.2884926348924637,0.14083312172442675
1116,0.219346543,1784956776.734487,169.35261194008154,166.8194518903553,79.7222352027893,13,-0.0014689220115542412,1.3024231866002083,0.1279099085368216
1118,0.219346543,1784956776.9893062,171.06291180596,166.87115382922235,89.0894137788564,12,-0.0018049308564513922,1.5823524333536625,0.09959027264267206
1120,0.219346543,1784956777.260361,177.32727538512918,167.65890278353055,77.59075301885605,10,-0.0014143658336251974,1.0059458948671818,0.12220363551750779
1122,0.219346543,1784956777.543875,160.41922122606005,167.01701281752707,86.37827989086509,15,-0.002457548340316862,1.9624751880764961,0.15289280470460653
1124,0.219346543,1784956777.7941492,158.17700804492236,167.1172370299695,93.08113047387451,13,-0.0016860438045114279,2.236082546412945,0.07488432643003762
1126,0.219346543,1784956778.069803,151.82147718149932,166.8490512828266,97.38495309650898,12,-0.002048682828899473,0.7254941090941429,0.1297312038950622
1128,0.219346543,1784956778.752458,170.350918159829,167.55468682921438,88.8762518465519,11,-0.001151601845776895,2.5697677582502365,0.10757573414593935
1130,0.219346543,1784956779.005576,170.7901475081732,168.06201719421898,90.17205937579274,13,-0.002328838214452844,1.198334377259016,0.14602411072701216
1132,0.219346543,1784956779.284228,148.69803800314563,167.4340408674492,104.83314955234528,10,-0.002207306446507573,1.5085891708731651,0.09005304193124175
1134,0.219346543,1784956779.5370529,187.53902647424795,167.8247558353626,67.66849838197231,10,-0.0002677851589396596,1.5171056501567364,0.1312576001510024
1136,0.219346543,1784956779.788077,175.03360787491212,168.08058976336292,79.50462643429637,10,-0.002184770070016384,1.2160872146487236,0.12468529865145683
1138,0.219346543,1784956780.0653691,169.89845484771243,167.9037131352436,87.58972869813442,11,-0.002063602805719711,0.9920300059020519,0.12574015697464347
1140,0.219346543,1784956780.318675,177.38275629615683,168.7308540612072,74.97025660425425,11,-0.0019257768290117383,1.7315496355295181,0.11562130600214005
1142,0.219346543,1784956780.624057,185.48497473859607,169.81632797285965,71.97897665575147,10,-0.0007938264025142416,0.8909401651471853,0.093149125110358
1144,0.219346543,1784956780.880055,168.26713263332059,169.46395964464745,83.59146150923334,13,-0.001295592519454658,2.078880749642849,0.12347738491371274
1146,0.219346543,1784956781.157674,183.2731392457704,169.34340580653392,68.58310163207352,12,-0.0019354087999090552,1.1608675681054592,0.14899530727416277
1148,0.219346543,1784956781.440192,168.4132469895103,169.9887576353366,86.31974176689982,12,-0.0025612656900193542,1.7030950486660004,0.13968031015247107
1150,0.219346543,1784956781.689406,162.3966210777993,170.11908840108651,85.22671745344996,10,-0.0014086681767366827,0.743233859539032,0.11207275046035647
1152,0.219346543,1784956781.937023,180.60391221480762,169.9605612461321,81.89136914908886,11,-0.0023689756635576487,2.168365001678467,0.14400984160602093
1154,0.219346543,1784956782.216844,162.86192226777857,169.6710720156061,90.80068399384618,14,-0.0037071823244332336,2.666718043386936,0.13878064509481192
1156,0.219346543,1784956782.477928,171.93066181575796,169.98833983335382,82.28651053458452,10,-0.0015113639237824827,2.3281020745635033,0.14041584637016058
1158,0.219346543,1784956782.755701,159.06484426774313,170.45393855024702,87.84563336893916,13,-0.0016423561610281467,1.917014479637146,0.11574165243655443
1160,0.219346543,1784956783.011213,168.77211511064587,170.59536177710262,82.34597295150161,12,-0.0022183021064847708,0.8963162675499916,0.13091868488118052
1162,0.219346543,1784956783.278294,177.4303353495725,171.401175073629,81.25452764332294,14,-0.001793071161955595,2.4509368538856506,0.15341497864574194
1164,0.219346543,1784956783.5670772,160.66234903633273,171.41305184195167,92.78211573511362,9,-0.000738875096431002,0.45369446463882923,0.10419849026948214
1166,0.219346543,1784956783.8247218,175.81575444028806,171.90450121615424,72.55918814986944,13,-0.0009213175217155367,0.9341207034885883,0.11427048081532121
1168,0.219346543,1784956784.07984,180.57797606661134,172.5811520818709,82.09604520350695,13,-0.0019405526691116393,1.3672568425536156,0.1874398747459054
1170,0.219346543,1784956784.363279,187.76147935815,172.50333093360288,68.5474415011704,10,-0.0028639051597565413,1.2468308880925179,0.15946299210190773
1172,0.219346543,1784956784.6162329,186.46970466042598,173.24738544400876,78.32882062718272,10,-0.0024643041542731225,3.3513831049203873,0.11304209753870964
1174,0.219346543,1784956784.890261,171.08809196116272,173.3328055776553,87.30979670584202,13,-0.001262849043996539,1.722069650888443,0.1346336491405964
1176,0.219346543,1784956785.139005,174.6188239445123,173.7614574404828,80.53200337290764,10,-0.0019055588491028175,1.2132264822721481,0.15882516838610172
1178,0.219346543,1784956785.3886762,179.3838109023907,173.4106330975917,77.7471446916461,11,-0.0018710197764448822,0.8002630639821291,0.14073211420327425
1180,0.219346543,1784956785.667582,168.40230107728698,173.4946264586115,81.67852638475597,13,-0.0008980472339317203,0.4351199381053448,0.1114925192669034
1182,0.219346543,1784956785.9165282,193.70100850097688,174.37093737216517,71.69937844201922,9,-0.0027783550904132426,1.1549469716846943,0.17488118400797248
1184,0.219346543,1784956786.1676228,183.13433090135442,174.67468474938022,79.9114286750555,10,-0.002177272443077527,0.6708794068545103,0.16705280356109142
1186,0.219346543,1784956786.441716,163.66688285391268,174.29799389858496,87.54967786371708,11,-0.0030249020201154053,0.504642128944397,0.20072656963020563
1188,0.219346543,1784956786.691054,158.20069298473214,174.38242590263067,90.75955467671156,13,-0.0009546356159262359,0.9719029776751995,0.11888970481231809
1190,0.219346543,1784956786.9660952,174.4469736701871,174.4257400668062,83.01372782513499,11,-0.0013446931552607566,0.9405541233718395,0.12888799561187625
1192,0.219346543,1784956787.212502,178.2883641087466,174.2955452509442,84.01079777255654,9,-0.001549163949675858,1.1632210835814476,0.14576692739501595
1194,0.219346543,1784956787.46273,172.45062544114117,174.4632803637158,87.75615660846233,12,-0.006091971474234015,1.0965420007705688,0.11727580893784761
1196,0.219346543,1784956787.738119,172.65383416795834,174.13160321349397,76.8926141411066,10,-0.002526768366806209,0.42901506274938583,0.12375455116853118
1198,0.219346543,1784956787.9880068,177.36000145016573,174.22899470522896,76.34793252684176,11,-0.001448512455681339,0.817554909735918,0.13973862398415804
1200,0.219346543,1784956788.242778,178.82060495265438,174.35680757642547,73.14432310685515,11,-0.0013732487277593464,1.5449711233377457,0.10353820817545056
1202,0.219346543,1784956788.5145652,189.3566463130004,174.43373756287076,73.80937394499779,10,-0.0025074491277337074,1.4620493650436401,0.17989731673151255
1204,0.219346543,1784956788.7639182,167.60515600073737,174.35396069530728,87.33723170310259,11,-0.0005970632191747427,2.191109925508499,0.07451718836091459
1206,0.219346543,1784956789.04062,175.39253119821979,173.9141079623878,77.4570098631084,10,-0.0019417795119807124,0.4727963022887707,0.10727694677188993
1208,0.219346543,1784956789.2908459,169.59879127080043,174.098528857366,84.38469695672393,9,-0.003084021147515159,1.1608524173498154,0.1605382300913334
1210,0.219346543,1784956789.54553,182.59367478654906,174.18748573419217,68.69597683101892,11,-0.0018014722736552358,0.915966734290123,0.12454233691096306
1212,0.219346543,1784956789.829681,174.66749082435442,174.39629628408568,81.73509451001883,11,-0.0017643338069319725,1.3172454945743084,0.11486311117187142
1214,0.219346543,1784956790.084372,173.17096144194576,174.67843382142985,74.46807581186295,11,-0.0018562812474556267,0.8437506221234798,0.1475810525007546
1216,0.219346543,1784956790.333097,167.83185438038436,174.38372070963197,83.83120044320822,14,-0.001886996440589428,0.7673913203179836,0.15716427378356457
1218,0.219346543,1784956790.608733,177.97979284597264,174.04383228093232,78.23095454461873,12,-0.0021016877435613424,1.31937300786376,0.1283114356920123
1220,0.219346543,1784956790.864095,162.96555938137126,173.28954172929224,96.26482648029923,13,-0.0030343719990924,2.022844523191452,0.07782570505514741
1222,0.219346543,1784956791.1405451,181.8507835908191,172.95950465052763,77.47776672616601,11,-0.0006105447828304023,0.41269222274422646,0.10692899487912655
1224,0.219346543,1784956791.392967,186.7486943236256,173.14264630460727,74.51565353944898,10,-0.0012069427175447345,1.0666659846901894,0.14300443325191736
1226,0.219346543,1784956791.640662,163.93770217956984,172.6797473072771,86.43156269192696,10,-0.0011392059386707842,3.0203570425510406,0.1249823453836143
1228,0.219346543,1784956791.932587,160.193179238654,172.41515232842218,95.50487493723631,10,-0.001192364317830652,0.586273206397891,0.09835457196459174
1230,0.219346543,1784956792.2095208,150.40093456093996,171.9638373874611,108.72426596283913,10,-0.0019182946416549385,2.427449345588684,0.1455998783931136
1232,0.219346543,1784956792.540752,181.78170364763417,171.54611908477048,75.29266377910972,11,-0.0035224620369262993,0.9233077131211758,0.1714148512110114
1234,0.219346543,1784956792.817761,179.34215356628928,171.11303809111837,70.02069000154734,13,-0.0014177217963151634,1.7193607687950134,0.14085091138258576
1236,0.219346543,1784956793.071386,172.6980099611668,171.24291142656182,80.20625448599458,12,-0.0002213440602645278,1.4627870917320251,0.09680903935804963
1238,0.219346543,1784956793.345199,156.60713147640874,171.15560892226014,92.08033861592412,15,-0.003011989261722192,1.1001873575150967,0.1559696989133954
1240,0.219346543,1784956793.598027,163.18987400314975,170.62419294262997,88.2007748298347,15,-0.0018919867870863527,0.786929726600647,0.1557588204741478
1242,0.219346543,1784956793.848889,188.73386517076577,170.39443711060477,70.40560185723007,13,-0.00215574650792405,1.5901402905583382,0.12286765174940228
1244,0.219346543,1784956794.121547,185.98998276043034,170.9391453705319,72.15459908358753,11,-0.0016550870495848358,0.860731054097414,0.163891748059541
1246,0.219346543,1784956794.374648,170.97082254484545,171.5558674813888,82.34892179444432,12,-0.0013806156639475375,0.5539216380566359,0.15808711666613817
1248,0.219346543,1784956794.634738,150.25210096852948,171.17557559395823,109.3250258890912,17,-0.00022426305804401636,4.251970008015633,0.10498116607777774
1250,0.219346543,1784956795.2734149,171.0574134156175,171.47077026352977,86.05476465448737,13,-0.0034513598584453575,2.270625799894333,0.14738742960616946
1252,0.219346543,1784956795.5601642,165.52417775528735,171.23932366721806,85.43430431932211,13,-0.0018539277225499973,2.7867837995290756,0.15414741588756442
1254,0.219346543,1784956795.851081,178.7425926325247,171.70016547994408,76.72102271020412,11,0.0004547500575426966,0.7872918993234634,0.11978812096640468
1256,0.219346543,1784956796.1048079,175.55941539665469,172.07570033293817,81.62016223743558,12,-0.0021357680670917034,0.7693426627665758,0.16301528178155422
1258,0.219346543,1784956796.3738508,156.90446808434962,171.50325773520942,95.09173487126827,12,-0.0011368068735464476,1.5840746611356735,0.1349556464701891
1260,0.219346543,1784956796.689388,188.61619375275177,171.9921441704967,76.2777510844171,11,-0.0021447400795295835,1.0719543509185314,0.15420776512473822
1262,0.219346543,1784956796.9642081,174.46848994625043,171.84169013092998,97.13547101989388,7,-0.0026014075410785154,2.1108929812908173,0.14331380743533373
1264,0.219346543,1784956797.228584,169.02221249948846,171.82591017813488,78.75755333155394,13,-0.0014631951926276088,1.3868944458663464,0.15089026652276516
1266,0.219346543,1784956797.5031528,168.00167703088792,171.61306246988912,89.29312867671251,11,0.000264763439190574,1.8082091733813286,0.10393260093405843
1268,0.219346543,1784956797.7557309,189.90012601943053,171.60413054313995,68.72315421700478,10,-0.0009603266735211946,0.8832928575575352,0.10906810685992241
1270,0.219346543,1784956798.031101,172.1621230231139,172.20629678766082,80.26658126339316,13,-0.0008965862216427922,1.3992063328623772,0.0917199207469821
1272,0.219346543,1784956798.2803688,178.58694256810261,172.11007586608247,81.99393531680107,8,-0.0020124602306168526,0.7940195873379707,0.17306009493768215
1274,0.219346543,1784956798.529803,178.50385162862625,172.3760010791136,75.22789474204183,12,-0.001846888946602121,1.3546213321387768,0.14656071132048965
1276,0.219346543,1784956798.800087,179.26127413966287,172.80144691754228,74.62883857265115,9,-0.0010804313933476806,1.0198668763041496,0.12889616237953305
1278,0.219346543,1784956799.069303,159.9619449161725,172.9892606228592,88.73109351098537,11,-0.0017275618592975661,1.403642974793911,0.16509406547993422
1280,0.219346543,1784956799.322786,154.39028784736178,173.1286212411383,102.36468078941107,13,-0.0015082069221534766,3.2539097666740417,0.12433395767584443
1282,0.219346543,1784956799.600207,180.79167619707232,173.0249266122033,75.25159526523203,11,-0.002385942789260298,1.138773512095213,0.11844771774485707
1284,0.219346543,1784956799.853685,165.04569946287384,172.84511648655953,86.76219907589257,12,-0.0018442018190398812,1.2325746640563011,0.10751193249598145
1286,0.219346543,1784956800.1287181,178.20575515489256,173.09336545274488,74.59374702349305,11,-0.000838632091472391,0.8575041368603706,0.14706723811104894
1288,0.219346543,1784956800.3767838,148.34394393029532,173.09875803396622,101.23232624307275,13,-0.0014175532851368189,2.8818105459213257,0.0890474037732929
1290,0.219346543,1784956800.631753,159.3483161249781,172.56198571187792,92.42650150042027,12,-0.00426916079595685,1.0289121940732002,0.12563843978568912
1292,0.219346543,1784956800.910694,173.30182928889647,172.4814633954629,83.70413661748171,11,-0.001410849334206432,1.671045407652855,0.12233742699027061
1294,0.219346543,1784956801.162472,180.67647933481177,172.39081856840247,81.52203536778688,12,-0.0017909192538354546,1.4078083708882332,0.13066995376721025
1296,0.219346543,1784956801.4110668,182.44876772177338,172.3034132288605,75.34767605364323,10,-0.006446967367082834,0.8672111835330725,0.16247556265443563
1298,0.219346543,1784956801.752108,161.05097902592135,171.98018320270617,85.88005338702351,12,-0.001864554695202969,1.3482994884252548,0.13941196678206325
1300,0.219346543,1784956802.234595,165.14317421755547,171.63163475662995,80.897172447294,14,-0.0008394117176067084,1.6283642649650574,0.08798005571588874
1302,0.219346543,1784956802.537334,185.01394909263925,171.93950976974406,68.59576744027436,12,-0.0015096294810064137,0.6647232174873352,0.14223513705655932
1304,0.219346543,1784956802.7953012,168.17331035531387,171.47010354199642,86.79172360524535,12,-0.0018516175914555788,1.0105929113924503,0.15153672406449914
1306,0.219346543,1784956803.204329,150.93016421366184,170.72221109534,103.11930143460631,9,-0.0014482522383332253,1.0773455910384655,0.1299793254584074
1308,0.219346543,1784956803.502052,179.7434779372173,171.1419873646516,80.71693671867251,11,-0.0013242653076304123,0.7678183745592833,0.1355485012754798
1310,0.219346543,1784956803.766125,174.70578438666698,170.67263206343566,74.5615867599845,11,-0.0015903876192169264,1.2570590376853943,0.14804809354245663
1312,0.219346543,1784956804.035241,155.03185235503173,170.43662213248757,97.37828212976456,12,-0.0009114051645155996,5.096350163221359,0.10557759553194046
1314,0.219346543,1784956804.324656,177.3264635660971,170.3718522934731,88.94204971194267,12,-0.001642953313421458,1.6780494078993797,0.1477932734414935
1316,0.219346543,1784956804.594162,181.11901111586664,171.2158267389043,79.99726814776659,9,-0.0018964443006552756,0.9867494106292725,0.11827484145760536
1318,0.219346543,1784956804.905804,183.79160993832843,171.09421592179453,70.77747559547424,11,-0.002579206309746951,1.2316350676119328,0.14255078556016088
1320,0.219346543,1784956805.170609,176.19603980476825,171.02705163949034,80.84331601113081,8,-0.0017432227032259107,0.904729101806879,0.14074598904699087
1322,0.219346543,1784956805.441797,173.30843999004827,171.01768079795085,78.47509143874049,11,-0.0016248748870566487,0.7107350379228592,0.13788449438288808
1324,0.219346543,1784956805.73195,163.68517669639274,170.25394333417526,86.40200986340642,11,-0.0014934283681213856,1.1303704231977463,0.13655588822439313
1326,0.219346543,1784956806.001555,181.24795525257093,170.43717464369283,67.50814276188612,12,-0.0017997829127125442,0.8514153175055981,0.12965009454637766
1328,0.219346543,1784956806.280836,160.34211830236015,170.29660723665063,95.93426018115133,13,-0.0019370676018297672,1.83685664832592,0.155134960077703
1330,0.219346543,1784956806.5706382,158.04892775988344,170.21451884036324,98.80992542766035,11,-0.0016842817567521706,1.5809357315301895,0.14977512788027525
1332,0.219346543,1784956806.835632,176.9258921014779,170.37847470073925,70.123734196648,13,-0.0023600696003995836,0.8754753023386002,0.11685525067150593
1334,0.219346543,1784956807.12748,183.3917090708632,170.64028996236814,78.9735909588635,11,-0.0015681017539463937,2.345339633524418,0.15313042048364878
1336,0.219346543,1784956807.407157,162.0799803960409,170.31965849354054,88.39187357574701,13,-0.0013498029438778758,1.1634107530117035,0.13431693706661463
1338,0.219346543,1784956807.6780841,165.04374435625013,170.8539592689157,97.80692328512669,11,-0.0017209952929988503,0.6118892841041088,0.14199796319007874
1340,0.219346543,1784956807.9685628,140.86109771710537,171.397949384597,121.46370121836662,13,-0.0017693838744889945,1.5730476528406143,0.08839195035398006
1342,0.219346543,1784956808.271816,177.12318006045834,171.8443706083437,79.75014318525791,12,-0.0013758097193203866,0.9629132226109505,0.12321813264861703
1344,0.219346543,1784956808.574175,186.02812818239804,171.8476741730215,67.25203598290682,14,-0.001807668129913509,1.209049366414547,0.14621467189863324
1346,0.219346543,1784956808.891357,158.75943853977165,171.26543802277038,95.52378222346306,9,-0.0012541058677015826,0.4087971933186054,0.0932360494043678
1348,0.219346543,1784956809.1602502,163.0408252944283,171.36747582199544,92.84738072752953,11,-0.0014910817699274048,1.5742514543235302,0.12008145963773131
1350,0.219346543,1784956809.46264,165.83625821251755,171.2273747632433,87.58108581602573,14,-0.0016660986584611237,0.6795322708785534,0.13235798617824912
1352,0.219346543,1784956809.73036,151.38425558589645,170.6474927592874,98.77895865216851,14,-0.0011781855137087405,1.6483768001198769,0.1321534188464284
1354,0.219346543,1784956810.016394,161.4012497885247,170.2614832063149,95.60271378606558,15,-0.005953238112851977,1.6442104950547218,0.14478692132979631
1356,0.219346543,1784956810.3252878,169.77687188766393,170.93397186751812,81.53820778103545,13,-0.0016415058926213533,2.0290368050336838,0.14444669522345066
1358,0.219346543,1784956810.627899,179.62328468646874,170.9653504778507,77.68206027522683,11,-0.0015608947796863504,1.063111025840044,0.1610406725667417
1360,0.219346543,1784956810.904503,133.6942839435672,169.77635036024446,116.02562811970711,13,-0.0011377982373232953,2.049669586122036,0.12460033828392625
1362,0.219346543,1784956811.2155478,155.81109691908657,169.7057795654717,93.8801754117012,11,-0.00099266623146832,1.7964926809072495,0.12497133342549205
1364,0.219346543,1784956811.478614,184.96484946991976,169.90551976252965,75.67209649831057,9,-0.00043782193097285926,1.4890165515244007,0.1267885477282107
1366,0.219346543,1784956811.764687,177.08127839019411,169.2584333976399,70.65707850456238,13,-0.0019649982132250443,0.39643939584493637,0.14067446859553456
1368,0.219346543,1784956812.035757,184.08906612249362,169.67950675264555,71.85059612244368,11,-0.0020954973297193646,0.6507835909724236,0.15442026499658823
1370,0.219346543,1784956812.310111,174.58658758867966,169.2338915490812,84.84003369137645,12,-0.001899935567053035,1.7853434793651104,0.13719978788867593
1372,0.219346543,1784956812.6138911,178.77094073973225,168.9826848698088,77.14095928519964,11,-0.0018167762900702655,1.1496246866881847,0.1347759896889329
1374,0.219346543,1784956812.8846679,185.55356097465335,169.68645576629189,74.0096835680306,12,-0.0011502454872243106,1.1022558771073818,0.13601640798151493
1376,0.219346543,1784956813.148056,154.78353659095524,169.4175208936854,99.40026684105396,12,-0.003967865734011866,1.7907415702939034,0.17105965642258525
1378,0.219346543,1784956813.428813,171.69624654620668,169.23666464314826,81.44524064287543,13,-0.0018064940377371386,1.0964725632220507,0.16222651675343513
1380,0.219346543,1784956813.708671,155.71153499999778,169.52263010778495,92.93328284099698,13,-0.001461994066630723,2.467842683196068,0.10857545025646687
1382,0.219346543,1784956813.991863,170.54699674209522,169.4467530269757,82.72354064136744,13,-0.0013817388098686934,1.6074933111667633,0.12741464702412486
1384,0.219346543,1784956814.2459679,158.60924377573272,168.8973267009264,90.383261712268,10,-0.0011289271642453969,1.5978359691798687,0.11389338551089168
1386,0.219346543,1784956814.5116632,178.50949389677785,168.98516820508937,79.97511733230203,12,-0.002729089232161641,1.9711002930998802,0.22098182514309883
1388,0.219346543,1784956814.7944021,172.36305434932476,168.73137372982816,83.73296964913607,11,-0.000477401030366309,1.2426216080784798,0.09913085727021098
1390,0.219346543,1784956815.051488,173.0196836921649,169.09090624467768,80.0019337721169,14,-0.002419160562567413,0.7315308526158333,0.15069213416427374
1392,0.219346543,1784956815.3070989,169.04814493127844,168.50674783584682,85.4142318982631,14,-0.0017328193498542532,1.4209873601794243,0.19795610010623932
1394,0.219346543,1784956815.614657,178.34505153009061,168.34507582180763,80.67670663818717,10,-0.002014748359215446,1.3449133485555649,0.15540965180844069
1396,0.219346543,1784956815.9700139,174.93718607502797,168.9991874775818,78.28716465830803,12,-0.0017564541194587946,2.06042917072773,0.16230686474591494
1398,0.219346543,1784956816.261923,188.6050626708368,169.7031903976298,76.00858222320676,9,-0.000880517327459529,0.3540727775543928,0.10996161168441176
1400,0.219346543,1784956816.537076,188.17385573072414,170.35405517331182,80.88159903511405,9,-0.0018901762523455545,1.6813926994800568,0.1953904926776886
1402,0.219346543,1784956816.888572,156.494686336943,170.5236439921991,101.89515508711338,11,-0.001919701462611556,1.801973357796669,0.18418457824736834
1404,0.219346543,1784956817.170764,163.82410295612445,170.54402649453067,83.43967765569687,12,-0.001036868547089398,0.8152505662292242,0.10526182828471065
1406,0.219346543,1784956817.430309,179.38011107654015,170.18178002956006,81.58324027433991,10,-0.0011624398175626993,1.7272374629974365,0.12735878862440586
1408,0.219346543,1784956817.685777,185.8775340562335,170.20433561460138,70.13835081644356,14,-0.0023037368373479694,1.4265921488404274,0.14846176281571388
1410,0.219346543,1784956817.9646358,175.58687628335025,171.38066025105218,81.83935080096126,12,-0.0014716892619617283,0.9606246426701546,0.15195362083613873
1412,0.219346543,1784956818.217799,180.06992492790715,172.02396674392202,75.30074348114431,14,-0.001497407560236752,1.2902731448411942,0.1266250889748335
1414,0.219346543,1784956818.4993489,175.3172377441642,171.9767815678746,84.48370725288987,10,-0.002081917889881879,2.8543571531772614,0.07851811801083386
1416,0.219346543,1784956818.7544,173.7207188239357,171.8303249172402,83.69543974101543,10,-0.0018136336439056322,0.7826538495719433,0.1152264871634543
1418,0.219346543,1784956819.008947,170.38253376625332,171.49774737916505,89.22012272104621,14,-0.0013278889309731312,2.8779385834932327,0.12137485342100263
1420,0.219346543,1784956819.2893,181.9180665489497,172.24765747664688,75.25874462351203,10,-0.005442262168799061,0.8835149593651295,0.14704137202352285
1422,0.219346543,1784956819.5434082,175.47869250875394,172.16353516748174,75.10496936738491,12,-0.001372322323732078,0.6489188969135284,0.13990275422111154
1424,0.219346543,1784956819.796098,174.5131755442922,172.0097611358562,84.31519985198975,13,-0.0037721002736361697,1.0650404244661331,0.18808723893016577
1426,0.219346543,1784956820.0753589,182.9181310103845,172.5935320458509,79.47702749073505,9,-0.001875464826298412,1.0230040587484837,0.19101309683173895
1428,0.219346543,1784956820.328278,163.1860681426627,172.3907364290942,84.68877733871341,14,-0.0011576343094930053,2.156955160200596,0.09437926672399044
1430,0.219346543,1784956820.607771,180.26962016849598,172.72826955212972,75.0365336611867,13,-0.0015377958989120089,0.7522878721356392,0.12677512830123305
1432,0.219346543,1784956820.862697,168.67140486559873,172.55466499941215,81.93671256676316,12,-0.002234654821222648,1.9672150239348412,0.14866210147738457
1434,0.219346543,1784956821.128564,167.33202840194062,172.873015403819,85.30871379002929,11,-0.0014017193752806634,1.023675374686718,0.14533019391819835
1436,0.219346543,1784956821.5381901,170.9038322055271,173.09301114120433,84.01234746351838,11,-0.0013781154993921518,2.126413807272911,0.14646836230531335
1438,0.219346543,1784956821.805995,161.56026785679518,172.74659289848975,104.18257784843445,15,-0.000843747635371983,1.4335124269127846,0.12015685951337218
1440,0.219346543,1784956822.063267,178.37321366279247,172.74677117498982,76.69555121287704,10,-0.0016430493851657957,1.3657074868679047,0.1701659830287099
1442,0.219346543,1784956822.342179,169.72056775535404,172.65510425117532,88.19495227746665,13,-0.0028963544755242765,2.2488189935684204,0.1391557021997869
1444,0.219346543,1784956822.6029692,175.6708560441993,172.49341345817902,77.83451294898987,13,-0.0017466071876697242,0.6629704292863607,0.11164710344746709
1446,0.219346543,1784956822.966669,177.93578319232816,172.5697230976092,77.90906536579132,10,-0.0015493839309783652,1.1961486041545868,0.12137804925441742
1448,0.219346543,1784956823.276958,158.7550500315226,172.1566019389525,95.6214646436274,14,-0.0015061588492244482,1.5629005208611488,0.13432196201756597
1450,0.219346543,1784956823.533003,185.80255035658914,172.0700575228155,72.96947115287185,12,-0.0027234372100792825,1.4925984218716621,0.17053930833935738
1452,0.219346543,1784956823.817081,174.58652594194223,172.5173897000799,84.6368347518146,11,-0.001079643436241895,1.088821902871132,0.10355825535953045
1454,0.219346543,1784956824.176436,170.67614147489235,173.18226367297447,81.43379947543144,11,-0.0013689207480638288,0.49961443431675434,0.11218690872192383
1456,0.219346543,1784956824.4345238,167.09365818356193,173.55894565540711,85.40341524407268,13,-0.0024380462054978125,1.667728915810585,0.1878907149657607
1458,0.219346543,1784956824.824543,169.71204437562295,173.48740468499238,88.79274039901793,12,-0.0010264841403113678,2.42023616284132,0.09095582668669522
1460,0.219346543,1784956825.0833228,160.89256650503995,173.14739398000012,89.12100811302662,13,-0.002602977037895471,0.8506719097495079,0.07960078935138881
1462,0.219346543,1784956825.3639,177.97296122305895,172.8388752265647,72.4553760746494,13,-0.0017226356721948832,0.7278339825570583,0.1291337595321238
1464,0.219346543,1784956825.6232681,168.5134393941441,172.6155936608073,90.25066709145904,13,-0.004870649194344878,2.7101554721593857,0.09870508452877402
1466,0.219346543,1784956825.9197729,178.6172236357501,173.4004297043142,79.31398469954729,14,-0.002363018167670816,1.338077463209629,0.10876552807167172
1468,0.219346543,1784956826.20343,190.3533201515735,173.61368186388046,71.00796189531684,12,-0.0005538204495678656,1.0180686675012112,0.10160645423457026
1470,0.219346543,1784956826.458888,158.7459055458816,173.19958980063845,99.80948890838772,13,-0.0006068191723898053,3.5289280861616135,0.06912210886366665
1472,0.219346543,1784956826.717916,159.43966998146763,173.17192238719028,87.13813149556518,13,-0.0018387028903816827,2.3259135335683823,0.12498102895915508
1474,0.219346543,1784956826.998262,170.79713406538613,173.43149683250655,85.10445546731353,13,-0.0012805655132979155,0.8029777146875858,0.16031527984887362
1476,0.219346543,1784956827.2512598,173.61813331663538,172.71407586682275,86.68923404812813,11,-0.0014726257359143347,1.882555939257145,0.12442777492105961
1478,0.219346543,1784956827.5307379,163.08926099644478,173.00798920758518,88.9779315367341,12,-0.0017113840585807338,1.1714829243719578,0.13640575902536511
1480,0.219346543,1784956827.7863889,170.16359551195364,172.43808295778683,82.30350643023849,16,-0.0014501388650387526,0.6332440618425608,0.16514605097472668
1482,0.219346543,1784956828.045241,175.15897004689808,172.84988250516872,80.36238381173462,12,-0.0019709126208908856,1.2525082044303417,0.18927523121237755
1484,0.219346543,1784956828.319353,167.83558231655778,172.91126174715305,85.27326165139675,11,-0.0014435420598601922,2.0420958399772644,0.14015356078743935
1486,0.219346543,1784956828.5728269,179.99479177377572,172.38775182534465,79.94391383044422,12,-0.0010774496477097273,0.8331043664366007,0.14200665662065148
1488,0.219346543,1784956828.83072,156.6598019386204,172.22618445825626,103.24899353832006,12,-0.001817990792915225,2.894806779921055,0.13351175235584378
1490,0.219346543,1784956829.11197,179.1698140040037,171.96386861793056,81.92617091163993,13,-0.0028265719301998615,1.9034630432724953,0.13077502511441708
1492,0.219346543,1784956829.363623,161.36438361654112,172.11453540011843,97.72435954585671,16,-0.0018027419719146565,1.114032305777073,0.10055511794053018
1494,0.219346543,1784956829.67816,174.01344820535547,172.39800718134458,78.61402345448732,11,-0.001316823239903897,1.3844194039702415,0.13365843147039413
1496,0.219346543,1784956829.9450738,168.27620793671917,171.989190269494,82.58552935346961,12,-0.002404270286206156,1.0830263048410416,0.14085654355585575
1498,0.219346543,1784956830.201198,189.30344861457476,172.20593937120438,74.19359047710896,13,-0.0016620945534668863,1.046755075454712,0.17794760689139366
1500,0.219346543,1784956830.8451588,171.01455112423315,171.6251124577733,86.82166319154203,12,-0.0013389407831709832,0.5463886223733425,0.1015390744432807
1502,0.219346543,1784956831.12751,191.38035778424688,171.6600148588113,67.79213249869645,10,-0.0010963709792122245,1.1193222105503082,0.11702850088477135
1504,0.219346543,1784956831.380634,152.1857856822577,171.41923970265802,104.0199420787394,11,-0.0013634144634124823,1.7036043778061867,0.12582355923950672
1506,0.219346543,1784956831.658817,173.86592902515346,171.54710324123033,77.4055444560945,12,-0.0012780122924596071,0.6260037571191788,0.0934685249812901
1508,0.219346543,1784956831.9120839,180.55357957891854,171.6914342562595,79.07466074824333,11,-0.0020208064088365063,1.9625132381916046,0.10756485676392913
1510,0.219346543,1784956832.190818,167.5036920991609,171.57924892717884,89.3720437809825,11,-0.002390390232903883,0.4419340994209051,0.09798135375604033
1512,0.219346543,1784956832.454039,157.83093243162395,171.37180155739264,105.47983992099762,12,-0.0012184548540972173,2.6932762563228607,0.11294435895979404
1514,0.219346543,1784956832.705235,171.53274350133802,171.63759817667247,80.70230145007372,13,-0.0017456115310778841,1.3601601794362068,0.1585832629352808
1516,0.219346543,1784956832.9831219,159.89559266214795,170.99118175148678,92.26197256334126,11,-0.0011302066268399358,1.7705396115779877,0.11839586729183793
1518,0.219346543,1784956833.239816,174.58148880624842,170.51057779464682,82.74480908922851,13,-0.0012505532940849662,1.378610908985138,0.1350990617647767
1520,0.219346543,1784956833.496336,173.13642541668236,170.93548186818575,80.04311561025679,12,-0.0016642565169604495,1.4553108662366867,0.10877315094694495
1522,0.219346543,1784956833.774713,177.07576982185512,171.11614998924568,77.24370320513844,12,-0.003229683126846794,0.5628019534051418,0.1858540941029787
1524,0.219346543,1784956834.0487602,183.94444733243975,170.68923345218343,77.16676101088524,12,-0.0013272860378492624,1.0002295672893524,0.12499362323433161
1526,0.219346543,1784956834.325584,183.2791216780562,171.0334825388241,71.55959698744118,13,-0.002121121811796911,0.951593779027462,0.13891561096534133
1528,0.219346543,1784956834.582471,166.26428626433452,171.3191713041563,92.74954679980874,11,-0.0023581210407428443,2.96408748626709,0.14110578782856464
1530,0.219346543,1784956834.8339992,185.72245371942466,171.87373426145095,71.13423825800419,12,-0.004206321493256837,0.9779574833810329,0.19097165204584599
1532,0.219346543,1784956835.11936,179.54814947032708,172.13277246061352,75.44756504148245,11,-0.0020224327163305134,0.8954381532967091,0.16689774859696627
1534,0.219346543,1784956835.3800771,185.25072324327377,172.2946547571714,70.65984560362995,12,-0.0017498605884611607,0.8719738349318504,0.15380029380321503
1536,0.219346543,1784956835.640306,184.7644883459897,172.648901776937,73.52144594863057,11,-0.00201126909814775,1.4502180591225624,0.18389878328889608
1538,0.219346543,1784956835.927181,172.84485776142776,173.22900106777118,82.8262969814241,9,-0.0016722776927053928,0.6129648201167583,0.17687132954597473
1540,0.219346543,1784956836.192441,154.6149530906561,172.9082895650946,99.06992862187326,16,-0.002154194429749623,1.0007933005690575,0.11887083621695638
1542,0.219346543,1784956836.512028,164.17514948371107,172.84550105703988,88.99271189421415,11,-0.0010159448138438165,0.9505925849080086,0.11135159665718675
1544,0.219346543,1784956836.802839,190.8120653133423,172.73600345061143,65.11405928619206,11,-0.001647156081162393,1.1917359232902527,0.1510848212055862
1546,0.219346543,1784956837.111826,189.71429186125619,173.38713782111373,65.11645616963506,13,-0.0015492949169129133,0.8659290634095669,0.15368199860677123
1548,0.219346543,1784956837.455175,171.04365020015632,173.27081217550102,81.8341221716255,11,-0.0016398044826928526,1.2819989770650864,0.13591611525043845
1550,0.219346543,1784956837.720499,180.52563077334113,173.45723992324633,76.87878489121795,9,-0.0013067812542431056,0.700946656987071,0.11781707312911749
1552,0.219346543,1784956837.9808488,167.1330154637267,173.24787581221437,86.5795530602336,11,-0.0028558578924275935,1.353112205862999,0.1744296569377184
1554,0.219346543,1784956838.286636,185.51261846651684,173.56893661248753,75.90174539014697,11,-0.0013861930347047746,1.1196282468736172,0.1491640219464898
1556,0.219346543,1784956838.555153,177.42352515449744,173.65880664727467,78.97771831229329,11,-0.0012766331783495843,1.21744279935956,0.11558606987819076
1558,0.219346543,1784956838.839492,188.58277144867006,173.8111115318005,65.57164581120014,11,-0.0011573694791877642,0.6062605436891317,0.1309554995968938
1560,0.219346543,1784956839.098242,183.56163743329935,174.46335434238895,77.46443464607,12,-0.0020152907236479223,0.3885147739201784,0.14645688142627478
1562,0.219346543,1784956839.3572218,186.40390679862602,174.77462152216285,74.29128129035234,11,-0.0016168097499758005,1.9234263524413109,0.17160859191790223
1564,0.219346543,1784956839.640534,159.73545063648203,174.28919996340417,101.17837769538164,11,-0.0021216820532572456,0.5960479658097029,0.08300562226213515
1566,0.219346543,1784956839.9010408,185.46177144519217,174.98776937623288,70.4722240678966,10,-0.0023592787474626675,0.6310411542654037,0.1076063378714025
1568,0.219346543,1784956840.15972,179.77173410797457,175.27114332651882,76.88033812120557,13,-0.0012075277045369148,3.5781955122947693,0.13513828488066792
1570,0.219346543,1784956840.4446468,177.5227931027188,175.15476168572658,81.30172087438405,10,-0.001027409263770096,1.1889699809253216,0.10768155381083488
1572,0.219346543,1784956840.7045069,163.05806128749546,174.95747814208272,92.61618746072054,12,-0.0013092529043206014,1.3010077103972435,0.08395325671881437
1574,0.219346543,1784956840.988575,190.2638734069131,175.37145290002297,66.35752653703094,11,-9.576758020557463e-05,0.8165185153484344,0.14186772610992193
1576,0.219346543,1784956841.2479491,177.87590714094537,175.05417171762593,82.82718603312969,11,-0.001145601156167686,0.55262097902596,0.148676885291934
1578,0.219346543,1784956841.5079522,145.23718422531607,174.0307870735499,109.42663300037384,12,-0.0005278008757159114,3.9860296696424484,0.07828418025746942
1580,0.219346543,1784956841.79394,166.92544944226668,173.83827122530172,98.1857968904078,11,-0.001936995831783861,0.6923273727297783,0.10093756346032023
1582,0.219346543,1784956842.0543501,180.5121374479372,173.48645791403982,78.39174637570977,14,-0.0013422269839793444,0.7662018574774265,0.13592333486303687
1584,0.219346543,1784956842.3207428,178.28235309920274,173.4042467220114,77.95215600915253,12,-0.0008439632911176886,1.7421934753656387,0.07920811348594725
1586,0.219346543,1784956842.607275,178.56205848048296,173.79238373582245,76.99694368802011,12,-0.001897358102723956,0.8472722917795181,0.1715972749516368
1588,0.219346543,1784956842.866626,181.36273522072153,173.57054280175572,77.9453506320715,13,-0.0011008444853359833,1.7063124775886536,0.1193364062346518
1590,0.219346543,1784956843.148942,187.77638914890144,174.66893240054543,72.59132927656174,9,-0.0010948508570436388,0.6141989082098007,0.10399254271760583
1592,0.219346543,1784956843.409984,171.59933659463968,175.0693150985105,98.89302223175764,10,-0.0024174938444048166,0.6067370679229498,0.16690662130713463
1594,0.219346543,1784956843.669268,164.83551873692153,174.8297163689198,84.90686184167862,13,-0.0006531903491122648,2.263713724911213,0.09787492058239877
1596,0.219346543,1784956843.952908,130.51303573236194,173.2011244282959,141.49566232413054,11,-0.00032694972469471395,2.5442160293459892,0.04051414964487776
1598,0.219346543,1784956844.21205,183.70111172356056,173.1526781460268,75.95922352932394,10,-0.0011109530460089445,0.87572006508708,0.10184676945209503
1600,0.219346543,1784956844.4690602,187.36676817369099,173.03527280413783,74.34751131758094,11,-0.0016818312287796289,1.5709512010216713,0.15369723550975323
1602,0.219346543,1784956844.77674,177.71301982075653,173.24161491330895,79.24928907677531,12,-0.0036850127507932484,1.0756418704986572,0.1615172801539302
1604,0.219346543,1784956845.037345,185.8265784468599,173.41738361256594,71.96474611014128,11,-0.001523418352007866,1.2045521549880505,0.12369689252227545
1606,0.219346543,1784956845.3216908,174.06263557734025,172.9259208598043,74.87656172551215,11,-0.0016447070520371199,0.7126375027000904,0.15223027067258954
1608,0.219346543,1784956845.5809941,183.05829368206622,172.7387543215083,70.894366633147,10,-0.0008906076254788786,0.668678879737854,0.1263495567254722
1610,0.219346543,1784956845.83992,190.82865160701476,172.85575946448236,70.53820356354117,10,-0.0015434598535648547,1.330732923001051,0.14848173968493938
1612,0.219346543,1784956846.124223,195.8318458521637,173.3772454199264,64.16402329783887,12,0.001145617374277208,1.0454445891082287,0.16038246639072895
1614,0.219346543,1784956846.3840861,176.38426467352542,174.0344258545678,80.12445917539299,14,-0.0019033515127375722,0.9862591251730919,0.17655771877616644
1616,0.219346543,1784956846.6418078,182.23668424198416,173.90403053905996,74.69959657639265,13,-0.0017929030436789617,1.3509751856327057,0.15112082241103053
1618,0.219346543,1784956846.924779,169.5161943204816,173.41996711672354,79.41510420665145,11,-0.0026352318964200094,0.7646495401859283,0.1888393759727478
1620,0.219346543,1784956847.183213,180.2074813184638,173.35685001536964,71.97703569196165,10,-0.002276790008181706,0.6601852122694254,0.11672300798818469
1622,0.219346543,1784956847.46816,150.43527726401268,173.21997785191797,103.1266608517617,18,-0.0012213883455842733,1.237868994474411,0.1126925852149725
1624,0.219346543,1784956847.72871,180.86050164825346,173.23671070437103,77.75190054997802,11,-0.0010083597226184793,1.1048261150717735,0.16692821448668838
1626,0.219346543,1784956847.986763,171.14338002384224,173.35039606287648,79.2109160060063,12,-0.0021682149381376803,1.5690926909446716,0.20882810465991497
1628,0.219346543,1784956848.2737868,184.06624788144703,174.67279332140046,75.15955794975162,12,-0.0026671920204535127,1.1556427367031574,0.17341617261990905
1630,0.219346543,1784956848.531138,185.63713728439384,175.1815662008939,71.68765159323812,12,-0.0013326108746696264,0.5753304697573185,0.15366797847673297
1632,0.219346543,1784956848.787829,159.4903024351996,174.86420402244596,101.5543114952743,14,-0.001293457462452352,3.015694245696068,0.11642269464209676
1634,0.219346543,1784956849.070972,180.66812917651677,175.07101800152924,76.27983624488115,10,-0.0018383401329629123,1.6322016939520836,0.10320943919941783
1636,0.219346543,1784956849.3291159,176.70709512820076,174.99703981907285,76.63314954936504,11,-0.0020800299535039812,1.6351423747837543,0.17166603822261095
1638,0.219346543,1784956849.614967,159.26904024704515,174.74432756050672,90.90719942376018,14,-0.00042068507173098624,2.326959542930126,0.13295098906382918
1640,0.219346543,1784956849.874201,177.52669907086275,174.33092923781078,77.1398541033268,11,-0.00207100497209467,0.881261020898819,0.16208959743380547
1642,0.219346543,1784956850.1321988,155.91833869858277,174.23602195255518,90.16567294299603,12,-0.00214870463241823,1.8492234274744987,0.14367046300321817
1644,0.219346543,1784956850.416074,169.31141521932082,174.21131805798308,84.10248235799372,14,-0.002108670596498996,0.7033825293183327,0.13690334418788552
1646,0.219346543,1784956850.696992,157.37937069787927,174.4554763561308,90.58068488538265,12,-0.00027868495089933276,1.220715954899788,0.09224621579051018
1648,0.219346543,1784956850.98706,164.66742676281922,174.63222199328536,81.72341727465391,13,-0.0017104484286392108,1.4091429263353348,0.15272897807881236
1650,0.219346543,1784956851.2722108,186.97702240712016,175.17089339261278,69.02931728586555,12,-0.0018468984635546803,1.290985856205225,0.1725814128294587
1652,0.219346543,1784956851.528301,192.0385640992961,175.5138736784025,68.67584997229278,11,-0.001235407980857417,1.0860676988959312,0.13648733170703053
1654,0.219346543,1784956851.811101,185.04084436881746,175.7041930663765,70.93279949761927,11,-0.0010589685625745915,0.7397284340113401,0.1042315736413002
1656,0.219346543,1784956852.072101,171.92459319989507,176.14853292463076,80.21889163739979,11,0.0012783822603523731,2.092104956507683,0.09780757129192352
1658,0.219346543,1784956852.3302279,178.3814838957234,176.05163257655414,81.27090007066727,9,-0.002034914039541036,0.6455644890666008,0.16679724399000406
1660,0.219346543,1784956852.6199858,181.27783808828528,175.8223939338426,86.81657788157463,9,-0.0010694053780753165,1.1234075278043747,0.11069369548931718
1662,0.219346543,1784956852.8803918,164.51605110378878,174.88786723933018,89.05422367714345,13,-0.003378702560439706,2.5696138441562653,0.11352213937789202
1664,0.219346543,1784956853.139416,171.80364510326734,174.73708007326314,80.21306965127587,11,-0.0012697566198767163,1.6197173744440079,0.12878385605290532
1666,0.219346543,1784956853.4227872,159.49430720459054,174.09415761485036,91.83760464563966,11,-0.0015271346564986743,1.0551167838275433,0.14010085351765156
1668,0.219346543,1784956853.6831539,176.91013788766784,174.36925190294417,85.74057534337044,10,-0.0009144160139840096,0.8220007978379726,0.08318317355588078
1670,0.219346543,1784956853.9699311,163.77487438894377,174.0633631272172,90.49997710436583,11,-0.0015606599627062678,1.2949788346886635,0.14540090505033731
1672,0.219346543,1784956854.2305532,164.25394492554722,174.17006887996675,90.7899734894745,11,-0.001174755278043449,0.7835002280771732,0.09286907454952598
1674,0.219346543,1784956854.48862,170.84198454128648,174.00735276509005,84.91613321378827,12,-0.001196045894175768,1.2845198474824429,0.10439572390168905
1676,0.219346543,1784956854.7730198,149.82033708018486,173.53334389176035,107.20811823848635,14,-0.0008744340302655473,1.971685416996479,0.08355054561980069
1678,0.219346543,1784956855.0350459,171.79060635531263,173.27992017851477,73.103461407125,13,-0.0006939753657206893,0.7318268492817879,0.08629412576556206
1680,0.219346543,1784956855.31469,182.37947885406095,172.95065086564694,79.93581186980009,11,-0.002010422176681459,1.3411108255386353,0.15187411196529865
1682,0.219346543,1784956855.6034932,168.53017654824092,173.11910967189968,87.0338123999536,12,-0.0012856908433604985,2.365327462553978,0.12577748764306307
1684,0.219346543,1784956855.86237,161.75067577530547,172.8769752958078,98.15677784010768,12,-0.0009053627145476639,1.8854275718331337,0.0901695906650275
1686,0.219346543,1784956856.145652,176.15367216034892,172.81058943418574,80.56483166478574,9,-0.0009024419559864327,0.8170952722430229,0.08609615592285991
1688,0.219346543,1784956856.4069278,172.23438058988717,173.2073808324147,83.31196093559265,12,-0.0012503464531619102,0.9469613432884216,0.14643873600289226
1690,0.219346543,1784956856.729333,174.39268330311396,173.21854578309615,74.30058715865016,12,-0.0007900223426986486,1.4959761127829552,0.08681138651445508
1692,0.219346543,1784956857.012616,167.78361356118003,173.13492232550314,89.05028035491705,12,-0.002365939784795046,0.5835684817284346,0.12191196950152516
1694,0.219346543,1784956857.270772,177.00785199023142,172.95739668178456,72.34688830003142,12,-0.0015877127298153937,1.2042900621891022,0.10682144155725837
1696,0.219346543,1784956857.526578,180.19663603951764,173.87668892308898,72.07640204951167,10,-0.0010257863759761676,1.4228080175817013,0.14389305282384157
1698,0.219346543,1784956857.809699,182.42607784383296,174.07760978883445,77.42807694897056,11,-0.0020586111932061613,0.6434741001576185,0.15770909283310175
1700,0.219346543,1784956858.077852,187.2542706196475,173.95870391920533,61.98510891199112,13,-0.0018959876615554094,0.821348924189806,0.14623062126338482
1702,0.219346543,1784956858.388472,174.2448166451471,173.53320297803265,83.89021345600486,11,-0.001584513287525624,0.4393244571983814,0.11649317434057593
1704,0.219346543,1784956858.649018,154.70639030814274,172.3478192305719,92.14777617529035,15,-0.0008329988631885499,1.594110980629921,0.1743145864456892
1706,0.219346543,1784956858.908395,175.24738176679503,172.42568511307513,80.53700529038906,12,-0.001902405172586441,1.769101895391941,0.13555855909362435
1708,0.219346543,1784956859.191327,184.01725050855515,172.2992166772891,68.40391087532043,11,-0.0013915838935645297,1.3466989658772945,0.13586102379485965
1710,0.219346543,1784956859.450985,181.4853586024309,172.34910711178875,80.13119707629085,10,-0.0021635681987390853,1.020002406090498,0.16534062940627337
1712,0.219346543,1784956859.712736,173.61094897157855,172.51490880502595,81.97648340091109,11,-0.0012343305279500782,2.1416231393814087,0.12622246658429503
1714,0.219346543,1784956860.023047,161.33399009417582,171.87955448597074,97.31459231302142,13,-0.0010428474051877856,0.9307700619101524,0.1229176502674818
1716,0.219346543,1784956860.7195761,197.92191159429782,172.81060551651316,66.62293261662126,11,-0.0018427141476422548,1.514486227184534,0.14035349432379007
1718,0.219346543,1784956861.053138,159.00068718320216,172.73979810041033,92.27838134486228,15,-0.0006737512303516269,2.268072433769703,0.09529984928667545
1720,0.219346543,1784956861.315864,165.20485438995482,172.67744256027817,85.79094743914902,12,-0.0021450185449793935,0.9132457338273525,0.12067125691100955
1722,0.219346543,1784956861.5767858,151.27233405354716,172.11079401304715,102.08993875049055,14,-0.0034960840130224824,0.5327807143330574,0.1472813431173563
1724,0.219346543,1784956861.8624299,186.2509625983696,172.15498673890798,69.61715869605541,12,-0.0014682107721455395,1.1695289127528667,0.1276074075140059
1726,0.219346543,1784956862.1215181,174.92048076661388,172.7653208360979,84.69645868241787,11,-0.0016220432007685304,1.291195809841156,0.13198222173377872
1728,0.219346543,1784956862.381275,167.0476338878821,172.7453279419789,90.28369070962071,12,-0.0012317463551880792,1.7281988188624382,0.11446331674233079
1730,0.219346543,1784956862.6655831,181.96747794326853,172.87105225499286,73.6187312938273,10,6.250783189898357e-05,0.9163435287773609,0.15011650696396828
1732,0.219346543,1784956862.923188,163.68402246274874,172.91895403762476,90.43962934985757,11,-0.0017223456525243819,1.061170518398285,0.15303190937265754
1734,0.219346543,1784956863.209711,175.39936449025308,172.80385426547932,77.51060488447547,10,-0.0019133509485982358,0.755391601473093,0.15041605290025473
1736,0.219346543,1784956863.474584,179.7386120913753,172.35514983297006,73.30682400986552,12,-0.0012503154939622618,1.7450222447514534,0.11042854934930801
1738,0.219346543,1784956863.730119,187.50055247499438,172.48533924225111,68.42729266732931,11,-0.0019137420749757439,1.3493330851197243,0.17791857151314616
1740,0.219346543,1784956864.016526,184.38356734575598,172.23958124415603,80.25887748971581,10,-0.0013741407892666757,1.481682188808918,0.14281152095645666
1742,0.219346543,1784956864.275105,172.18942535047546,171.75118051213286,77.18873579800129,13,-0.0024093175015877932,1.3534004911780357,0.12578049348667264
1744,0.219346543,1784956864.5352142,184.66115066866828,172.63202082688153,72.98304729908705,12,-0.0011201564921066165,2.0078236870467663,0.12255794834345579
1746,0.219346543,1784956864.840277,169.22716248810818,172.02506337188063,81.52044608443975,12,-0.001255405368283391,1.1946547143161297,0.12924103951081634
1748,0.219346543,1784956865.101064,183.5145887909708,171.96608390932332,74.69830472394824,13,-0.0025596556661184877,1.0513904355466366,0.1363263987004757
1750,0.219346543,1784956865.75488,164.21672177203973,171.73302373354062,79.75795199535787,10,-0.0019313838201924227,0.38559591211378574,0.12614835379645228
1752,0.219346543,1784956866.044495,162.81506726900753,170.8939823850951,92.393968436867,12,-0.001631828024983406,1.3388959094882011,0.11624104296788573
1754,0.219346543,1784956866.307043,164.57936827602106,171.7724376280095,86.7027953825891,11,-0.002343726111575961,0.5357461236417294,0.1453705201856792
1756,0.219346543,1784956866.5934248,162.32967567405112,171.48037996847458,95.39809896796942,12,-0.0007247354806168005,2.1037509217858315,0.06601363467052579
1758,0.219346543,1784956866.8537211,158.37560395820694,171.3939803311962,97.95987563952804,12,-0.0007694412488490343,1.008349772542715,0.07307780510745943
1760,0.219346543,1784956867.11577,182.4795887496039,171.34553274041838,75.58216682076454,10,-0.0017084188875742257,1.9131477922201157,0.16096854861825705
1762,0.219346543,1784956867.400616,185.79130487303382,171.67171588331993,71.11565902456641,12,-0.0014329497062135488,1.6230107061564922,0.14235106110572815
1764,0.219346543,1784956867.66029,174.1100832720489,172.0454721609515,83.33293087035418,11,-0.0008527770842192695,2.0313711166381836,0.06701964372768998
1766,0.219346543,1784956867.9423308,179.02355747323207,171.3863066454297,75.80551275238395,11,-0.0010888396354857832,0.9927514493465424,0.11330358544364572
1768,0.219346543,1784956868.200088,156.16073058100037,171.44573656699305,92.04473700933158,12,-0.0009933833498507738,1.93592918664217,0.10205310769379139
1770,0.219346543,1784956868.45753,179.10184753126134,171.95636311808485,79.67565635591745,11,-0.0011844988912343979,1.0554474703967571,0.12736934470012784
1772,0.219346543,1784956869.117032,193.93759636707986,173.90740538689818,63.093383602797985,12,-0.0023760733238304965,0.4956496227532625,0.13407939253374934
1774,0.219346543,1784956869.399176,173.2240153853353,173.74658750666305,81.32585068419576,14,-0.0014865603588987142,0.9421384483575821,0.12764565832912922
1776,0.219346543,1784956869.65918,157.3336736581007,173.48387119143956,94.05858129449189,16,-0.0018828318425221369,4.243536032736301,0.1675498620606959
1778,0.219346543,1784956869.9414232,155.69549638169977,173.06490906653488,93.25906355679035,14,-0.0016569453291594982,0.9974689707159996,0.1512665539048612
1780,0.219346543,1784956870.1982331,179.53464470462728,172.54673363509116,74.23829646781087,12,-0.0016722000436857343,0.976933266967535,0.10048297978937626
1782,0.219346543,1784956870.484428,170.83862959447018,172.2797238765127,91.27301925420761,13,-0.000549506519746501,1.7138808816671371,0.10759469121694565
1784,0.219346543,1784956870.744243,172.66846927851557,172.24048015605098,83.72827847115695,12,-0.002374840551055968,1.3653224110603333,0.13962475955486298
1786,0.219346543,1784956871.003136,168.94958149844422,172.07438109920645,86.1107496805489,15,-0.0007782034517731518,0.7749984115362167,0.07910640398040414
1788,0.219346543,1784956871.286399,175.4286012875138,172.09493578916369,82.50459375232458,14,-0.0018403069261694327,1.0421789735555649,0.1322486731223762
1790,0.219346543,1784956871.5453398,146.53065873215502,171.9826166617811,98.80567367747426,14,-0.001990747099625878,3.2188938707113266,0.1761077563278377
1792,0.219346543,1784956871.806721,160.74648583688395,172.15539087966113,102.16091283038259,13,-0.0006084949272917584,4.825787708163261,0.07775435969233513
1794,0.219346543,1784956872.090871,180.63368192583116,171.72843720058572,83.31092416495085,16,-0.0014134641387499869,1.6290635988116264,0.15438696322962642
1796,0.219346543,1784956872.351708,169.02893646401145,172.1013910006563,90.58005369268358,10,-0.001317057351116091,2.8383420258760452,0.11129048699513078
1798,0.219346543,1784956872.63662,178.02730564843353,171.75039514217104,78.05965787917376,12,-0.0011045618448406458,0.8634346425533295,0.11351151950657368
1800,0.219346543,1784956872.8947258,179.45993296781717,171.92823190698675,79.63126259297132,10,-0.0012375289952615276,2.350703313946724,0.13713210821151733
1802,0.219346543,1784956873.152707,177.83385592455235,172.45191144375102,74.6792376562953,12,-0.002734368434175849,1.601894997060299,0.1183776343241334
1804,0.219346543,1784956873.436687,177.00835487623493,172.19361804657174,77.3768611587584,13,-0.001986880088225007,1.326820194721222,0.14396987576037645
1806,0.219346543,1784956873.694622,167.64274270587225,172.10998843125418,89.1127640157938,11,-0.0013610930182039738,1.2678040452301502,0.13312467420473695
1808,0.219346543,1784956873.9793081,161.41346992353334,171.64462331057507,99.48479148745537,15,-0.0019210302270948887,0.6899914517998695,0.12087744101881981
1810,0.219346543,1784956874.2707489,172.84198007993652,171.59908944110623,79.19368238560855,12,-0.0021774621927761473,0.4614316448569298,0.1358275655657053
1812,0.219346543,1784956874.5281181,176.07083367365257,171.3924739278953,82.23196245729923,13,-0.0023299402091652155,1.3459230735898018,0.11564612481743097
1814,0.219346543,1784956874.813122,175.89577713549622,171.02636794654532,77.4223061837256,12,-0.0013724844466196373,1.1381400972604752,0.1396918105892837
1816,0.219346543,1784956875.076938,156.9295931292032,169.78874824272592,102.3542477786541,14,-0.0018800700345309451,1.2605476416647434,0.11288319481536746
1818,0.219346543,1784956875.335756,152.62942600167446,169.62454975862354,111.6337997764349,13,-0.0010935541940853,2.5882900431752205,0.11261061346158385
1820,0.219346543,1784956875.6239061,187.03709546843848,169.75686194128494,68.44765137508512,13,-0.0013792270619887859,1.5414885058999062,0.15904497914016247
1822,0.219346543,1784956875.881902,176.6153496957731,169.15073217741102,74.21851033717394,10,-0.0015480865477002226,0.8850186802446842,0.13177331537008286
1824,0.219346543,1784956876.142714,165.41068460471755,169.04173243670758,93.02024222910404,12,-0.0014272670377977192,1.815131537616253,0.1693832310847938
1826,0.219346543,1784956876.428698,162.24662761268527,169.0335524174347,92.86585323885083,12,-0.0010953015298582613,1.8253565654158592,0.12015368742868304
1828,0.219346543,1784956876.688871,177.10858576147777,169.51019280486068,74.69926844909787,11,-0.001992975128814578,0.870133776217699,0.1628286405466497
1830,0.219346543,1784956876.9703622,171.81939734790708,169.83324519370402,77.92402270436287,11,-0.0017138158436864614,0.8626798093318939,0.15485452115535736
1832,0.219346543,1784956877.229378,159.50365888578895,169.79285831797694,95.83019875362515,15,-0.0014026813441887498,1.0100817829370499,0.1300068679265678
1834,0.219346543,1784956877.4860601,170.59780177068768,170.1585361114052,80.16325329989195,10,-0.0024260010104626417,1.053031899034977,0.15150822000578046
1836,0.219346543,1784956877.7692878,160.65425245147986,169.96778506257394,91.57092830352485,13,-0.000600247090915218,1.1225418001413345,0.0661064877640456
1838,0.219346543,1784956878.030085,164.62492666777635,169.39461486687577,80.74037114717066,12,-0.0006006651092320681,0.9783163294196129,0.0775082535110414
1840,0.219346543,1784956878.290947,156.1439594097955,169.638738420573,95.16759156063199,9,-0.0014499807148240507,3.014686942100525,0.13580591836944222
1842,0.219346543,1784956878.594574,166.42416953980032,169.8680735614652,89.97254206612706,12,-0.0017704639467410743,0.7969744056463242,0.13532228767871857
1844,0.219346543,1784956878.8543,183.6302610055947,170.10252477382735,78.61490136012435,11,-0.0023190077699837275,1.9041725620627403,0.13979795761406422
1846,0.219346543,1784956879.13884,179.4285615538743,170.06439396101325,81.21220424026251,11,-0.0013863548592780717,2.48055262863636,0.14076699875295162
1848,0.219346543,1784956879.396443,169.12202010787473,169.66793703234012,84.7318591941148,11,-0.0012998828897252679,1.8924159035086632,0.1011001942679286
1850,0.219346543,1784956879.656081,185.0737933393271,169.5228738980387,74.4677616469562,10,-0.0015215476450975984,1.0053062960505486,0.10953397629782557
1852,0.219346543,1784956879.939522,164.88392472868665,169.41626225400785,92.49564028531313,10,-0.0016576011184952222,1.6117066144943237,0.09804259147495031
1854,0.219346543,1784956880.196992,184.13225993609225,169.86471879996108,66.62177898548543,11,-0.0006579753244295716,0.7726465240120888,0.08879782306030393
1856,0.219346543,1784956880.453328,170.18059490165936,169.85770962879187,80.94255381450057,12,-0.0008679034071974456,2.078164018690586,0.11753109470009804
1858,0.219346543,1784956880.735219,172.70001872307046,170.3786697980166,86.23031011596322,10,-0.0014801352517679334,0.917026162147522,0.12837377842515707
1860,0.219346543,1784956880.999285,182.12388082095413,170.27380539527582,74.72761089261621,10,-0.002301359549164772,1.3003306649625301,0.13374367402866483
1862,0.219346543,1784956881.2849479,184.9418540624149,170.1970410482528,76.9253606647253,10,-0.0014079696411499754,1.2114355936646461,0.12282115034759045
1864,0.219346543,1784956881.5436401,189.26576255896,170.75862348076294,74.00493312627077,11,-0.0011061517288908362,1.118360474705696,0.1340029095299542
1866,0.219346543,1784956881.803402,175.93209726251715,171.87139532322118,78.761848308146,11,-0.0020261036115698516,1.3793446347117424,0.18541415967047215
1868,0.219346543,1784956882.086962,163.3228650745324,172.01110087856185,90.15065982192755,10,-0.0007384433993138373,1.222010537981987,0.08187090000137687
1870,0.219346543,1784956882.345356,161.0438691333122,171.40588852782494,87.85395077476278,10,-0.0013756098924204707,0.9853791035711765,0.14980635093525052
1872,0.219346543,1784956882.6030562,185.48439863683376,171.11114686627826,68.5428806990385,12,-0.0011128425467177294,1.7537914589047432,0.12967456877231598
1874,0.219346543,1784956882.8857641,168.72482738361444,171.37498422481164,83.63783421739936,12,-0.0012185584637336433,0.5972071420401335,0.09609384601935744
1876,0.219346543,1784956883.166135,189.9249107678815,171.80670127722408,67.2592263892293,10,-0.0009107182559091598,0.7418260537087917,0.0738458123523742
1878,0.219346543,1784956883.446493,182.11926376749685,171.60285497462263,76.2304801903665,10,-0.0010193509369855747,0.7432716563344002,0.10464661009609699
1880,0.219346543,1784956883.707347,184.7853686792481,171.70825868363374,73.7475307919085,9,-0.0013928084736107849,1.854644164443016,0.13386590778827667
1882,0.219346543,1784956883.9740748,154.79204861862058,171.498285027837,99.25261300802231,14,-0.0009403878357261419,1.9441285952925682,0.09624809306114912
1884,0.219346543,1784956884.2587771,182.56427684909582,171.47644807439178,77.6450318172574,9,-0.001096347565180622,1.5555820278823376,0.12210845621302724
1886,0.219346543,1784956884.5170088,181.5102163660726,172.27433024606864,79.46095152571797,12,-0.0015141231124289334,1.0851165503263474,0.1341404840350151
1888,0.219346543,1784956884.772197,180.0680195667343,172.92982295327715,80.15527524799109,9,-0.0013040035773883574,1.8137144595384598,0.12472588289529085
1890,0.219346543,1784956885.0573099,165.41247740086817,172.6929937645214,90.49600736796856,11,-0.0012715946068055928,0.6248584650456905,0.1265535349957645
1892,0.219346543,1784956885.315397,188.6488613597546,173.07901977787705,73.19045312702656,12,-0.0016904775984585285,1.2767992913722992,0.14769193530082703
1894,0.219346543,1784956885.598007,167.49261124825998,172.73980239554115,89.06645574979484,12,-0.0011333967559039593,0.5411507114768028,0.11129607167094946
1896,0.219346543,1784956885.857426,192.6318152752265,173.3628902648005,72.87588388845325,11,-0.0008865576528478414,0.6994582042098045,0.12722129980102181
1898,0.219346543,1784956886.1195788,173.80299726369185,173.8503469262402,77.28300019353628,12,-0.0019449403625912964,1.2228295244276524,0.14374383445829153
1900,0.219346543,1784956886.401404,174.9908653789828,173.9246998048266,79.61367901414633,9,-0.001072075916454196,0.30731127597391605,0.06524936179630458
1902,0.219346543,1784956886.660779,181.60911169125697,174.26943976738153,76.87528362497687,10,-0.00117054398288019,0.4192140121012926,0.09239169117063284
1904,0.219346543,1784956886.9418712,185.77609784099502,173.74719383465302,74.08710585907102,10,-0.0011614830000326037,0.660542557016015,0.12137470114976168
1906,0.219346543,1784956887.226054,176.24724682329773,174.07107829589935,75.74138971045613,11,-0.0018402983696432784,1.507721595466137,0.14915765170007944
1908,0.219346543,1784956887.4817548,184.9059287399795,174.52863428757098,78.14665104448795,11,-0.0011373412562534213,2.4615637063980103,0.10269316378980875
1910,0.219346543,1784956887.841417,173.30169624230146,174.4671118241543,75.69185923598707,12,-0.0010335617698729038,1.4113805666565895,0.09797184960916638
1912,0.219346543,1784956888.133404,168.17979248026893,174.8047011751176,93.91217904910445,10,-0.002426441409625113,1.5422868058085442,0.18715619016438723
1914,0.219346543,1784956888.394799,172.69356804572456,174.50462728446593,85.62753754109144,11,-0.0019383869439479895,1.297545151785016,0.1832439424470067
1916,0.219346543,1784956888.679709,176.34082050143033,174.75761762772774,79.79459786787629,10,-0.0013367271749302745,0.7748931031674147,0.12857460090890527
1918,0.219346543,1784956888.943241,165.7609086180848,174.81991366959883,91.70714840432629,12,-0.0010101096850121394,1.1559843122959137,0.10025221994146705
1920,0.219346543,1784956889.20089,172.41752092751557,174.97512049993514,78.1933324560523,12,-0.0019174614062649198,1.348075769841671,0.1866798996925354
1922,0.219346543,1784956889.488142,182.6682233696543,175.4523095178003,76.21970822289586,11,-0.0010986668057739735,1.560511700809002,0.10656487848609686
1924,0.219346543,1784956889.74662,175.32623863543472,175.56905689330867,87.87818150222301,9,-0.0007796352729201317,2.5646215304732323,0.06897321902215481
1926,0.219346543,1784956890.096032,185.7213898060494,175.9825015802331,74.25776886194944,12,-0.0008728294778848067,0.7421985790133476,0.08712998917326331
1928,0.219346543,1784956890.351719,172.79134694732974,176.02300647563143,78.52946297544986,11,-0.0008494675857946277,2.7370091378688812,0.07582282926887274
1930,0.219346543,1784956890.609971,168.05023284295723,175.38631306181472,88.14460298418999,12,-0.0011444196570664644,2.143299773335457,0.11282266769558191
1932,0.219346543,1784956890.89165,188.798030603811,175.90625848348816,65.73233580216765,10,-0.0010931268334388733,0.48637753911316395,0.11236966587603092
1934,0.219346543,1784956891.151953,164.25816226017488,175.50386704959524,86.50068403221667,13,-0.0021660805796273053,1.046998519450426,0.14301255764439702
1936,0.219346543,1784956891.4094121,168.3836634355887,174.78413961596357,82.92191761359572,11,-0.0010835595312528312,0.8671859428286552,0.08684328035451472
1938,0.219346543,1784956891.6939268,187.4833562916128,174.83153062394445,68.77153793722391,12,-0.000695769558660686,1.286759428679943,0.14406229136511683
1940,0.219346543,1784956891.9528608,164.19311415260194,174.82791580491184,93.08950114250183,11,-0.0012425738386809826,1.764230728149414,0.06030135974287987
1942,0.219346543,1784956892.236724,159.16245139110492,174.64144297833045,104.18208062276244,13,-0.0007961269002407789,2.8043115958571434,0.07667511166073382
1944,0.219346543,1784956892.51933,165.94634413279886,174.87022871104077,98.4357223585248,11,-0.00117089158447925,3.6098540872335434,0.10716951685026288
1946,0.219346543,1784956892.775879,177.0343911320156,174.46384792397396,75.07045288011432,11,-0.00110780491377227,0.9302232339978218,0.0934884175658226
1948,0.219346543,1784956893.060446,156.48384550412658,173.8796532368845,102.3798279799521,14,-0.000762990879593417,0.8768946677446365,0.07213694788515568
1950,0.219346543,1784956893.324685,180.92468075685528,174.1476355330689,72.87189911678433,11,-0.0016235885996138677,0.6009405292570591,0.13883489137515426
1952,0.219346543,1784956893.5811682,179.44747903508218,173.97739778715436,76.52151238545775,9,-0.0008026220457395539,2.6595766991376877,0.07543494715355337
1954,0.219346543,1784956893.864131,169.78047419308004,174.04554023804695,82.23775917850435,12,-0.0014691025644424371,1.2342397458851337,0.10275912703946233
1956,0.219346543,1784956894.118746,172.22329180629987,173.8789743883546,83.96175246685743,12,-0.0012367755552986637,0.9619690217077732,0.11184606561437249
1958,0.219346543,1784956894.401567,179.01880269227055,173.68229560080792,80.01432003825903,12,-0.0012418479891493917,1.807050921022892,0.08153719920665026
1960,0.219346543,1784956894.6635032,166.39051892310434,173.79377136775497,88.79244235157967,11,-0.0016284375305986032,0.8057347200810909,0.15765929641202092
1962,0.219346543,1784956894.92272,177.63550095231997,173.5245431970483,74.5029181689024,12,-0.0011014030314981937,1.4941302612423897,0.09183312952518463
1964,0.219346543,1784956895.207468,177.79641282332562,173.99331793816972,88.48839163035154,10,-0.001376687956508249,1.3854924589395523,0.1369790039025247
1966,0.219346543,1784956895.4684649,159.00012699394915,173.71699548967013,89.71804182231426,14,-0.0008579439017921686,1.7977422550320625,0.09064305620267987
1968,0.219346543,1784956895.7287989,166.72587149692308,173.8370541330449,91.06581193208694,13,-0.0009390529776283074,0.7539575677365065,0.0911752691026777
1970,0.219346543,1784956896.010763,194.35643794617508,173.95765200564082,66.6520358454436,11,-0.0010849469108507037,1.5881100445985794,0.12803983222693205
1972,0.219346543,1784956896.272655,187.74894349462852,173.5447009388354,74.50865747779608,10,-0.0012522704200819135,0.8461240231990814,0.11297932313755155
1974,0.219346543,1784956896.5553339,175.6058151424578,173.69551602652626,83.62223850935698,13,-0.001198192243464291,0.7982752397656441,0.11936639901250601
1976,0.219346543,1784956896.817211,173.49767743250516,173.15219337631018,83.95200097933412,12,-0.0007978676585480571,2.1073261350393295,0.12230958696454763
1978,0.219346543,1784956897.093914,166.62642139938862,173.1013185641605,86.07814300432801,15,-0.001605434576049447,0.8764571771025658,0.14934933371841908
1980,0.219346543,1784956897.376696,176.4866396974222,173.52121747951725,79.76387816295028,13,-0.001168924500234425,0.7068660315126181,0.12073101429268718
1982,0.219346543,1784956897.6359758,157.09881825534205,172.90094602934238,98.61394596286118,12,-0.0005836766358697787,1.9351388216018677,0.07535611372441053
1984,0.219346543,1784956897.8976939,182.14873757984253,172.7381031130348,79.69364723563194,11,-0.0030379227246157825,1.5389767363667488,0.11679833941161633
1986,0.219346543,1784956898.179456,175.81850447515322,173.13059345101402,86.64426016807556,10,-0.0013245358131825924,1.070379599928856,0.1353190066292882
1988,0.219346543,1784956898.436977,179.04796223488543,172.77302781323047,75.72749644517899,12,-0.0012848011683672667,1.2856041081249714,0.10037970426492393
1990,0.219346543,1784956898.722782,155.16367166392044,172.6810057893574,114.93686541356146,15,-0.0009744760827743448,4.9086157232522964,0.08554182387888432
1992,0.219346543,1784956898.9788742,170.66161042157785,172.4949909920295,82.89156825095415,12,-0.0015313621261157095,1.3040259219706059,0.12406308064237237
1994,0.219346543,1784956899.238663,181.55487295310655,172.44693063258862,77.97037987783551,11,-0.0017468035512138158,2.740405857563019,0.17573844268918037
1996,0.219346543,1784956899.5212018,158.38079011699546,171.92728527525054,94.95347042381763,10,-0.001440595427993685,1.4951815269887447,0.13224850362166762
1998,0.219346543,1784956899.780514,175.313600685222,172.34372421608037,80.22883401811123,10,-0.001028750353725627,1.3142965696752071,0.0989095326513052
2000,0.240589293,1784956900.4199429,175.5102801810346,172.0936674832682,77.29725793004036,10,-0.0012252960004843771,1.6352651752531528,0.10065098945051432
2000,0.240589293,1784956900.4199429,175.5102801810346,172.0936674832682,77.29725793004036,10,-0.0012252960004843771,1.6352651752531528,0.10065098945051432
