_step,_runtime,_timestamp,train/reward,train/reward_rolling_avg,train/distance,train/consumption,train/actor_loss,train/critic_loss,train/entropy
2,0.152557833,1784957309.802133,-1563.6978834607135,-1606.509768853766,1857.7076556831598,121,-0.009647285740356892,4124.112640380859,0.6468757092952728
4,0.152557833,1784957310.9657001,-278.36770565747696,-1036.7959754651627,844.5816952437162,61,-0.008217060356400907,201.67492961883545,0.500519409775734
6,0.152557833,1784957312.000533,15.957963567933994,-703.6490977705998,340.3148658424616,27,-0.0026762878405861557,31.635016202926636,0.37062885984778404
8,0.152557833,1784957312.638944,13.329013868169532,-521.21227509927,356.60032922029495,38,-0.0062802411848679185,7.099858969449997,0.42187074944376945
10,0.152557833,1784957313.360974,122.31860871803063,-402.17835045602857,148.58084436133504,18,-0.0039763933746144176,5.302719905972481,0.2777735162526369
12,0.152557833,1784957313.74335,96.53537733051925,-319.69058027148895,206.37730544432998,18,-0.002407180960290134,11.361762762069702,0.21791012957692146
14,0.152557833,1784957314.411061,155.6702425737567,-254.65418015052973,113.69301731139421,11,-0.0023575466620968655,18.4105966091156,0.1812337003648281
16,0.152557833,1784957314.69314,105.62504981280689,-208.5445201755821,168.2330072671175,9,-0.0022430868993978947,5.4670568108558655,0.15545316878706217
18,0.152557833,1784957315.00479,123.49260717727645,-170.5641640135771,135.81671012938023,8,-0.0017861534797702916,4.4536077082157135,0.1482884855940938
20,0.152557833,1784957315.29309,131.99616186804573,-140.97496951687359,129.7549437507987,10,-0.0016428455710411072,11.499011009931564,0.16428289655596018
22,0.152557833,1784957315.656984,102.95240282468481,-117.526906270564,181.55187954381108,8,-0.0009199296764563769,2.3810690566897392,0.12262018630281091
24,0.152557833,1784957316.021128,138.19828251360278,-97.7722495626186,122.13471805304289,10,-0.0011995686800219119,11.977047741413116,0.11231314158067107
26,0.152557833,1784957316.334532,128.61273837483327,-80.5421989848047,135.48133698105812,10,-0.006263503921218216,18.109689354896545,0.09338931040838361
28,0.152557833,1784957316.6653152,145.90213413553684,-65.29120756992437,112.63666173815727,8,-0.0013289471171447076,2.9341768696904182,0.12062685610726476
30,0.152557833,1784957316.9808772,115.43557100708668,-52.97096563092302,163.88897228054702,10,-0.0015493770479224622,2.0759357810020447,0.1447466779500246
32,0.152557833,1784957317.271188,127.38806192287934,-41.76084869680837,122.34790549427271,9,-0.001973770558834076,19.419036746025085,0.1476620938628912
34,0.152557833,1784957317.586624,114.98167823735096,-32.04307922107011,153.88859869539738,14,-0.0013557769416365772,1.2204191647469997,0.1778907012194395
36,0.152557833,1784957317.8989801,149.6405367035511,-22.965009235677716,101.14412860944867,12,-0.0013809853116981685,19.307154059410095,0.14406337216496468
38,0.152557833,1784957318.2090938,141.67375662678103,-14.61463614030575,112.4105064664036,14,-0.0007900768832769245,5.240038484334946,0.11245496897026896
40,0.152557833,1784957318.488207,136.28112266654568,-6.591519253786697,142.5655712261796,7,-0.00236085441429168,5.080880790948868,0.185049201361835
42,0.152557833,1784957318.76946,149.29647762727203,0.08799849628134382,112.89977988600731,10,-0.002134000271325931,30.105233669281006,0.15679236594587564
44,0.152557833,1784957319.111951,133.28929536385402,5.956000427548141,139.34660950303078,14,-0.00674764761060942,1.7199166044592857,0.20750190503895283
46,0.152557833,1784957319.467562,120.05799597749449,11.220564399791579,179.29465429484844,15,-0.0072267194773303345,5.21771976351738,0.1594986179843545
48,0.152557833,1784957319.765738,120.98280611090112,16.10686305246843,146.49754133075476,13,-0.0027124338812427595,5.930732548236847,0.21331370994448662
50,0.152557833,1784957320.11576,137.6379447913897,20.54887637367885,125.64616544544697,13,-0.002168814855394885,2.796742931008339,0.22172468435019255
52,0.152557833,1784957320.407434,127.27577962221649,90.0606576597832,137.24677969142795,13,-0.0040693425689823925,2.537628635764122,0.2521677128970623
54,0.152557833,1784957320.751345,109.21043276305029,113.39411821515264,160.73508669808507,15,-0.002150911430362612,1.4855182468891144,0.17991594597697258
56,0.152557833,1784957321.068764,147.64210692768964,120.65223384672197,111.12859028205276,12,-0.0030607372464146465,2.054772101342678,0.19039333052933216
58,0.152557833,1784957321.363714,138.59591912005882,124.92988074943065,114.28410685807467,12,-0.0033030678750947118,6.060512691736221,0.2343849278986454
60,0.152557833,1784957321.675464,129.9273557585696,127.37870441137558,146.43785820156336,13,-0.001028209226205945,2.3924757838249207,0.26205261051654816
62,0.152557833,1784957321.960317,151.0143919504145,129.141245773688,115.60002084635198,14,-0.003853405360132456,1.584423840045929,0.24156634230166674
64,0.152557833,1784957322.392341,120.30555056211934,128.81868034895612,150.2819117642939,15,-0.004629713366739452,1.4852291457355022,0.28093718737363815
66,0.152557833,1784957322.7337,151.7798473516395,129.52014164164473,106.49485433846712,11,-0.0033151081297546625,1.6275058686733246,0.21984647400677204
68,0.152557833,1784957323.2105138,141.59665111450713,129.5363752819086,112.99992217496037,15,-0.0007754003891022876,2.642837382853031,0.21003741957247257
70,0.152557833,1784957323.582005,106.81815850377932,129.25878719780025,165.3156873881817,20,-0.001197123376186937,1.9726699069142342,0.228858957067132
72,0.152557833,1784957323.8929121,128.08874085782668,129.64664771497053,152.12180557101965,16,-0.006627589231356978,2.286730222404003,0.16754219494760036
74,0.152557833,1784957324.5656488,157.88508481547922,129.89184963507134,89.73878148756921,9,-0.00047153138439171016,1.8010530099272728,0.16455565951764584
76,0.152557833,1784957325.4686809,156.84301382902925,130.90688074686383,101.75897120684385,11,0.0024720877408981323,1.7739003598690033,0.17764006089419127
78,0.152557833,1784957325.814909,134.1724459707708,131.17140755901997,129.068689474836,12,-0.005580364377237856,1.4433813989162445,0.2177894078195095
80,0.152557833,1784957326.1781492,149.07771328079627,132.22294116562972,125.18714847415686,13,-0.007138429529732093,2.49020142108202,0.26192209124565125
82,0.152557833,1784957326.51331,126.49420277396229,132.55166543230808,145.54116748645902,12,-0.0016032775456551462,3.0186859369277954,0.24164698831737041
84,0.152557833,1784957326.814838,139.3836131328878,132.54980559005037,128.31755793094635,13,-0.0033091342193074524,3.498180329799652,0.2583018420264125
86,0.152557833,1784957327.1515038,129.42588760963767,132.50800358097783,142.377388112247,9,-0.0018262988305650651,0.6565612684935331,0.16935981903225183
88,0.152557833,1784957327.468367,142.75336413580712,132.84018702534678,109.26902842149138,11,-0.0023525395372416824,1.178374733775854,0.21250628121197224
90,0.152557833,1784957327.80084,154.76423473026796,132.79764715340522,113.13274020701647,9,-0.0012646422255784273,4.675832688808441,0.1404263866133988
92,0.152557833,1784957328.581613,164.5098470521901,133.1691482938208,94.98458951711655,12,-0.0009228968992829323,0.9468572400510311,0.22620910964906216
94,0.152557833,1784957328.8599522,145.62768885238208,133.9999847590175,134.1595522388816,12,0.003342417890962679,3.769654795527458,0.14624490682035685
96,0.152557833,1784957329.141367,123.82671265838229,134.27640672944216,141.29736605286598,13,-0.0024219362530857325,1.7707660645246506,0.3245530277490616
98,0.152557833,1784957329.4348469,136.22599814013387,134.5971431523483,134.23558677360415,18,-0.0018555995775386691,1.219739392399788,0.2550694113597274
100,0.152557833,1784957329.7102962,153.44619416311286,135.09491779180166,103.22378056123853,12,-0.0039065483724698424,2.2929901257157326,0.21347781643271446
102,0.152557833,1784957330.0140522,123.25195124276027,135.38035353046118,171.89235396683216,15,-0.0018646710086613894,1.8752145916223526,0.14565856102854013
104,0.152557833,1784957330.2757409,147.12901113624508,136.85751432426977,126.25424244627357,13,0.0001385812647640705,1.1277654431760311,0.23093599919229746
106,0.152557833,1784957330.563781,136.22523857105114,136.5409951455892,129.75480492785573,14,-0.0037035042187198997,2.529905341565609,0.2952824551612139
108,0.152557833,1784957331.217186,165.74268128053598,137.30839118696062,97.65050626173615,15,0.0015323588741011918,1.8172098472714424,0.1854781610891223
110,0.152557833,1784957331.584378,139.0931059189721,137.13251260555273,110.49051146581769,17,-0.002383620711043477,0.7872156593948603,0.3038637712597847
112,0.152557833,1784957331.894041,153.04314071973403,137.60910737971204,104.33849181607366,13,-0.0029883470124332234,2.293480336666107,0.28484581783413887
114,0.152557833,1784957332.211288,152.64156527468288,138.50726809040745,107.18691716343164,14,-0.003388069468201138,0.9603339172899723,0.3057741541415453
116,0.152557833,1784957332.481659,135.0605145628006,138.82847316803594,129.7378428839147,13,-0.0035663204616867006,3.3469578325748444,0.2286067046225071
118,0.152557833,1784957332.785533,136.14441163150752,138.45985229069282,115.53629076853395,11,-0.0031826635531615466,2.1707565933465958,0.22526302095502615
120,0.152557833,1784957333.069912,146.17658570632648,139.62618517805598,122.57484804838896,17,-0.0031749492045491934,1.768350675702095,0.2819663416594267
122,0.152557833,1784957333.361375,148.30201584010587,140.45975348470623,103.57873872667551,9,-0.00020602651056833565,2.0000291541218758,0.20919741317629814
124,0.152557833,1784957333.6805701,113.19238113013057,140.55158792330957,183.3067925721407,12,-0.003621400654083118,1.749356210231781,0.15090456511825323
126,0.152557833,1784957333.961347,165.18423001841427,140.46542309964013,94.03663938120008,9,-0.004495584013056941,1.512873575091362,0.15972311235964298
128,0.152557833,1784957334.2442298,129.55951140453135,140.34127182107838,122.54101783782244,10,-0.003328489445266314,4.07048574090004,0.2365967482328415
130,0.152557833,1784957334.540385,150.48247039642197,140.30451339184447,118.47038290649652,8,0.0003207007539458573,1.074488066136837,0.17737946286797523
132,0.152557833,1784957334.8144698,131.22594252841384,140.4284774350999,131.12226562947035,9,-0.002461586060235277,1.449766680598259,0.2405190160498023
134,0.152557833,1784957335.091718,144.7516645104373,141.1806841140513,111.1865930557251,9,-0.011358336225384846,1.2392247766256332,0.24556596111506224
136,0.152557833,1784957335.3570418,150.61715339340643,141.63495441962917,113.57157443836331,11,-0.0035544231068342924,0.5998020805418491,0.22495698370039463
138,0.152557833,1784957335.9531982,169.76623651777655,141.78501623300556,96.87349708005786,14,-0.00438220304204151,1.6697428673505783,0.3253587707877159
140,0.152557833,1784957336.2649379,153.7423483157317,141.98885161001817,108.01203933730721,11,-0.002212784100265708,0.7635119520127773,0.24088486097753048
142,0.152557833,1784957336.54211,138.2556392844283,141.99572062448763,122.42643791809678,11,-0.002256739535368979,2.0479028671979904,0.1685998933389783
144,0.152557833,1784957336.8532748,142.25242897865354,141.93339581417519,123.11721274256706,10,-0.0011863193358294666,1.1627363599836826,0.27622274309396744
146,0.152557833,1784957337.567026,139.96454329508566,142.85616716573918,126.16789248585701,13,-0.0007591983303427696,2.7171393036842346,0.20737608894705772
148,0.152557833,1784957337.82993,144.80461806268028,143.37249615189768,111.25835491344333,13,-0.001022057404043153,1.5748106688261032,0.1347469207830727
150,0.152557833,1784957338.111701,126.27670227124102,143.13669934865203,134.12474162131548,19,-0.0009899047436192632,1.845495156943798,0.19083045795559883
152,0.152557833,1784957338.388273,157.2748660084674,143.68986274514194,106.98493491765112,13,-0.0022883945784997195,1.5216076746582985,0.18125228863209486
154,0.152557833,1784957338.650424,135.14904817015747,143.31234939755313,122.23861719295382,16,-0.010482149693416432,2.1095695793628693,0.20653921831399202
156,0.152557833,1784957338.952286,147.98253740864072,143.57100324213937,102.58007365744561,13,-0.0023179934069048613,0.887086670845747,0.21123438514769077
158,0.152557833,1784957339.221449,146.92897299591476,143.58596012849145,105.92190951108932,14,-0.001715306076221168,1.1577109843492508,0.10940602282062173
160,0.152557833,1784957339.495243,167.00341063352013,144.707833198649,93.19738782942295,9,-0.003957868175348267,2.1647770404815674,0.24448717385530472
162,0.152557833,1784957339.824079,161.3918860756973,145.3323608186033,97.0028313472867,11,-0.003857753239572048,0.8980302400887012,0.14054664690047503
164,0.152557833,1784957340.0872672,154.88512200358988,145.73302592300075,101.97867145389318,9,-0.0013080122444080189,0.806523434817791,0.15224468149244785
166,0.152557833,1784957340.3624132,149.85090402742074,145.85926441669065,119.78911646082997,10,0.0005940293631283566,1.519849207252264,0.0967032671906054
168,0.152557833,1784957340.619984,131.7246854914418,146.43523370827302,121.31770560890436,14,-0.002331088326172903,0.888876311480999,0.31949470937252045
170,0.152557833,1784957340.874203,139.7452116340831,146.1433079149401,111.69171480461955,14,-0.0023911865864647552,1.151689849793911,0.3554208315908909
172,0.152557833,1784957341.184288,158.11625396156325,146.46765155458553,96.30858665704727,16,-0.003103854483924806,1.4788771271705627,0.18311050906777382
174,0.152557833,1784957341.440168,163.6431985378331,147.55130351037832,101.40385415777564,11,-0.002402108977548778,2.4453467428684235,0.11688586790114641
176,0.152557833,1784957341.689308,157.61408622697678,147.8802246977125,107.82699654996395,10,-0.006727049418259412,2.5496966913342476,0.2823567437008023
178,0.152557833,1784957341.975241,161.4726011003437,148.9222885189194,97.76204513758421,11,-0.0033487711189081892,1.7264234945178032,0.14090101793408394
180,0.152557833,1784957342.231997,164.73524728090524,149.35432522825522,94.95982173830271,12,-0.0024835328076733276,1.789776660501957,0.19457350298762321
182,0.152557833,1784957342.5080872,135.24416313561144,149.7230259931556,113.447141953744,16,-0.013463247916661203,1.8782939426600933,0.316292904317379
184,0.152557833,1784957342.783859,130.2087862808222,149.0826802081155,133.53368186578155,19,0.0006667262641713023,1.856924757361412,0.15393402241170406
186,0.152557833,1784957343.047364,147.491036797755,148.84990607264618,116.98446764238179,13,-0.0017027481444529258,2.357216976583004,0.11619630130007863
188,0.152557833,1784957343.326648,143.27647939484763,148.618167143521,108.3549257144332,16,-0.0032637353215250187,1.461655430495739,0.14683155482634902
190,0.152557833,1784957343.588727,156.07339417693478,148.81468555162186,120.00682652555406,15,-0.0021250477293506265,2.319622114300728,0.12912372034043074
192,0.152557833,1784957343.845886,137.44873970650414,148.75125526284393,109.57123907282948,12,-0.002041161758825183,2.564056731760502,0.20828144066035748
194,0.152557833,1784957344.485922,180.49211443539915,149.30923184624606,74.3271075040102,11,-0.0013865798246115446,1.0768598765134811,0.1526892939582467
196,0.152557833,1784957344.751737,157.8388812111957,148.96662593479658,100.99669645354152,15,-0.003129500080831349,1.5463374555110931,0.18168001156300306
198,0.152557833,1784957345.030978,161.50633259766312,149.13676700152496,101.9944204762578,10,-0.0015729893348179758,0.7071747705340385,0.10386566445231438
200,0.152557833,1784957345.285326,142.4201986764497,149.15540680043384,116.02213212102652,14,-0.004446196660865098,1.7541351541876793,0.21631450671702623
202,0.152557833,1784957345.541545,159.77959837574943,149.23755401314372,95.91601166315377,12,-0.0035457629710435867,0.9447761662304401,0.19332852866500616
204,0.152557833,1784957345.829451,139.89090789577617,149.85638713709298,126.08061258867383,13,-0.015164999640546739,1.942936286330223,0.23762764316052198
206,0.152557833,1784957346.0838778,161.34825442177953,150.7325651638854,104.84709043800831,13,-0.00479500339133665,2.134134791791439,0.18602508958429098
208,0.152557833,1784957346.336044,157.8994405505854,150.55093649546976,101.5446195602417,12,0.000289027055259794,3.6217411905527115,0.1575586562976241
210,0.152557833,1784957346.6143901,142.2906289519878,149.81198078746309,119.26430008001626,14,-0.002855803584679961,0.943116057664156,0.18891564942896366
212,0.152557833,1784957346.86555,156.95748170643472,149.4919268245503,109.82310489937663,12,-0.0039873814093880355,0.8384686261415482,0.15821693325415254
214,0.152557833,1784957347.140623,148.10862604568942,149.01996936620424,105.19024579972029,13,-0.0005859160301042721,1.511014886200428,0.12578860251232982
216,0.152557833,1784957347.392936,141.90936087011272,149.0860919438087,124.9334956035018,12,-0.002898796898080036,0.8898143153637648,0.19456954300403595
218,0.152557833,1784957347.642726,152.022189550576,149.5593249892599,91.5239851847291,13,-0.003301067481515929,0.6654165126383305,0.35256236232817173
220,0.152557833,1784957347.918119,175.5873094666196,150.39510467239822,92.84208019077778,12,-0.0015324118721764535,2.1499843075871468,0.23905678652226925
222,0.152557833,1784957348.169732,161.59161158289928,150.4778918612041,89.37246184796095,11,-0.0030153385596349835,1.0266796313226223,0.22460376285016537
224,0.152557833,1784957348.5098891,140.09440868732173,150.2209850040807,111.84075686335564,14,-0.0036379302764544263,2.7443616688251495,0.28958459198474884
226,0.152557833,1784957348.850268,151.22208685531172,149.93974789549156,120.60106763988733,11,-0.0015430815401487052,1.2349003925919533,0.31561484187841415
228,0.152557833,1784957349.2134678,138.08715095902141,149.11514883676452,112.22810374200344,14,-0.0025852683902485296,3.629697099328041,0.25589038617908955
230,0.152557833,1784957349.525996,134.74836084178176,149.04339789442207,124.03165398538113,11,-0.0021030514617450535,1.2333068996667862,0.22413327544927597
232,0.152557833,1784957349.9000478,140.0542455724063,148.98087627038342,122.735006891191,14,-0.0022949089761823416,0.6454874128103256,0.2039013970643282
234,0.152557833,1784957350.155694,159.0138152322354,150.34199995431257,102.35720335692167,11,-0.002888345450628549,1.0161093156784773,0.268144341185689
236,0.152557833,1784957350.445409,149.41421430034248,151.1409084515309,118.61312552541494,10,-0.0009077622671611607,1.6161394082009792,0.17162187304347754
238,0.152557833,1784957350.704706,156.19657987112456,151.24358197939657,100.19658121839166,11,-0.00212075073068263,0.5461390856653452,0.14780659368261695
240,0.152557833,1784957350.968859,141.72419249829778,150.85389550976328,117.29640836268663,13,-0.0012706925044767559,0.7540148366242647,0.19503431860357523
242,0.152557833,1784957351.2553961,156.872192239478,151.30731635400957,90.83567668497562,13,-0.003802786348387599,2.2484871819615364,0.30123125202953815
244,0.152557833,1784957351.511369,146.6872504075298,150.92919839845518,105.58328796550632,14,-0.0014453934272751212,2.638081841170788,0.2102176146581769
246,0.152557833,1784957351.791896,129.44856628929736,150.89940075621232,126.5826999694109,17,-0.0016633639461360872,1.96953933686018,0.19864023942500353
248,0.152557833,1784957352.072715,144.85031427908365,150.63105839910074,111.06107254885137,12,-0.0012309292651480064,1.1822062395513058,0.08880776865407825
250,0.152557833,1784957352.685164,166.91481796593274,152.19933263805407,88.26200430095196,10,-0.007074273569742218,1.5452624447643757,0.2437750706449151
252,0.152557833,1784957353.056952,157.87434637681858,152.78044887513772,100.56080165505409,11,-0.004165627266047522,1.06205540522933,0.2199488114565611
254,0.152557833,1784957353.479083,170.85415793840613,153.2157337605688,93.08155307173729,10,-0.0012513039910118096,1.0340423732995987,0.14494340773671865
256,0.152557833,1784957353.75063,151.25969898773488,152.8039691889521,114.05697999894619,17,0.0014884268748573959,1.31733438372612,0.2259013168513775
258,0.152557833,1784957354.047733,162.1117275498377,153.31752586701646,91.12069055810571,15,-0.0021334999473765492,2.094314731657505,0.22670541517436504
260,0.152557833,1784957354.5060549,128.56545615419085,153.34652955077217,152.29743406176567,9,-7.777803693898022e-05,1.6691243946552277,0.13337098388001323
262,0.152557833,1784957354.82796,143.43527965546835,153.1546636458643,104.70131236687303,17,0.0005290840636007488,1.220716305077076,0.2720170021057129
264,0.152557833,1784957355.096061,133.87394437626585,152.83660790444776,130.13916858285666,18,4.150588938500732e-05,1.7673041373491287,0.19147466402500868
266,0.152557833,1784957355.4011,140.6689336819889,153.10573591573564,127.37904209643602,12,-0.0035004884703084826,1.1667666472494602,0.13240044238045812
268,0.152557833,1784957355.742878,156.18672322572067,153.26002203742567,103.60496987774968,14,0.0009091796819120646,1.6043623238801956,0.19776564463973045
270,0.152557833,1784957356.1016152,144.57670536359532,152.757418246498,111.53164557367563,12,-0.0032197621185332537,0.422903198748827,0.23831510450690985
272,0.152557833,1784957356.447256,163.90856879310974,152.5485989197709,106.78629723191261,10,-0.0024994744453579187,2.603854261338711,0.20332593470811844
274,0.152557833,1784957356.8049212,146.83556045508286,152.61938540601153,111.93191162124276,13,-0.003020291798748076,1.556822195649147,0.1437332071363926
276,0.152557833,1784957357.133854,155.1248781060855,153.1635542287881,112.66796255856752,13,-0.002048742535407655,1.4113908186554909,0.2388128861784935
278,0.152557833,1784957357.630176,141.03980555883916,153.37135151352788,115.86372977122664,15,-0.002483383199432865,2.017630487680435,0.22721436992287636
280,0.152557833,1784957357.9275389,146.4141697185768,153.08368208319138,122.38607463613153,13,-0.002058079553535208,2.144900366663933,0.10378944221884012
282,0.152557833,1784957358.220622,146.43891272018067,153.44787725260352,122.36298990249634,12,-0.002022386994212866,1.3375879116356373,0.22494203969836235
284,0.152557833,1784957358.543552,140.79152106284508,152.9532000425165,139.28776593506336,13,-0.0017369294655509293,0.7205676827579737,0.11317810649052262
286,0.152557833,1784957358.834989,158.1370194577021,152.99455674239482,102.12878147512674,7,-0.004709632943558972,1.104139655828476,0.1840384528040886
288,0.152557833,1784957359.135763,149.05995598056361,153.66062576590298,114.96203744411469,14,-0.0027252568397670984,4.035945177078247,0.3397016432136297
290,0.152557833,1784957359.4581492,175.93487523302372,154.93310287593383,85.56307116895914,9,-0.0014603470626752824,1.2899435237050056,0.20756053179502487
292,0.152557833,1784957359.7494369,153.8729070654281,154.92621134224234,108.9326336979866,13,-0.00194846375961788,2.0635214671492577,0.18154176976531744
294,0.152557833,1784957360.065398,154.13520878670798,155.1716879227459,105.91560280323029,16,-0.0024636684102006257,0.9127351492643356,0.2077349154278636
296,0.152557833,1784957360.360113,168.63082547510697,155.60925304160412,88.81128974072635,11,-0.007009692839346826,0.8204665519297123,0.22283356823027134
298,0.152557833,1784957360.650053,168.57302781572477,155.87680119880525,85.13976819999516,16,-0.0033186208456754684,1.073609173297882,0.23551182728260756
300,0.152557833,1784957360.970956,156.08442501198542,155.22201323018606,98.21798153594136,13,-0.00425133400131017,0.8943519368767738,0.2979465303942561
302,0.152557833,1784957361.259941,144.6328668523278,154.47527314410124,128.53945492580533,13,-0.0027601851616054773,3.251590058207512,0.17704221047461033
304,0.152557833,1784957361.550612,144.54209573821808,153.35629925558646,111.88499974831939,16,-3.2418640330433846e-05,1.4360402822494507,0.17589093651622534
306,0.152557833,1784957361.8772101,147.39689147319348,152.63083184229328,111.38599796779454,16,-0.003245268191676587,1.9153016060590744,0.29601012356579304
308,0.152557833,1784957362.1731899,149.2422385156003,151.94985799719046,98.01386319473386,15,-0.0072919942904263735,0.8473739344626665,0.2532662246376276
310,0.152557833,1784957362.491683,139.34124616823655,151.5857554825952,114.42061307281256,16,-0.00012146530207246542,0.9461272694170475,0.12337298458442092
312,0.152557833,1784957362.781898,148.157967175064,151.25313003405824,114.94783017039299,14,-0.001901900628581643,1.3394964598119259,0.2538726469501853
314,0.152557833,1784957363.072371,158.37323045889704,151.59117111697333,95.9183242879808,14,-0.002088735345751047,0.9349676668643951,0.20988183189183474
316,0.152557833,1784957363.3971908,155.53526759012652,151.55701527780778,99.49688424170017,12,-0.0031250520260073245,1.3007588908076286,0.15076043736189604
318,0.152557833,1784957363.6873128,140.82771872155837,151.32382784104405,133.59441566467285,10,-0.0012496644048951566,0.8996609151363373,0.10429894551634789
320,0.152557833,1784957363.9750452,148.35438848925278,151.25769927200454,106.49413446709514,12,-0.0014725226210430264,2.174406625330448,0.12849924759939313
322,0.152557833,1784957364.321831,158.24326236814113,151.29002472432424,101.7406458556652,14,0.00017252197721973062,1.1049902066588402,0.1937089953571558
324,0.152557833,1784957364.617324,165.9939316209565,151.89960268657816,92.4186077490449,13,-0.002318256418220699,1.4944352507591248,0.2072515832260251
326,0.152557833,1784957364.9624372,166.1263019076437,151.638537876022,87.16452063247561,10,-0.0009693542888271622,0.669664554297924,0.22691940423101187
328,0.152557833,1784957365.253054,163.727002666397,152.12948427406135,93.6155539304018,11,0.0007839750614948571,1.191668525338173,0.11248455848544836
330,0.152557833,1784957365.593469,145.49029510149373,152.41148150135388,125.54993686825037,13,-0.001710310811176896,2.078474812209606,0.20516785327345133
332,0.152557833,1784957365.942722,177.76116338133033,153.07163853674683,74.1820926964283,10,-0.0005820895312353969,1.0746948048472404,0.16549669113010168
334,0.152557833,1784957366.241222,144.97337030025767,153.20689373739413,100.63960501924157,13,-0.0015703836688771844,0.7793947197496891,0.2683391524478793
336,0.152557833,1784957366.545286,173.9454868968037,153.73991292875263,84.28452844545245,16,-0.0021404242725111544,0.9604298435151577,0.21619043964892626
338,0.152557833,1784957366.8849459,157.90506327559825,153.34809416109644,106.58648499846458,17,-0.0005239280872046947,1.1443647220730782,0.12359189661219716
340,0.152557833,1784957367.193548,164.6527523928714,152.90331606657688,85.50377771258354,11,-0.0018442922737449408,2.735900916159153,0.16315352264791727
342,0.152557833,1784957367.5695171,167.79666178452095,153.13103083615633,84.77490239776671,13,-0.0019064266234636307,1.7855425253510475,0.09120300179347396
344,0.152557833,1784957367.877866,168.13150384241948,153.02602220181126,89.69022894650698,11,-0.006166417559143156,1.7379196658730507,0.18828441388905048
346,0.152557833,1784957368.209155,147.64984590438576,152.84852576853055,100.23829650878906,17,-0.002288232935825363,1.528350342065096,0.15945742279291153
348,0.152557833,1784957368.5936599,170.15447886121748,153.30584419321298,83.8821163289249,12,-0.006378749618306756,1.312471803277731,0.3105121161788702
350,0.152557833,1784957368.997752,148.32116894740906,152.85288827527836,105.11291932687163,13,-0.003319594427011907,1.6464946866035461,0.14433389948680997
352,0.152557833,1784957369.3929229,162.79742087720558,152.74054383725402,90.83035017549992,13,-0.0006998964236117899,3.8607517033815384,0.09889398235827684
354,0.152557833,1784957369.777917,175.38272285199454,153.54962154297712,89.51915356144309,12,-0.003435249673202634,2.564832992851734,0.24070503376424313
356,0.152557833,1784957370.13051,152.42801371317464,154.5189565057472,99.75414406880736,14,-0.002527911216020584,1.6865932941436768,0.2448696894571185
358,0.152557833,1784957370.632658,157.3272541185192,155.41008521616584,98.41904690861702,15,0.0007038187468424439,0.9862059839069843,0.1820143200457096
360,0.152557833,1784957370.98267,160.73366619868705,156.3252052439111,92.89601159095764,12,-0.0039060433045960963,0.9058945029973984,0.18873797077685595
362,0.152557833,1784957371.298552,166.1441191175025,156.79203213236036,89.51688184216619,14,-0.0009649512358009815,1.2579895183444023,0.1164148454554379
364,0.152557833,1784957371.673166,148.63317942418794,156.80643663483758,112.50677761435509,14,-0.006194183020852506,0.9135918002575636,0.23637988045811653
366,0.152557833,1784957371.986509,160.7218995964387,157.1504124484583,98.23311927169561,9,-0.0025267499731853604,1.304904069751501,0.11638141423463821
368,0.152557833,1784957372.347102,148.98233038339885,156.94482534364906,102.94892427697778,10,-0.00014198379358276725,1.8522733449935913,0.14768910268321633
370,0.152557833,1784957373.4739468,163.18047775040122,157.99350863869097,92.38314311206341,8,-0.0009423281589988619,0.8954045623540878,0.07359633827582002
372,0.152557833,1784957373.8526669,172.21580685592969,158.34171409516284,81.58096411079168,10,-0.004265941213816404,1.1068044155836105,0.2658361680805683
374,0.152557833,1784957374.233448,155.08345538007163,158.24166950987765,106.95940691232681,14,-0.0018819608958438039,1.222353022545576,0.15817820094525814
376,0.152557833,1784957374.53504,165.92751048809728,158.2969892441289,92.43155673891306,11,-0.004185585770756006,0.6675819624215364,0.2701475527137518
378,0.152557833,1784957374.826677,141.71106548413022,157.84849828064387,115.00573279056698,16,-0.003807660745223984,2.217911683022976,0.251180493272841
380,0.152557833,1784957375.155705,159.37874094845753,158.1851650405686,99.23931049183011,13,-0.0014377442421391606,1.3958699516952038,0.20567672606557608
382,0.152557833,1784957375.44686,158.11144709284466,157.28637168679694,100.67456553690135,11,-0.004793404776137322,1.602202668786049,0.08878585742786527
384,0.152557833,1784957375.7569642,166.69891919338906,157.97180651412654,84.67647989839315,11,-0.007021804107353091,0.9523410797119141,0.2392750196158886
386,0.152557833,1784957376.1112902,176.24606177122547,157.642641086094,78.79229990579188,13,-0.005318311334121972,1.4629303440451622,0.19636157993227243
388,0.152557833,1784957376.3685539,153.42358067470138,157.7935776693253,98.75235736370087,14,0.000159191207785625,3.6654146015644073,0.10995844611898065
390,0.152557833,1784957376.646554,173.56173759441072,157.86110704050327,80.63750388845801,11,-0.002099108853144571,0.6915797535330057,0.14844175428152084
392,0.152557833,1784957376.9004989,180.33431297347727,158.5750749998816,74.26647379249334,10,-0.0005742529174312949,0.657494805753231,0.11952971946448088
394,0.152557833,1784957377.151608,154.67269802289297,158.55218538138715,94.44574269652367,13,-0.0026610394415911287,0.4263625256717205,0.2768618855625391
396,0.152557833,1784957377.427268,164.63341848118796,159.0326808428721,87.3986578984186,12,-0.004087802182766609,0.8417935371398926,0.2029591165482998
398,0.152557833,1784957377.676695,158.01390199598035,158.659453093594,106.05247959494591,17,-0.0025750697823241353,1.2856640182435513,0.2461859742179513
400,0.152557833,1784957377.926165,149.85382000708503,158.93623268164887,110.09150328859687,12,-0.0003053988330066204,1.6694519817829132,0.06359813851304352
402,0.152557833,1784957378.201717,176.20633015559687,159.71925532449302,82.97356925532222,11,-0.002869823598302901,2.217529498040676,0.20243319682776928
404,0.152557833,1784957378.450596,176.19225953367248,160.09167283611438,80.59545976109803,13,-0.002186868543503806,0.8773133531212807,0.15644107572734356
406,0.152557833,1784957378.726128,175.75218368806253,160.46456139443063,82.7275858875364,13,-0.0024907581973820925,1.03578981757164,0.18180122319608927
408,0.152557833,1784957379.0039291,169.60776185087167,160.69091973622784,86.73202855139971,10,0.001227586359163979,1.9851252287626266,0.06574317626655102
410,0.152557833,1784957379.311719,171.68827141134196,161.3995581226135,86.64629043638706,10,-0.0010746552143245935,1.5604360103607178,0.09536058828234673
412,0.152557833,1784957379.633247,165.52000993545553,161.8739871765303,88.1393143646419,13,-0.001974559447262436,0.7847309969365597,0.14898580173030496
414,0.152557833,1784957379.915089,173.77926891658316,162.78687225566634,87.36178286746144,13,-0.001735831843689084,1.0082707200199366,0.12793780863285065
416,0.152557833,1784957380.188404,171.44466090942518,163.1762393745588,82.26818153262138,12,-0.0008021156245376915,1.8022187128663063,0.22778027039021254
418,0.152557833,1784957380.4869492,162.26954000195082,163.63663599190744,94.92080145329237,12,-0.0026820297935046256,1.2728138491511345,0.2901070835068822
420,0.152557833,1784957380.743768,162.875140659095,163.09433393517315,88.27660716697574,13,-0.002123789396136999,1.180804580450058,0.12757244473323226
422,0.152557833,1784957381.039535,131.95423645069297,162.56452409969236,139.71108914725482,13,-0.0019583027460612357,4.499722450971603,0.09551452612504363
424,0.152557833,1784957381.291422,137.70598759710958,161.49313761190172,121.20194644480944,16,-0.0023001956869848073,1.3170233815908432,0.2781095327809453
426,0.152557833,1784957381.546011,135.96001724387486,161.1632891537907,130.59171021729708,15,-0.004207082893117331,2.098806418478489,0.17361289728432894
428,0.152557833,1784957381.822888,132.51297537564952,161.20606860711706,116.73755708523095,9,-0.00405911507550627,1.2445095963776112,0.2469627447426319
430,0.152557833,1784957382.074912,158.77959880901534,160.73470493832048,92.29950837790966,9,-0.0031746485619805753,1.2656193375587463,0.21857586037367582
432,0.152557833,1784957382.3255198,154.30219246932825,160.91537827057562,96.1954765021801,10,-0.0016823290497995913,2.665478877723217,0.18649902194738388
434,0.152557833,1784957382.623221,173.99675659485717,160.7810201874539,76.55770232528448,11,-0.001775846176315099,1.4403939247131348,0.1999975098297
436,0.152557833,1784957382.895094,153.26253539021175,160.54128097184807,94.30589323863387,13,-0.0031562775548081845,1.5600006468594074,0.17923930007964373
438,0.152557833,1784957383.1957052,156.88851539853647,160.78295846762924,101.47852167114615,14,-0.007372461310296785,1.7247560359537601,0.12240442493930459
440,0.152557833,1784957383.467541,155.11721032118433,160.53505138166588,94.74550972878933,9,-0.0015096042770892382,1.2687706463038921,0.10481973923742771
442,0.152557833,1784957383.739894,151.1319811247513,159.76247838499918,99.26284852065146,11,-0.0008620643347967416,1.5380114875733852,0.09955268912017345
444,0.152557833,1784957384.045234,140.49314236624556,159.40159047564947,123.36318696290255,11,-0.008970723487436771,0.4156929198652506,0.2557355649769306
446,0.152557833,1784957384.3233652,157.69137276360968,159.38953870700917,87.00524041429162,12,-0.000858828891068697,1.4384900815784931,0.1744211195036769
448,0.152557833,1784957384.942776,168.14999840212002,160.20475633790767,80.75755513459444,12,-0.0012160832266090438,0.7766726166009903,0.1711359187029302
450,0.152557833,1784957385.252691,170.92081540890655,160.52266815064672,83.93843295611441,12,-0.000984201265964657,1.1469631418585777,0.17113366443663836
452,0.152557833,1784957385.5046241,161.8044458899269,160.51042238390738,92.7795332968235,9,0.0006958475860301405,1.0416950359940529,0.11971297999843955
454,0.152557833,1784957385.779592,165.28295828251308,160.27226951937848,89.92245902866125,11,-0.0005574090318987146,1.775769591331482,0.06781687797047198
456,0.152557833,1784957386.0327199,152.59319559022626,159.6944200282737,100.97984224185348,15,-0.004417913281940855,1.8017781749367714,0.24485402926802635
458,0.152557833,1784957386.282114,172.73074912765713,159.65727951657536,79.59751619398594,13,-0.0003882918681483716,1.139820884913206,0.1015386595390737
460,0.152557833,1784957386.560349,160.6630390531743,159.1431659716294,101.52952446043491,14,0.00015287334099411964,1.118088398128748,0.0914625667501241
462,0.152557833,1784957386.80934,164.64004458976038,159.12742543438165,96.69886424951255,10,-0.00018467125482857227,0.42317435145378113,0.09096594946458936
464,0.152557833,1784957387.057181,138.72165091458572,158.31176583332984,105.26957055181265,12,0.004211439132632222,3.810043476521969,0.14689200092107058
466,0.152557833,1784957387.330604,148.25863857597508,157.6254632696817,107.52760302275419,13,-0.0025367082344018854,1.7868296205997467,0.1569771128706634
468,0.152557833,1784957387.5828748,143.09757116318158,157.61629142482565,121.21234558522701,16,-0.0034071877598762512,1.4478261061012745,0.18210027366876602
470,0.152557833,1784957387.8570108,149.04725374243628,157.68113981447482,112.2502501513809,15,-0.00015182732022367418,3.1514564901590347,0.12979021901264787
472,0.152557833,1784957388.10906,164.8698739924149,158.52353168225986,93.18798344582319,10,0.0021261124638840556,0.9635098222643137,0.17994521278887987
474,0.152557833,1784957388.3598511,141.32073489098303,159.1804175143525,120.22473942488432,17,-0.002853023586794734,2.2241414338350296,0.2542822193354368
476,0.152557833,1784957388.6348648,164.68311988760556,159.70985579268282,106.16732189804316,10,-0.0004810353275388479,1.2282955646514893,0.124986975453794
478,0.152557833,1784957388.886515,144.87909319533418,159.77143489843476,111.90571288391948,12,-0.0006561684713233262,2.184712305665016,0.0803405826445669
480,0.152557833,1784957389.139273,166.65487530662472,160.36069245027747,93.18909901753068,11,-0.0022723067086189985,2.283702291548252,0.22062906622886658
482,0.152557833,1784957389.4407208,146.19753470910575,160.51069283376526,95.39394444972277,12,-0.006652737909462303,0.47400648705661297,0.23828500416129827
484,0.152557833,1784957389.700056,172.79735919403586,160.518606087147,95.65501164644957,11,0.007465395698091015,2.0581434443593025,0.05238455138169229
486,0.152557833,1784957390.4364748,188.21839536437076,161.3641859685519,74.27022135443985,9,-0.0005851232563145459,1.1998400315642357,0.11105987289920449
488,0.152557833,1784957390.707658,174.86591640403813,161.63149244562746,85.79318859055638,10,-0.00016434333520010114,1.2707074210047722,0.05384196504019201
490,0.152557833,1784957391.049383,166.93628257012867,161.56960541964298,83.8987437132746,12,0.0003946947217627894,0.8488643057644367,0.06446045846678317
492,0.152557833,1784957391.3787708,159.59191753174602,161.76769135862168,96.57915931940079,10,-0.0045920563861727715,0.6306755375117064,0.10323071572929621
494,0.152557833,1784957392.051887,167.5539297224583,163.03296430284342,82.84915514290333,12,-0.003206010500434786,0.5402526054531336,0.19347579590976238
496,0.152557833,1784957392.381043,166.27955456219885,163.18563004549986,77.89668055810034,13,-0.004084218933712691,1.6848399713635445,0.09481804026290774
498,0.152557833,1784957392.6898189,152.72472806115485,162.5179081645136,104.4687396492809,14,0.0017835762992035598,2.7152670174837112,0.07318745856173337
500,0.152557833,1784957393.307221,157.37525868579326,162.52577682412118,100.29163351655006,12,-0.0017984140431508422,1.7272621393203735,0.12796482210978866
502,0.152557833,1784957393.608607,165.13756786579944,162.05718200470199,96.6840522326529,9,-0.0003311443142592907,1.3321636412292719,0.12361724209040403
504,0.152557833,1784957393.86015,167.26940398777592,162.29023325066515,88.11976590380073,11,-0.0010213054774794728,0.7966400552541018,0.06898616254329681
506,0.152557833,1784957394.111695,178.96163136020093,163.24634593618777,79.80286866053939,10,-0.000702788820490241,2.491152301430702,0.06680751824751496
508,0.152557833,1784957394.385329,168.34431837982018,163.10289581493132,83.54497987031937,10,-0.0011766287789214402,0.728609086945653,0.10793927172198892
510,0.152557833,1784957394.6357918,163.3068828212042,163.33707199166463,98.33671741746366,12,6.499413575511426e-05,2.064078338444233,0.0879550538957119
512,0.152557833,1784957394.886508,163.35863320268092,162.92873409980754,96.09487649798393,13,-0.0013359443510125857,1.1503181010484695,0.09532785322517157
514,0.152557833,1784957395.161821,133.59506255434738,162.71751895610802,142.7658944837749,17,-0.0031262936536222696,1.7429701536893845,0.2055597910657525
516,0.152557833,1784957395.4109921,162.01550968760628,162.92855438766725,95.68237981572747,12,-0.00423114190925844,2.1648975498974323,0.13783143879845738
518,0.152557833,1784957395.7150562,169.90369770929027,163.0514242239119,87.28674130700529,12,-0.002969544322695583,1.3104324862360954,0.15490686520934105
520,0.152557833,1784957395.966474,153.85216325852946,162.76963681160922,105.70771512389183,14,-0.000565295442356728,0.49638018757104874,0.08765083784237504
522,0.152557833,1784957396.21683,151.58329480729233,162.34510697080214,102.31958740949631,15,-0.0002694845898076892,0.8539184257388115,0.1024869573302567
524,0.152557833,1784957396.492249,164.28133464295456,163.0295408275336,97.88942391052842,9,0.00043491548422025517,0.5415078867226839,0.06128388294018805
526,0.152557833,1784957396.743337,173.8015365426277,162.95717218210993,86.71575010940433,13,-0.0015106869977898896,1.4954985603690147,0.1518302788026631
528,0.152557833,1784957396.995738,167.85686515895688,163.22823460005088,97.62045472860336,10,-0.0006130269030109048,2.205863431096077,0.07162368181161582
530,0.152557833,1784957397.268179,163.47567487377538,163.3847970862649,84.31603372842073,9,0.000392875459510833,0.8714281730353832,0.05096237547695637
532,0.152557833,1784957397.518877,166.8745645579122,164.05404962816897,91.6416102387011,11,-0.0008826332777971402,1.3992695026099682,0.09858926385641098
534,0.152557833,1784957397.7938602,168.556002865553,163.50482681717568,87.72753727808595,13,-0.0009630899367039092,0.8785297349095345,0.08349858573637903
536,0.152557833,1784957398.044396,163.22678487043248,163.07326386505233,95.06665072031319,12,-0.0019165622143191285,1.4442230761051178,0.14488229202106595
538,0.152557833,1784957398.294902,184.4968684655008,163.59521256,76.27856577560306,11,-0.0014519879841827787,0.9697339460253716,0.14248619275167584
540,0.152557833,1784957398.5676641,155.18533640452904,163.794182334791,97.96416075341403,13,-3.6481069400906563e-06,2.6240421682596207,0.16876249946653843
542,0.152557833,1784957398.8164659,173.6481740171968,163.93677142208227,77.2603161581792,15,-0.0014692437835037708,1.2151415757834911,0.11183005198836327
544,0.152557833,1784957399.0655,168.8804307670754,163.59836657023493,89.59907491505146,12,-0.0007580417222925462,0.9085200242698193,0.12028083996847272
546,0.152557833,1784957399.338457,172.23899724733218,163.38410303722466,86.48007903248072,9,-0.0018919564317911863,1.2106277458369732,0.17194541823118925
548,0.152557833,1784957399.59054,165.16676676886001,163.89779903060557,96.8233562707901,13,-0.0002686184598132968,1.991191454231739,0.17902790289372206
550,0.152557833,1784957399.866865,150.58568555992582,163.8298063243979,108.44267683289945,15,-0.001045064302161336,2.2431506738066673,0.11479868181049824
552,0.152557833,1784957400.117665,165.9408806084241,164.26280045842495,88.52597837895155,12,-0.00303865282330662,0.7477353196591139,0.13908786792308092
554,0.152557833,1784957400.36751,169.97970218612025,164.56156070102085,83.13701251149178,11,-0.0007170923054218292,1.9915765821933746,0.06386339152231812
556,0.152557833,1784957400.642415,173.9835346392262,164.33181921923173,77.98191417753696,10,-0.0013992946041980758,0.7431822028011084,0.07989366189576685
558,0.152557833,1784957400.893884,132.6640742637455,163.5006785370836,120.84165751934052,13,0.004267001699190587,1.5453702360391617,0.08695105416700244
560,0.152557833,1784957401.148701,166.10970088083897,163.60161929938369,96.85504373162985,11,-0.0023116489173844457,1.5071295350790024,0.14936983259394765
562,0.152557833,1784957401.425199,168.62969592445697,164.07600562034062,94.39822041615844,14,-0.0019579168292693794,1.297325897961855,0.15108754532411695
564,0.152557833,1784957401.678159,160.45806755181562,164.50552565035187,86.72354367002845,14,-2.0954757928848267e-07,1.304942101240158,0.11834110738709569
566,0.152557833,1784957401.9531782,173.87257458133513,164.78292752226898,78.78991014510393,12,-0.0016447112866444513,1.4047126471996307,0.11522584920749068
568,0.152557833,1784957402.2029078,169.9285947957379,165.39475569577164,82.17606901749969,14,-0.0005254771676845849,0.679541664198041,0.11062200460582972
570,0.152557833,1784957402.471831,169.76576499974288,165.96998714559126,91.14711939357221,15,-0.0020229501533322036,1.7866961508989334,0.2310039894655347
572,0.152557833,1784957402.745342,169.53295626376652,166.7216339520445,79.88192277774215,13,-0.002106663116137497,1.227902453392744,0.12054544035345316
574,0.152557833,1784957402.9966972,167.39991432842933,166.96376679161364,84.91959892213345,13,-0.0027766309212893248,2.3784337267279625,0.20218830648809671
576,0.152557833,1784957403.2479942,162.65654307480347,166.6503286246014,93.39530776068568,13,-0.0026123872958123684,2.0354530587792397,0.17623195983469486
578,0.152557833,1784957403.52283,169.53714448586973,166.47577667398826,91.38171014562249,10,0.0029819038172718138,1.932137068361044,0.10800934862345457
580,0.152557833,1784957403.794719,182.7097755829046,166.71662733562175,76.92586367018521,12,-0.001414426151313819,2.126334488391876,0.15136845503002405
582,0.152557833,1784957404.074543,179.470990038772,166.4486569190314,77.50239132344723,11,0.0006906130874995142,0.3209592327475548,0.07491062325425446
584,0.152557833,1784957404.3406012,165.11259406840233,166.79892153344133,93.58939305134118,11,-0.0021551584359258413,1.7199942246079445,0.09041013126261532
586,0.152557833,1784957404.596064,159.3305374362486,166.54519092928984,90.8483497146517,12,-0.0024362762924283743,1.0126731768250465,0.16917797876521945
588,0.152557833,1784957404.870202,177.11502962312562,166.04780329277608,89.6909911185503,12,-0.0022315375972539186,1.1736760288476944,0.1294034020975232
590,0.152557833,1784957405.1196952,175.2853703034335,165.82209328858363,78.04084314405918,12,-0.0037269557651598006,1.0936313979327679,0.20115034841001034
592,0.152557833,1784957405.369615,159.82650586642174,165.7992873949014,103.5872979927808,12,-0.0003921946045011282,1.7604390606284142,0.07452285871841013
594,0.152557833,1784957405.643353,168.94838414089676,166.0650816599969,89.45176402293146,11,-0.0033562694443389773,1.185297917574644,0.12937888829037547
596,0.152557833,1784957405.893901,174.59612344223942,166.30210179025013,79.14686948806047,12,-0.0002590827061794698,1.1186512857675552,0.11759855505079031
598,0.152557833,1784957406.592149,194.14149146697156,166.32073551256977,71.26709220930934,9,0.00046380353160202503,0.8867227025330067,0.06836487294640392
600,0.152557833,1784957406.8707168,148.982944022594,165.90738675681456,108.92336995340884,10,0.0012316369102336466,1.253795813769102,0.1455011861398816
602,0.152557833,1784957407.11995,165.50337244095863,165.57821303498963,86.53347086161375,11,-0.0021897604783589486,1.197442539036274,0.08501850557513535
604,0.152557833,1784957407.3940291,181.6358163782498,165.277232022988,74.44977569580078,10,-0.0019003080524271354,1.9737510457634926,0.15686320513486862
606,0.152557833,1784957407.645837,187.2857508604236,165.5548963689376,70.6360048353672,9,-0.0007958494243212044,1.4459938295185566,0.09086540946736932
608,0.152557833,1784957407.8961651,175.59469576498407,166.51015237852408,85.86193972826004,12,-0.0011509556788951159,3.0348352938890457,0.147787700407207
610,0.152557833,1784957408.1715012,164.5847157170772,166.42680866125474,86.79139339923859,12,-0.0005101650021970272,2.0663044527173042,0.0900241055060178
612,0.152557833,1784957408.422602,172.21507427069454,166.3125773729753,75.48621747270226,11,-0.0005021034739911556,5.701381832361221,0.07460809336043894
614,0.152557833,1784957408.6976168,176.88832521899616,167.00618933171444,80.0053199827671,11,-0.002519044908694923,0.937121132388711,0.07266471046023071
616,0.152557833,1784957408.947847,149.98343197555332,166.88056193486756,108.50057662092149,14,-0.005532484734430909,3.1948166862130165,0.09195521846413612
618,0.152557833,1784957409.219616,146.63422082167364,165.86205951862848,107.55527378898114,16,-0.00010877917520701885,1.46753865852952,0.1413801284506917
620,0.152557833,1784957409.4961832,150.0443492558408,165.49721435201795,104.49225245416164,14,-0.00038118981319712475,2.2128669172525406,0.10154713178053498
622,0.152557833,1784957409.7454422,161.07737153739558,164.82591648898477,91.31626719096676,11,-0.0024784099077805877,0.8475428689271212,0.16922159492969513
624,0.152557833,1784957409.9946392,151.28859330231538,164.30131240214894,98.0977978007868,13,-0.0010802297620102763,1.8502619713544846,0.06767607154324651
626,0.152557833,1784957410.2685509,159.13023608875037,164.45366712447878,92.95258244127035,9,-2.8368784114718437e-05,0.8709840327501297,0.059494597371667624
628,0.152557833,1784957410.521276,170.70306489413517,165.03731088449058,86.55127798765898,11,-0.0017463178373873234,2.062741607427597,0.12944698799401522
630,0.152557833,1784957410.8005471,162.93482754136355,164.64714687777533,87.94105453044176,11,-0.0019263954600319266,0.4507467485964298,0.12186194630339742
632,0.152557833,1784957411.051643,162.62506665166455,164.62962701459253,87.25837803632021,11,-0.00158010667655617,1.3745472468435764,0.08027953584678471
634,0.152557833,1784957411.30721,169.4488403853835,164.9598006183895,84.75483361259103,11,-0.0013610546593554318,1.071716532111168,0.13807102805003524
636,0.152557833,1784957411.582022,146.32033494344742,164.71768365855587,112.46039527654648,13,0.0005716973391827196,0.9949113242328167,0.1362041560932994
638,0.152557833,1784957411.8328881,174.46290042690137,164.8198159011892,79.63410779088736,12,0.0030897792312316597,1.2769346944987774,0.04101535235531628
640,0.152557833,1784957412.081915,168.76702616445183,165.3421553341352,84.06248679943383,12,-0.0006769437459297478,2.6590525805950165,0.0891026551835239
642,0.152557833,1784957412.374955,169.00610082933085,165.61495110099,79.86592195183039,10,-0.00101940002059564,0.8675142303109169,0.06103671691380441
644,0.152557833,1784957412.624268,188.21299547230663,166.04207460281114,69.23105924762785,10,-0.0020387447730172426,1.24732007086277,0.07867452804930508
646,0.152557833,1784957412.898141,154.88477577130638,165.66468679972655,100.74282454885542,14,-0.0020447883289307356,2.0310333594679832,0.1418143999762833
648,0.152557833,1784957413.147282,185.19995334398712,165.87287313451853,69.7760012736544,13,-0.0021493296371772885,1.1820055022835732,0.1347625171765685
650,0.152557833,1784957413.396788,170.11954395984537,166.58754353911726,91.51498981006444,14,-0.0027417171222623438,1.4459418840706348,0.21929882280528545
652,0.152557833,1784957413.6708548,168.47693121937414,166.5303899924621,78.39668778702617,12,-0.00096051229047589,1.5073981285095215,0.09245746862143278
654,0.152557833,1784957413.921655,184.98186218947748,166.60713757172147,71.64333824813366,12,-0.002614875411381945,1.1942423917353153,0.12296120030805469
656,0.152557833,1784957414.171745,151.85082520193924,165.70064513197613,97.263672336936,12,-0.0014267116785049438,1.8418681398034096,0.16135243885219097
658,0.152557833,1784957414.444642,185.4384354487222,165.84061020510242,72.91599628329277,10,-0.001189084694487974,0.9804353546351194,0.12188638793304563
660,0.152557833,1784957414.693561,182.42322967127544,166.03347023160848,74.68505473434925,10,0.002992422290844843,1.382142148911953,0.0714597525075078
662,0.152557833,1784957414.967364,166.53244349515003,166.09280107536102,102.49523156136274,8,-0.0005347504047676921,1.1565270386636257,0.08540333993732929
664,0.152557833,1784957415.215519,166.66904194652903,166.12407594629877,82.28441493585706,11,-0.00036900793202221394,1.0540545023977757,0.07739522936753929
666,0.152557833,1784957415.463773,149.81831991838516,166.03815434813404,93.98621198162436,12,-0.001460839601350017,1.1866231597959995,0.1298046140000224
668,0.152557833,1784957415.7397802,168.11004123561378,166.9451528264761,92.41178979352117,11,-0.0010340606095269322,1.39576805382967,0.08777286764234304
670,0.152557833,1784957415.98897,168.41911177723196,167.27255962093625,94.82633511163294,12,-0.0006449470820371062,1.0435068719089031,0.0932112995069474
672,0.152557833,1784957416.240649,168.3742844230053,167.30537018073127,92.3895917236805,14,-0.00011586141772568226,2.2694158405065536,0.04614741576369852
674,0.152557833,1784957416.514223,183.30045498617346,167.62145388255195,71.85977659001946,12,-0.0011342261859681457,1.4148329049348831,0.08350241184234619
676,0.152557833,1784957416.784241,179.83478936807518,168.28601916592302,76.29128511995077,10,-0.0035553232592064887,1.332275915890932,0.13543794536963105
678,0.152557833,1784957417.05703,165.47410738750955,168.12736594608214,87.92143450304866,11,-0.0006990248948568478,1.2996805682778358,0.10974006727337837
680,0.152557833,1784957417.307602,161.8772631610397,168.03630365282402,104.80771869421005,11,-0.0006557903834618628,3.12058562040329,0.07946226466447115
682,0.152557833,1784957417.557892,151.22111723526825,167.5829205286809,106.61299776285887,11,5.397119093686342e-05,1.004922766238451,0.14527707220986485
684,0.152557833,1784957417.8337889,150.72602132027583,167.0181275987351,108.93584506958723,13,-0.003018423361936584,2.5560542419552803,0.1294611399061978
686,0.152557833,1784957418.083915,155.6743618345398,167.5748046067236,98.92962518706918,9,0.000995630292891292,0.8171608075499535,0.09572898363694549
688,0.152557833,1784957418.329888,157.9262284329044,167.23930014715185,94.8259934708476,11,-0.0034199741203337908,2.2399008199572563,0.20560785569250584
690,0.152557833,1784957418.602698,174.41692561842672,167.0285134385752,84.21068607829511,11,-0.0014550616033375263,1.7704370692372322,0.1540355607867241
692,0.152557833,1784957418.849725,169.62272086795457,166.8774255404995,88.11993946507573,10,-0.002199125417973846,1.3465859107673168,0.13497928529977798
694,0.152557833,1784957419.122135,181.07604295901223,166.75061163167794,78.11491240561008,11,-0.004060663435666356,0.6693799421191216,0.14614151557907462
696,0.152557833,1784957419.373385,159.3123563782347,166.81866817362064,96.76816471293569,14,-0.0012517994691734202,1.3703500255942345,0.13150140456855297
698,0.152557833,1784957419.621164,178.903822922017,166.5087697571772,76.67916477844119,12,-0.006542651797644794,1.601008526980877,0.19884488824754953
700,0.152557833,1784957419.8927119,178.75580834103926,166.64051661239765,82.56406462565064,11,-0.0021401481644716114,0.9468369297683239,0.12924231635406613
702,0.152557833,1784957420.142486,173.05652078271436,167.69190022336855,85.6999844647944,10,-0.0013607896980829537,0.9929529428482056,0.14354316610842943
704,0.152557833,1784957420.394162,162.47488550482808,167.22327127525048,89.00673504825681,13,0.0024253212905023247,2.0772697031497955,0.09633874474093318
706,0.152557833,1784957420.668768,151.6451519604771,167.13104327985187,98.33993549644947,11,-0.0021838473330717534,1.4774375446140766,0.13563287956640124
708,0.152557833,1784957420.917252,183.36858507724008,167.3306390646673,77.02408091537654,12,-0.0010515826288610697,1.1724268645048141,0.10557672707363963
710,0.152557833,1784957421.211508,176.8684552029956,167.30946731851037,78.44385135546327,12,0.0018716687336564064,0.6947623416781425,0.0988458739593625
712,0.152557833,1784957421.4617999,168.64417051332492,167.31644407459177,86.39694486558437,14,-0.00016277190297842026,1.6116248220205307,0.1354680028744042
714,0.152557833,1784957421.708004,169.0129539497277,167.05091669893136,91.9634752376005,14,-0.0019925583692383952,1.0266287811100483,0.14433853421360254
716,0.152557833,1784957421.982183,153.99052721736825,167.1765854604773,107.70321524143219,12,0.003392028564121574,2.6959135085344315,0.12061955174431205
718,0.152557833,1784957422.229685,178.10971939496906,167.3879363288688,73.07021993398666,13,-0.0005541482241824269,0.5503833722323179,0.10747196665033698
720,0.152557833,1784957422.536832,167.55822196574545,167.19334118805781,88.00930393114686,11,-0.002133383648470044,2.291028067469597,0.0881790118291974
722,0.152557833,1784957422.80988,150.2493681009737,167.17160815132635,105.14136365242302,12,-0.000985560123808682,1.029692366719246,0.1306484453380108
724,0.152557833,1784957423.0581682,156.23760988014018,166.86960440400426,93.63832946494222,12,-0.0036823851260123774,0.9641747586429119,0.1841753525659442
726,0.152557833,1784957423.331795,171.58448343992856,166.38477321298578,94.75620084628463,11,-0.001194271317217499,1.2279552668333054,0.08447743114084005
728,0.152557833,1784957423.580682,162.5367853524561,166.7020113984658,87.8948104083538,11,-0.002540423651225865,2.080864116549492,0.039772954070940614
730,0.152557833,1784957423.828613,167.0786409709516,166.85396582423152,83.30541894957423,12,-0.001082496833987534,2.0195136666297913,0.10039744758978486
732,0.152557833,1784957424.1063738,175.76900304960694,167.5782857639205,81.82676399312913,10,-0.001584266487043351,0.7123407982289791,0.15251106396317482
734,0.152557833,1784957424.3538618,169.24297069602665,168.02838939318127,79.90068146958947,12,-0.000723178636690136,0.46084504574537277,0.1195750841870904
736,0.152557833,1784957424.601577,140.11503221684282,167.47938789207026,122.21565650776029,14,-0.0004281281799194403,2.5556086748838425,0.08928104490041733
738,0.152557833,1784957424.870388,137.1809072423563,167.20986636533715,111.81459944695234,12,-0.0005424221762950765,1.1565758436918259,0.051092639565467834
740,0.152557833,1784957425.119338,170.80307302757063,167.12025902467096,80.29338102973998,12,-0.003525108586472925,0.9395863302052021,0.17364995554089546
742,0.152557833,1784957425.3936782,166.03793945721802,166.8248577079795,89.17126400023699,10,-0.002488114347215742,0.2201481512747705,0.1474930983968079
744,0.152557833,1784957425.6624908,174.2622688507268,166.490467368444,83.66591602563858,10,-0.0015896456316113472,1.114341862499714,0.11353739909827709
746,0.152557833,1784957425.911895,171.35058214919982,166.30737900870537,82.96838016435504,11,-0.0020854679751209915,1.9897384345531464,0.21011241525411606
748,0.152557833,1784957426.1860878,154.45692393560657,166.13784013689374,95.2992394156754,13,-0.005651539300743025,1.399395264685154,0.15711185103282332
750,0.152557833,1784957426.7904902,160.70947621739833,165.7892976185793,95.92206455767155,14,-0.0015251849545165896,1.4579701274633408,0.08200436970219016
752,0.152557833,1784957427.0679429,172.094022059758,165.36577501197127,81.72119409032166,10,-0.0005797248340968508,1.5982002094388008,0.05337398964911699
754,0.152557833,1784957427.341832,162.8259936486209,165.65938933362585,90.78412666916847,11,-0.013169730344088748,1.1943660080432892,0.16916710697114468
756,0.152557833,1784957427.593239,159.85852126532518,166.05386895304116,96.9837434142828,13,4.68140933662653e-06,1.5139392763376236,0.11411622120067477
758,0.152557833,1784957427.865765,178.00005990089468,165.88190206739873,87.43339618109167,12,5.2972929552197456e-05,1.030872305855155,0.08650650386698544
760,0.152557833,1784957428.114444,157.57405893094284,165.5833951780091,91.30117519572377,13,-0.0038141441764310002,0.7077067736536264,0.14432057505473495
762,0.152557833,1784957428.363272,156.9081409134,165.26093397660833,93.63263846375048,15,-0.0018685436807572842,2.3350159376859665,0.12828384013846517
764,0.152557833,1784957428.638016,160.96277568191522,164.93057027275393,88.9534330945462,14,-0.0028747359101544134,1.3160816468298435,0.1211229795590043
766,0.152557833,1784957428.888515,170.29360786666956,164.66161336367796,88.51463839225471,12,-0.0006373614596668631,0.8338001929223537,0.09814976761117578
768,0.152557833,1784957429.136929,156.4925374647698,164.52157402643246,97.9447100609541,11,-0.00144795305095613,1.3842855133116245,0.0811997395940125
770,0.152557833,1784957429.4076722,165.47202512447438,165.09073830852495,92.09272871166468,11,-0.0011982136202277616,1.454151839017868,0.16311677545309067
772,0.152557833,1784957429.6601112,150.26248085479577,165.0908215213172,102.81672626361251,12,-0.001376238593365997,1.8251604661345482,0.13106559542939067
774,0.152557833,1784957429.933014,169.16374336462593,165.2502203067071,97.11081780865788,9,-0.000504042865941301,0.8799425549805164,0.0957200643606484
776,0.152557833,1784957430.203328,165.71395567048847,165.40744522939337,94.67262182757258,8,-0.0018510451773181558,0.6677592396736145,0.14600858045741916
778,0.152557833,1784957430.451364,170.3987612145285,165.21874184984196,84.21409929729998,12,-0.001261992409126833,1.3044595532119274,0.12398534268140793
780,0.152557833,1784957430.722315,182.3696205250802,165.9195041798885,71.89623760432005,11,-0.001121721405070275,0.6922278888523579,0.11213984247297049
782,0.152557833,1784957430.970468,182.4755684738134,166.05586221656003,73.97517348825932,12,-0.0029435442702379078,0.97598447650671,0.09226158121600747
784,0.152557833,1784957431.2201679,145.23657974179727,165.5229706972423,104.80556819681078,14,-0.002093072544084862,2.1391680240631104,0.14189036516472697
786,0.152557833,1784957431.492196,172.90813832835988,166.58193705391443,82.34898620098829,11,-0.003977043874328956,0.547646889463067,0.13217710005119443
788,0.152557833,1784957431.743357,178.66802880781313,166.83131974413598,76.96395140513778,12,-0.0006852556834928691,2.092968538403511,0.07737974682822824
790,0.152557833,1784957432.015946,168.57576499037899,166.9081542190062,77.86209777370095,11,-0.001365517673548311,1.1301651634275913,0.07518195081502199
792,0.152557833,1784957432.265831,176.69350577640404,167.04248667428703,77.76893762871623,15,-0.00789408729178831,1.7178637720644474,0.11991369677707553
794,0.152557833,1784957432.516331,172.00627592375776,166.6692246644012,79.40625736303627,12,-0.0010899144690483809,1.996367558836937,0.11366317281499505
796,0.152557833,1784957432.78983,179.93580001671143,167.22569209407175,77.31609712913632,13,-0.0003580581396818161,0.7515049539506435,0.1288164551369846
798,0.152557833,1784957433.040782,171.23842132564556,167.12327748764372,83.96193729713559,9,-0.0006922375469002873,0.6125255543738604,0.07593914563767612
800,0.152557833,1784957433.29026,170.86757450711684,167.12400028548598,76.49229763448238,11,-0.0009842042927630246,1.0677309446036816,0.11097140284255147
802,0.152557833,1784957433.564471,174.42826473789341,166.92397168689772,80.58698537014425,11,-0.0007096868066582829,0.5326756592839956,0.07606772426515818
804,0.152557833,1784957433.836429,180.3717780645366,167.47806260006982,79.0615767352283,11,-0.00194107092829654,2.2507370710372925,0.08264390053227544
806,0.152557833,1784957434.1363351,169.22850801974397,167.42253791978578,82.40977763570845,14,-0.0011428508441895247,1.0837474912405014,0.08769285655580461
808,0.152557833,1784957434.3993769,177.15630257242745,167.61891728571678,84.37540557980537,13,-0.0006465543992817402,2.1716748476028442,0.11109338514506817
810,0.152557833,1784957434.677655,184.51114515922512,168.5020582413107,71.00517809763551,13,-0.0015867092297412455,1.7570149302482605,0.09043386927805841
812,0.152557833,1784957434.99009,181.25413699430754,168.96473197354618,76.69976260885596,11,-0.0012503035031841137,0.939640324562788,0.06887731223832816
814,0.152557833,1784957435.2534778,163.55628174925172,169.35788767634207,84.94472804293036,11,-0.00018257094779983163,0.9798079617321491,0.04756567475851625
816,0.152557833,1784957435.514325,172.60772009787087,170.4073656608157,79.21150395087898,9,-0.0015020552382338792,1.968397818505764,0.06392727186903358
818,0.152557833,1784957435.794793,174.52648726071604,169.76768086547037,81.12986266426742,10,-0.0016793577233329415,1.1441189274191856,0.10844383994117379
820,0.152557833,1784957436.04774,175.98641344324568,169.09791915250807,82.68130356818438,12,-0.0016391045719501562,0.7980927582830191,0.11500518582761288
822,0.152557833,1784957436.324237,165.80502437451509,169.52294792657878,96.07618918269873,8,-0.0076861183042638,0.480187701061368,0.19078080728650093
824,0.152557833,1784957436.577655,146.50909237163327,169.311362765414,107.30478209629655,12,-0.0007171971083153039,1.3240832053124905,0.0770913646556437
826,0.152557833,1784957436.831438,177.22856691492558,169.21412306400632,86.43675211817026,10,-0.0016607567158644088,1.628172442317009,0.14006697246804833
828,0.152557833,1784957437.12819,165.29316107382687,169.4994819708847,93.86428276449442,11,2.9020069632679224e-05,1.3297370374202728,0.09445972507819533
830,0.152557833,1784957437.382415,188.11075001716497,169.4266888718152,77.73038651794195,8,-0.0012162099010311067,0.6221208777278662,0.08180144103243947
832,0.152557833,1784957437.635456,165.61013802041646,169.16171308795467,85.65927531570196,13,-0.0024092207313515246,2.822616048157215,0.11305172182619572
834,0.152557833,1784957437.9370291,153.13326787422045,169.88611180689554,109.42938873171806,11,-0.0025950532726710662,0.42223756294697523,0.17605435708537698
836,0.152557833,1784957438.1961741,155.6003900377473,169.04407267776318,94.71853338368237,12,-0.0005056269437773153,1.699800506234169,0.04059109039371833
838,0.152557833,1784957438.47242,150.75235002731782,169.33652343090412,97.90364192053676,14,-0.002425474696792662,1.1422641053795815,0.17193898186087608
840,0.152557833,1784957438.738139,160.36162271712396,168.96058874434394,97.72373674623668,13,0.00037027779035270214,1.9857820570468903,0.11694673029705882
842,0.152557833,1784957438.990582,170.0758660600314,168.8029882324576,87.26288809068501,14,-0.002886130372644402,1.1182501502335072,0.19434361532330513
844,0.152557833,1784957439.267387,180.89396226346955,169.18027530454233,74.82736154086888,11,-0.002785583412332926,0.9801275692880154,0.10298015456646681
846,0.152557833,1784957439.5225432,168.52776497127917,168.91342091814568,87.43593852594495,12,-0.0023438414209522307,0.9997094422578812,0.12912179995328188
848,0.152557833,1784957439.776808,149.72165572201817,168.64559665793965,99.79204482026398,14,-0.0008188176725525409,2.264507956802845,0.1476606368087232
850,0.152557833,1784957440.05586,168.21907668108565,169.02109646844852,81.80846822820604,16,-0.0011732075363397598,1.0692285969853401,0.12112350948154926
852,0.152557833,1784957440.311637,174.16146193754227,168.73042321154938,77.68488695845008,13,-0.000843449030071497,1.4533250518143177,0.08027159259654582
854,0.152557833,1784957440.59084,158.43481544849598,167.75525446531262,93.42794572934508,15,-0.0007903654950496275,1.795067772269249,0.0936566402669996
856,0.152557833,1784957440.846048,163.92234726175565,167.300125325709,88.52379782125354,15,-0.0008886069408617914,3.085811749100685,0.09136290242895484
858,0.152557833,1784957441.1007192,143.31271664373475,165.99892082898026,124.77863054350019,17,0.0005877089060959406,2.9818771108984947,0.12140270974487066
860,0.152557833,1784957441.377176,170.32759530388557,165.1544235380109,93.47996881976724,13,0.0012264774704817683,2.1005775779485703,0.11089754523709416
862,0.152557833,1784957441.6556249,154.9772528615233,164.58952237570236,106.93318613991141,12,-0.0015725519915577024,2.5301059782505035,0.11398950172588229
864,0.152557833,1784957441.90886,166.09385917718842,164.66127332323035,87.86680473946035,12,-0.0013750053622061387,2.156550981104374,0.07181105110794306
866,0.152557833,1784957442.1857479,167.3026678653062,164.24930640419265,94.50518408976495,12,-0.003618345595896244,3.4876264333724976,0.07982673565857112
868,0.152557833,1784957442.4386828,152.77879222629568,164.37613167410728,96.9451265707612,12,-0.0031001075985841453,1.4417111203074455,0.09384625172242522
870,0.152557833,1784957442.716495,167.35950579721782,165.05775410976574,87.54266368225217,9,-0.0014551747008226812,1.2460928931832314,0.10753667121753097
872,0.152557833,1784957442.96987,167.0618302145468,165.16142570894567,82.38418738171458,13,-0.0027339464868418872,0.7046413831412792,0.09579461463727057
874,0.152557833,1784957443.222382,188.11860127388232,165.99597307769793,72.38368624262512,10,-0.0010199378593824804,0.6105732619762421,0.10914894286543131
876,0.152557833,1784957443.5018969,184.87764153637772,166.4266029782636,71.56045513227582,12,-0.0016419733583461493,0.5913531724363565,0.10585762420669198
878,0.152557833,1784957443.754681,179.13196136677783,166.48775085421622,73.58103449456394,12,-0.0018548379448475316,0.932700727134943,0.11667693918570876
880,0.152557833,1784957444.007682,167.0697127662737,165.6739922362328,85.738734588027,13,-0.0019733732333406806,0.837911719456315,0.15586479660123587
882,0.152557833,1784957444.285268,148.08382770297217,165.1766287557583,105.7315115109086,14,-0.0006992014823481441,1.0850770138204098,0.10286125028505921
884,0.152557833,1784957444.5384262,163.38994347819624,165.0202598160626,97.88344138860703,11,-0.000529694021679461,1.951139859855175,0.08448500279337168
886,0.152557833,1784957444.813859,166.3300275358045,165.09544182001858,87.52899266406894,9,-0.0009784773865249008,0.8534660041332245,0.11885278765112162
888,0.152557833,1784957445.068366,176.11996856474468,164.89713743860185,76.67311263689771,13,-0.0047062652301974595,1.638924427330494,0.14774907426908612
890,0.152557833,1784957445.3209012,182.8566412618989,165.37695796801617,72.99106616526842,12,-0.0008795320754870772,1.9644986018538475,0.10436659678816795
892,0.152557833,1784957445.60413,178.8006386429276,165.52283938298842,78.74782593734562,12,-0.0025765175014385022,1.536799117922783,0.12514284625649452
894,0.152557833,1784957445.8576581,165.97430224858581,165.35773935461896,88.38188776373863,12,-0.002039301980403252,1.3672891408205032,0.1575210439041257
896,0.152557833,1784957446.1339421,128.3059689918634,164.70986741281402,136.78570933640003,14,-0.0006960489554330707,3.4700693041086197,0.10637833084911108
898,0.152557833,1784957446.4108632,150.97159441845048,164.7627518909154,98.49623593315482,13,-0.002114435948897153,0.8426341488957405,0.055421346332877874
900,0.152557833,1784957446.664597,166.76897054722096,164.6999535398871,82.31595338322222,12,-0.0007422091439366341,1.0927964635193348,0.06836742931045592
902,0.152557833,1784957446.941516,174.75138544851285,165.36436017631996,84.50133243948221,11,-0.0009190916316583753,1.1059263162314892,0.10866001155227423
904,0.152557833,1784957447.192496,170.07373425617635,165.70730072906602,87.62913359329104,10,0.0006414828822016716,1.0955322571098804,0.1251989766024053
906,0.152557833,1784957447.441865,167.97057406387339,166.468869864198,93.060074493289,10,-0.001784257881809026,1.841595597565174,0.17129849269986153
908,0.152557833,1784957447.717279,190.93890201234547,167.49605750659373,70.82902106642723,11,0.00011196464765816927,0.8849663101136684,0.09489349322393537
910,0.152557833,1784957447.969889,183.7362239168353,168.1296537316713,78.60588381066918,12,-0.0012007849290966988,1.0177271515130997,0.13573641004040837
912,0.152557833,1784957448.221298,168.31194250074753,168.63551167773457,83.56855356134474,12,-0.00572159091825597,3.636601150035858,0.12662879982963204
914,0.152557833,1784957448.8424509,195.89437302343916,168.74213001980422,60.6139395032078,11,-0.000667001266265288,1.0957173444330692,0.12305487180128694
916,0.152557833,1784957449.1262069,175.40221445943942,169.15861546186778,78.67983399704099,10,0.00025561812799423933,0.7630134671926498,0.072884286288172
918,0.152557833,1784957449.4050019,156.04939276169895,169.186296395091,101.69943997263908,15,-0.00186057947576046,1.962664656341076,0.12165282340720296
920,0.152557833,1784957449.657583,164.26788057181514,168.70242634603045,92.72196255996823,12,-0.0005728419200750068,1.5808963254094124,0.08135798736475408
922,0.152557833,1784957449.909256,158.02967421885674,168.4144707503454,89.8812155276537,12,-0.0018060383445117623,1.0256515964865685,0.13469705125316978
924,0.152557833,1784957450.1849651,161.32187313429853,167.60955224227234,100.47855523973703,11,-0.0025490264815744013,1.3670524768531322,0.1310825594700873
926,0.152557833,1784957450.438638,180.22988339929165,167.39583962447173,83.32519222982228,11,-0.004951779614202678,0.9125535152852535,0.119045440107584
928,0.152557833,1784957450.688949,162.46161724481072,166.96826293299492,104.91623367741704,10,-0.005389946512877941,1.9271795079112053,0.17631897050887346
930,0.152557833,1784957451.0169191,176.30400271576994,167.09970822064176,80.25034755468369,12,-0.004663923056796193,0.8914293833076954,0.1808581631630659
932,0.152557833,1784957451.2774,168.77566005043627,167.58874960142646,92.31254625692964,11,-0.004207367310300469,2.712970547378063,0.08065810590051115
934,0.152557833,1784957451.554463,183.96550934459864,168.26690225927243,75.07248469814658,12,-0.001154259814938996,1.3332058936357498,0.10189435305073857
936,0.152557833,1784957451.808803,173.82441809850755,168.7096421905996,81.979880746454,12,0.0026138457469642162,1.6558935046195984,0.13702027034014463
938,0.152557833,1784957452.0602958,174.17004302544646,169.0705304601471,78.96192049607635,13,-0.0011249299568589777,1.9406119212508202,0.13009266695007682
940,0.152557833,1784957452.337879,163.95856832482895,169.28345633395048,94.77171732112765,13,-0.0016589471779298037,0.8854934126138687,0.1357247531414032
942,0.152557833,1784957452.5914009,178.12201785888695,169.9785344412771,75.63322543725371,10,0.00021467333135660738,0.3347209542989731,0.052175684133544564
944,0.152557833,1784957452.8424509,183.30282649051205,170.50901402393677,78.15839700959623,10,-0.0029468276479747146,1.9849163740873337,0.19209969323128462
946,0.152557833,1784957453.1187892,177.09758918151468,171.30637238964556,92.78601648658514,8,-0.00170621566940099,1.5754885822534561,0.11872363556176424
948,0.152557833,1784957453.37068,173.17641778155777,172.06133020718298,84.18419848009944,12,-0.0013044150546193123,1.184419821947813,0.08855775091797113
950,0.152557833,1784957453.646532,171.23058394280454,172.40389909925432,82.26080702617764,14,-0.0017897958750836551,1.0486629270017147,0.1270841103978455
952,0.152557833,1784957453.897217,163.42579260058162,171.93719609344936,95.51073909923434,12,0.0007428111275658011,1.4255275540053844,0.05331156053580344
954,0.152557833,1784957454.2194738,153.73415007975493,171.7319768696724,102.08737812098116,11,-0.0020532884300337173,1.1782956644892693,0.12310166517272592
956,0.152557833,1784957454.49811,161.93495401175335,170.9846888794898,93.34603317826986,12,-0.001510092020907905,0.7476680148392916,0.0981501517817378
958,0.152557833,1784957454.7513988,156.70204953474973,170.7203107686025,101.09738083183765,14,0.001568243489600718,4.849020153284073,0.07420449401251972
960,0.152557833,1784957455.006958,176.31136793398454,170.5083027610569,81.29210525006056,11,-0.001526031963294372,1.5028473362326622,0.10675623686984181
962,0.152557833,1784957455.303937,169.2139145169497,170.55657643302777,87.72292610257864,10,-0.001580020529218018,0.9207648932933807,0.14041792415082455
964,0.152557833,1784957455.559402,161.43413434876595,170.16354986318362,104.52728346176445,12,-0.001744868903188035,2.515285611152649,0.1454569660127163
966,0.152557833,1784957455.8367841,159.238471246775,169.56709567504583,89.03982606716454,13,0.0013481462228810415,1.5943524315953255,0.06547154951840639
968,0.152557833,1784957456.09635,182.00683856671765,170.70078759380357,78.74333252571523,11,-0.0026036399067379534,0.9692841582000256,0.08038915949873626
970,0.152557833,1784957456.3444211,139.90906669368817,170.24989747404416,109.22387604415417,13,-0.0036157950526103377,2.4665385112166405,0.24311077035963535
972,0.152557833,1784957456.622195,146.1720544868084,169.90802831795153,124.04469302296638,11,0.0033738569472916424,4.0622053146362305,0.05687799188308418
974,0.152557833,1784957456.876742,173.65277681029426,170.476853972143,74.56391406804323,10,-0.0016785147308837622,0.95297596976161,0.049140615039505064
976,0.152557833,1784957457.1295621,170.77156940555838,170.4196023933836,84.45357869192958,12,-0.0005277975724311545,1.0731117501854897,0.07658984954468906
978,0.152557833,1784957457.406958,185.1358245703189,171.0453051856265,79.10483749210835,9,-0.0005463316629175097,1.2007598839700222,0.055771537125110626
980,0.152557833,1784957457.660267,178.51529622030304,171.1832818147239,80.21116842702031,12,-0.0014767512620892376,1.4896241873502731,0.15791690396144986
982,0.152557833,1784957457.934439,169.706340123406,171.14459392095284,79.16578079760075,12,-0.0001171292969956994,0.6325963269919157,0.051654570270329714
984,0.152557833,1784957458.189823,179.74243544389432,170.37934200992146,72.90535506606102,12,-0.001350558624835685,1.1951275765895844,0.1036223927512765
986,0.152557833,1784957458.443651,186.1800334749615,170.36224134635944,70.2242393027991,12,-0.0015817660023458302,1.5353633612394333,0.15126521745696664
988,0.152557833,1784957458.720536,183.97104223311123,170.45853814989823,72.31245838850737,12,-0.0020471258103498258,0.6545874197036028,0.05321453243959695
990,0.152557833,1784957458.975141,168.699826991926,170.596134712683,77.98774282261729,12,-0.0006086941211833619,0.7859468422830105,0.07325147208757699
992,0.152557833,1784957459.229696,186.2671908158985,170.0187522476141,74.65480933338404,11,-0.0009660656214691699,1.0700925812125206,0.08206373685970902
994,0.152557833,1784957459.507102,175.6412698237988,169.34684457473904,79.60553441010416,13,-0.0012096762948203832,1.5695830024778843,0.09924299921840429
996,0.152557833,1784957459.7833972,164.00875717717676,169.39235362680571,99.23769717477262,14,-0.0014658842010248918,1.2636173628270626,0.11573092732578516
998,0.152557833,1784957460.060212,164.09009723283177,168.86691468139122,94.56277116388083,13,-0.0006274265761021525,3.3418640047311783,0.06691860128194094
1000,0.152557833,1784957460.691282,162.5174489467571,168.592551541397,86.30453575216234,12,-0.0004303541500121355,1.049992997199297,0.05874143331311643
1000,0.152557833,1784957460.691282,162.5174489467571,168.592551541397,86.30453575216234,12,-0.0004303541500121355,1.049992997199297,0.05874143331311643
1002,0.152557833,1784957460.977314,167.9078053712431,168.95163173433318,88.9246002882719,11,-0.0015605888329446316,1.444720335304737,0.12436902802437544
1004,0.152557833,1784957461.255221,187.49429825468334,169.81970858336493,67.54464335553348,11,-0.00019655993673950434,0.5156930293887854,0.02573038579430431
1006,0.152557833,1784957461.508092,177.34062305781495,170.69301032285944,81.44824622757733,13,-0.0012928282376378775,0.9348501600325108,0.0921461908146739
1008,0.152557833,1784957461.759758,176.32598455628377,170.8501639355062,81.52501707524061,10,-0.0007353841792792082,1.2526667937636375,0.10441588470712304
1010,0.152557833,1784957462.035229,177.59263684010318,170.66152950337604,73.9928843639791,11,-0.0013947722691227682,1.2053848765790462,0.08920438284985721
1012,0.152557833,1784957462.286967,187.41590842467295,171.25327688786842,73.99059157446027,9,-0.0013366224011406302,1.1587649509310722,0.10496145626530051
1014,0.152557833,1784957462.564188,167.2428237515742,171.3950066164499,90.98743770644069,11,-0.007390846847556531,1.4861033633351326,0.14155288273468614
1016,0.152557833,1784957462.815658,177.65696967797945,171.53664512566948,78.17397796735168,10,-0.0006307556759566069,0.8959685489535332,0.08312995871528983
1018,0.152557833,1784957463.067338,155.22444626804665,170.7824870365075,100.7394160144031,11,-0.0010591431055217981,1.2672111429274082,0.060574901988729835
1020,0.152557833,1784957463.343252,151.63383303271644,171.17054955118599,101.24502593744546,14,-0.001569173160532955,1.268610805273056,0.14772256789729
1022,0.152557833,1784957463.596259,174.0672496509158,171.41596950190473,81.92318653315306,11,-0.0015866262838244438,1.0339037701487541,0.152479387819767
1024,0.152557833,1784957463.850048,152.31313774625048,171.02904445516285,111.99160050973296,14,-0.0014915416832081974,1.4883651249110699,0.1392994849011302
1026,0.152557833,1784957464.1309922,162.30154567806218,170.67624976169046,87.50407735165209,13,-6.324579590000212e-05,0.5658358745276928,0.06754506472498178
1028,0.152557833,1784957464.40293,167.28093917369497,170.34673006118916,94.7731600701809,12,-0.0017311940900981426,1.3100310899317265,0.09839579788967967
1030,0.152557833,1784957464.682323,158.84379227925388,169.97965986748767,99.68524186685681,13,-0.0011566228058654815,1.0343715474009514,0.10773576842620969
1032,0.152557833,1784957464.933137,174.17223370510305,170.11708069110512,80.3108341563493,15,-0.0011033566479454748,1.6781124249100685,0.09937991993501782
1034,0.152557833,1784957465.185364,157.25136719150007,169.98930112290236,96.21627959236503,10,-0.000816132000181824,1.5556869208812714,0.0497587148565799
1036,0.152557833,1784957465.4623291,167.50733745299178,169.65277038275283,85.69576326943934,13,-0.0007581923855468631,1.128136470913887,0.0672181521076709
1038,0.152557833,1784957465.717974,186.83844171087958,169.6203773626693,64.7691098228097,12,-0.0037617142661474645,1.2228222452104092,0.07684394088573754
1040,0.152557833,1784957465.97229,173.26377391597728,169.4342597941785,92.68223457038403,13,-0.0016229863394983113,1.3144401870667934,0.13245644932612777
1042,0.152557833,1784957466.255702,162.5750409487051,169.52818043620206,82.88329586107284,14,-0.0007953295717015862,0.9998148791491985,0.06648720591329038
1044,0.152557833,1784957466.509228,166.92987434128273,169.8860634496844,87.07079578191042,12,-0.0006462841847678646,0.7860282864421606,0.06310636817943305
1046,0.152557833,1784957466.785866,177.56345587930704,169.90846766633146,75.13805916160345,13,-0.0022356638801284134,1.0386705249547958,0.1117157912813127
1048,0.152557833,1784957467.0623832,174.52930023789284,170.1883759029724,80.88489924371243,12,-0.001379933615680784,0.9846862331032753,0.12569939997047186
1050,0.152557833,1784957467.317327,171.38140039665456,170.1124294970341,78.44478041306138,12,-0.0019506188109517097,0.599516186863184,0.12357718078419566
1052,0.152557833,1784957467.5972679,153.42175974139286,169.78682856140207,111.66964002326131,15,-0.0006485060439445078,1.023720420897007,0.09545731218531728
1054,0.152557833,1784957467.850038,167.38699829216358,168.42857204963076,88.65806362777948,11,-0.0019491396378725767,0.9021380878984928,0.0697564734145999
1056,0.152557833,1784957468.101901,162.15184390991914,168.12224187583533,84.17749622277915,12,0.002569477954239119,1.2512738704681396,0.051699114963412285
1058,0.152557833,1784957468.376064,171.3242282738529,168.2154798007117,82.97807026281953,10,-0.0017258023581234738,1.4951327666640282,0.1545767681673169
1060,0.152557833,1784957468.625344,175.49605873978518,168.2790147880328,79.3082364089787,11,-0.002934706208179705,0.882616862654686,0.13220256380736828
1062,0.152557833,1784957468.9212632,167.81911779683415,167.4447395883457,98.59104912448674,14,-0.0026704594492912292,1.727830782532692,0.13009452214464545
1064,0.152557833,1784957469.174011,180.0203780992997,168.19301970847548,78.66496897861362,11,-0.0024052211447269656,0.6132908649742603,0.06033133948221803
1066,0.152557833,1784957469.426686,177.79560282243565,168.16870304696306,74.79783326433972,12,-0.0012190550987725146,1.156129352748394,0.1399993561208248
1068,0.152557833,1784957469.702581,151.83549162832304,167.73420127473312,107.35913541540504,13,-0.002340130100492388,1.5337539315223694,0.13002966390922666
1070,0.152557833,1784957469.954686,161.39650528046076,168.02731723416798,90.80903645977378,10,-0.000987792736850679,0.9807592928409576,0.09820031747221947
1072,0.152557833,1784957470.2071118,147.87536892040927,167.81463018365864,113.94097692146897,17,0.0003500500170048326,2.0805763974785805,0.08816934144124389
1074,0.152557833,1784957470.486342,143.67604905118148,167.4379021036948,108.02744636312127,14,-0.0016409898671554402,0.8243899792432785,0.10939213307574391
1076,0.152557833,1784957470.741801,163.5916343584532,167.57117251618953,84.93197326920927,13,-0.003267824627982918,1.4881323724985123,0.09846856724470854
1078,0.152557833,1784957471.017337,159.0175160878761,167.12033856839867,94.23876042664051,11,-0.0008752180146984756,1.2530928403139114,0.14247244922444224
1080,0.152557833,1784957471.2696152,164.02299953645576,167.47254070019008,89.73035137169063,13,-0.0026943652192130685,0.8593344874680042,0.06846700003370643
1082,0.152557833,1784957471.521701,165.55830069834428,167.25189542142346,92.18509914726019,13,-0.0015412801294587553,0.8283177260309458,0.0708987396210432
1084,0.152557833,1784957471.801814,154.7993719658559,167.14800427521538,103.92644972726703,14,-0.0031874580308794975,1.9924987480044365,0.14084024261683226
1086,0.152557833,1784957472.056046,139.95793042996058,167.08868670518447,118.12385176122189,13,-0.0013957993651274592,2.4152040779590607,0.10029052849858999
1088,0.152557833,1784957472.309727,156.88287115931857,166.41156416786515,95.74338097311556,14,-0.006160507611639332,2.243620313704014,0.13124342868104577
1090,0.152557833,1784957472.5887392,139.77778468086385,165.27154196417217,112.10922262072563,16,-0.0006909996445756406,1.556721542030573,0.07918938552029431
1092,0.152557833,1784957472.84583,175.01984141480412,165.64463722207063,84.0456140190363,13,-0.0020444878609851003,1.2044858187437057,0.08811934408731759
1094,0.152557833,1784957473.1233652,155.04129138346903,164.87577649258128,102.20260335505009,13,-0.001028347876854241,2.130398228764534,0.13146259495988488
1096,0.152557833,1784957473.399322,171.27390890481885,164.47930125395513,81.05634125322104,12,-0.0014997921243775636,1.3743765205144882,0.09235273255035281
1098,0.152557833,1784957473.651794,177.52110447830597,164.62780733185397,80.45154927298427,13,-0.004520662288996391,1.3496113009750843,0.1048077312298119
1100,0.152557833,1784957473.926789,176.7393543399046,165.18716029326706,78.10878921300173,11,-0.0008386961999349296,0.5910369008779526,0.02689470851328224
1102,0.152557833,1784957474.179289,182.7174214294918,165.9769763536393,75.98606093088165,11,-0.00278209793032147,0.3972822576761246,0.11831275513395667
1104,0.152557833,1784957474.430034,172.7739366195749,167.18458279927214,89.26042169705033,12,-0.0007993671461008489,1.3432660438120365,0.08292856672778726
1106,0.152557833,1784957474.705794,166.23307419343445,167.04652134421409,94.25791106000543,14,-0.0023464218829758465,2.1376065611839294,0.04271424049511552
1108,0.152557833,1784957474.9571588,174.88967137668544,167.07001307328665,84.71599795296788,9,-0.000982184188615065,0.5056855902075768,0.112768922932446
1110,0.152557833,1784957475.340149,163.6286219601718,166.92078778589593,101.00180633366108,13,-0.0003866722108796239,1.183053895831108,0.08436338533647358
1112,0.152557833,1784957475.598926,167.74251140897337,167.36335957103046,91.94841742515564,11,-0.0015765486750751734,1.010551106184721,0.0914597692899406
1114,0.152557833,1784957475.8502011,172.0519312538122,166.71070037394605,85.36022262275219,10,-0.0026525738066993654,1.0798429884016514,0.12187228910624981
1116,0.152557833,1784957476.124008,171.68915842063024,166.77621014099816,91.93691590428352,8,-0.00014349084813147783,1.2529072687029839,0.12681872630491853
1118,0.152557833,1784957476.382897,165.56815133941268,167.52399076668388,93.77901032567024,11,0.00012465508189052343,0.635929437354207,0.03539629268925637
1120,0.152557833,1784957476.6349251,178.65382885762892,167.64398500712932,76.22461526468396,10,-0.0011704661301337183,2.250471353530884,0.1289583658799529
1122,0.152557833,1784957476.91007,144.69670901062412,167.16771233222755,112.97061410546303,13,-0.0018768486916087568,1.4446921274065971,0.10987700801342726
1124,0.152557833,1784957477.16333,174.20144929984383,167.7997873537098,73.93402572907507,12,-0.0006662443993263878,2.5656677074730396,0.04394449491519481
1126,0.152557833,1784957477.438886,147.30515624375516,167.93968138622637,108.51039879769087,12,-0.003257291973568499,2.3017367646098137,0.11052394169382751
1128,0.152557833,1784957477.692353,171.31007503960302,168.4013952834222,79.96472082659602,11,-0.0006388463807525113,1.193010088056326,0.06924917851574719
1130,0.152557833,1784957477.963292,160.47996178690357,168.0766243609925,91.55941277369857,13,-0.0006755194626748562,1.3956850655376911,0.11846324894577265
1132,0.152557833,1784957478.2383392,150.1146389862348,167.59767054400356,112.21043863520026,14,-0.00044493688619695604,1.8013988435268402,0.0543285480234772
1134,0.152557833,1784957478.493303,170.4562514816786,168.16363278521303,82.58834402356297,12,-0.0014966445742174983,0.9212827272713184,0.06590334791690111
1136,0.152557833,1784957478.7450838,164.26649031064358,168.39081493456996,88.21222758293152,12,-0.0026822126237675548,2.0086028426885605,0.04457760427612811
1138,0.152557833,1784957479.0201652,141.05997362946223,168.19048646922977,111.67529457993805,10,-0.001723824447253719,1.2598488926887512,0.18906678725033998
1140,0.152557833,1784957479.27003,175.78949873014568,169.50208924670542,86.82189253345132,11,-0.0016020936891436577,2.017427757382393,0.10336452396586537
1142,0.152557833,1784957479.5462132,165.39350041806813,169.14231568021162,86.73572190105915,11,-0.0006628718365391251,1.143268920481205,0.0695366719737649
1144,0.152557833,1784957479.799998,164.09505793299817,169.81107843860133,88.36694453656673,9,-0.0017852183082140982,0.9827797561883926,0.09211230231449008
1146,0.152557833,1784957480.0499141,186.9624020320013,170.696880910529,71.93065816536546,11,-0.0007222171407192945,1.250840101391077,0.06312751933000982
1148,0.152557833,1784957480.32582,193.40986771890363,170.88527225165544,65.22899529151618,10,-0.0003060039016418159,0.7213231176137924,0.06252404674887657
1150,0.152557833,1784957480.578455,166.58117150858646,170.4331834243313,93.15151151642203,10,-0.004093565978109837,0.6116058807820082,0.10448327660560608
1152,0.152557833,1784957480.831423,187.3672053559334,170.559364234432,67.86813431140035,12,-0.004085312393726781,0.6604795642197132,0.12579167913645506
1154,0.152557833,1784957481.1074529,181.6915053397409,170.72941566242235,76.87335410900414,12,-0.0015387284802272916,0.536802627146244,0.10954073676839471
1156,0.152557833,1784957481.3589919,174.6130099988257,171.21268758052815,82.27874392550439,13,-0.000841760280309245,0.9548573195934296,0.08063677558675408
1158,0.152557833,1784957481.635788,163.83412799917096,170.95361193885242,89.06850604712963,13,-0.001924910699017346,0.8470449671149254,0.12455092323943973
1160,0.152557833,1784957481.8895,161.39945628742328,170.97168471983673,96.67206326127052,14,-0.002152899614884518,0.7823001742362976,0.1501649129204452
1162,0.152557833,1784957482.14237,187.5556783366854,170.93622540712843,76.11713879182935,10,-0.0011758921318687499,2.1061758175492287,0.12467621779069304
1164,0.152557833,1784957482.4365308,169.05073336252113,170.77609649586262,82.89132316596806,11,-0.0023978467543201987,1.1735862232744694,0.08571878215298057
1166,0.152557833,1784957482.688437,178.02059888116537,170.93397169173716,78.854840926826,11,-0.0013633685011882335,1.4874918274581432,0.1036968647968024
1168,0.152557833,1784957482.938147,164.34234388362307,170.57735820054197,84.80527425929904,11,-0.002995025017298758,1.8516382947564125,0.09765925165265799
1170,0.152557833,1784957483.214017,167.51211014717205,170.11241629988226,88.2569922618568,13,-0.001469096401706338,1.36552444845438,0.11622481187805533
1172,0.152557833,1784957483.465281,177.41907976337308,171.51474702115155,78.82588428352028,11,0.0005262723425403237,1.4621616303920746,0.0635878462344408
1174,0.152557833,1784957483.740891,161.44307436365847,171.1789904992772,92.22914730384946,11,-0.0012233317247591913,1.6184876188635826,0.12753704842180014
1176,0.152557833,1784957483.9917219,172.3411049694519,171.21370892175383,84.72282986342907,10,-0.0013907667307648808,0.6209732219576836,0.1324833007529378
1178,0.152557833,1784957484.2442381,181.04626120710628,171.63468070511516,71.28641253523529,11,-0.0014227446226868778,1.8537332974374294,0.09395176614634693
1180,0.152557833,1784957484.517288,185.2478924989204,172.39646495722747,77.18650007992983,9,-0.0012863553420174867,0.6794626526534557,0.12597581511363387
1182,0.152557833,1784957484.769572,165.1660498513936,173.23203447589327,84.44503576494753,10,-0.000751793384552002,2.321823574602604,0.053887764108367264
1184,0.152557833,1784957485.020041,159.00112252782938,172.994605986568,99.58564000576735,11,-0.0008497615344822407,3.059213936328888,0.06498086825013161
1186,0.152557833,1784957485.2968278,171.57545551153254,173.1505617918522,88.617805974558,10,-0.0005278835669741966,1.4913617670536041,0.06978668528608978
1188,0.152557833,1784957485.620717,175.875135087859,174.16782223066636,75.80292589962482,13,-0.0018630261474754661,1.3783845752477646,0.07157101831398904
1190,0.152557833,1784957485.899261,184.97524628586217,173.88484659053898,73.740583172068,11,-0.0019011753902304918,1.0857909582555294,0.07270511169917881
1192,0.152557833,1784957486.153059,167.01045821014108,173.73313717604015,87.5321608260274,12,-0.001181670872028917,0.8688859939575195,0.10674944659695029
1194,0.152557833,1784957486.412441,168.68110874994073,173.82911020260627,89.29402123764157,13,-0.0025202065480698366,1.7566445171833038,0.07209329190663993
1196,0.152557833,1784957486.689653,177.64011162642237,173.39038111276216,75.48980328440666,12,-0.0005184244364500046,1.1490007117390633,0.05472324718721211
1198,0.152557833,1784957486.969842,180.5338048614202,173.18784448060467,81.35758585110307,11,-0.0018567467341199517,0.9388541374355555,0.08120332984253764
1200,0.152557833,1784957487.220138,184.71574767915806,173.308081765738,72.94821742922068,11,-0.0025801699375733733,0.9635929130017757,0.07853719731792808
1202,0.152557833,1784957487.495453,175.33224233372275,172.8942353009221,76.48092561494559,12,-0.0025569274548615795,1.0036163479089737,0.0551258351188153
1204,0.152557833,1784957487.747495,186.02224808882144,172.84305231475412,70.17200119793415,12,-0.0006493848923128098,1.0506617724895477,0.07044045720249414
1206,0.152557833,1784957488.023212,154.932181314259,172.20847974864333,95.98102062940598,10,-0.0010480114142410457,1.5582806318998337,0.06751900538802147
1208,0.152557833,1784957488.276159,161.48266846976307,172.1148682454501,89.45381375774741,11,-0.0019165743033227045,0.4217688236385584,0.08004198549315333
1210,0.152557833,1784957488.52547,179.67193898760786,172.42423762253907,77.58222241327167,10,-0.0010906116804108024,1.836437415331602,0.0618171663954854
1212,0.152557833,1784957488.798432,184.1881344019573,172.72181884148787,69.97511687129736,11,0.0007934311870485544,0.5265569481998682,0.052780020516365767
1214,0.152557833,1784957489.050535,176.27384589855478,172.98964250044497,76.98603606782854,10,-0.000805912830401212,1.2251136526465416,0.05073180003091693
1216,0.152557833,1784957489.3036668,189.1447047155462,173.14894595622098,67.97873151488602,13,-0.00034653538023121655,5.267509117722511,0.0483941207639873
1218,0.152557833,1784957489.584495,176.42682777812118,173.23077175903444,82.82946592383087,14,-0.002002289991651196,0.6857069171965122,0.10187676828354597
1220,0.152557833,1784957489.8362849,182.7982590024196,173.9162632312481,77.56171926856041,8,-0.0006496055575553328,1.1236597783863544,0.07323128427378833
1222,0.152557833,1784957490.1141288,167.34920451292086,173.43667460631374,88.57783028483391,13,-0.005499544960912317,2.755282334983349,0.1584548451937735
1224,0.152557833,1784957490.369453,168.90096005208906,173.64970324513786,83.9377280343324,12,-0.0006113966810517013,0.9965859651565552,0.06518445978872478
1226,0.152557833,1784957490.620833,165.27506549652733,173.25940079371532,85.91050213202834,13,-0.003219449150492437,0.6419319100677967,0.16187411174178123
1228,0.152557833,1784957490.896987,161.56239010747373,172.49854692598132,93.98937014304101,13,-0.0015124427154660225,1.1876605935394764,0.13411793112754822
1230,0.152557833,1784957491.1494489,180.9911234588738,172.4399526090126,74.60832062922418,11,-6.033433601260185e-05,0.5997998788952827,0.06507356348447502
1232,0.152557833,1784957491.423137,165.2912361478552,172.30671547870625,93.24571263045073,10,-0.003050545317819342,1.3179569244384766,0.1464159581810236
1234,0.152557833,1784957491.7016551,164.22416239951636,172.4996165031433,93.74318349501118,13,-0.0005862704419996589,2.2631145119667053,0.1118057956919074
1236,0.152557833,1784957491.9640892,178.25729866581267,172.48855386589688,75.59465750679374,11,-0.0006907942588441074,1.0929368734359741,0.062434491934254766
1238,0.152557833,1784957492.238911,175.67325704930545,171.9122629228793,70.94143184646964,10,-0.0010820633033290505,1.1364624239504337,0.11933828378096223
1240,0.152557833,1784957492.491064,167.71884244388318,171.7684801616121,93.54126570932567,13,-0.0011415446642786264,2.805330827832222,0.10352917481213808
1242,0.152557833,1784957492.743737,187.9995277213397,171.90100558149595,76.62321093678474,9,-0.0006793333741370589,1.2985899038612843,0.06433144118636847
1244,0.152557833,1784957493.021245,169.54176023426766,171.36496391955308,95.62758499756455,12,-0.00011692300904542208,1.2233041375875473,0.13667231192812324
1246,0.152557833,1784957493.27393,165.79015056329933,171.3659626543178,83.32741703651845,11,-0.00019111644360236824,1.3734774366021156,0.055300692562013865
1248,0.152557833,1784957493.524742,167.92100910606817,171.0685084525898,85.56100092828274,12,-0.0012975512072443962,1.6723119392991066,0.13851219601929188
1250,0.152557833,1784957494.150614,189.66057793997768,171.342638562529,76.3188881650567,9,0.0005493590142577887,2.133514888584614,0.08363385917618871
1252,0.152557833,1784957494.428942,175.67642405301362,171.0674266326284,81.51883019506931,11,-0.0007535878103226423,2.022230103611946,0.08325162041001022
1254,0.152557833,1784957494.7051342,186.06475262198072,170.51920420812803,76.26091865077615,9,-0.0006868254859000444,0.778963927179575,0.04236257262527943
1256,0.152557833,1784957494.958237,162.96702694775462,170.72617002511907,84.98158664256334,11,-0.0010876931264647283,0.8699166439473629,0.09480991959571838
1258,0.152557833,1784957495.208381,156.90355260852675,170.9663805795981,99.46135165169835,10,-0.0001323885517194867,1.0929618254303932,0.1370922843925655
1260,0.152557833,1784957495.505575,166.95411229069367,170.91211632967944,81.55171362683177,11,-0.001329406921286136,0.8224681355059147,0.035870626801624894
1262,0.152557833,1784957495.800529,165.66751613650644,170.48013521196168,88.42383345589042,10,-0.001229072397109121,0.6654475759714842,0.12012814125046134
1264,0.152557833,1784957496.0532212,175.7489913014002,170.20678653521608,79.8199821524322,12,-0.00017050908354576677,3.1956526786088943,0.07174929766915739
1266,0.152557833,1784957496.3302689,154.3875436994751,169.40776962511904,112.54946234822273,10,-0.0034623357059899718,0.48877817392349243,0.1762156942859292
1268,0.152557833,1784957496.579846,182.20666322170314,169.44991044148983,72.84480845741928,11,-0.001501351478509605,1.2148403748869896,0.05954529903829098
1270,0.152557833,1784957496.8643022,191.95658627089261,169.57096950709786,66.66062642633915,12,-0.001246157509740442,1.4816523417830467,0.0831718856934458
1272,0.152557833,1784957497.115394,161.03999437967673,169.49038201567674,96.68686927855015,12,-0.0035463517269818112,0.4512934498488903,0.1151147810742259
1274,0.152557833,1784957497.3664398,137.00463457120443,168.8267902413731,117.51575452461839,14,-0.0018568900704849511,2.191754251718521,0.17778018582612276
1276,0.152557833,1784957497.642171,167.16771231658328,169.17239763662528,93.99018302559853,11,-0.0018672972873901017,1.9046513587236404,0.12152771512046456
1278,0.152557833,1784957497.8938198,160.74636131465698,169.51322278210108,90.79027944803238,12,-0.0013368002255447209,1.911755532026291,0.09185896720737219
1280,0.152557833,1784957498.1465669,180.10974728419933,169.1610477330518,78.07385521382093,10,-0.003296561655588448,0.49993265978991985,0.13150806725025177
1282,0.152557833,1784957498.424352,170.1880465976623,169.34028668401902,92.85968988388777,14,-0.0028016842334182,1.8166699260473251,0.1418012399226427
1284,0.152557833,1784957498.675946,154.76977274139423,168.89945455400778,98.29700594209135,10,-0.0006137751770438626,0.7980470918118954,0.06232427922077477
1286,0.152557833,1784957498.95349,186.2938578266946,169.2175898988062,69.45182899013162,13,0.00032752426341176033,0.3521232632920146,0.0625764955766499
1288,0.152557833,1784957499.2063591,178.41508576695344,169.32053253649087,78.52984648756683,13,-0.0007872562273405492,1.2502222917973995,0.11749346228316426
1290,0.152557833,1784957499.459512,152.81615020976434,169.11818306821948,99.86499756760895,13,-0.0017535047954879701,1.2391345761716366,0.16108809085562825
1292,0.152557833,1784957499.739146,193.59396642741345,169.61516110084372,68.60645909234881,12,-0.0008699283935129642,1.232844702899456,0.08998760022222996
1294,0.152557833,1784957499.9900968,169.14152436405823,170.22995424089254,79.33293685875833,11,-0.000456096458947286,0.9265725910663605,0.058230285765603185
1296,0.152557833,1784957500.266017,154.90127772114167,169.86277176296102,93.53799889236689,12,-0.0014671338140033185,1.85124159604311,0.10285991989076138
1298,0.152557833,1784957500.543021,181.12108166125702,169.9709989558503,78.372538164258,13,-0.0015552555269096047,1.13003658503294,0.152386168949306
1300,0.152557833,1784957500.79524,186.79748803033715,169.76596154247338,70.60569013468921,12,-0.0005809025606140494,0.7268485017120838,0.05525139474775642
1302,0.152557833,1784957501.07098,179.5243354938872,169.9720057690209,77.07736452482641,10,0.0006471106898970902,0.30229351203888655,0.060381722869351506
1304,0.152557833,1784957501.3259032,175.8481279237221,169.8747026636248,72.90726125240326,13,-0.0003315804642625153,1.0986465848982334,0.11403166828677058
1306,0.152557833,1784957501.5789251,179.65369445609812,170.46644623425186,79.7945082038641,13,-0.005613999193883501,2.332291692495346,0.07905533676967025
1308,0.152557833,1784957501.855283,179.9936099374244,170.788815107221,78.67531679198146,10,-0.0005962649011053145,0.5398671347647905,0.08476964943110943
1310,0.152557833,1784957502.109043,167.95079259295363,170.78310817748678,86.25728480890393,9,-0.006061767271603458,1.662281647324562,0.18520407378673553
1312,0.152557833,1784957502.359989,181.831289130656,171.23408828336673,76.06385391578078,12,-0.0012918077409267426,0.7540894187986851,0.0820584672037512
1314,0.152557833,1784957502.650676,180.22253267093834,171.4188017652953,76.23244956508279,10,-0.00041701795998960733,0.5749514177441597,0.04530618421267718
1316,0.152557833,1784957502.915622,181.07861986153262,172.3673452273592,78.27710311487317,9,-0.00209270347841084,1.0299317389726639,0.07818450522609055
1318,0.152557833,1784957503.195691,185.06695117735612,172.8213353815207,73.20720459334552,10,-0.0010133262840099633,1.588086947798729,0.08383478480391204
1320,0.152557833,1784957503.494198,176.23296820370243,172.43843867416905,84.30904633924365,11,-0.0014845581026747823,1.3350120857357979,0.06116678565740585
1322,0.152557833,1784957503.754921,174.3918646932387,172.93068624709682,86.03837021812797,13,-0.0017682150937616825,1.250847239047289,0.14221437275409698
1324,0.152557833,1784957504.031029,159.02523701821278,173.35487858561322,95.27680706977844,11,-0.0031194608309306204,1.382857084274292,0.13342839619144797
1326,0.152557833,1784957504.283505,177.16481729837196,173.8099891628174,77.96401939168572,10,-0.0016687678144080564,0.73418178409338,0.08913547126576304
1328,0.152557833,1784957504.536242,177.28511288931614,174.15689450805314,81.73579477705061,10,-0.0016441334737464786,0.9708142317831516,0.10147438617423177
1330,0.152557833,1784957504.835616,177.98574829825316,174.4323925027344,80.38818540796638,10,-0.0014991216594353318,0.7023925669491291,0.10966336587443948
1332,0.152557833,1784957505.08638,192.4626037568202,174.50809244719213,70.3130092471838,9,0.000527670606970787,0.7163193542510271,0.08997580828145146
1334,0.152557833,1784957505.3608499,172.94038740260672,174.62001099259086,84.92978847399354,12,-0.0032628782355459407,1.627618558704853,0.15845470037311316
1336,0.152557833,1784957505.994252,196.11421714519568,174.6747795165694,58.67913522571325,12,0.00018693204037845135,0.9235480185598135,0.09912124136462808
1338,0.152557833,1784957506.2789671,158.14775653057075,174.30140776851832,93.46957101486623,12,-0.0018291050510015339,0.7107803169637918,0.20281878020614386
1340,0.152557833,1784957506.555499,165.29182262974751,174.6556738863854,90.93984056636691,13,-0.0007728766067884862,0.8634981233626604,0.09459320176392794
1342,0.152557833,1784957506.8099399,173.592787906587,174.19135397074695,83.75800110027194,9,-0.000849237316288054,0.5058189928531647,0.037448317918460816
1344,0.152557833,1784957507.061505,151.88818720865487,173.64025895276222,95.47255204990506,12,-0.0006797792157158256,1.989184319972992,0.12552968878298998
1346,0.152557833,1784957507.343112,179.1663859063659,174.34850364110204,71.45167979598045,13,-0.0010251411295030266,0.616616178303957,0.06892117112874985
1348,0.152557833,1784957507.595694,169.4937210645389,174.45588723800168,83.60775679722428,13,-0.000985044738627039,4.90541872382164,0.09927725698798895
1350,0.152557833,1784957507.871455,165.20107515491117,173.988538856214,88.75608229637146,13,-0.0006710220477543771,1.959188163280487,0.088414725381881
1352,0.152557833,1784957508.125508,169.60312800906783,173.87048956851137,74.17604016605765,12,-0.0015667237021261826,1.01345269754529,0.10284726601094007
1354,0.152557833,1784957508.3767529,175.31822387138362,173.9384321090494,77.09059297852218,12,-0.0013311951188370585,1.1510693542659283,0.13365610456094146
1356,0.152557833,1784957508.652278,182.6269069916741,173.58930161534576,67.174798829481,12,-0.0011620571603998542,0.6550578325986862,0.09406256722286344
1358,0.152557833,1784957508.903425,171.36429296357812,173.15801380689715,91.61088884621859,10,-0.0010056108294520527,2.3409744054079056,0.11137574864551425
1360,0.152557833,1784957509.154573,185.42818760873183,173.3518397025724,73.83609909377992,10,-0.0011149798228871077,1.5343447253108025,0.0864378777332604
1362,0.152557833,1784957509.451571,180.61757576457575,173.4787520511514,77.32512519694865,11,-0.0006383067229762673,0.6287455391138792,0.08177220402285457
1364,0.152557833,1784957509.703572,169.76991002357025,173.30778213638055,86.43474840000272,14,-0.0013331641966942698,0.870783157646656,0.0966596738435328
1366,0.152557833,1784957509.9791412,161.22542859537288,172.91552051634932,103.06146448105574,12,-0.001126843926613219,0.9062985852360725,0.13630242319777608
1368,0.152557833,1784957510.231381,189.84860808035128,173.27942979443415,71.4463600628078,10,-0.0007871276320656762,0.531511165201664,0.07584055699408054
1370,0.152557833,1784957510.4839191,167.57688098172318,173.3351297657477,95.70276349782944,11,-0.0003084366617258638,3.319157361984253,0.12330236658453941
1372,0.152557833,1784957510.761389,180.5250318065605,172.80515541868263,71.92662985809147,12,-0.00035490846494212747,0.6482903379946947,0.04760818532668054
1374,0.152557833,1784957511.0137558,178.5409834479965,173.55206034763364,76.25978142768145,10,-0.0011645063350442797,0.6182258557528257,0.07435291027650237
1376,0.152557833,1784957511.266847,174.90376692108967,172.96594790307682,80.37096129357815,12,-0.0009598921897122636,2.640395350754261,0.07218148047104478
1378,0.152557833,1784957511.543767,174.7252265682755,172.54824269554103,86.17204355821013,11,-0.0033531354274600744,1.378086294978857,0.14810512261465192
1380,0.152557833,1784957511.796584,151.01974856918713,172.07032131455256,101.69459266960621,11,-0.0009812325588427484,1.1316213943064213,0.10669269692152739
1382,0.152557833,1784957512.0733209,171.0419730436807,171.7796941761606,83.43612503632903,12,-0.002709656095248647,0.8369302488863468,0.054057021625339985
1384,0.152557833,1784957512.32585,182.34933953169715,172.33139915877592,77.9591694585979,9,-0.0015939319418976083,1.3019863851368427,0.08403011132031679
1386,0.152557833,1784957512.57712,174.68382157970197,172.31610466924252,80.07793844025582,9,-0.0009918713476508856,1.1782638169825077,0.06344681582413614
1388,0.152557833,1784957512.8516428,189.71082608060172,173.1389887343251,71.62854826450348,11,-0.0006645134744758252,0.7243799418210983,0.06750359083525836
1390,0.152557833,1784957513.101641,165.11826834178936,173.1959485217368,101.0306663736701,11,-0.0004316842241678387,2.548162542283535,0.07707167486660182
1392,0.152557833,1784957513.3508322,164.00948486216615,173.28163411120357,96.75618154555559,12,-0.0018706229457166046,2.3686825186014175,0.0939770748373121
1394,0.152557833,1784957513.62465,176.01461978482317,173.60308466377333,85.08781304582953,9,-0.00138237772625871,1.1535488814115524,0.12481557950377464
1396,0.152557833,1784957513.900157,177.0931446946404,173.44670392312415,80.98404591530561,10,7.148168515414e-05,2.4845485985279083,0.03735532960854471
1398,0.152557833,1784957514.1767921,180.7445667298176,173.35511316203036,79.51282985694706,11,-0.0005023090488975868,0.7334546372294426,0.06721676886081696
1400,0.152557833,1784957514.428525,185.3809268118903,173.95022282062143,75.54388005658984,11,-0.0015818409738130867,1.1344239003956318,0.08725277590565383
1402,0.152557833,1784957514.682097,164.72108460507064,173.4783525015152,84.82623040489852,13,-0.0010230668412987143,1.1585760358721018,0.1009065299294889
1404,0.152557833,1784957514.959776,174.99957077248166,173.4223269872932,90.38665313273668,11,-0.001051770115736872,0.8780079185962677,0.08352963184006512
1406,0.152557833,1784957515.2110012,176.16038325152635,173.48692357842606,78.03732971474528,11,-0.0013690340565517545,1.2785753980278969,0.08187030325643718
1408,0.152557833,1784957515.4630752,195.43071140567324,174.0795795566097,70.64589602127671,9,-0.0021878192346775904,1.5029311403632164,0.10604668082669377
1410,0.152557833,1784957515.743788,173.10396384719058,173.84257920137364,93.68761859089136,12,-0.0010652043856680393,0.7696908414363861,0.09628376550972462
1412,0.152557833,1784957515.996145,175.853275655057,173.00346276318393,84.00516126304865,11,-0.00062729770434089,0.7227575648576021,0.06275041564367712
1414,0.152557833,1784957516.27136,179.8882357179096,173.2351627048566,77.08285836875439,14,-0.0015244439782691188,1.1742316484451294,0.09734307415783405
1416,0.152557833,1784957516.522704,164.30435410996097,172.94432642841474,92.38598423451185,9,-0.00038514968764502555,0.7565059587359428,0.029916780127678066
1418,0.152557833,1784957516.772831,181.29360096167042,172.5866004957739,81.5947524420917,12,-0.001143223504186608,2.3529622480273247,0.08702923776581883
1420,0.152557833,1784957517.1133802,189.6594571218267,172.4873855415251,73.38610060885549,10,-0.001408943033311516,1.228550959378481,0.06154822278767824
1422,0.152557833,1784957517.372736,168.7915439892527,172.8441450407536,88.57075943797827,11,-0.0008216136411647312,1.147735871374607,0.09122653095982969
1424,0.152557833,1784957517.624672,168.5046747175471,172.5041720485213,81.99623827636242,11,-0.0037004465120844543,1.798067145049572,0.07833022554405034
1426,0.152557833,1784957517.901609,174.72819119374284,173.22193787258394,84.72844141721725,12,-0.0017711365362629294,1.1390277408063412,0.03948088374454528
1428,0.152557833,1784957518.1562529,182.69982118746267,173.29404290033028,71.73060100525618,10,-0.0008436367352260277,3.2213493436574936,0.06794752832502127
1430,0.152557833,1784957518.455321,170.3264398175333,173.41535749464762,85.24301689490676,13,-0.0011470725294202566,1.694720707833767,0.08831620262935758
1432,0.152557833,1784957518.7083058,158.9543606908477,173.27614191804568,93.4034523870796,12,-0.0009135072323260829,0.6809983309358358,0.07304736226797104
1434,0.152557833,1784957518.962004,158.18834636970257,172.44388653332084,97.67469856142998,14,0.0002862816982087679,1.8659992702305317,0.17250578058883548
1436,0.152557833,1784957519.240701,151.40191595544366,171.8478191557437,96.89829297177494,13,-5.2976945880800486e-05,0.8764699064195156,0.07681641180533916
1438,0.152557833,1784957519.491885,166.14553227214222,171.728983947782,94.9493734780699,15,-0.0011261695763096213,1.2784628458321095,0.10637618601322174
1440,0.152557833,1784957519.744212,163.64458770492476,171.55714284709921,90.91491886228323,13,-0.002501274226233363,3.119178883731365,0.08381520723924041
1442,0.152557833,1784957520.022311,167.6838527504633,171.8071965370734,86.76316630654037,12,-0.000888966751517728,1.2493931166827679,0.09873277321457863
1444,0.152557833,1784957520.2741818,178.94655926452458,172.04997513437814,78.80306632816792,11,-0.0008279449102701619,1.2763351388275623,0.07041569799184799
1446,0.152557833,1784957520.550362,189.45292491034152,172.08759355714344,67.18498270586133,11,-0.0005109709454700351,1.0728114023804665,0.07740494189783931
1448,0.152557833,1784957520.802662,142.53269163831536,171.79977562782204,115.50320564582944,11,-0.0005384857067838311,1.0773427598178387,0.037283625337295234
1450,0.152557833,1784957521.054257,160.8505177280861,171.12984600677345,91.60327491350472,10,-0.0011762077920138836,1.0089997574687004,0.10341758443973958
1452,0.152557833,1784957521.333548,179.29263205283675,171.94530589839334,82.53959986940026,11,-0.0006531181425089017,1.4667106717824936,0.05440908810123801
1454,0.152557833,1784957521.586554,150.09407208188324,172.0684533173257,104.73269706219435,14,-0.0016254845832008868,1.800649717450142,0.12380050495266914
1456,0.152557833,1784957521.839676,155.2773860277858,171.7859135874931,100.80722505785525,12,-0.0004780491581186652,1.4771064892411232,0.09527263883501291
1458,0.152557833,1784957522.116977,164.04052748126284,171.1903807933304,94.03463597595692,13,-0.0009192585566779599,2.6768819987773895,0.09955089818686247
1460,0.152557833,1784957522.3687098,168.50875677793508,170.855656566198,89.87532092630863,11,-0.002952720118628349,2.2100000232458115,0.16543442849069834
1462,0.152557833,1784957522.645057,184.06010234129118,171.3703285958462,74.19377456977963,12,-0.0017063937848433852,0.9691805727779865,0.06013571622315794
1464,0.152557833,1784957522.920633,175.61706409331003,171.66349212737146,80.41081240773201,11,1.985588824027218e-05,1.347956757992506,0.06018618680536747
1466,0.152557833,1784957523.172236,164.6943491557867,171.91125454634516,88.11370271071792,10,-0.001913842628709972,1.0882886983454227,0.09192199818789959
1468,0.152557833,1784957523.451196,147.3075565923041,171.34125846523682,102.67888127081096,12,-0.0005020988173782825,0.9460525847971439,0.03978393226861954
1470,0.152557833,1784957523.702301,175.46881296084865,170.78693679036195,77.63373164832592,12,-0.0007351402891799808,0.5797671489417553,0.04763500904664397
1472,0.152557833,1784957523.955563,154.89977028764986,169.92523959501213,103.12650506477803,12,-0.0002916300727520138,3.763097658753395,0.0546249037142843
1474,0.152557833,1784957524.232417,144.2556921530302,168.99457497650823,118.44261315837502,15,-0.001167921072919853,1.7610853463411331,0.1328770504333079
1476,0.152557833,1784957524.485728,169.0127972089037,168.5084606481425,84.51965977996588,12,-0.0008548973128199577,1.2121920064091682,0.07426503486931324
1478,0.152557833,1784957524.763555,166.47549248533554,168.32384851554716,85.79008818790317,12,-0.0007328877145482693,1.4492472037672997,0.07903969078324735
1480,0.152557833,1784957525.016365,185.04778154247487,168.7466568620675,72.06429057009518,12,-0.0015520247397944331,0.9540086165070534,0.1212643263861537
1482,0.152557833,1784957525.2679691,162.680920265441,168.53030245755062,107.84165611118078,10,-0.0011835703335236758,2.197871871292591,0.09877030737698078
1484,0.152557833,1784957525.5442822,167.6215922845144,168.88295000223636,90.84911011345685,12,-0.0016605043783783913,0.9608572982251644,0.13713439414277673
1486,0.152557833,1784957525.799825,161.60342020360685,168.92704373015272,97.4981495514512,16,-0.0019037132733501494,1.961156778037548,0.12489385157823563
1488,0.152557833,1784957526.052883,163.1153144712219,168.31303442693635,97.92161996103823,14,5.201852764002979e-05,2.932337373495102,0.12234081327915192
1490,0.152557833,1784957526.329727,170.043570565869,168.31354720454866,81.8726617693901,11,-0.0007224826840683818,0.7301010414958,0.0846928630489856
1492,0.152557833,1784957526.582962,170.00547264838863,168.3793148057452,89.40307763963938,11,-0.0005385993172239978,2.5635368451476097,0.05855769803747535
1494,0.152557833,1784957526.8594959,157.01707911811408,167.7004092191775,99.9025832824409,13,-0.000793896964751184,1.3029348365962505,0.10034339083358645
1496,0.152557833,1784957527.1199622,162.40683103333424,167.34464018914204,93.36391953751445,15,-0.0009939972660504282,0.8571419380605221,0.13948993384838104
1498,0.152557833,1784957527.394817,161.00457140205168,167.40711345468017,89.29880313947797,12,-0.0007671245257370174,1.2758911848068237,0.06368461903184652
1500,0.152557833,1784957528.1147242,175.68899176936873,167.70317118749844,82.02155613154173,10,-0.0009244571556337178,0.6705927029252052,0.09448058996349573
1502,0.152557833,1784957528.399627,186.65442738536046,167.5908853164962,73.93744416162372,11,-0.0014758924371562898,2.33471766859293,0.12828723806887865
1504,0.152557833,1784957528.6525161,168.3458054910763,167.70214410280443,86.96342870220542,13,-0.00035396481689531356,3.2749346122145653,0.0545771277975291
1506,0.152557833,1784957528.927628,161.82260113783408,168.05047549712828,99.67952854186296,11,-0.002886588903493248,1.8845656141638756,0.06747356476262212
1508,0.152557833,1784957529.180832,164.6544362998821,168.03738109902747,90.31224174052477,8,-0.001427826122380793,0.83658766746521,0.08490011957474053
1510,0.152557833,1784957529.457311,180.0205975643659,168.19983970157668,75.98440431058407,10,-0.0003772479249164462,0.9903261661529541,0.06474395003169775
1512,0.152557833,1784957529.7108538,151.53587804545305,167.25877007142478,107.40364474058151,13,-0.0005087684548925608,1.1132625751197338,0.055028796661645174
1514,0.152557833,1784957529.9612072,180.04767282933156,167.22106080079743,76.0683842394501,12,-0.0010673417564248666,0.756580289453268,0.07883018860593438
1516,0.152557833,1784957530.2404768,169.59558016767102,167.0757832894854,82.83556743711233,15,-0.0010893155122175813,0.9445881880819798,0.08426304720342159
1518,0.152557833,1784957530.49297,177.11149541114267,167.40697886817074,79.6868536286056,13,-0.0008390332804992795,0.662925012409687,0.08952818531543016
1520,0.152557833,1784957530.74471,169.7840747521578,167.44246512120063,84.70771969296038,11,-0.0011733955761883408,4.166871726512909,0.08030987484380603
1522,0.152557833,1784957531.021375,173.54671986607048,168.27302126813603,78.85721904411912,15,-0.0023014042526483536,1.437508251518011,0.08011306542903185
1524,0.152557833,1784957531.271517,189.55142232281676,169.55268256077662,66.20659848675132,13,-0.0019619252416305244,1.4768671803176403,0.07226985413581133
1526,0.152557833,1784957531.54855,167.59387564840418,169.78469240982827,80.02973867207766,10,-0.0005074722866993397,0.6356353126466274,0.04317642387468368
1528,0.152557833,1784957531.801856,169.87675176665795,169.62404764078593,85.92551586125046,11,-0.0004699162091128528,1.4462618008255959,0.07343423669226468
1530,0.152557833,1784957532.077285,173.92045748303,169.31591924110097,77.45490122959018,11,-0.0015406252350658178,0.9971252456307411,0.07423269795253873
1532,0.152557833,1784957532.3526871,180.8981017225047,169.51226395802897,76.97243173792958,12,-0.0002871404212783091,1.7848770394921303,0.0714629883877933
1534,0.152557833,1784957532.6052952,152.8899846803027,169.1860918586835,97.04398195445538,13,-0.0007633623026777059,0.4892268180847168,0.10831245966255665
1536,0.152557833,1784957532.857216,184.54823043906873,169.68278081546373,72.5417319983244,12,-0.0012123170890845358,1.448681317269802,0.10111892502754927
1538,0.152557833,1784957533.139682,149.3978849202083,169.9601373794593,101.02884646132588,14,-0.001851442502811551,1.2363540977239609,0.10182135365903378
1540,0.152557833,1784957533.4114401,181.3621354742866,170.2120335878599,75.42243086919188,12,-0.0014330581470858306,1.3202983476221561,0.07081729685887694
1542,0.152557833,1784957533.688406,178.08937976527218,169.65107715458643,79.3705055527389,11,-0.0017737112357281148,1.635227270424366,0.08633485250174999
1544,0.152557833,1784957533.9400342,168.07791734575986,170.17090551692837,86.54358946532011,10,-0.0009846157627180219,1.046476561576128,0.06638941005803645
1546,0.152557833,1784957534.191196,165.33178884098191,170.11874997972834,90.72534231469035,14,-0.002270101584144868,1.0227472223341465,0.20129288733005524
1548,0.152557833,1784957534.467072,183.27644300229665,170.50185655133416,75.00184996426105,11,-0.000667458982206881,0.5376524608582258,0.06985031347721815
1550,0.152557833,1784957534.720376,161.56288892531717,170.68528633930785,101.54376551136374,10,-0.000892651154572377,1.8600428327918053,0.048772191046737134
1552,0.152557833,1784957534.971393,178.5205649988724,170.6895824927133,79.81329907290637,11,-0.0015141323674470186,1.2182754874229431,0.043654441949911416
1554,0.152557833,1784957535.2465339,161.17246106850715,170.68673019311854,94.61836812924594,11,-0.00564714043866843,1.3294605687260628,0.122860346455127
1556,0.152557833,1784957535.498894,167.69143763270353,170.3116280662638,99.77996830269694,13,-0.0009490764932706952,0.5784792900085449,0.08341392315924168
1558,0.152557833,1784957535.776277,163.7318382189937,170.37112812417155,114.65834377706051,11,-0.001131365483161062,3.196363538503647,0.09000601130537689
1560,0.152557833,1784957536.0276558,165.3224882939021,170.1412018829395,84.65991476178169,12,-0.0016779183642938733,1.3429076746106148,0.06223944923840463
1562,0.152557833,1784957536.282093,165.706728135714,170.47903640004276,98.11245120875537,12,-0.0005450246389955282,1.5330860316753387,0.09830078459344804
1564,0.152557833,1784957536.5843709,178.62011130205622,170.59649094163035,84.86823381111026,10,-0.0009405456366948783,1.2520132213830948,0.056528888177126646
1566,0.152557833,1784957536.839679,184.1106954941955,171.18089585066417,76.89733653143048,10,-0.00015922985039651394,0.4987249579280615,0.029779496951960027
1568,0.152557833,1784957537.099503,180.2020869284488,171.14404951410012,76.02492089010775,13,-0.0013163763796910644,1.2788923233747482,0.14527284959331155
1570,0.152557833,1784957537.3738828,162.11112968675627,171.31357617862852,88.70988606661558,11,-0.0001751161089487141,1.3216739818453789,0.0393849773099646
1572,0.152557833,1784957537.6257632,168.52350099734846,170.9397697073259,81.17863285914063,13,-0.0029315726715140045,1.4746705554425716,0.05477428180165589
1574,0.152557833,1784957537.900935,155.81641831564943,170.08608103973157,97.13952584192157,10,-0.00023298145970329642,1.0544095262885094,0.037699323787819594
1576,0.152557833,1784957538.155911,175.36842695127137,169.9094191097237,82.89628583192825,12,-0.0015745351556688547,1.361112430691719,0.11183973704464734
1578,0.152557833,1784957538.409216,169.77127519293774,170.0780681587459,91.18422291055322,12,-0.0014882351897540502,2.02208224684,0.11336806556209922
1580,0.152557833,1784957538.687006,147.16401209195539,169.47537103134493,104.60682956129313,14,-0.0011733526771422476,0.7091247886419296,0.09895671950653195
1582,0.152557833,1784957538.9394062,174.39866225843033,169.97594772792468,88.93108399771154,13,-0.0011940414551645517,1.1897178888320923,0.0718694431707263
1584,0.152557833,1784957539.189733,172.779793282952,170.6794896981317,86.03517078980803,12,-0.0010764069011202082,1.6375189647078514,0.12454203190281987
1586,0.152557833,1784957539.463576,150.9605444685886,169.60820440501982,101.37524688243866,12,-0.0014123411965556443,0.7390749342739582,0.1067806351929903
1588,0.152557833,1784957539.715188,168.33404483310497,170.176321648489,84.89959214627743,12,-0.0006947571528144181,1.108616914600134,0.05848433612845838
1590,0.152557833,1784957539.9912908,184.24447549156432,170.6088916503009,87.25582785345614,13,-0.0005099060072097927,1.5044489987194538,0.06846090196631849
1592,0.152557833,1784957540.243405,157.13497521236465,170.90469922814376,84.08755343966186,12,-0.0005694894935004413,1.6689138486981392,0.04374799632932991
1594,0.152557833,1784957540.495391,162.939899951099,170.4271066562577,83.68532939068973,9,-0.0010639994870871305,1.4705354422330856,0.08847805904224515
1596,0.152557833,1784957540.773168,181.63660535291856,171.0227325640498,76.54731049761176,12,-0.001077478053048253,0.6008054297417402,0.1129758981987834
1598,0.152557833,1784957541.048359,171.36956751940113,170.56412496166868,81.40666899457574,15,-0.0013833920238539577,0.6631038077175617,0.11370751867070794
1600,0.152557833,1784957541.300208,170.55723109313487,170.46258236702096,86.90198577009141,13,8.888814772944897e-05,1.3547544814646244,0.10352450935170054
1602,0.152557833,1784957541.577418,170.36360514681363,170.08794944711778,83.08996910974383,11,-0.0012653219455387443,1.0376262366771698,0.06803894997574389
1604,0.152557833,1784957541.827681,174.80481175943007,170.23723459381964,87.88682327792048,10,-0.0007593249320052564,1.1317302379757166,0.0596911427564919
1606,0.152557833,1784957542.103887,180.96652012216188,170.62358756343704,78.50404646620154,9,-0.0009795354853849858,1.8995076194405556,0.1114586815237999
1608,0.152557833,1784957542.3548129,181.18732525105426,171.17070587403407,76.20076471194625,11,-0.001846870727604255,0.911261722445488,0.08790338807739317
1610,0.152557833,1784957542.607101,175.3251242505854,171.6712307882197,88.57268740236759,11,-0.0013147597783245146,1.1118716709315777,0.1598532134667039
1612,0.152557833,1784957542.8839822,178.0590429830947,172.34883622650747,82.5682015940547,9,-0.0013097385235596448,0.80525241792202,0.11738364305347204
1614,0.152557833,1784957543.136458,166.1037060680871,172.13232675365904,101.46897338842973,12,-0.0013290419265103992,2.7244589924812317,0.06200129957869649
1616,0.152557833,1784957543.388445,162.14460469890682,171.49343197082618,85.75747607648373,14,-0.00015937874195515178,3.0418931245803833,0.05328516592271626
1618,0.152557833,1784957543.666487,155.15689081288994,170.57938781382092,104.33188177645206,10,-0.000696353119565174,1.4330896884202957,0.10743698384612799
1620,0.152557833,1784957543.918933,148.72722140910048,170.12522504573587,96.92779681645334,13,-0.0016160296509042382,1.9465129524469376,0.14249328430742025
1622,0.152557833,1784957544.1952488,179.2953891425967,170.56659521329024,76.52837434224784,10,-0.0007800395833328366,0.730671364814043,0.07915091328322887
1624,0.152557833,1784957544.447998,171.9583562888664,170.87463033558626,85.3844664413482,12,-0.0006739977980032563,2.2040355131030083,0.056162614142522216
1626,0.152557833,1784957544.6991758,169.37250342622292,170.99370922446994,97.16086553782225,9,-0.0012792553752660751,1.0015664733946323,0.14743543416261673
1628,0.152557833,1784957544.974868,149.1645191042049,170.83780624755954,112.49581974744797,13,-0.0007534735777880996,1.924150712788105,0.07348899776116014
1630,0.152557833,1784957545.228255,167.16591277683352,171.6947671869054,80.38257529959083,13,-0.0005910411127842963,0.6588253974914551,0.04443979263305664
1632,0.152557833,1784957545.500905,171.46107745995005,171.3868150794915,88.81768143177032,12,-0.0015854377197683789,1.2209118381142616,0.10548718553036451
1634,0.152557833,1784957545.777332,168.57640826000858,171.23675959601758,82.72219581902027,12,-0.00010884340736083686,2.3341352194547653,0.04082656546961516
1636,0.152557833,1784957546.0355,165.71919374245897,172.14877322976682,88.07057429850101,12,-0.0015840301639400423,3.356373906135559,0.09563006088137627
1638,0.152557833,1784957546.310843,164.97832662361176,171.92520971503174,81.97149620391428,12,-0.0005193767647142522,2.0660488829016685,0.056729868752881885
1640,0.152557833,1784957546.5634391,162.88158541928354,171.4028114865272,100.7703732252121,10,-0.0005452360492199659,2.322805732488632,0.09365148516371846
1642,0.152557833,1784957546.817455,174.4511895332777,171.4569277795378,82.5307399481535,11,-0.000796532433014363,1.0438022278249264,0.11505383299663663
1644,0.152557833,1784957547.094343,166.19355423306143,171.34973300515668,93.18066993355751,10,-0.00020005372789455578,1.5994757525622845,0.0914852200075984
1646,0.152557833,1784957547.345283,189.71044787255846,171.4818175740972,68.96624541655183,11,-0.002720590913668275,1.1501921117305756,0.08039542357437313
1648,0.152557833,1784957547.598309,155.98175055031865,171.38949855592944,93.08275726437569,11,-0.001015908201225102,1.0731363035738468,0.042489664745517075
1650,0.152557833,1784957547.874484,170.96983339568277,171.2677615216628,83.85924652591348,12,-0.0031285789445973933,0.7647509574890137,0.11114949686452746
1652,0.152557833,1784957548.125343,174.8561261865973,171.50127623172742,78.87757370062172,11,-0.0010208579478785396,0.919250875711441,0.045597100048325956
1654,0.152557833,1784957548.402581,171.6529411183517,171.04775762234533,87.1594058163464,11,-0.0006915703997947276,0.8611977156251669,0.05570729752071202
1656,0.152557833,1784957548.653312,162.79044861042695,170.77074031619162,86.94184043630958,12,-0.0005989310739096254,0.9894257187843323,0.05978106940165162
1658,0.152557833,1784957548.906991,168.90459748903262,170.11043744610518,84.60526444204152,11,-0.000800472804257879,1.0844928845763206,0.0892492444254458
1660,0.152557833,1784957549.185187,155.27328449639919,169.6221978477923,103.67236332967877,12,-0.0006278832443058491,1.423758078366518,0.0465819982055109
1662,0.152557833,1784957549.4373708,188.26082214584721,169.29446140609988,63.2931896019727,13,-0.000931973074330017,1.3631898313760757,0.09419101267121732
1664,0.152557833,1784957549.69176,182.2260399694971,169.50869853047527,80.08968074247241,11,-0.001136159582529217,1.1478685326874256,0.09901726385578513
1666,0.152557833,1784957550.005961,182.70753990248414,169.93031842657513,78.10861088708043,10,-0.0006423802115023136,1.769565500319004,0.08432395453564823
1668,0.152557833,1784957550.259857,174.91065681023255,170.77292458046009,87.90478148497641,12,-0.00038368155946955085,0.8725810460746288,0.08964191866107285
1670,0.152557833,1784957550.53437,163.5706280383133,171.55665504477062,97.20499673485756,10,-0.0006048699142411351,2.433362238109112,0.06323830760084093
1672,0.152557833,1784957550.7877288,160.53747146277794,171.15289355628911,98.78027492016554,10,-8.64918838487938e-05,2.2067249342799187,0.03361468622460961
1674,0.152557833,1784957551.0390358,164.28588289312475,171.25142448894064,91.79386112838984,10,-0.001937921919306973,0.8325630724430084,0.0755208043847233
1676,0.152557833,1784957551.3150349,172.0739819994516,170.91231705871306,78.61911568045616,11,-0.0015287855931092054,0.7482692040503025,0.10933598456904292
1678,0.152557833,1784957551.628045,169.96744282252553,171.24012447581495,80.78692351840436,13,-0.0014089779288042337,0.870058186352253,0.14274389995262027
1680,0.152557833,1784957551.882059,164.70931274803849,171.21197863559,80.10846489295363,11,-0.0021833164573763497,1.2500515803694725,0.1464068009518087
1682,0.152557833,1784957552.159273,182.23053867857283,171.45438994488046,74.53573980182409,11,-0.0010614884085953236,0.9257563278079033,0.09241013135761023
1684,0.152557833,1784957552.40889,162.04619511478657,171.62365104236275,101.38376035913825,11,-0.0006615125457756221,1.3893863297998905,0.09448215924203396
1686,0.152557833,1784957552.685466,181.93345046078446,171.5484926117954,75.82486732676625,11,-0.000982125086011365,0.5227856319397688,0.0797348318155855
1688,0.152557833,1784957552.93519,169.12965308314523,170.71972655090576,85.77589114382863,12,-0.0022032888373360038,1.0351595394313335,0.10755681153386831
1690,0.152557833,1784957553.210355,171.4508933212027,170.6371510473892,78.68420656584203,14,-0.0018921775044873357,0.5570482164621353,0.16032641660422087
1692,0.152557833,1784957553.48561,166.58732782250013,170.4619160539171,85.30040603782982,12,-0.000886486959643662,1.2243850827217102,0.0928211766295135
1694,0.152557833,1784957553.775888,165.42716842146132,170.7816766078286,88.05422860756516,14,-0.0009716795175336301,1.652344986796379,0.10761168785393238
1696,0.152557833,1784957554.2302458,191.83803270929855,170.83419028956848,70.15795695781708,11,-0.0012075661506969482,1.7470484226942062,0.07896665669977665
1698,0.152557833,1784957554.576891,174.01818244799435,171.2738436382084,93.20243345201015,12,-0.0021468244667630643,1.1846482157707214,0.12770952004939318
1700,0.152557833,1784957554.828518,161.07560640362948,171.04626030203949,96.36164051666856,13,-2.5297435058746487e-05,3.13423690199852,0.047394506400451064
1702,0.152557833,1784957555.101057,172.5811491164682,170.56866587305052,79.2814438501373,12,-0.0007196414517238736,1.073706068098545,0.06289574655238539
1704,0.152557833,1784957555.349845,160.78062601629813,170.6236409003615,91.40693871676922,10,-0.0021395653457148,1.7768153101205826,0.0908961221575737
1706,0.152557833,1784957555.606362,170.86489303419728,170.9561856252705,79.82004719600081,13,-0.0006008390337228775,1.0953858084976673,0.05982026341371238
1708,0.152557833,1784957555.878468,171.55591013300673,171.21542694889948,88.69978978857398,13,-0.0020010631415061653,1.0984030663967133,0.12177966255694628
1710,0.152557833,1784957556.1287239,182.67885559706693,171.69824737487318,76.3392590507865,11,-0.0003759996616281569,0.926548421382904,0.062188356067053974
1712,0.152557833,1784957556.4521852,176.28306897415703,172.0325863263144,86.18099194392562,14,-0.002320352927199565,0.6431288979947567,0.10356227261945605
1714,0.152557833,1784957556.7334201,171.88568697386825,171.70044770802008,89.70605447888374,13,-0.002586487913504243,0.5707257706671953,0.1421226435340941
1716,0.152557833,1784957557.0195,181.86514941953976,171.8953555583015,77.34349796921015,10,-0.0008756471797823906,0.5934983566403389,0.06572690210305154
1718,0.152557833,1784957557.3031979,170.2041765633316,171.54789641336149,85.91584477573633,11,-0.0017673485563136637,0.6329265385866165,0.10964845260605216
1720,0.152557833,1784957557.55482,175.25738028850887,171.09244395392747,86.95142397866584,13,-0.0013827047660015523,0.9965655915439129,0.13649592082947493
1722,0.152557833,1784957557.831917,161.70657470718362,170.77457716740903,89.26614161580801,14,-0.0015103515470400453,1.668725125491619,0.11872630240395665
1724,0.152557833,1784957558.1083012,177.3556613241774,170.88644173879854,74.36657114885747,12,-0.0007971272170834709,1.5487085059285164,0.0848512991797179
1726,0.152557833,1784957558.479292,154.221630203385,170.7512903712819,99.13895547576249,12,-0.0014702391054015607,0.5046667158603668,0.11528036929666996
1728,0.152557833,1784957558.7663941,184.41793067384657,171.14610788789133,78.74573050439358,10,-0.0028716102242469788,2.3960162103176117,0.111780003644526
1730,0.152557833,1784957559.0567229,167.36136459926422,171.02883384740255,87.84679630026221,10,-0.0012700470397248864,0.8171340897679329,0.10252169100567698
1732,0.152557833,1784957559.453372,165.56752026328118,170.8225746592613,88.88731021806598,11,-0.000715424946974963,2.122055485844612,0.06960278819315135
1734,0.152557833,1784957559.834144,183.0663695241535,170.9689077211695,72.1856116950512,11,0.0002531890058889985,0.8983082063496113,0.05407129810191691
1736,0.152557833,1784957560.105341,160.55617820876114,170.50514898126536,93.72779992967844,11,-0.00207171148940688,0.7640895210206509,0.14521290082484484
1738,0.152557833,1784957560.366818,175.66563024946612,171.62748110820857,73.70199390221387,11,-0.0012213661102578044,0.8519609570503235,0.09186164475977421
1740,0.152557833,1784957561.1043699,172.59376922555478,172.29700553783425,83.93249299377203,9,-0.0013734476233366877,0.6541656889021397,0.10923566995188594
1742,0.152557833,1784957561.351203,176.41885111624092,171.98961179841564,87.73730669543147,8,-0.0004975106439815136,0.8239357955753803,0.04727692622691393
1744,0.152557833,1784957561.601404,164.76106601969425,171.93267213330148,95.08488318696618,13,-0.001229441724717617,2.781836211681366,0.08192887809127569
1746,0.152557833,1784957561.872722,157.04168122254515,170.93217592451091,101.35237509384751,13,-0.0015829862095415592,1.323274914175272,0.08925500907935202
1748,0.152557833,1784957562.119415,170.51282119624355,171.02616095572301,83.50608989037573,12,-0.0008761271310504526,1.2088219560682774,0.06909884558990598
1750,0.152557833,1784957562.7364302,181.02373798045826,171.2447806880092,75.25824483856559,11,-0.000632830589893274,0.8727599494159222,0.07308559585362673
1752,0.152557833,1784957563.010541,162.46504481594224,171.80966764765427,92.31054559350014,13,-0.0015757838264107704,1.641559086740017,0.11837350949645042
1754,0.152557833,1784957563.258037,157.52889828037675,171.58809294963487,89.15529778972268,12,-0.0004697878030128777,1.1147936433553696,0.09787614038214087
1756,0.152557833,1784957563.530441,168.7777925739448,171.3589393436406,85.92351641412824,15,-0.0010459031036589295,1.2812148667871952,0.11920315632596612
1758,0.152557833,1784957563.77851,177.43994293239058,171.5850102048313,76.27668358758092,11,-0.0008464612474199384,1.0320334918797016,0.05242332781199366
1760,0.152557833,1784957564.026693,161.02777106820423,171.2488103526974,97.19719027355313,12,-0.0016910568810999393,1.6529162153601646,0.10300680762156844
1762,0.152557833,1784957564.297886,145.81557767736274,170.56000600732546,100.17398514039814,15,-0.0003600376658141613,1.9472026377916336,0.10336721269413829
1764,0.152557833,1784957564.5446222,180.62155521382692,170.9416476759526,82.93648765981197,9,-0.0011197683052159846,1.3129258193075657,0.052628065925091505
1766,0.152557833,1784957564.813907,166.4514328813494,170.352659520779,80.59166894480586,11,-0.0014444230037042871,0.8347429297864437,0.12656703870743513
1768,0.152557833,1784957565.05954,179.35321902264533,170.73647622959655,78.3664782308042,10,-0.0009366679005324841,0.8096983507275581,0.06999955489300191
1770,0.152557833,1784957565.307335,159.94201617191945,170.39913802437513,86.78152910992503,12,-0.0002972029378724983,1.423993207514286,0.04541389434598386
1772,0.152557833,1784957565.57683,167.90696164588778,170.31130855214903,87.05482894182205,10,-0.0009983647796616424,1.4423768818378448,0.09490916971117258
1774,0.152557833,1784957565.822887,176.26405397917557,170.3140609461413,76.33897266164422,12,-0.0014854705950710922,1.1694847270846367,0.0701535081025213
1776,0.152557833,1784957566.068545,177.2425558773742,170.45606546660056,80.55025740154088,12,-0.0011294923024252057,1.141707394272089,0.11387204006314278
1778,0.152557833,1784957566.3388228,163.72246903903982,169.92959322419966,91.70855885371566,11,-0.0018947137577924877,1.56465133279562,0.05884643620811403
1780,0.152557833,1784957566.5861351,156.25167750052918,169.36623558403076,104.6039667762816,14,-0.0006981162005104125,1.6300458759069443,0.05965847731567919
1782,0.152557833,1784957566.856529,158.3861776172409,169.28414533960438,92.34878370910883,10,-0.000527915675775148,0.6103162001818419,0.031011148414108902
1784,0.152557833,1784957567.10228,171.30302273939284,169.1011799509324,77.70126267150044,11,-0.0005685603246092796,1.1820211671292782,0.059285120107233524
1786,0.152557833,1784957567.348372,163.82416800642721,168.83767352427043,87.15989886969328,11,-0.0006413546689145733,1.0229297056794167,0.06513489969074726
1788,0.152557833,1784957567.616674,170.0705858773414,168.38732866317187,82.25879352167249,11,-0.0008587073534727097,1.5388401448726654,0.08096071763429791
1790,0.152557833,1784957567.863782,156.21296829902835,167.23607201930264,92.34237174503505,12,-0.0003820647834800184,1.5262146294116974,0.10153054725378752
1792,0.152557833,1784957568.1126652,167.66028241681323,167.23888671091845,84.43615321442485,11,-0.0005817901510454249,0.8695081956684589,0.07434496260248125
1794,0.152557833,1784957568.3842611,180.2497882546349,167.70528299715963,74.32201346382499,10,-0.0005717393069062382,1.5660641863942146,0.050079804146662354
1796,0.152557833,1784957568.629884,179.17264223379487,168.6395133618555,83.38032962009311,10,-0.00033668801188468933,1.2611105665564537,0.042838738998398185
1798,0.152557833,1784957568.895827,184.68208741726238,169.06910408466277,74.47003985382617,11,-0.0008637381106382236,1.1295717246830463,0.08662079321220517
1800,0.152557833,1784957569.143348,158.68718031861786,169.2711056657601,95.09807006269693,13,-0.0007281131111085415,0.7467221096158028,0.055096511263400316
1802,0.152557833,1784957569.389516,173.0684778327961,169.294457956976,80.10967152193189,11,-0.0006299422238953412,1.5837546736001968,0.060653247870504856
1804,0.152557833,1784957569.6606221,177.74493786918998,169.98656850927,82.98416030779481,11,-0.004687293614551891,1.1923834159970284,0.1301571885123849
1806,0.152557833,1784957569.9079978,164.9248730885931,170.24730665819317,93.46156332083046,11,-0.0013404675846686587,2.311935283243656,0.10945599107071757
1808,0.152557833,1784957570.156651,181.6316857842099,170.40072196326898,74.55299536138773,11,-0.001756131649017334,1.3896618597209454,0.1319727497175336
1810,0.152557833,1784957570.426075,159.42349211123837,169.79232755932193,91.46560205891728,12,-0.000632023555226624,0.5931562837213278,0.07218498783186078
1812,0.152557833,1784957570.671715,184.92137874786397,170.4679136086805,67.24238004907966,11,-0.0008107848116196692,0.6911853048950434,0.08183627179823816
1814,0.152557833,1784957570.9424078,168.7319264301505,170.00532503167605,84.78003401868045,14,-0.0006139930046629161,1.196147546172142,0.04703481146134436
1816,0.152557833,1784957571.188208,171.85855030396522,170.21780511210082,86.37451147660613,13,-0.0019457184243947268,1.2102442979812622,0.11029618280008435
1818,0.152557833,1784957571.4351969,177.11052831213055,169.9272352184666,82.72349828481674,11,-0.0009044635226018727,3.279405727982521,0.0718096368946135
1820,0.152557833,1784957571.707018,147.78161207518522,170.38205727699565,104.5890468172729,14,-0.0016508271801285446,1.0312747992575169,0.16937557607889175
1822,0.152557833,1784957571.954603,151.80384346947608,170.91517494899918,102.75891313701868,14,-0.0011270471150055528,2.03561445325613,0.13456689938902855
1824,0.152557833,1784957572.200883,177.73562154723916,170.9818996352693,75.36946826800704,12,-0.002032129210419953,0.7424171529710293,0.16846809908747673
1826,0.152557833,1784957572.471383,169.4088173548382,171.49663416866522,87.90643660724163,12,-0.0011385047109797597,1.0019367970526218,0.08685022685676813
1828,0.152557833,1784957572.721258,185.13304258350132,171.91325815967403,72.29419007152319,13,-0.0009630038402974606,1.2488250471651554,0.07794403401203454
1830,0.152557833,1784957572.9953668,167.6894379607888,172.76085135857383,92.16096479818225,14,-0.0005946522724116221,0.665663368999958,0.06126181944273412
1832,0.152557833,1784957573.241632,188.15430313834,173.37982453777838,69.64706182852387,12,-0.0008313281578011811,0.8734714351594448,0.08465803042054176
1834,0.152557833,1784957573.488241,157.97476174862874,172.84526468110172,110.22384203225374,9,-0.0007136967869882938,1.5924904569983482,0.10309734847396612
1836,0.152557833,1784957573.7597902,167.32302533892255,173.59509607999763,82.80362566187978,13,-0.00029489980079233646,0.9266102202236652,0.05824915273115039
1838,0.152557833,1784957574.007383,177.48539495603842,173.69365331139636,82.24619154259562,11,9.41611360758543e-05,0.35342363733798265,0.06496614636853337
1840,0.152557833,1784957574.251711,179.72464448502188,174.35458425321303,75.97040934488177,12,-0.000542517431313172,0.8315791673958302,0.08614876680076122
1842,0.152557833,1784957574.528333,184.28268067940104,175.19156532664084,72.84765094146132,11,-0.0006756862021575216,0.6911929398775101,0.0965555883012712
1844,0.152557833,1784957574.77585,166.97151135824996,174.79597443546888,81.4960829988122,12,-0.0003565223887562752,1.1191195026040077,0.09003694029524922
1846,0.152557833,1784957575.0460339,167.9615725593117,173.89946295524388,77.99434785172343,13,-0.0014576988614862785,0.8464863859117031,0.08807095559313893
1848,0.152557833,1784957575.29189,156.1750896238191,173.1388417537795,95.19771526567638,12,-0.001587480481248349,1.629618115723133,0.08520095818676054
1850,0.152557833,1784957575.537737,184.00105790801626,173.31632340494173,77.1773907346651,12,-0.0013664810103364289,0.52722935564816,0.10159859480336308
1852,0.152557833,1784957575.809649,164.11936363426904,172.14505954111885,97.79908250458539,14,-0.0005358623602660373,1.5253669768571854,0.0465204898500815
1854,0.152557833,1784957576.055588,145.10076457526515,171.33313865361214,107.67298769578338,12,-0.001123367459513247,0.5071572344750166,0.0930188363417983
1856,0.152557833,1784957576.302161,176.49944102569353,171.11210350768178,72.81065019220114,11,0.0004318167339079082,1.4879090785980225,0.06669274275191128
1858,0.152557833,1784957576.571083,171.0447861424723,170.2773278174605,91.51200189068913,12,-0.0016754345269873738,2.211464025080204,0.10451362049207091
1860,0.152557833,1784957576.819031,173.11037095367178,171.42800869204441,91.41984815243632,13,-0.000873613083967939,1.8844891712069511,0.06766440928913653
1862,0.152557833,1784957577.099228,165.63364060969252,171.05769394412658,87.55464506801218,11,-0.0010283559204253834,0.7100348100066185,0.06398139824159443
1864,0.152557833,1784957577.3480508,182.26897023751513,171.33095099063402,75.95846258290112,13,-0.0009001668076962233,1.1830435134470463,0.1072684726677835
1866,0.152557833,1784957577.5965922,176.53263732255442,171.20384924480857,87.78912249207497,13,-0.0016465698718093336,1.135122373700142,0.08751442981883883
1868,0.152557833,1784957577.8819158,179.77362212832602,171.18058576882916,75.08523056283593,10,-0.0009101023897528648,1.0054574608802795,0.044798638205975294
1870,0.152557833,1784957578.3220181,178.09488720359684,171.89082944354308,82.8682421259582,10,-0.0007841759215807542,0.4860185068100691,0.04858013056218624
1872,0.152557833,1784957578.612523,162.22177589791914,171.97095743243776,95.82642593234777,12,-0.0005696497100871056,2.26701907068491,0.05336255917791277
1874,0.152557833,1784957578.8955,183.00244971811867,172.2591361189857,81.58371330052614,9,-0.0004702096339315176,0.5135123785585165,0.07625848101451993
1876,0.152557833,1784957579.146914,172.5904006233607,172.36002968699987,89.15057817101479,9,-0.0005957508983556181,1.792915053665638,0.056397384498268366
1878,0.152557833,1784957579.419691,172.37425160099087,172.14218442380925,84.55703918263316,12,-0.0009621115168556571,2.1607461124658585,0.07417250401340425
1880,0.152557833,1784957579.8019469,158.695400265594,171.40432747486705,109.45769756659865,14,-0.00031813507666811347,3.7327021658420563,0.05802353308536112
1882,0.152557833,1784957580.127886,171.02649945883047,171.1726397748597,83.48046946525574,12,-0.0010842020201380365,2.128003843128681,0.14124375535175204
1884,0.152557833,1784957580.40707,192.1007569601859,172.17914955857304,69.3732664398849,10,8.961767889559269e-06,0.611446900293231,0.0901850201189518
1886,0.152557833,1784957580.65962,188.15568870395572,172.46659289504197,70.54312924481928,10,-0.0009186998358927667,0.8749935254454613,0.05342931509949267
1888,0.152557833,1784957580.9108648,175.04424017861368,172.61149259277144,89.35310892388225,10,-0.0006953663832973689,1.8218529745936394,0.09089792775921524
1890,0.152557833,1784957581.1872141,174.47176874520923,172.50742332050686,83.6271557174623,9,-0.0014511026092804968,1.4754596687853336,0.09784925915300846
1892,0.152557833,1784957581.4432929,163.0440566668568,172.03162160628875,93.67693579569459,13,-0.0011583917366806418,0.4550719354301691,0.07658476824872196
1894,0.152557833,1784957581.724353,170.69481069718793,171.96380674134335,93.73366762697697,10,-0.0017488044104538858,0.6080590542405844,0.09903451753780246
1896,0.152557833,1784957581.98076,171.25856334694313,172.30885980496737,94.03613917529583,11,-0.002106830375851132,1.9831462427973747,0.07690766383893788
1898,0.152557833,1784957582.2343822,159.41177849915906,172.59290752549077,97.58029240742326,14,-0.0009247896377928555,0.8295182883739471,0.0969187873415649
1900,0.152557833,1784957582.516594,165.06607426132382,172.15651071635799,93.5314709879458,12,-0.0022067684039939195,1.6278176121413708,0.15925550926476717
1902,0.152557833,1784957582.792116,159.18456259449394,172.44316289242224,96.60231241770089,10,-0.001499410136602819,1.326891828328371,0.03565103956498206
1904,0.152557833,1784957583.045265,176.9975731467362,173.07790181586634,80.4848452936858,11,0.00043656499110511504,2.449656456708908,0.05945464433170855
1906,0.152557833,1784957583.325046,154.63409801625053,172.90474148990285,103.4626133069396,12,-0.00034922559279948473,1.9781193062663078,0.03324037080164999
1908,0.152557833,1784957583.578201,154.29992281880664,173.115082973855,96.90462940186262,13,-0.0006338163511827588,1.9797582849860191,0.059339178493246436
1910,0.152557833,1784957583.853615,166.41647232264805,172.87129779011116,82.67299216240644,11,-0.0006192885666678194,0.7739575915038586,0.05105744581669569
1912,0.152557833,1784957584.1039932,167.81690983851004,172.66296515135448,80.08231332618743,12,-0.002202301227953285,1.7600142583251,0.09115954302251339
1914,0.152557833,1784957584.355656,158.95482900561018,172.20479407033915,97.65429226309061,11,-0.0017962712736334652,1.1739847473800182,0.15440389048308134
1916,0.152557833,1784957584.630784,173.16527534754988,172.58013652894954,78.74012259021401,13,-0.001021329255308956,1.4904238879680634,0.09649451449513435
1918,0.152557833,1784957584.883692,188.07147721017682,173.06393207485,69.22365567460656,12,-0.0007019354598014615,0.724311089143157,0.06825170502997935
1920,0.152557833,1784957585.244503,172.96004627085122,172.7428141265383,83.26064877957106,12,-0.0006779531831853092,1.667021669447422,0.06436321092769504
1922,0.152557833,1784957585.5281768,163.6422577487215,172.79788898001388,91.79290387034416,13,-0.00031370448414236307,2.1935902759432793,0.044631521217525005
1924,0.152557833,1784957585.7809439,178.8894175599782,172.1369060733494,77.78037039190531,14,-0.001828818116337061,1.6228558756411076,0.12293647974729538
1926,0.152557833,1784957586.0583181,182.01963508504866,171.83497401618075,77.08016542717814,11,-0.0009265470434911549,1.4921954721212387,0.07160924072377384
1928,0.152557833,1784957586.312038,158.02983577054528,171.5443760752341,94.93320727348328,10,-0.0009250703151337802,1.6716751754283905,0.056989411590620875
1930,0.152557833,1784957586.561054,144.47658769378685,171.53235399886591,113.35045466944575,12,-0.0018276293048984371,1.089308738708496,0.17176301404833794
1932,0.152557833,1784957586.838377,155.50010941888098,170.81080211156728,110.38821023330092,9,-0.00019959680503234267,0.5971472803503275,0.025066394417081028
1934,0.152557833,1784957587.092812,166.59484762455565,170.3044038097638,93.61346887797117,11,-0.0011375368922017515,1.5367739126086235,0.08966885367408395
1936,0.152557833,1784957587.34517,169.02229791546105,170.06517046774698,83.59517875686288,11,-0.000844415626488626,1.210161715745926,0.0817892448976636
1938,0.152557833,1784957587.620706,175.58177790838457,170.07359046230857,80.82251991331577,11,-0.0013259145744086709,1.5107658132910728,0.10119882505387068
1940,0.152557833,1784957587.874166,166.97708740156406,170.04344600450295,91.94159970805049,13,-0.0007749981596134603,4.550759732723236,0.08845356898382306
1942,0.152557833,1784957588.1487622,166.4665738514332,170.04929585540785,86.61703024618328,13,-0.0007818936574039981,0.7564565353095531,0.08394245384261012
1944,0.152557833,1784957588.4012,175.80486856137688,170.58540733463622,79.87646843586117,11,-0.0003243396640755236,0.8983595259487629,0.0522509440779686
1946,0.152557833,1784957588.65185,175.0592457141518,170.89941766195682,82.46226497739553,10,-0.0010823070915648714,1.9841735661029816,0.09625129634514451
1948,0.152557833,1784957588.9262452,166.98579978403563,171.11497671718243,91.02713669836521,10,-0.00046855409163981676,1.081047460436821,0.06278046546503901
1950,0.152557833,1784957589.1811981,160.1556460577381,171.02664880635982,92.06449514999986,11,-0.0012200900600873865,0.5158773064613342,0.12144272262230515
1952,0.152557833,1784957589.43412,172.8752201287536,171.39692100298595,86.65318198315799,13,-0.0010844551725313067,1.0564557649195194,0.08899504318833351
1954,0.152557833,1784957589.733889,184.67983038109904,171.36439235825463,75.45767764933407,11,-0.0007781904168950859,1.150072243064642,0.06813977914862335
1956,0.152557833,1784957589.984593,171.062363237566,171.4880402423956,88.30007863417268,11,-0.0005884826241526753,0.7330180816352367,0.052824031678028405
1958,0.152557833,1784957590.272179,180.66144458920985,172.19462658747182,70.08604278042912,11,-0.0006890061195008457,0.5966412164270878,0.05742309847846627
1960,0.152557833,1784957590.550285,168.0280335592335,172.11234473742877,89.07364348880947,13,-0.001499650301411748,1.4849817901849747,0.13793742284178734
1962,0.152557833,1784957590.82529,173.04537237745637,172.31324978101958,80.7711026482284,11,-0.0013601970858871937,0.42905376106500626,0.11798910470679402
1964,0.152557833,1784957591.1092181,176.13374611693357,172.60137237492546,80.28599863499403,10,-0.000972636160440743,0.5035805255174637,0.05779952951706946
1966,0.152557833,1784957591.3682098,154.85192058430997,172.22960552388398,93.45884111896157,12,-0.0015242243534885347,2.5479924976825714,0.11444752872921526
1968,0.152557833,1784957591.620074,157.6859917818028,171.71963529358527,94.05554543435574,12,-0.0006058592407498509,1.5384485498070717,0.054651158512569964
1970,0.152557833,1784957591.921197,176.66977770303217,171.58055632414704,86.13011875003576,11,-0.0008513497596140951,0.8892852738499641,0.10375426802784204
1972,0.152557833,1784957592.176388,168.06327744624602,171.11757705519813,77.89949980005622,12,-0.0015303244581446052,0.43453991040587425,0.1418074183166027
1974,0.152557833,1784957592.4567711,181.8507952951766,171.81544331952608,77.43421425670385,10,-0.0003629565326264128,0.4455396868288517,0.053388976491987705
1976,0.152557833,1784957592.71135,171.20018640140054,171.93049304309625,78.04138464853168,11,-0.0005883850972168148,1.1999930441379547,0.035275659640319645
1978,0.152557833,1784957592.9726899,160.23121839000692,171.80125836296182,98.87071399390697,12,-0.0012981133768334985,0.8130050301551819,0.1111868042498827
1980,0.152557833,1784957593.249672,154.4054517699102,172.18055051071457,101.4034164827317,13,-0.0019021501357201487,1.3254076838493347,0.1347967549227178
1982,0.152557833,1784957593.5025642,177.71908049980755,172.7294442803738,83.40922447293997,10,-0.0014485316060017794,0.6352452710270882,0.12738331779837608
1984,0.152557833,1784957593.752557,167.277049320267,172.15866980205828,90.19827020913363,11,-0.0005171418888494372,2.1075694411993027,0.06622279668226838
1986,0.152557833,1784957594.03091,185.73268139257624,172.54135914199713,67.52849990129471,13,-0.00021087739150971174,1.006270945072174,0.07093683700077236
1988,0.152557833,1784957594.2828941,169.52161595402515,172.40455860633168,86.18971284851432,11,-0.001036749963532202,0.569923996925354,0.09518071636557579
1990,0.152557833,1784957594.5609071,182.4105569107362,172.7700087460232,73.96570181660354,13,-0.0007112605380825698,0.7216558456420898,0.08463389170356095
1992,0.152557833,1784957594.8142679,171.73450461618373,172.2741849788808,81.20565836504102,12,-0.0011527280148584396,2.5163774341344833,0.08495308854617178
1994,0.152557833,1784957595.0669498,185.28009498978645,171.98577955378576,69.3455546721816,12,-0.0017323677893728018,1.309369184076786,0.10892334952950478
1996,0.152557833,1784957595.343669,171.94777481910756,171.64143955409702,77.97585354745388,11,-0.0005024801939725876,1.5819080471992493,0.05530150909908116
1998,0.152557833,1784957595.601123,151.20222719003792,171.0241631638553,97.44156525284052,10,-0.0010254450899083167,0.8933882117271423,0.06022082315757871
2000,0.186284375,1784957596.2299578,166.26174645982965,171.01814264790247,79.55040588788688,12,-0.0013979897776152939,1.3587764538824558,0.12506992695853114
2000,0.186284375,1784957596.2299578,166.26174645982965,171.01814264790247,79.55040588788688,12,-0.0013979897776152939,1.3587764538824558,0.12506992695853114
