_step,_runtime,_timestamp,train/reward,train/reward_rolling_avg,train/distance,train/consumption,train/actor_loss,train/critic_loss,train/entropy
2,0.173957543,1784956958.063606,-1476.1266104442218,-1707.329511387541,1852.5049001574516,135,-0.009689881466329098,3320.5516204833984,0.6772918552160263
4,0.173957543,1784956959.126622,-324.129269264587,-1266.485897982726,905.7138466835022,76,-0.011430033628130332,131.04317903518677,0.5784072019159794
6,0.173957543,1784956960.142538,-51.99354391148713,-880.7524713924495,456.8598540723324,43,-0.013155719148926437,6.784002631902695,0.36558339931070805
8,0.173957543,1784956960.804404,48.36917088137761,-644.4160068625047,285.3865297436714,28,-0.001138794788857922,13.385450780391693,0.30959211476147175
10,0.173957543,1784956961.426271,107.06695734853301,-502.80407656327304,176.1075415238738,15,-0.000966604333370924,8.440599009394646,0.23343543615192175
12,0.173957543,1784956961.791868,95.4976928475797,-402.9437702400317,154.89931719005108,9,-0.0015451819053851068,12.275052726268768,0.18331999704241753
14,0.173957543,1784956962.739915,150.23648192878082,-325.5612759157171,114.86411362886429,9,-0.0015243538000504486,19.31865429878235,0.14068167377263308
16,0.173957543,1784956963.020992,101.72654573182092,-269.42223850096525,155.44674164056778,7,-0.0018459355051163584,5.582734048366547,0.1670778701081872
18,0.173957543,1784956963.296208,136.67530971621412,-224.65731710420982,143.67600182816386,8,-0.0011856290511786938,14.781203091144562,0.13380849920213223
20,0.173957543,1784956963.549967,118.97324630702013,-189.95177347318867,155.77412121742964,15,-0.0017005564295686781,6.3914573937654495,0.16162834409624338
22,0.173957543,1784956963.828545,96.17606520369276,-162.31337190959815,189.3109432309866,6,-0.0036348102148622274,0.996486134827137,0.1903607603162527
24,0.173957543,1784956964.0803342,128.6605004201256,-139.05400035894164,141.97433910518885,6,-0.00167185233294731,4.536867782473564,0.17840419616550207
26,0.173957543,1784956964.333728,119.91044897268269,-118.73550886489835,143.36560426652431,10,-0.0032432257721666247,15.9853355884552,0.14033568743616343
28,0.173957543,1784956964.6113799,112.59635621999965,-101.27056738971201,153.8049557954073,9,-0.0023379817430395633,0.9661372378468513,0.21943358052521944
30,0.173957543,1784956964.8631449,114.81336773948902,-86.1995741751314,143.92798659205437,7,-0.0008449633023701608,1.6802057102322578,0.13201447576284409
32,0.173957543,1784956965.115128,99.85848263125796,-74.73162301428742,172.01646522060037,9,-0.004177576309302822,14.52644544839859,0.17827233765274286
34,0.173957543,1784956965.3945541,100.15709943604068,-64.29503051408855,194.54933235794306,16,0.002671465917956084,6.3813057243824005,0.2527002030983567
36,0.173957543,1784956965.649754,133.65627860552587,-54.80817257040786,145.19228046014905,17,-0.005352954598492943,7.966196805238724,0.21543437894433737
38,0.173957543,1784956965.927959,138.1205801228563,-45.327659735030856,123.20047625154257,12,-0.0023573401267640293,2.4634505957365036,0.2111016707494855
40,0.173957543,1784956966.555351,119.95522075164605,-36.17696327828663,138.483780041337,14,-0.0034738513495540246,4.379256948828697,0.16233263444155455
42,0.173957543,1784956966.807909,128.89843103365854,-28.042189856476767,120.71864517778158,9,-0.0022250938054639846,7.539908200502396,0.1603406760841608
44,0.173957543,1784956967.106328,140.37291719509733,-20.896482296926962,138.19389153271914,12,-0.002303687884705141,1.6509621515870094,0.15954577829688787
46,0.173957543,1784956967.357867,125.33159310278886,-14.08895082565321,145.67422990500927,5,0.0027809206512756646,2.463562496006489,0.15184009075164795
48,0.173957543,1784956967.631299,147.132309728176,-8.138429995512212,107.27622776292264,12,-0.0015933815157040954,2.287903606891632,0.15572168584913015
50,0.173957543,1784956967.905944,129.2392210828414,-2.3917045572414297,140.12791837006807,6,-0.0013169135199859738,2.894544944167137,0.14571999479085207
52,0.173957543,1784956968.17172,134.72373198257245,71.48492944917035,125.95804782956839,7,-0.00207924036658369,1.5156609043478966,0.13288203161209822
54,0.173957543,1784956968.788436,165.9197226767996,110.84132385447148,101.04765213280916,11,-0.0011645492049865425,0.7192952521145344,0.14105073176324368
56,0.173957543,1784956969.069278,132.78123703014475,120.25769949554551,141.94411177933216,12,-0.00013485272211255506,1.927087638527155,0.18445645924657583
58,0.173957543,1784956969.3217402,141.12336026833688,122.73764365377492,134.26512886211276,11,-0.0029702673200517893,1.5181019082665443,0.19356722570955753
60,0.173957543,1784956969.5974,117.9757384168168,125.02236697496059,153.63014686107635,10,-0.002021661610342562,1.0371553227305412,0.19048950169235468
62,0.173957543,1784956969.8461702,131.15760449345845,126.58213355287722,136.93204749375582,7,-0.0012367540621198714,0.8909340016543865,0.155624657869339
64,0.173957543,1784956970.098062,130.44312179490603,125.93884346913266,138.406821295619,14,-0.0019128205021843314,2.7273089438676834,0.16310264356434345
66,0.173957543,1784956970.377085,136.54652872299565,126.2664736944164,124.24865775182843,14,-0.0031922548078000546,2.121499754488468,0.19553603697568178
68,0.173957543,1784956970.67084,148.2216365930897,127.15947687173622,111.16187712550163,14,-0.001720570944598876,2.2718341797590256,0.1528220260515809
70,0.173957543,1784956971.023541,160.50122662798847,127.88365278324456,98.31219024956226,9,-0.0017887932481244206,2.0011353716254234,0.1711437599733472
72,0.173957543,1784956971.313945,109.68503148689733,128.07194588008304,155.402682390064,14,-0.0022442580229835585,1.8131111860275269,0.20463501662015915
74,0.173957543,1784956971.5799181,120.45056136656208,127.7698119892497,140.78346557170153,15,-0.002686617895960808,0.8824081085622311,0.21914262138307095
76,0.173957543,1784956971.884969,149.90508288095765,128.5833237576699,125.49791501834989,11,-0.0026214916142635047,2.613171085715294,0.19179322384297848
78,0.173957543,1784956972.158955,140.81785076097543,128.82465655853937,117.16796129196882,13,-0.002748333790805191,1.7669611126184464,0.15297169983386993
80,0.173957543,1784956972.43329,114.81665142821971,128.75568976382306,139.32017567753792,11,-0.001912236592033878,2.7079245150089264,0.17220818437635899
82,0.173957543,1784956972.7301812,102.02398034220451,129.70329852505563,176.71742968447506,9,-0.006463415804319084,0.8501231744885445,0.28646638710051775
84,0.173957543,1784956972.9989529,138.45801089237622,131.44574392728475,116.37405505776405,11,-0.0019013386336155236,2.5240717232227325,0.16217982210218906
86,0.173957543,1784956973.278631,154.57057242003242,133.1116562423984,110.04665197432041,15,-0.0010882269125431776,1.0274104662239552,0.1705227317288518
88,0.173957543,1784956973.531255,134.06910493717777,133.72746924237524,135.8931521177292,9,-0.0005922102136537433,2.704578325152397,0.1440124213695526
90,0.173957543,1784956973.7831712,120.87659617133642,133.1628418713355,130.2077909782529,8,-0.0026556772645562887,2.958144500851631,0.2568081747740507
92,0.173957543,1784956974.0617979,122.35449937967329,133.26487039723762,150.1655878573656,15,-0.0013445746153593063,1.903868317604065,0.20610549673438072
94,0.173957543,1784956974.3171651,138.5433253945404,133.95213500264654,123.94509079866111,13,-0.004475537047255784,2.599048189818859,0.18206549808382988
96,0.173957543,1784956974.571485,120.93267770932832,133.93953509989365,132.19630020856857,13,-0.0036222150083631277,1.657173503190279,0.25455981213599443
98,0.173957543,1784956974.850067,121.68919153645683,134.30678321962503,120.62532902508974,13,-0.0008798884227871895,0.7152429912239313,0.3086490500718355
100,0.173957543,1784956975.103082,129.54908207675578,134.06125058490773,140.05907418578863,8,-0.0035999949905090034,2.541759319603443,0.22278483025729656
102,0.173957543,1784956975.382357,134.79298491627142,133.5027942411972,126.40818485245109,7,-0.0014943028218112886,1.3751773089170456,0.19807102158665657
104,0.173957543,1784956975.63573,157.62872993340378,133.22856164896922,101.03884486109018,10,-0.0015044415413285606,3.325703989714384,0.1379984482191503
106,0.173957543,1784956975.885677,102.08185260871979,132.80578814092323,175.0495883524418,9,-0.00464450113940984,5.838909327983856,0.2549106413498521
108,0.173957543,1784956976.1630862,118.32025623596185,132.58111963532932,139.5463537350297,14,-0.0017411383450962603,1.2637685164809227,0.18202535528689623
110,0.173957543,1784956976.44134,129.0897017160405,132.90482837312993,167.28471276909113,11,0.0007435514635290019,3.251888670027256,0.14509045239537954
112,0.173957543,1784956976.693511,116.82285791352184,132.87698672175904,158.2088189534843,12,-0.0028531854040920734,3.0986408442258835,0.19722098298370838
114,0.173957543,1784956976.972183,147.95333087282035,133.6097681879938,103.39954591542482,11,-0.0018488451023586094,2.5070472359657288,0.16652309894561768
116,0.173957543,1784956977.2267678,144.16189610463388,133.8343728018513,124.31727485358715,11,-0.002891198266297579,2.66854926943779,0.1685822680592537
118,0.173957543,1784956977.508256,151.92644423474218,133.50248231901506,113.79612649604678,11,-0.0019846297218464315,1.8440433032810688,0.18064003437757492
120,0.173957543,1784956977.760423,141.68215101202824,133.5343061948637,113.03545112535357,14,-0.002128803185769357,1.688363142311573,0.19418635964393616
122,0.173957543,1784956978.013352,128.3016511964963,134.32565392856756,125.77931109815836,10,-0.002432113644317724,1.6107455715537071,0.23582201171666384
124,0.173957543,1784956978.292496,115.9423161064306,135.04291668846218,161.29506801441312,14,0.00046774344809819013,2.837342716753483,0.20552958641201258
126,0.173957543,1784956978.547936,131.8694421725077,134.51060746566293,126.31693925336003,15,-0.002793802705127746,0.5978715214878321,0.27871361281722784
128,0.173957543,1784956978.802602,137.35201032969866,134.65517448434676,130.83577051758766,15,-0.002477071015164256,2.5392456725239754,0.19209474883973598
130,0.173957543,1784956979.0801249,129.8461155204878,134.9815837837574,133.61174478940666,13,-0.002644658845383674,2.0540951564908028,0.1815561829134822
132,0.173957543,1784956979.3360739,138.8209024857953,135.79730910395077,127.76079035550356,11,-0.0009672264568507671,4.517040982842445,0.15702404640614986
134,0.173957543,1784956979.615672,125.65808784094789,135.09562628553908,120.45237439498305,15,-0.0023387462133541703,0.7804981134831905,0.215459699742496
136,0.173957543,1784956979.871124,123.47826301237325,134.4124248724935,147.5881207920611,22,-0.0018946492346003652,2.3058963790535927,0.3007111120969057
138,0.173957543,1784956980.124555,156.29117485734417,134.46774747154882,100.40575232729316,11,-0.001801564489142038,2.6428866162896156,0.204543124884367
140,0.173957543,1784956980.4055412,125.22770162953948,134.58532980430843,132.0934713035822,15,-0.0027395960059948266,1.1842350997030735,0.24360734969377518
142,0.173957543,1784956980.661473,118.66418597787963,134.46280047203769,155.6091237962246,15,-0.0056472139549441636,1.054050225764513,0.25273606926202774
144,0.173957543,1784956980.912946,141.5005328428407,133.90719493379578,126.44295838475227,12,-0.0012864128511864692,1.4278861582279205,0.22121747769415379
146,0.173957543,1784956981.189125,147.00557996816735,134.56937039063948,121.69446517899632,12,-0.001859207230154425,3.3194480687379837,0.17126743495464325
148,0.173957543,1784956981.440286,134.32806407755194,134.3178220874555,125.91086006164551,10,-0.002674222196219489,3.77025306224823,0.22952618915587664
150,0.173957543,1784956981.718094,146.55289865595012,135.25281819144513,123.13403914868832,10,-0.0018878525879699737,0.8882286660373211,0.1363401454873383
152,0.173957543,1784956981.9728692,141.77574676235903,135.93568561229617,105.78098237887025,11,-0.001592124201124534,1.1489687338471413,0.16836081352084875
154,0.173957543,1784956982.223456,163.92911661739603,135.95535954798933,101.87441129237413,9,-0.0023122355923987925,4.174319535493851,0.1814427152276039
156,0.173957543,1784956982.521929,153.73760132588433,137.63443301079315,106.04061581194401,11,-0.0020759426479344256,0.5458926931023598,0.18221662286669016
158,0.173957543,1784956982.776292,141.5167944389857,138.71564893070183,125.18531565368176,15,-0.0025488171086180955,1.365377750247717,0.19664184469729662
160,0.173957543,1784956983.0288079,129.26774544805446,139.2275665851514,120.91762618161738,16,-0.0033032105420716107,1.5646877251565456,0.21658755373209715
162,0.173957543,1784956983.30613,142.8146390269546,139.7600818924367,112.98717629164457,14,-0.0021179198229219764,1.8404830917716026,0.13373776338994503
164,0.173957543,1784956983.55812,152.21143338534353,139.93421524432975,108.51324671879411,13,-0.0039036866510286927,1.0212261211127043,0.2616380602121353
166,0.173957543,1784956983.836117,155.30564146888662,140.1764998250145,98.81156919896603,12,-0.001230560417752713,1.0553606636822224,0.1676201205700636
168,0.173957543,1784956984.0899022,137.62622890094457,139.6542918274558,137.19867786765099,12,-0.0025071095442399383,1.1600030027329922,0.1578041324391961
170,0.173957543,1784956984.3435159,124.70225567553942,139.53089868797898,127.14511743187904,15,-0.0025070532428799197,1.3073198460042477,0.25610725581645966
172,0.173957543,1784956984.6181178,130.91355817753953,139.33265657684677,133.06617611646652,11,-0.0025370136718265712,0.9339836202561855,0.2282869629561901
174,0.173957543,1784956984.870355,153.55367330248185,139.82970512717702,116.50005881488323,9,-0.0002352078809053637,2.00038842856884,0.18848063051700592
176,0.173957543,1784956985.122936,142.10889590054435,139.94374228972714,120.41582553088665,10,-0.0030801027605775744,0.9897584058344364,0.2720028404146433
178,0.173957543,1784956985.402488,137.88865479038694,140.24933338020767,126.54041774570942,15,-0.004007994924904779,1.7155382968485355,0.3685642071068287
180,0.173957543,1784956985.6555252,143.26265927018792,140.9092997020185,126.58120471797884,12,-0.004066298657562584,1.6127844899892807,0.22515499498695135
182,0.173957543,1784956985.9335492,124.2916459931488,140.86230244111454,123.84211607277393,10,-0.009303078637458384,1.3809514120221138,0.29607028886675835
184,0.173957543,1784956986.1850638,147.1143164977235,141.5335364297309,123.68976950645447,10,-0.0040971866983454674,1.7029245421290398,0.16465828567743301
186,0.173957543,1784956986.4381802,149.67516321340779,141.4426882798517,108.86519847251475,13,-0.0020588033366948366,1.3188148774206638,0.21229371055960655
188,0.173957543,1784956986.714609,133.95695513496725,141.27526267723107,132.60488534718752,14,0.00015009437629487365,1.2311456948518753,0.24506313633173704
190,0.173957543,1784956986.989504,140.89057160913256,141.94185117193382,112.2760308496654,15,-0.0020443956600502133,1.6426853463053703,0.21941145043820143
192,0.173957543,1784956987.2439182,147.7282024645737,142.5983202120237,116.87195010855794,12,-0.004499186063185334,1.446873925626278,0.249975997954607
194,0.173957543,1784956987.58238,131.5605834887235,142.96391985535251,135.80052473209798,14,-0.00316156935878098,2.092914380133152,0.3667069524526596
196,0.173957543,1784956987.9265852,144.0717359468995,142.63266227510022,109.83308375626802,10,-0.008953978307545185,0.7269558236002922,0.18877393193542957
198,0.173957543,1784956988.28636,150.2296070472656,143.00619640105748,98.24971577338874,13,-0.0016727416950743645,0.8642712011933327,0.24643944762647152
200,0.173957543,1784956988.618607,161.31734320554952,142.65619801340364,87.80712636001408,9,-0.0018339588423259556,2.1274013593792915,0.2351899202913046
202,0.173957543,1784956988.9071841,143.26380266084539,142.79644149197838,114.13837576657534,14,-0.0024779622035566717,2.5863295942544937,0.23551075626164675
204,0.173957543,1784956989.265621,136.6376544162547,142.35566195601487,132.4090991318226,11,-0.0017546710441820323,1.4561612829566002,0.21029257494956255
206,0.173957543,1784956989.5423539,133.84139306960714,141.72441982238652,128.105176538229,14,-0.002552044883486815,1.184338878840208,0.29582540318369865
208,0.173957543,1784956989.7979321,124.09760396026347,141.35281942032356,136.92571830749512,11,-0.00441425945609808,1.6993805468082428,0.2833188809454441
210,0.173957543,1784956990.076069,161.454440666003,141.6720633990323,93.6855374276638,10,-0.0019323602318763733,1.918864294886589,0.264737106859684
212,0.173957543,1784956990.3285959,132.2623042176828,141.25692743091005,125.84969861246645,13,-0.005392839491833001,1.7211086452007294,0.29607404582202435
214,0.173957543,1784956990.601404,123.86830936829567,140.87902200339454,151.720187805593,13,0.00010749391367426142,2.668765291571617,0.12812609132379293
216,0.173957543,1784956990.853687,141.6619654719483,140.76354960413073,112.39551895111799,13,-0.0010451304260641336,1.7510067522525787,0.2345163468271494
218,0.173957543,1784956991.1110988,113.03867867169394,140.49817999058948,162.4543931260705,10,-0.0037286017322912812,0.8463020361959934,0.27677891962230206
220,0.173957543,1784956991.3883939,162.34645241836617,141.19571695199275,96.34196297079325,12,-0.005245537147857249,1.4164025075733662,0.2680311528965831
222,0.173957543,1784956991.665387,147.76107894537435,141.99613746267082,124.91367956250906,11,-0.012441247221431695,1.0580334700644016,0.36583087779581547
224,0.173957543,1784956991.9180028,165.73000037340032,142.99957245278748,83.92327481880784,13,-0.0024898353731259704,1.7356365472078323,0.26596587523818016
226,0.173957543,1784956992.203562,151.33095198313376,143.22037144274634,119.6678686030209,13,-0.004182168282568455,0.7627390120178461,0.2850671000778675
228,0.173957543,1784956992.463489,132.8982065079758,142.9986448036784,153.39266162365675,14,0.0005335045862011611,1.1013154089450836,0.1832909844815731
230,0.173957543,1784956993.194896,143.0418710370017,143.33301083041917,120.02881132811308,15,-0.004444920341484249,0.6331929620355368,0.2957651559263468
232,0.173957543,1784956993.452716,162.22266269544153,144.23386774480244,98.17245577275753,13,-0.005153702397365123,1.478966198861599,0.2904040552675724
234,0.173957543,1784956993.710751,149.81634823113765,144.22717122305679,106.610302682966,18,-0.0012789785396307707,1.9891738295555115,0.28942334465682507
236,0.173957543,1784956994.012465,149.78430715560967,145.03036580036638,115.78829506784678,17,-0.0032385897065978497,1.5604306384921074,0.3045000955462456
238,0.173957543,1784956994.2935638,130.70562472622416,145.12009370228677,121.612519916147,17,-0.0007842446066206321,1.6166628003120422,0.20713083446025848
240,0.173957543,1784956994.54655,144.98596660057606,145.0758860898195,105.42224807664752,16,-0.001243224018253386,1.7381507977843285,0.3125525191426277
242,0.173957543,1784956994.8234181,126.1617626296236,144.0410178465484,144.89559695497155,17,-0.0020445167319849133,3.98026642203331,0.2673605727031827
244,0.173957543,1784956995.078389,140.22560893213887,144.25598252586173,115.46022868901491,16,-0.0028951352869626135,2.6693671569228172,0.18529407307505608
246,0.173957543,1784956995.359029,124.32108500115069,143.45649130853272,118.031439691782,15,-0.004611255033523776,1.026851711794734,0.245319539681077
248,0.173957543,1784956995.614837,141.86215023202544,143.73938985969988,105.32859266921878,14,-0.0032585286535322666,1.0516187995672226,0.2551544029265642
250,0.173957543,1784956996.2232718,147.9309767792772,143.65671239895562,116.40228633210063,17,-0.002546788367908448,1.5782186165452003,0.2644967073574662
252,0.173957543,1784956996.534258,121.41802530583544,143.117284306531,134.74582147598267,15,-0.003930098027922213,0.9707398675382137,0.3019488360732794
254,0.173957543,1784956996.788251,138.65304349206522,143.13958323201953,127.23983155563474,10,-0.004912736505502835,3.416888326406479,0.19499028753489256
256,0.173957543,1784956997.042007,161.2884893601528,143.67968322732509,93.25047671562061,13,-0.0030302953673526645,1.621173344552517,0.2980800364166498
258,0.173957543,1784956997.323473,159.05589675553085,143.8131484291668,95.98188535124063,15,-0.0035389084077905864,1.8092172145843506,0.3222782574594021
260,0.173957543,1784956997.577892,144.99756009409097,143.67753023977693,108.53473430871964,16,-0.003198150428943336,1.4053524360060692,0.2578748557716608
262,0.173957543,1784956997.8542001,142.39577303366707,143.93988767145896,119.50597360357642,11,-0.004170947722741403,1.22400626167655,0.14516627276316285
264,0.173957543,1784956998.109152,148.48648659296958,144.4903015679342,119.38066030107439,10,-0.0012026492622680962,1.3020087070763111,0.20056954957544804
266,0.173957543,1784956998.36336,167.85786020779048,144.9612659585828,88.88361709192395,13,-0.005368877144064754,3.1865008920431137,0.28351597674191
268,0.173957543,1784956998.705705,122.50154559227174,145.2530748310473,151.55744337290525,16,-0.0033204314531758428,1.7425788417458534,0.30823604203760624
270,0.173957543,1784956998.9626508,144.05642243052122,144.70203912420592,116.43877054005861,15,0.00023335668811341748,2.227664604783058,0.19833799730986357
272,0.173957543,1784956999.2410612,145.5568179947963,144.57776812650536,114.8675779774785,13,-0.0012442399747669697,2.499502718448639,0.23361272737383842
274,0.173957543,1784956999.521677,149.44235010646346,143.9579120883885,112.07645344361663,17,-0.002873306701076217,1.4629085659980774,0.3041939288377762
276,0.173957543,1784956999.776274,160.1500948492224,144.34948338078516,92.63000876456499,13,-0.005301035533193499,2.909037683159113,0.20397235173732042
278,0.173957543,1784957000.0572538,125.1222230779601,144.30384746742772,121.39763363264501,17,-0.0017388058477081358,1.0217027589678764,0.17372317891567945
280,0.173957543,1784957000.315509,163.80167710092636,144.58084829241955,92.27251134905964,16,-0.0029245790792629123,1.1226195693016052,0.24682213086634874
282,0.173957543,1784957000.5704288,143.2130153954356,143.62122531852324,119.46910153701901,14,-0.0029488010331988335,1.4867182523012161,0.3222462385892868
284,0.173957543,1784957000.851985,146.23661046538197,143.6456763835343,118.28804181143641,14,-0.004589727439451963,1.7430977821350098,0.2522088848054409
286,0.173957543,1784957001.107509,145.60994239026192,143.56928393756596,112.07791705429554,13,-0.002995889473822899,1.995458461344242,0.23095564171671867
288,0.173957543,1784957001.360544,150.92795081612581,143.7640845815984,112.01511326432228,14,-0.0026776466984301805,2.3599844872951508,0.3113868944346905
290,0.173957543,1784957001.641418,140.87119363160843,143.65941335319155,126.17068077623844,11,-0.003286236256826669,0.616312587633729,0.2306848131120205
292,0.173957543,1784957001.8974059,153.31998377857983,144.87460302272245,98.97077868506312,14,-0.004768429207615554,1.438892312347889,0.3099581990391016
294,0.173957543,1784957002.178755,155.05361781649097,145.23616905890188,100.60233226791024,13,-0.0025313292862847447,1.0642701014876366,0.2565433457493782
296,0.173957543,1784957002.4352582,163.7859193641226,146.43141959400498,93.5510519798845,11,-0.001826127350796014,1.248688966035843,0.2334992941468954
298,0.173957543,1784957002.689903,164.88590247810578,146.8406548027795,89.2224788106978,11,-0.0025978315679822117,2.0540812835097313,0.2728530140593648
300,0.173957543,1784957002.969708,142.41887384220072,147.21373010343052,115.44167057424784,15,-0.0016731298237573355,0.7594233714044094,0.18426148034632206
302,0.173957543,1784957003.224948,122.60941497058538,147.3091471052422,133.58216951414943,17,-0.005118792818393558,1.666672870516777,0.27373084984719753
304,0.173957543,1784957003.478244,151.55788639242655,147.78249183079978,107.30541893839836,13,-0.004668272013077512,1.1947098150849342,0.33999412693083286
306,0.173957543,1784957003.775457,162.24512032932114,147.49335370298274,102.24205239862204,16,-0.007336902606766671,1.854950375854969,0.28862676583230495
308,0.173957543,1784957004.029804,154.28868895544466,147.9429092428168,110.69510953128338,10,-0.0014733775606146082,3.491691440343857,0.15855267271399498
310,0.173957543,1784957004.3085818,155.16787818394081,148.1553768139139,102.3577541038394,11,-0.0016685431473888457,0.9561813324689865,0.19201227836310863
312,0.173957543,1784957004.562974,147.50120778661142,148.28993552928026,106.01130278408527,9,-0.003167069546179846,0.6639604084193707,0.3316256236284971
314,0.173957543,1784957005.1810539,174.13178619002153,148.40639479425687,79.92167484015226,11,-0.003730166587047279,2.787310302257538,0.28998157754540443
316,0.173957543,1784957005.466732,163.24025268335023,148.8450483130265,102.79906288348138,9,-0.0020714272395707667,1.0951419733464718,0.229460752569139
318,0.173957543,1784957005.724332,145.66964119816095,149.24063476657238,110.87759980745614,11,-0.004790972336195409,0.9102393798530102,0.282954478636384
320,0.173957543,1784957005.98019,132.25534905755717,149.22947364992604,123.13136738166213,17,0.004068550260853954,1.5146185532212257,0.32918267883360386
322,0.173957543,1784957006.261868,133.64567837725605,148.36472510501827,141.98460221663117,13,-0.0019842968322336674,2.006652355194092,0.21284198574721813
324,0.173957543,1784957006.518657,145.2557604024278,147.91232489848989,110.0738406740129,10,-0.002997982985107228,2.155057854950428,0.22307220846414566
326,0.173957543,1784957006.809598,141.9619311815728,148.13512588408858,110.29454347491264,15,-0.004730766639113426,1.0152513943612576,0.25660453736782074
328,0.173957543,1784957007.089679,133.5836126400358,148.35275626187243,126.37601920962334,14,-0.00292020570486784,1.3272546753287315,0.27696078456938267
330,0.173957543,1784957007.347729,163.6195069703291,148.04659736549195,98.98035338893533,14,-0.007783914566971362,2.3300680592656136,0.3167348653078079
332,0.173957543,1784957007.62944,169.1682792769175,148.83052308658245,91.37133273854852,12,0.0016949240234680474,1.8916161134839058,0.2603232301771641
334,0.173957543,1784957007.8863301,160.50841668297394,149.0639724920775,90.51988612860441,13,-0.002317097329068929,1.1507809422910213,0.2503314120694995
336,0.173957543,1784957008.146963,157.46393897369498,149.5114860367118,96.91551718488336,14,-0.004012320947367698,0.7168793771415949,0.2622903687879443
338,0.173957543,1784957008.427186,132.6343630350246,149.3047543493033,117.97364557161927,13,-0.0035951711470261216,0.6737737394869328,0.33241068944334984
340,0.173957543,1784957008.681466,137.10200550392568,149.83191205323564,130.063954253681,14,-0.0017187375342473388,2.274325154721737,0.2027502292767167
342,0.173957543,1784957008.962052,135.2989418019143,149.64367351267728,115.28638587892056,12,-0.006012356578139588,0.5596249029040337,0.30723192170262337
344,0.173957543,1784957009.6177542,175.72777883532635,150.2395910583944,81.10598432086408,15,-0.003800635284278542,1.2393452003598213,0.32962811179459095
346,0.173957543,1784957009.901802,154.8271037154215,150.15591712043692,103.81691398844123,12,-0.003141728084301576,1.9935316443443298,0.22510236874222755
348,0.173957543,1784957010.181661,137.75225327487576,149.70298025712492,117.3764985203743,16,-0.002105746971210465,1.9976574033498764,0.25450293626636267
350,0.173957543,1784957010.438433,133.6329774521916,149.56772051728822,117.48507561907172,14,-0.0026162044232478365,2.0785392224788666,0.25286244321614504
352,0.173957543,1784957010.692995,161.5669933864137,150.21423790554368,91.27827106788754,14,-0.0018332843319512904,2.1959046721458435,0.2628244496881962
354,0.173957543,1784957010.974989,140.76817450487016,149.52898757738515,123.25434929132462,13,-0.005380210292059928,3.9622952193021774,0.2654780372977257
356,0.173957543,1784957011.2503722,151.99629945196466,149.92543795977255,106.63170731067657,12,-0.0037330495106289163,2.8898324444890022,0.3021296700462699
358,0.173957543,1784957011.91,157.92025290785162,150.48031642776536,110.67939019948244,11,-0.002687498345039785,1.6298185661435127,0.22266599722206593
360,0.173957543,1784957012.162941,158.6854233710692,150.46444562006374,94.87082207202911,13,-0.0024784000997897238,1.4918738901615143,0.26322084851562977
362,0.173957543,1784957012.417262,172.7433254580302,150.93265011119888,89.07460364699364,13,-0.0017043163388734683,1.7917641326785088,0.2627492221072316
364,0.173957543,1784957012.6958551,157.1395833176,151.06194229983467,104.13648692891002,13,-0.005270774330710992,1.0957927145063877,0.23523200117051601
366,0.173957543,1784957012.955868,152.25852333648405,150.73062702495054,100.87717220559716,13,-0.002315804347745143,0.5460673477500677,0.24011594709008932
368,0.173957543,1784957013.210067,150.3118298429576,150.88496630545987,109.1684272736311,11,-0.00460847798967734,1.8392623513936996,0.33544993586838245
370,0.173957543,1784957013.4865541,171.71712979008547,151.80779832954266,85.00548703130335,12,-0.0034513177815824747,0.7343009281903505,0.27681724913418293
372,0.173957543,1784957013.7428029,139.15897825490563,152.03639699071417,120.4914298132062,15,-0.0017641487647779286,3.066907599568367,0.2098893392831087
374,0.173957543,1784957014.022982,138.77855618211072,152.57662345220794,123.13322772830725,14,-0.0027935781981796026,1.2328399047255516,0.1910804994404316
376,0.173957543,1784957014.278782,136.69689906045184,152.1082336288026,128.41175911575556,13,-0.0013853011332685128,2.9711813777685165,0.2701333109289408
378,0.173957543,1784957014.532762,165.94818813572047,152.61839386188646,91.42903490364552,12,-0.0018012227374128997,3.899645656347275,0.2453758893534541
380,0.173957543,1784957014.811585,164.71552924505713,152.56727718958336,89.22874502465129,12,-0.0028984803648199886,1.1792240217328072,0.2970153782516718
382,0.173957543,1784957015.067316,129.1557094416753,151.78221087373583,131.95935627818108,14,-0.0024756954662734643,1.4407167546451092,0.20593595132231712
384,0.173957543,1784957015.3231308,141.9938678505774,151.55840842998705,118.4639754332602,14,0.0024140942841768265,2.169660985469818,0.2039712481200695
386,0.173957543,1784957015.60497,154.91585181432652,151.27100471818613,97.31825942546129,10,-0.0008421675011049956,1.0861578769981861,0.18193776905536652
388,0.173957543,1784957015.856809,156.7974484137723,151.96700769400775,115.53780948370695,9,-0.002045732515398413,2.337810032069683,0.22375870496034622
390,0.173957543,1784957016.158678,144.97358354852187,151.994698176991,105.7749790251255,9,0.0007810916285961866,2.099981352686882,0.14051795098930597
392,0.173957543,1784957016.41233,171.0041058744265,152.80100729000344,91.06425520405173,10,-0.0026492750766919926,0.6975743044167757,0.30202421732246876
394,0.173957543,1784957016.664673,159.75631770948914,152.53125529605592,95.61950790509582,10,0.0008726014057174325,1.2953207716345787,0.2127070017158985
396,0.173957543,1784957016.942799,127.73566913497451,152.42357777770292,142.48236582428217,11,-0.002520017238566652,1.1481632180511951,0.2179357772693038
398,0.173957543,1784957017.1984372,146.76111163786618,152.8899070892112,109.24912424571812,15,-0.0022634558845311403,1.1487705670297146,0.2721489341929555
400,0.173957543,1784957017.451411,168.7696343413995,152.98796575598064,81.99712258949876,13,-0.003948279743781313,1.744597241282463,0.25387522019445896
402,0.173957543,1784957017.727735,140.36845894711513,152.962812742046,114.13058848679066,14,-0.0026606202154653147,1.1641394831240177,0.19646267592906952
404,0.173957543,1784957018.3822742,160.8446278390696,154.44204006512786,83.7216983679682,13,-0.001620392664335668,1.1880845054984093,0.25418741162866354
406,0.173957543,1784957018.681258,176.75936425021348,154.22407514612777,83.79250136762857,10,-0.003388007200555876,0.9641530551016331,0.2388265235349536
408,0.173957543,1784957018.938111,151.7984667540057,153.74341037203234,103.40712999925017,16,-0.0024376314249821007,1.3506088890135288,0.2692409846931696
410,0.173957543,1784957019.191571,145.6064732706618,154.07717055267497,114.96665732190013,13,-0.0026161720452364534,1.8712361752986908,0.2213814901188016
412,0.173957543,1784957019.4702358,161.34891957736696,154.28554175744665,96.92937318608165,13,-0.0013505923561751842,1.3202521800994873,0.19378137681633234
414,0.173957543,1784957019.726581,159.57053161345246,154.14472235235672,95.09268898703158,13,-0.001205577136715874,1.260495152324438,0.22400559671223164
416,0.173957543,1784957019.979388,143.65859710858965,153.67640125703653,114.76247766427696,15,-0.0029637858970090747,0.9899720847606659,0.16357745323330164
418,0.173957543,1784957020.258255,158.86406234519484,154.2910140607512,121.43896152079105,9,-0.005929241830017418,1.6129192560911179,0.2692267820239067
420,0.173957543,1784957020.5133371,158.50172899769,154.00878817415352,93.97239464521408,14,-0.0027175601571798325,1.9493473656475544,0.18351786490529776
422,0.173957543,1784957020.8116229,167.55332803305544,154.7458283561809,91.11783197522163,12,-0.001930440659634769,0.8660831600427628,0.1772374613210559
424,0.173957543,1784957021.065376,156.12893182224315,154.89334776606233,108.23826965689659,9,-0.00315632252022624,1.1858215890824795,0.19045738503336906
426,0.173957543,1784957021.3203452,151.9991704323104,155.11937902605447,96.40029499307275,13,-0.0032395836897194386,2.7917444556951523,0.25176791567355394
428,0.173957543,1784957021.597589,151.08285960454265,154.99730676346988,119.2006905078888,10,-0.0023385478416457772,1.4206686168909073,0.14263946702703834
430,0.173957543,1784957021.852905,156.8500548794723,154.78410084242404,105.08438108488917,10,-0.0024595227441750467,1.316112782806158,0.17518288176506758
432,0.173957543,1784957022.105461,152.0667259411492,155.39408830106495,97.04709520190954,13,-0.007189695636043325,2.41023126244545,0.2780952835455537
434,0.173957543,1784957022.3859,161.30707820886423,156.0218376636458,97.18186988681555,14,-0.004161591365118511,1.206533022224903,0.3292037006467581
436,0.173957543,1784957022.641886,161.1422531452249,155.88935246619548,95.68812648206949,11,-0.004236694308929145,1.3136165216565132,0.250891974195838
438,0.173957543,1784957022.921173,171.96231143650948,156.1192920635284,98.7415214329958,10,-0.0059702564321924,1.310062039643526,0.24530127737671137
440,0.173957543,1784957023.176607,170.06390912425505,156.43052161358185,91.07411931082606,13,-0.0013443327625282109,1.104801308363676,0.22656426392495632
442,0.173957543,1784957023.4313269,143.38855965384334,155.531067326057,110.82050341553986,18,-0.0033022150164470077,1.2274039797484875,0.24883291497826576
444,0.173957543,1784957023.708982,170.03678900709878,155.64268161507482,83.00575392134488,13,-0.003167254151776433,0.6689385529607534,0.21963108889758587
446,0.173957543,1784957023.9644768,160.09650192875975,156.10101933374955,84.65156297944486,14,-0.0032989566680043936,0.8675253838300705,0.25087501760572195
448,0.173957543,1784957024.2175071,153.5244426816087,156.2750554933357,105.30049695074558,17,-0.003677216824144125,2.1359874457120895,0.27101858984678984
450,0.173957543,1784957024.496743,161.59821539562753,156.25764837815123,101.08837736677378,11,-0.003181655425578356,0.8096572980284691,0.27578589878976345
452,0.173957543,1784957024.747905,152.83435206459103,156.18722106940794,105.38883118331432,14,-0.0022147605777718127,1.4324247427284718,0.163029998075217
454,0.173957543,1784957025.028435,133.70076811707364,155.20872664991063,117.10855028033257,14,-0.0017155517707578838,1.7831733003258705,0.11830063071101904
456,0.173957543,1784957025.3078341,143.61463486181836,154.84706961836432,106.85046397149563,15,-0.005276436626445502,1.1004833467304707,0.30069723539054394
458,0.173957543,1784957025.563925,147.8391726870996,154.81957204801643,107.05347738787532,13,-0.0038546264986507595,0.7913473471999168,0.3356261756271124
460,0.173957543,1784957025.845052,159.29590253356585,154.78368815060014,91.23855398967862,13,-0.001691351440967992,0.9503211639821529,0.22858691401779652
462,0.173957543,1784957026.098173,169.1929362986636,154.97027818573747,91.40832263976336,9,-0.006789425577153452,1.0735585652291775,0.22347330022603273
464,0.173957543,1784957026.3514318,153.34339879469064,155.18553290538605,110.80688678845763,10,-0.007258292374899611,2.7553739324212074,0.21572894044220448
466,0.173957543,1784957026.628066,170.8453263427032,155.71450723134663,95.63102402538061,10,-0.004543801303952932,1.6646737828850746,0.3167322687804699
468,0.173957543,1784957026.88302,150.2675534394284,155.25015858397543,105.5384904332459,15,-0.0016717526450520381,2.1441325917840004,0.16657006926834583
470,0.173957543,1784957027.1619751,159.7674728596252,155.14313586850596,101.21362858638167,12,-0.0031860276067163795,0.9292516633868217,0.27581300120800734
472,0.173957543,1784957027.418227,170.85186872596321,155.65909931685786,92.80504217557609,12,-0.003387208533240482,0.9506383538246155,0.3176480047404766
474,0.173957543,1784957027.672992,158.42758087474405,156.0017634650417,103.7905723452568,14,-0.0034281867556273937,1.099760141223669,0.3365438301116228
476,0.173957543,1784957027.962094,155.58614108227482,156.12768135358726,100.05483541823924,15,-0.002446194877848029,1.5208121947944164,0.18602916039526463
478,0.173957543,1784957028.224818,153.54055073950104,156.00497652294925,106.36483238823712,13,-0.0026194033271167427,1.5279372557997704,0.2609604289755225
480,0.173957543,1784957028.506473,165.556441588997,156.44819628529243,96.93074011430144,17,-0.002009454765357077,1.7368485629558563,0.22358864732086658
482,0.173957543,1784957028.794934,169.20321446870418,156.84894984274675,84.72718682698905,16,-0.002487243269570172,0.6718163248151541,0.2932152757421136
484,0.173957543,1784957029.050535,145.2311774960839,156.5703202888736,107.98355563730001,14,-0.001773052936187014,2.004015699028969,0.18353821616619825
486,0.173957543,1784957029.3296902,145.91787950631593,157.17561109463935,109.3174430243671,13,-0.003529980021994561,2.464682325720787,0.23182249814271927
488,0.173957543,1784957029.584903,169.21806685143085,157.51673573041887,91.3805398195982,14,-0.0028428955702111125,0.8865805380046368,0.2613579872995615
490,0.173957543,1784957029.841651,171.78461290240315,157.6428690476448,85.39209478348494,13,-0.0034201476955786347,1.9681226834654808,0.3033373076468706
492,0.173957543,1784957030.1237938,126.54117943015191,157.45397061744524,138.9394389986992,16,0.0018218654586235061,1.817215919494629,0.14527558675035834
494,0.173957543,1784957030.377525,168.461885740364,157.07787142384805,89.2533610239625,10,-0.0059155655617360026,1.2018199749290943,0.2985237529501319
496,0.173957543,1784957030.632798,153.80693478907295,156.9760834492694,95.6677953377366,14,-0.005986247037071735,1.2899501621723175,0.36239951848983765
498,0.173957543,1784957030.91084,152.18587295305463,156.46875347664752,97.40003031119704,14,-0.0030814922938589007,1.5889267101883888,0.24927370343357325
500,0.173957543,1784957031.50981,135.3217844450289,156.38229855666052,115.7580313142389,14,-0.003089761288720183,2.154367782175541,0.21490490529686213
502,0.173957543,1784957031.818259,158.44719066983635,157.02504942792012,101.3892774283886,14,-0.002579202875494957,1.6888180524110794,0.23343372717499733
504,0.173957543,1784957032.0753238,153.79480871071146,157.18731506033603,107.00330367125571,13,-0.0006145222869236022,2.1878040805459023,0.2842510612681508
506,0.173957543,1784957032.391341,139.1767235840102,156.83542378964827,130.3536635786295,14,0.0009677165653556585,2.782761663198471,0.2517813928425312
508,0.173957543,1784957032.693681,152.31964880370904,156.33521306196755,104.84887924417853,13,-0.005181009182706475,1.813350535929203,0.23307916428893805
510,0.173957543,1784957032.950685,171.78971934057867,156.26753461389453,84.50651726871729,13,0.0017886678397189826,0.7143845986574888,0.2633862877264619
512,0.173957543,1784957033.2066638,151.94577087476546,155.99642406045893,108.70013989135623,10,-0.0065757142001530156,2.6864515841007233,0.2111529316753149
514,0.173957543,1784957033.485732,155.76631785026447,156.2394286874391,102.95998914167285,10,-0.0022793642710894346,2.308467134833336,0.20764947589486837
516,0.173957543,1784957033.7423308,152.20103718692246,156.35694658441005,116.59671419113874,11,0.00048799693468026817,3.1412368565797806,0.19370464514940977
518,0.173957543,1784957034.021919,157.10149747647398,156.87300013557532,99.46063691005111,11,-0.001488060806877911,0.5169389881193638,0.18862952943891287
520,0.173957543,1784957034.276238,156.91691967458272,156.51435070120195,101.76881104707718,14,-0.0014651543460786343,1.160298302769661,0.2019547400996089
522,0.173957543,1784957034.528352,148.55634176208486,155.8416583264535,109.23276774585247,11,-0.0014849469880573452,1.4901127256453037,0.14018749492242932
524,0.173957543,1784957034.806941,143.79076691182019,155.68673205201242,119.02668411657214,10,-0.005603934783721343,1.2088618278503418,0.2626816164702177
526,0.173957543,1784957035.060719,135.87210200760526,155.36253614592445,115.7047376781702,12,-0.0026496159262023866,1.534642782062292,0.23623243439942598
528,0.173957543,1784957035.316342,175.61626907803515,155.95124915699708,86.82540941238403,9,-0.00022935349261388183,1.736638367176056,0.23073393292725086
530,0.173957543,1784957035.596286,157.49143386343854,156.01857884049562,89.02472852915525,10,-0.009898494114167988,0.5760349202901125,0.2515089949592948
532,0.173957543,1784957036.205038,185.50047029260887,156.47697955058362,73.58373483642936,9,-0.0028011774411424994,1.2650680765509605,0.1690936991944909
534,0.173957543,1784957036.512369,135.58059742001146,156.31308398513846,121.85574904084206,12,0.00018448784248903394,1.917992614209652,0.13716566190123558
536,0.173957543,1784957036.7678652,167.94071189084036,156.60550150139738,85.5383491255343,11,-0.0033136028214357793,0.7601277269423008,0.2744527496397495
538,0.173957543,1784957037.021296,163.6197542750748,156.32875345108863,89.16338837891817,11,-0.002762463947874494,0.9178808107972145,0.28366636112332344
540,0.173957543,1784957037.325048,163.12804490037294,155.89754646217293,103.70360562950373,13,-0.002529773861169815,2.0973113998770714,0.2614509304985404
542,0.173957543,1784957037.579065,176.17976976292687,156.76616494917417,80.6499609220773,12,-0.0017792519502108917,0.8484178595244884,0.2430811244994402
544,0.173957543,1784957037.8313768,147.53580829529145,156.2762346037338,107.79360359162092,12,-0.001815764102502726,1.0102914422750473,0.19654506165534258
546,0.173957543,1784957038.110681,165.43595690765565,156.76225083410475,92.98787934333086,12,-0.004090805348823778,0.9755130037665367,0.23844593297690153
548,0.173957543,1784957038.364628,163.9925950356772,156.81925960951344,92.59679351374507,13,-0.002773382904706523,1.5084600932896137,0.21871677320450544
550,0.173957543,1784957038.644706,167.5084085817358,157.77674759684004,108.50977275520563,9,-0.0008549357298761606,1.0586728174239397,0.24682260304689407
552,0.173957543,1784957038.9001431,162.55254081828608,157.84112920286876,93.60513702593744,15,-0.00446022798132617,1.2518124133348465,0.26748014334589243
554,0.173957543,1784957039.156001,148.9571252236812,157.93935811245407,112.870870500803,13,-0.002143646008335054,1.854469045996666,0.26269457302987576
556,0.173957543,1784957039.434577,144.0623745164359,158.91533184407822,110.34964208491147,12,0.0002291700802743435,0.9612882509827614,0.13162917643785477
558,0.173957543,1784957039.688629,185.1784786399104,159.73467591460553,73.07372370548546,11,-0.003406790317967534,1.7135930322110653,0.28261916525661945
560,0.173957543,1784957039.9428768,167.4446497624861,159.69487931351165,93.33022095635533,10,-0.0025157494528684765,2.0708596110343933,0.17976329661905766
562,0.173957543,1784957040.222732,160.47962122916766,159.98323089149815,89.57035098038614,14,0.00021283060777932405,1.013156034052372,0.26010610442608595
564,0.173957543,1784957040.477727,157.9644422655967,159.60752701637875,95.15536843053997,15,-0.00427135125210043,1.0566973872482777,0.19336643908172846
566,0.173957543,1784957040.7566762,158.51651562325614,159.50675425374754,100.86093601956964,15,-0.00397914566565305,1.1667802594602108,0.2891125688329339
568,0.173957543,1784957041.010854,168.6160147578078,159.1499108581994,88.75401022657752,12,-0.001977268562768586,1.3277126885950565,0.2808761717751622
570,0.173957543,1784957041.26315,171.57181552611027,159.61160883804487,81.04129123035818,12,-0.0020692687830887735,2.041788265109062,0.1840097988024354
572,0.173957543,1784957041.539798,141.4338971440173,159.8643865154341,149.92477444559336,10,-0.0023868956486694515,1.507342379540205,0.18013045005500317
574,0.173957543,1784957041.81807,165.65840741235175,159.67421044045577,91.480991512537,14,-0.002581130771432072,1.3667174279689789,0.2428380222991109
576,0.173957543,1784957042.076998,147.93273716873657,159.69436616484012,109.19386716932058,15,-0.0031006484059616923,1.50633929297328,0.27382687479257584
578,0.173957543,1784957042.355829,146.3563808512592,159.38810338333514,107.8137642685324,14,0.0004353906842879951,1.6407396122813225,0.2150551937520504
580,0.173957543,1784957042.608136,155.04798601727688,159.03152562814293,112.50159041583538,9,-0.0016426423680968583,2.2630933299660683,0.21260236483067274
582,0.173957543,1784957042.885376,152.81035364368003,158.04747612232902,98.22945702262223,13,-0.0009674114116933197,0.8456801995635033,0.15543838683515787
584,0.173957543,1784957043.141494,165.4579672059197,158.4465014914872,81.79283180460334,11,-0.0010582821123534814,1.3720091730356216,0.27893528528511524
586,0.173957543,1784957043.397089,148.44154474770644,157.84023297573103,95.47998381406069,16,-0.0015476286644116044,2.524489738047123,0.21724485512822866
588,0.173957543,1784957043.6748958,157.053846920358,157.76070598200866,104.03612906485796,12,-0.0035969489254057407,1.3870924413204193,0.22227779123932123
590,0.173957543,1784957043.929755,172.9495492101789,158.46816969292172,85.15134880319238,12,-0.003188922652043402,1.0008685663342476,0.25396644324064255
592,0.173957543,1784957044.183433,159.40191832095167,158.25871463334826,95.69805188849568,13,-0.0040881085296859965,3.4699652045965195,0.13507598964497447
594,0.173957543,1784957044.460881,179.7059503223985,159.1240158177235,83.12406254559755,10,-0.002578590763732791,1.65770323574543,0.26771436259150505
596,0.173957543,1784957044.7153542,164.6732509760526,159.2476357083924,84.78033053129911,12,-0.002237396198324859,1.8444927260279655,0.2110675284639001
598,0.173957543,1784957045.342262,186.88272434029642,160.30586778994518,68.9487584605813,12,-0.0010280058486387134,0.6453508920967579,0.22838876210153103
600,0.173957543,1784957045.62726,146.49404467373392,159.264194231501,122.36805028095841,12,-0.001867066603153944,1.7488752454519272,0.28219401743263006
602,0.173957543,1784957045.8846998,150.9586381868412,158.9858496760302,108.04601182974875,12,-0.0037084755895193666,2.1558156833052635,0.2709567928686738
604,0.173957543,1784957046.162091,172.7494492283653,159.57911179071516,88.21178307756782,12,-0.00030152342515066266,0.7125302515923977,0.20132730063050985
606,0.173957543,1784957046.438736,157.44682308955214,159.76513635895927,110.57279114052653,11,-0.001115784456487745,2.755669854581356,0.15698075480759144
608,0.173957543,1784957046.692289,137.42250557963294,159.16450148046317,105.80113231856376,16,-0.004169621563050896,2.1674079820513725,0.26507820282131433
610,0.173957543,1784957046.971551,164.12095187537724,159.65566958662401,90.2338397167623,12,-0.0012322965048952028,2.1253607496619225,0.19987239968031645
612,0.173957543,1784957047.223586,173.50767251552818,159.57729684959747,78.34851908497512,11,-0.0019270062330178916,0.6967812478542328,0.16970333270728588
614,0.173957543,1784957047.5000849,151.7477309690598,159.87933194676523,101.25061233341694,10,-0.0020545334555208683,1.966478355228901,0.1924350531771779
616,0.173957543,1784957047.7544398,163.1677430757692,160.2085361760151,91.19133326038718,11,-0.004252730883308686,1.2217388339340687,0.26708681136369705
618,0.173957543,1784957048.010192,175.1308500986323,160.39846376960585,78.49310477823019,11,-0.007951414037961513,1.4812870435416698,0.31404564529657364
620,0.173957543,1784957048.288074,164.88080076540226,160.60380895100346,93.91411659866571,11,-0.0006760775650036521,0.9728803671896458,0.22093701176345348
622,0.173957543,1784957048.542933,171.69476120417153,160.96182891395748,80.49340905994177,10,-0.0013924333325121552,0.7994879558682442,0.23427354637533426
624,0.173957543,1784957048.7955441,170.4464168250799,161.59126087423766,88.1746339648962,10,-0.003414972801692784,1.5064466074109077,0.23629226349294186
626,0.173957543,1784957049.072339,152.46383212470016,161.74728540918747,108.68930648267269,9,-0.001655573199968785,1.6693907752633095,0.1905315350741148
628,0.173957543,1784957049.3256068,180.6614648448906,162.60132966171415,77.56152496114373,8,-0.001485687680542469,2.553655579686165,0.21076869126409292
630,0.173957543,1784957049.598988,143.57798500922254,162.45473214621413,104.23856849223375,13,-0.004573815705953166,2.0296321883797646,0.16087168268859386
632,0.173957543,1784957049.854739,169.89987704872888,162.93997995259465,85.29469935409725,10,-0.0030360888631548733,1.2392020337283611,0.2946616942062974
634,0.173957543,1784957050.106066,157.7268184694758,163.21624607188244,107.066710986197,8,-0.007232181960716844,1.6848436743021011,0.23358648736029863
636,0.173957543,1784957050.3868318,148.24795013930915,163.18399919952557,127.11009144037962,10,-0.0035331036197021604,2.167615070939064,0.20780297368764877
638,0.173957543,1784957050.6400871,150.5425853021346,163.05280513379915,101.82840086892247,11,-0.011323770057060756,1.264300897717476,0.17307900823652744
640,0.173957543,1784957050.915909,172.78431761496316,162.72557955045212,94.35570622980595,9,-0.002063452309812419,1.9905200824141502,0.2699620798230171
642,0.173957543,1784957051.1935492,165.84422580030514,162.50229357596095,87.02457768470049,12,-0.0032997497473843396,1.804599516093731,0.2535967081785202
644,0.173957543,1784957051.4484951,184.07004459262984,162.2611287883246,68.04692324250937,13,-0.0016156160563696176,1.9576305076479912,0.18536534067243338
646,0.173957543,1784957051.724962,169.89250645999854,161.714090946144,83.8605111092329,12,-0.0006805140874348581,1.112969994544983,0.15324341505765915
648,0.173957543,1784957051.98098,178.3799025833258,161.3377581364909,82.17056851740927,12,0.0023616172838956118,0.820570595562458,0.20009424537420273
650,0.173957543,1784957052.277526,147.1594719164939,161.9562074175389,114.23724344745278,16,-0.008872668084222823,1.1742489486932755,0.25248838029801846
652,0.173957543,1784957052.5555599,152.924286559467,161.63454018072935,94.62645212560892,13,-0.0010304423049092293,1.6896261386573315,0.20440229214727879
654,0.173957543,1784957052.806999,145.39736667743492,160.7331601920302,113.31090706773102,16,-0.0007452453719452024,1.9889115691184998,0.16159643605351448
656,0.173957543,1784957053.060987,148.33538497031972,160.08266250249443,111.14711733907461,16,-0.005081784402136691,2.424887128174305,0.22283396311104298
658,0.173957543,1784957053.346935,180.55668859216635,161.07976820446163,74.02180711552501,12,-0.003236210730392486,1.7212677001953125,0.2657889984548092
660,0.173957543,1784957053.6002932,165.86740296590125,161.06240542223728,79.41277426853776,12,-0.0026055809430545196,1.6917756870388985,0.22790539637207985
662,0.173957543,1784957053.876671,154.99405013845566,160.75179942993103,104.45966784283519,9,-0.001607760728802532,1.7716733366250992,0.1685601407662034
664,0.173957543,1784957054.131408,181.99014517282808,160.9250013515391,82.79834768548608,11,-0.0036863806017208844,2.388626791536808,0.26717451494187117
666,0.173957543,1784957054.386228,166.00918972337118,160.72432966983,88.81944934464991,15,-0.001586725644301623,1.5229664742946625,0.23841074481606483
668,0.173957543,1784957054.6643531,145.83642817578811,160.6387008538838,104.27855804562569,15,-0.002149036714399699,2.231859602034092,0.21042892895638943
670,0.173957543,1784957054.9177248,153.51132260892993,160.2137083984809,98.52101157978177,15,-0.0030916198156774044,1.0010348707437515,0.20436691585928202
672,0.173957543,1784957055.172441,174.43173172431733,160.5648247556636,84.26247985567898,13,-0.003654983942396939,2.218168392777443,0.19312768056988716
674,0.173957543,1784957055.47222,125.01304741834184,159.6630687693122,136.2964941971004,11,-9.459082502871752e-05,3.66478119045496,0.2053385116159916
676,0.173957543,1784957055.7254632,171.33065180519927,160.37617228082817,87.35794604569674,11,-0.0016169229420484044,1.6659980863332748,0.15176863223314285
678,0.173957543,1784957056.0022452,179.6889048773737,159.91254155092508,79.44785157591105,9,-0.0031422930769622326,1.306511327624321,0.20797626301646233
680,0.173957543,1784957056.258056,158.40321092118683,160.51444495331668,107.92785084620118,13,-0.00043010650551877916,1.2418904975056648,0.2111356807872653
682,0.173957543,1784957056.509697,160.62690353546225,160.21488887898232,95.48060134798288,13,-0.0026924731791950762,1.6582456789910793,0.20643695071339607
684,0.173957543,1784957056.786777,167.15995684971577,160.12791214800868,99.59559923410416,9,-0.002734501729719341,2.0920073688030243,0.16822939459234476
686,0.173957543,1784957057.040478,163.57717132022583,160.51489023122673,94.24219706654549,11,-0.0024655601009726524,1.147309947758913,0.2811507619917393
688,0.173957543,1784957057.297442,180.89259456622548,161.33562442080702,76.02653658762574,13,-0.0012733928160741925,1.5494669936597347,0.24302551709115505
690,0.173957543,1784957057.574636,133.85211936235746,160.66961341686132,124.27284539118409,15,-0.002434579888358712,4.584536448121071,0.2722818534821272
692,0.173957543,1784957057.826593,164.13375254762886,160.53625115844258,87.17678113654256,11,-0.0008843427058309317,1.0773523598909378,0.19064676575362682
694,0.173957543,1784957058.563565,187.29280393553506,161.24416047835447,69.9217323847115,12,-0.0008135095122270286,1.2590660937130451,0.1991678737103939
696,0.173957543,1784957058.847481,164.58729475802622,161.28015461597587,90.87089468352497,14,-0.003975587664172053,1.75537721067667,0.17652236111462116
698,0.173957543,1784957059.104357,154.95798808768367,160.79114682214458,109.51356981694698,20,-0.0009946696445695125,1.2628217563033104,0.11060970975086093
700,0.173957543,1784957059.383211,148.60743750332279,160.45529190392435,108.0134117975831,15,-0.005665294709615409,2.5764726102352142,0.1973647465929389
702,0.173957543,1784957059.6383202,171.01431937236234,161.07690534602088,79.65218520909548,13,0.0013230871845735237,0.8270511627197266,0.23831664863973856
704,0.173957543,1784957059.8928618,168.8466940453873,162.20643215909607,87.10621139407158,14,-0.0013117262133164331,2.777476876974106,0.2526905471459031
706,0.173957543,1784957060.16973,154.48659924864432,162.6032789121335,105.17254792526364,11,-0.002468705759383738,2.1123354882001877,0.2659471146762371
708,0.173957543,1784957060.449116,142.06112341928693,162.23807550849068,120.4639213308692,13,-0.00170473047910491,0.8816400989890099,0.16602291446179152
710,0.173957543,1784957060.72668,155.93267193115668,161.929723516142,101.92834557965398,15,-0.002277711173519492,1.203707817941904,0.23161393590271473
712,0.173957543,1784957060.981738,149.08260993025002,161.97664727032532,97.49415062740445,12,-0.0012041633017361164,0.915214229375124,0.12296981597319245
714,0.173957543,1784957061.237012,167.76386823235572,161.8647727874238,83.56867552548647,13,-0.0029487409628927708,1.4315783083438873,0.24652196653187275
716,0.173957543,1784957061.514543,144.20043161917988,161.53331758129156,111.87711416184902,13,-0.002553482598159462,0.8724868148565292,0.17820858024060726
718,0.173957543,1784957061.768082,169.33144857007346,161.80759489643714,82.27822548523545,12,-0.00011948304018005729,0.6364766266196966,0.2397520337253809
720,0.173957543,1784957062.044708,152.19095093455604,162.1502952632256,102.17095205187798,13,-0.0016314369495376013,2.80658158659935,0.1339625888504088
722,0.173957543,1784957062.323315,170.15289520290648,162.07913133743398,84.13471683859825,10,-0.0031117243561311625,1.1098496243357658,0.21996167581528425
724,0.173957543,1784957062.5795252,153.5356912075217,162.61833054729357,105.71959224529564,13,-0.0003017980488948524,2.4908306524157524,0.19359946344047785
726,0.173957543,1784957062.857426,151.6843869688098,162.20398003005425,103.08617690205574,16,-0.001929854683112353,1.769636906683445,0.16158005828037858
728,0.173957543,1784957063.177314,180.13654835678196,162.38431561323864,74.31510156020522,14,-0.00180842075496912,2.128217749297619,0.2578578470274806
730,0.173957543,1784957063.431077,136.87104816151003,161.71933915498386,118.65440443530679,14,-0.0018012211367022246,4.620026156306267,0.2773096766322851
732,0.173957543,1784957063.7180958,141.05015691901215,161.53782624570704,121.2136117964983,14,-0.002806311284075491,1.2271630689501762,0.12335130712017417
734,0.173957543,1784957063.9736052,155.73461294766358,161.60649732159158,101.1123497672379,13,-0.0018492824165150523,1.436282254755497,0.13621610263362527
736,0.173957543,1784957064.22892,184.1559969375932,162.2448579545545,79.38324218988419,10,-0.0029934246122138575,2.1245997920632362,0.25590479746460915
738,0.173957543,1784957064.510637,139.65157035481982,160.7995428741703,115.09961087629199,18,-0.006422132049920037,2.3369620591402054,0.20368963107466698
740,0.173957543,1784957064.7881851,144.10802775592458,160.47093568632903,127.63837969303131,14,-0.0013115522306179628,4.254862353205681,0.19217313081026077
742,0.173957543,1784957065.066535,152.89596243695155,160.69792702762388,104.28213167469949,14,-0.0025391586823388934,3.0756098553538322,0.21177631989121437
744,0.173957543,1784957065.321773,159.93841984570477,159.83618430940723,87.36620096489787,14,-0.0021202650386840105,0.9835011549293995,0.24798809457570314
746,0.173957543,1784957065.5745761,176.4210212284219,160.49593782435483,73.33271092362702,13,-0.001490876020397991,1.8378514721989632,0.2255475027486682
748,0.173957543,1784957065.8546119,151.8482002583194,160.4688597453843,108.3839143961668,10,-0.001917052490171045,1.1713714003562927,0.2101981295272708
750,0.173957543,1784957066.4703639,156.4297102075852,160.66568241578554,93.62450894340873,10,-0.0063878209330141544,0.537671759724617,0.22180243395268917
752,0.173957543,1784957066.751213,153.31883802746052,160.48706189860198,102.65301555395126,12,-0.0012358323874650523,2.2138558253645897,0.196032440289855
754,0.173957543,1784957067.030412,176.00024965649612,160.01467400637145,87.74806177802384,12,-0.003497221739962697,2.710015118122101,0.21972183510661125
756,0.173957543,1784957067.286537,139.36357419659416,159.80260537660803,111.92268849536777,15,-0.002713254652917385,3.694017454981804,0.22880351077765226
758,0.173957543,1784957067.567013,151.23571856749612,159.50166587072692,109.41149424016476,16,-0.003667576500447467,3.0781490951776505,0.1782665685750544
760,0.173957543,1784957067.824468,149.95289783783142,159.42935319603762,94.20209547132254,11,-0.0021734891342930496,0.6755032576620579,0.27172906789928675
762,0.173957543,1784957068.0788999,154.25196701292003,159.33008214273852,95.5133444853127,13,-0.0033382717083441094,2.2456463053822517,0.17821903433650732
764,0.173957543,1784957068.7244139,189.8732361543391,159.88392291297492,67.24193208664656,11,-0.0018570049433037639,0.7749570794403553,0.2180299274623394
766,0.173957543,1784957069.0067682,169.18208773135447,160.28730900978093,89.54212608933449,14,-0.0019413823611102998,1.5841609686613083,0.18533496838063002
768,0.173957543,1784957069.263405,168.20299586373426,160.53953636815868,90.46498752757907,13,-0.0021397587843239307,1.609860710799694,0.2365081673488021
770,0.173957543,1784957069.550765,125.43416488117438,160.20230587168888,135.0980789065361,16,-0.001858166535384953,2.07186359167099,0.16899558249861002
772,0.173957543,1784957069.825985,170.1089342353863,160.1493503911367,75.41012354195118,14,-0.005914783687330782,0.6959838327020407,0.22387059591710567
774,0.173957543,1784957070.105243,168.7140845063115,160.78688734233273,88.6480905264616,12,-0.0038411032874137163,0.8883293904364109,0.17550182342529297
776,0.173957543,1784957070.3583791,172.5664707361331,161.32219061874693,82.07062453776598,11,-0.008601025037933141,0.6392119787633419,0.22352285962551832
778,0.173957543,1784957070.611213,153.57494972090413,160.63409103947913,97.28453984111547,11,-0.00279177661286667,1.2142458260059357,0.24188683554530144
780,0.173957543,1784957070.890665,174.30752355950372,161.70913354598886,79.71306558698416,14,-0.0009903331228997558,0.9157905913889408,0.22026502527296543
782,0.173957543,1784957071.144275,178.6402554194223,162.5850710554879,77.06603736802936,13,-0.0032515557832084596,0.6359536554664373,0.2419920600950718
784,0.173957543,1784957071.396321,159.09334453005746,162.27818840528255,94.2406662479043,15,-0.005096713284729049,1.678870365023613,0.2417045682668686
786,0.173957543,1784957071.673727,168.3562304673928,161.54032273905875,101.6011555865407,8,0.0010875138104893267,1.420927494764328,0.20838542189449072
788,0.173957543,1784957071.9273741,177.9285640416117,162.44553132938904,76.32398688048124,12,-0.0009987203520722687,0.9773222208023071,0.1519470578059554
790,0.173957543,1784957072.206265,141.48563433643398,163.3726686827616,121.82083060219884,14,0.001035063760355115,4.960421994328499,0.1105761039070785
792,0.173957543,1784957072.462472,158.27614105278263,163.60316358248232,91.60993479564786,13,-0.0013165624695830047,1.345872163772583,0.08435067581012845
794,0.173957543,1784957072.714891,158.50685662215784,163.271850147486,103.52908816561103,13,-0.00761210124619538,2.335190162062645,0.25457454938441515
796,0.173957543,1784957072.994308,182.0233022318727,163.5766462954273,72.84334476292133,13,-0.0034282203268958256,0.6450465973466635,0.246421467512846
798,0.173957543,1784957073.2509131,161.24764341608557,163.83804861104412,102.37268478050828,14,-0.0017062879633158445,1.1274054050445557,0.15486009791493416
800,0.173957543,1784957073.506211,160.44644381566755,163.88401084554218,90.07296277582645,13,-0.0014698848826810718,1.356231864541769,0.16583541221916676
802,0.173957543,1784957073.785791,133.03134540238884,163.5821249888055,125.13498456031084,10,-0.002109419525368139,1.6122419759631157,0.26480889320373535
804,0.173957543,1784957074.071551,168.9163224879969,163.7156184316082,84.43653466925025,11,-0.004366049019154161,2.420037940144539,0.18697996251285076
806,0.173957543,1784957074.349865,159.37543268089377,163.82538732347052,90.68930164072663,12,-0.0025841413298621774,0.8691583387553692,0.12550441967323422
808,0.173957543,1784957074.604987,186.2624211284641,164.4204949182739,74.89930789358914,12,-0.006820751819759607,1.7136420011520386,0.2394593572244048
810,0.173957543,1784957074.8569632,165.3394153831224,164.97794143856808,92.9592559710145,12,-0.0014580328715965152,3.122127689421177,0.11591505445539951
812,0.173957543,1784957075.13402,161.66676775540216,165.58312517238562,94.2988256290555,10,-0.0027802935655927286,0.8807039260864258,0.235174423083663
814,0.173957543,1784957075.388176,165.23297204894806,165.32967155970724,79.50877546332777,13,-0.001239048462593928,1.8911373913288116,0.09234098112210631
816,0.173957543,1784957075.643167,151.8831635173397,165.06572061550855,98.4020154774189,10,-0.0014853597967885435,1.9550581723451614,0.23897722736001015
818,0.173957543,1784957075.922833,171.19364791637673,165.15810009947737,94.9721605964005,9,-0.005156132625415921,0.6294475058093667,0.2196159865707159
820,0.173957543,1784957076.176875,144.16960424579088,165.48002518389953,121.94074127450585,9,-0.0004031856660731137,1.7640685439109802,0.20246679987758398
822,0.173957543,1784957076.453464,179.0275036718366,165.8482402996317,77.96719899773598,9,-0.0030851714618620463,1.1578674800693989,0.1689075417816639
824,0.173957543,1784957076.709142,168.91365334929782,165.65038752393642,96.45987468957901,12,-0.0030246959067881107,0.8849074821919203,0.21618290059268475
826,0.173957543,1784957076.963372,154.04668303292428,164.9469882715999,109.18717227503657,13,0.001167276583146304,2.3144624531269073,0.1400892548263073
828,0.173957543,1784957077.244064,175.87001930205565,165.75010259380943,75.4723747856915,13,-0.0007596324721816927,1.087850522249937,0.16771373338997364
830,0.173957543,1784957077.4966881,166.83910978316376,165.11212523412792,90.16902174986899,11,-0.002689542598091066,1.609849937260151,0.22232388146221638
832,0.173957543,1784957077.749069,152.33086702341024,164.3381971233612,109.0747370570898,11,-0.0017852610908448696,2.1597894430160522,0.20145049132406712
834,0.173957543,1784957078.028678,154.85777154404886,163.94614702556518,93.95210398733616,14,-0.003897542948834598,1.5292801409959793,0.17536213342100382
836,0.173957543,1784957078.2829618,158.87624248816667,163.86208642847097,89.17486675456166,12,-0.0026371937710791826,1.3549212515354156,0.16016785148531199
838,0.173957543,1784957078.585972,152.59622617652988,163.93492128878253,96.15966459736228,13,0.0009118373272940516,1.4058241546154022,0.12253852467983961
840,0.173957543,1784957078.841057,181.27670677297954,164.69363242545919,76.4651525458321,10,-0.002118663222063333,1.712121993303299,0.23463639244437218
842,0.173957543,1784957079.095001,164.16154454046605,164.32192989655428,90.7819247059524,11,-0.0019540333887562156,1.5141369998455048,0.09738867357373238
844,0.173957543,1784957079.371764,154.79024799070967,164.62505923221835,94.72302320599556,10,-0.0038935007760301232,0.6979862097650766,0.17139130923897028
846,0.173957543,1784957079.629334,148.5254257137645,163.34458677092067,121.16630093567073,12,-0.0019144066827720962,1.7726466804742813,0.14778349362313747
848,0.173957543,1784957079.8845398,178.19733339409134,163.52331766020473,78.23213659971952,12,-0.0045925578160677105,3.0523789525032043,0.20051321852952242
850,0.173957543,1784957080.162615,172.07314582571425,163.6283436765107,94.88991883397102,13,-0.0009972654224839061,1.010931946337223,0.15731472754850984
852,0.173957543,1784957080.417204,167.78729133421012,164.0264223927523,85.48935861513019,10,-0.004834076142287813,1.7627202421426773,0.2119805170223117
854,0.173957543,1784957080.6954272,159.04532828359032,163.9072211398421,94.02531526610255,13,-0.0017037929501384497,1.410560056567192,0.11817134311422706
856,0.173957543,1784957080.950467,176.6318156495689,164.68489355268295,86.52199183031917,12,-0.0020190418872516602,2.5964284241199493,0.13088520662859082
858,0.173957543,1784957081.203454,175.37036158297212,164.6921342345744,75.82763373665512,12,-0.0018504180770833045,0.8356906771659851,0.19829793367534876
860,0.173957543,1784957081.4832509,161.461549561317,164.09109356176566,90.46053483337164,13,-0.00029351672856137156,1.047978661954403,0.09538794355466962
862,0.173957543,1784957081.737757,180.39115403892708,164.35482708412033,78.0670623909682,13,-0.002311825068318285,1.0709182098507881,0.22080234810709953
864,0.173957543,1784957082.3524559,192.32255143988442,164.71894098724727,66.56340019032359,12,-0.002594565157778561,1.1625963225960732,0.22840759716928005
866,0.173957543,1784957082.656885,156.42102631782228,165.17478915346982,103.95669363439083,10,-0.004362341191153973,1.476393349468708,0.19358140788972378
868,0.173957543,1784957082.9114969,160.89175929215725,164.30182386792114,90.40265782922506,11,-0.0038085724518168718,1.1876992471516132,0.1346473591402173
870,0.173957543,1784957083.1889112,176.12159767151005,164.77307163260076,79.79679575935006,10,-0.0014099414693191648,0.5843694675713778,0.15255009662359953
872,0.173957543,1784957083.463564,162.78152929308885,164.08897432044523,89.87102202698588,11,-0.003592192893847823,2.329824462532997,0.20822272635996342
874,0.173957543,1784957083.717066,180.57232097648227,164.09260362424027,75.1599781345576,12,-0.0017808603588491678,1.9026423320174217,0.14946858305484056
876,0.173957543,1784957083.9954822,166.8242358875242,165.06079666300076,90.14925669506192,10,-0.0011615991534199566,1.4618282206356525,0.1470727059058845
878,0.173957543,1784957084.257613,172.54646886462015,164.93511972028628,82.92088954150677,13,-0.0030838329112157226,0.6369645856320858,0.18828232400119305
880,0.173957543,1784957084.513014,167.1105142598325,164.88875234205616,93.42030023038387,12,-0.0025564900715835392,1.5112832486629486,0.23789993580430746
882,0.173957543,1784957084.790953,168.85732181686063,165.51126118991388,82.79521292448044,11,-0.0031778981792740524,0.7760108057409525,0.23869956471025944
884,0.173957543,1784957085.046025,163.9418084513547,166.0401477979208,85.65952073223889,13,-0.0017920355312526226,0.8584491014480591,0.13846387807279825
886,0.173957543,1784957085.324289,162.64815627330253,166.15146444999405,98.48567241802812,11,-0.0016960692591965199,1.635162502527237,0.15994305070489645
888,0.173957543,1784957085.576761,156.85634693511884,165.87182368588373,95.27888236194849,10,-0.004550465382635593,1.7505071312189102,0.17128721252083778
890,0.173957543,1784957085.831965,176.65742348191,165.51535655576302,78.66626840084791,9,-0.0002701964695006609,0.9854822382330894,0.17907805601134896
892,0.173957543,1784957086.1109178,168.4653463570509,165.957060698401,89.61163615062833,12,-0.0014578282716684043,1.0730927102267742,0.1395334331318736
894,0.173957543,1784957086.366996,157.83468688201248,166.4103514313317,96.08821812644601,11,-0.0010553029424045235,1.219827450811863,0.1540658692829311
896,0.173957543,1784957086.622205,168.98283266136224,166.93575045925417,85.582888007164,11,-0.0015902890590950847,3.085019163787365,0.18479845020920038
898,0.173957543,1784957086.9006011,167.70375406607934,166.91262556935013,86.88746373914182,12,-0.002785927732475102,0.8893441259860992,0.1610468844883144
900,0.173957543,1784957087.155412,151.88477895193685,166.40394859588122,97.86074817553163,13,-0.0017309050017502159,2.6451637521386147,0.11436639772728086
902,0.173957543,1784957087.432876,148.22192936210058,166.09465249866315,106.91333565302193,13,-0.0017327070236206055,1.942948006093502,0.1916388487443328
904,0.173957543,1784957087.710437,162.3369568453261,165.49624422476833,94.08581664040685,14,-0.004360942693892866,2.0936590135097504,0.18249325174838305
906,0.173957543,1784957087.963649,159.0926418044226,165.20398662102565,102.2674881964922,13,-0.0021420735865831375,0.8793437443673611,0.16726014949381351
908,0.173957543,1784957088.2475252,156.76640908821034,164.55313942187522,98.99150206148624,13,-0.0016278668190352619,0.5291351284831762,0.14121345477178693
910,0.173957543,1784957088.501031,173.08933083901178,164.73330628672866,78.5214297696948,12,-0.001006881007924676,1.5787071734666824,0.18413279671221972
912,0.173957543,1784957088.7554271,169.89908274168727,164.20591748747248,81.02524316962808,11,-0.0032880554790608585,1.6979095712304115,0.23689675610512495
914,0.173957543,1784957089.033491,154.0454586764211,163.59219472120762,102.57492661103606,16,-0.0039387563010677695,0.8770403899252415,0.17283033672720194
916,0.173957543,1784957089.286931,142.77741334033783,163.28429872587452,111.27225828543305,14,-0.0004349683877080679,2.430882193148136,0.13782178331166506
918,0.173957543,1784957089.566154,171.68004023716932,163.9142602582879,82.99723919201642,13,-0.0016500751953572035,0.9904850944876671,0.17420178558677435
920,0.173957543,1784957089.833729,165.02156616292547,163.43605869697504,84.36138137057424,14,-0.0013849253300577402,1.0092874318361282,0.15054516540840268
922,0.173957543,1784957090.0933928,167.3345906993729,163.78061999908053,92.54002074897289,13,-0.004410040914081037,3.2421571910381317,0.11579999793320894
924,0.173957543,1784957090.372946,161.4331463816759,163.7148829795367,102.90849494375288,12,-0.0012784767168341205,1.740597479045391,0.12334422394633293
926,0.173957543,1784957090.626826,171.06605888993658,163.0407069450555,82.6672451198101,12,-0.004088731133379042,0.6644284650683403,0.20601248182356358
928,0.173957543,1784957090.8821938,165.06751295082137,162.80143166936386,94.70187848247588,13,-0.002188002341426909,1.4939381033182144,0.12763276975601912
930,0.173957543,1784957091.158598,172.51878439840172,163.27155955032592,85.65340044349432,12,-0.002162982287700288,2.2792630344629288,0.23223425075411797
932,0.173957543,1784957091.413345,171.78817094737502,163.66350556177366,84.0612424314022,10,-0.0018089732911903411,1.462021842598915,0.19435538537800312
934,0.173957543,1784957091.6908002,169.94359881230272,163.59460502813533,99.45269225910306,12,-0.0006859761197119951,1.4295845367014408,0.09877547062933445
936,0.173957543,1784957091.964027,140.79597038018738,163.2846886383489,116.51747624389827,15,-0.0007881297351559624,2.405347689986229,0.14091664785519242
938,0.173957543,1784957092.261536,156.24880434069343,163.56933153064986,98.24545363336802,11,-0.003206704743206501,0.8475491628050804,0.21038885600864887
940,0.173957543,1784957092.540372,148.30164337987972,162.5964404284467,108.393758200109,16,-0.001664958632318303,1.8190739750862122,0.16864695865660906
942,0.173957543,1784957092.7935731,167.64916869797207,162.51129895599715,82.11367961019278,14,-0.0020775141165358946,1.0156044326722622,0.20611939299851656
944,0.173957543,1784957093.0482209,181.1740309273416,162.60007360141836,81.14060688018799,12,-0.0017160947681986727,1.6847667768597603,0.14831557823345065
946,0.173957543,1784957093.326962,165.6125204639624,162.56763235629384,87.37722804583609,14,-0.0014919846144039184,1.211233090609312,0.17247552797198296
948,0.173957543,1784957093.5813031,154.63975664128415,162.48604838518483,96.92605753988028,10,-0.00540001317858696,2.193645067512989,0.14686512760818005
950,0.173957543,1784957093.8667479,173.5980712648371,163.3548335497371,83.35535237193108,12,-0.0015719777875347063,1.2072760723531246,0.11077711684629321
952,0.173957543,1784957094.121407,157.44466885833816,163.3748162382797,97.81638631597161,13,-0.001051189137797337,1.0208570174872875,0.15786492452025414
954,0.173957543,1784957094.3788118,154.65281046658367,163.95600079431034,94.2413365766406,12,-0.003612261381931603,0.9551895223557949,0.26280171144753695
956,0.173957543,1784957094.654478,161.9552642014989,163.8342561119731,83.74046067893505,12,-0.00040265778079628944,0.6572989244014025,0.1618816163390875
958,0.173957543,1784957094.9057422,161.33519892639697,164.15304440694672,96.10033353976905,11,-0.0029610643978230655,1.206637628376484,0.19693431816995144
960,0.173957543,1784957095.159758,172.30966728705005,164.53991018265907,84.06403605267406,11,-0.0019975491159129888,1.4075376987457275,0.1313968552276492
962,0.173957543,1784957095.439807,147.67002547751943,164.06872935916508,112.1588092148304,18,-0.0023999506956897676,2.2931914255023003,0.07928721280768514
964,0.173957543,1784957095.692158,157.2993239598674,163.94982173223886,97.84945920482278,14,-0.0018169175018556416,1.9204175919294357,0.10325292870402336
966,0.173957543,1784957096.03714,167.30208388417975,163.9751124999448,90.97912858985364,15,-0.0019280754204373807,2.0090604573488235,0.17346781585365534
968,0.173957543,1784957096.29326,168.46915853978078,163.97472045063222,87.59202164411545,13,-0.0038257777341641486,1.5066385343670845,0.23237815406173468
970,0.173957543,1784957096.548105,168.62580484510872,164.48998180536003,78.24918942898512,13,-0.003091187129030004,1.9344239607453346,0.2590986071154475
972,0.173957543,1784957096.8565161,174.6421349873741,164.59062534707576,78.8869580924511,12,-0.0020000601653009653,1.217463705688715,0.13651972729712725
974,0.173957543,1784957097.128692,164.59808782632038,164.17518963398146,93.36341106891632,10,-0.002029028895776719,1.1941787973046303,0.14835242833942175
976,0.173957543,1784957097.380893,169.63638209586884,164.5342828525188,93.20684067904949,9,-0.0014100885018706322,2.1347578577697277,0.2228539390489459
978,0.173957543,1784957097.6616452,140.58759685148485,164.10846673188686,129.80803662538528,12,-0.0013298208068590611,2.903118759393692,0.1132236341945827
980,0.173957543,1784957097.914377,151.4204403069995,164.02754984697037,106.18077389150858,10,-0.0013764380710199475,1.476093016564846,0.11216832976788282
982,0.173957543,1784957098.1941912,169.01716793188533,163.6663939439441,84.8261976391077,12,0.00018826575251296163,0.68254254758358,0.07734279008582234
984,0.173957543,1784957098.449801,156.71415471413576,163.5390155434136,98.64951882511377,12,-0.0018999932799488306,1.7859594970941544,0.11550846928730607
986,0.173957543,1784957098.7042701,172.94204935297557,163.79120477717282,80.41421920061111,11,-0.0020412146113812923,0.7726013790816069,0.17950474191457033
988,0.173957543,1784957098.9843829,144.37436709702044,163.42792764779745,110.99614398181438,15,-0.0041236779652535915,1.3660520017147064,0.14765717089176178
990,0.173957543,1784957099.237565,175.05341719623308,164.16193307234698,81.1543513648212,13,-0.001627370249480009,2.10198438167572,0.12304917676374316
992,0.173957543,1784957099.493244,170.12596852005257,164.3288606631739,83.53994882851839,11,-0.0017801029607653618,1.288771040737629,0.16855785436928272
994,0.173957543,1784957099.774035,165.37119123415496,163.97716952716127,83.60795497149229,10,-0.0016967210685834289,0.738254701718688,0.22449475713074207
996,0.173957543,1784957100.029734,168.2837597483836,164.26224516036692,81.45237469300628,12,-0.003884051984641701,1.7048696279525757,0.18903700821101665
998,0.173957543,1784957100.311554,179.52037841442325,164.80382235253455,80.12471756339073,12,-0.0025202349934261292,1.121092114597559,0.11904350714758039
1000,0.173957543,1784957100.9236622,176.81593649213775,164.77191149389935,78.37660533562303,11,-0.004177033333689906,0.7300240509212017,0.2017420455813408
1000,0.173957543,1784957100.9236622,176.81593649213775,164.77191149389935,78.37660533562303,11,-0.004177033333689906,0.7300240509212017,0.2017420455813408
1002,0.173957543,1784957101.300095,177.3400999516891,165.5637103189527,76.94577783718705,9,-0.00208549176750239,1.8503908514976501,0.190635709092021
1004,0.173957543,1784957101.604102,146.33901273876816,165.421530343137,113.64579744823277,10,-0.007164962240494788,3.4057237952947617,0.10392136359587312
1006,0.173957543,1784957101.859605,168.45548379459007,165.61427979375506,86.84154181927443,14,-0.00269327312707901,1.4303405806422234,0.14722093474119902
1008,0.173957543,1784957102.1131241,165.57498360266092,165.85751518059854,89.7970527028665,10,-0.003740972140803933,1.4527559876441956,0.17645948473364115
1010,0.173957543,1784957102.39273,181.1004976907404,165.75792191792928,72.65764333214611,10,-0.002450999163556844,0.8920375034213066,0.15593305975198746
1012,0.173957543,1784957102.645748,181.48719357833153,166.48888538807807,76.47953548654914,10,-0.001115589402616024,0.8931119851768017,0.16583033138886094
1014,0.173957543,1784957102.923262,182.68147787052072,167.32878005461365,85.01083510369062,9,-0.002992770154378377,0.7131036855280399,0.15377085423097014
1016,0.173957543,1784957103.1793149,163.11995373083587,167.57072389945907,94.30308467987925,13,-0.0058771017647814006,1.2006228566169739,0.2028772933408618
1018,0.173957543,1784957103.432214,166.94172854365624,167.66435316252046,88.01325188949704,10,-0.002702189754927531,1.8313426971435547,0.20863414276391268
1020,0.173957543,1784957103.70777,165.09496218089203,167.52806850804893,93.15206328779459,10,-0.0018229262786917388,1.763442263007164,0.19842019490897655
1022,0.173957543,1784957103.9604878,161.50293568013532,167.10404185418898,87.27939246967435,10,-0.005652754392940551,0.8113086670637131,0.09461430017836392
1024,0.173957543,1784957104.218868,176.4724794679753,167.57096132189648,82.88321654312313,11,-0.0005044382996857166,0.8967014513909817,0.08476777980104089
1026,0.173957543,1784957104.498484,150.4594915744477,167.25531194316446,104.53119870275259,13,-0.0008116728567983955,0.6888956297188997,0.12915050284937024
1028,0.173957543,1784957104.7519948,174.45585546256248,168.17910175161248,82.99428690038621,12,-0.004697206954006106,1.339157223701477,0.1360336490906775
1030,0.173957543,1784957105.029394,162.4362729084714,168.11165974106564,91.72541330009699,10,-0.0019213884370401502,0.4720136485993862,0.12582882540300488
1032,0.173957543,1784957105.282206,172.58323821794176,168.11082011692736,79.39419146813452,10,-0.0009790922049432993,0.4157096669077873,0.19968628510832787
1034,0.173957543,1784957105.539808,172.5893761720068,168.7852333447242,86.45475378073752,13,-0.002458002549246885,2.661524273455143,0.21218946389853954
1036,0.173957543,1784957105.81871,172.0758001574926,169.32642361869017,83.03715152479708,10,-0.0029860348004149273,1.3079474717378616,0.17987728863954544
1038,0.173957543,1784957106.093745,157.13736072675343,169.73978235231397,96.50024931132793,13,-0.00557648365793284,1.8740247339010239,0.12088445574045181
1040,0.173957543,1784957106.349081,167.76748160580553,169.74541453881878,77.96055170148611,11,-0.0020112382335355505,2.029231406748295,0.19287223648279905
1042,0.173957543,1784957106.62755,168.75191099075977,169.70185375219197,84.83620897121727,13,-0.0019758054986596107,1.195044457912445,0.2422000840306282
1044,0.173957543,1784957106.880994,168.80622508245187,169.85142859496474,85.09854650497437,14,-0.0028006541542708874,0.9161858148872852,0.213457346893847
1046,0.173957543,1784957107.1613839,165.57812284904358,169.57301037925663,94.7036626599729,13,-0.0019455576621112414,1.2018480561673641,0.19419777300208807
1048,0.173957543,1784957107.414412,188.294278904046,169.9053008938477,64.11028355360031,15,-0.001841073390096426,0.6894177757203579,0.20712807215750217
1050,0.173957543,1784957107.669059,162.06464954078686,169.81884537758586,102.22171648964286,15,-0.0019502859213389456,1.4980622977018356,0.16508084535598755
1052,0.173957543,1784957107.948237,145.92034023478772,168.8289483948467,105.42270546033978,12,-0.0037082455964991823,3.1991105750203133,0.17437065346166492
1054,0.173957543,1784957108.201611,180.92283128714064,169.4732934557077,77.15035900380462,12,-0.002076470213069115,1.5585293471813202,0.20712067699059844
1056,0.173957543,1784957108.4568489,158.41936963314603,169.39418496290347,97.85334121622145,14,-0.001931892882566899,0.6545810829848051,0.15512974560260773
1058,0.173957543,1784957108.733728,137.1526227272728,168.76066165404606,126.36699075251818,18,-0.001076394401025027,0.8432367406785488,0.07917573628947139
1060,0.173957543,1784957108.989177,147.5900924888396,168.22254803919702,100.06478253006935,12,-0.0029512877081288025,2.148841805756092,0.13227000087499619
1062,0.173957543,1784957109.269257,141.28703850460442,167.02344922142197,102.95142882503569,13,-0.00258291867794469,1.620190069079399,0.1977999610826373
1064,0.173957543,1784957109.523386,173.72704117547684,166.45601421693624,82.32101327367127,15,-0.002140416472684592,2.408157028257847,0.20175628457218409
1066,0.173957543,1784957109.7757728,155.10526938584056,166.3440116725474,100.588158685714,12,-0.0017794661689549685,1.316705048084259,0.17046909499913454
1068,0.173957543,1784957110.056797,163.30557545241277,166.051245854465,89.16802855953574,13,-0.0022676438675262034,0.8313230257481337,0.20510259456932545
1070,0.173957543,1784957110.312163,176.64405134636664,166.29782624652213,86.1840172931552,11,-0.0026053602196043357,0.9953891485929489,0.18578920885920525
1072,0.173957543,1784957110.587683,178.92478678558632,166.3480136892177,74.58269263058901,12,-0.0006734943017363548,3.893430843949318,0.22878595255315304
1074,0.173957543,1784957110.8676229,161.62599177381986,166.11818304927598,95.76165200024843,15,-0.0036363513208925724,1.415046475827694,0.1371161979623139
1076,0.173957543,1784957111.1219041,176.63327663025234,166.55364095692835,86.13645370304585,10,-0.001206912100315094,1.4577757641673088,0.16453222278505564
1078,0.173957543,1784957111.401472,172.14968102955575,166.23907619106367,78.74854874238372,12,-0.0023690372763667256,0.5225694179534912,0.15493111638352275
1080,0.173957543,1784957111.657902,157.93092514169498,166.42760728484947,97.11320559307933,12,-0.0017194307874888182,0.7688613831996918,0.2019395837560296
1082,0.173957543,1784957111.9113522,169.5011243640395,166.6159402931709,80.84127030242234,11,-0.0026107356534339488,0.7460403628647327,0.2275137035176158
1084,0.173957543,1784957112.1883872,163.8972146100279,166.10180378883953,94.8605204820633,11,-0.002292437020514626,0.5149514190852642,0.19561078120023012
1086,0.173957543,1784957112.444402,173.8875507343797,166.10773945989712,83.61722933128476,11,-0.0023190336651168764,1.0189796090126038,0.12752122525125742
1088,0.173957543,1784957112.6971421,164.5468584255019,165.7667126318629,89.39091547392309,12,-0.0019217061781091616,3.5370830446481705,0.21096586622297764
1090,0.173957543,1784957112.973183,167.9316061752904,165.89665594942292,93.16475180536509,10,-0.0024119958688970655,1.1789511106908321,0.2403788175433874
1092,0.173957543,1784957113.22733,187.32380300309234,166.22170053726018,75.79268394783139,13,-0.001957332919118926,1.291798323392868,0.1388608803972602
1094,0.173957543,1784957113.505137,165.90571401631175,166.11772208423628,83.32131328247488,12,-0.0015554383571725339,1.2059683091938496,0.11383514013141394
1096,0.173957543,1784957113.7672179,179.61059377142686,166.55081415501493,76.1930204667151,10,-0.0030993075342848897,1.6701474376022816,0.1909015141427517
1098,0.173957543,1784957114.0196018,170.1709917609478,165.92437509258897,90.34580738749355,10,-0.0016087170806713402,3.6847514882683754,0.19118243735283613
1100,0.173957543,1784957114.29751,174.97629822077093,165.97777925443762,76.36327708885074,10,-0.003632762913184706,0.8340354710817337,0.21532317996025085
1102,0.173957543,1784957114.5508978,160.90205772163492,166.41732783700954,94.31153889372945,14,-0.0016134580364450812,1.0818423107266426,0.17415813636034727
1104,0.173957543,1784957114.803743,170.732866645532,166.26256360532997,80.97566360328346,14,-0.002296640886925161,1.9928629845380783,0.23042262718081474
1106,0.173957543,1784957115.105948,175.71517426013935,166.14252326637933,79.09123341646045,12,-0.00295862159691751,1.3850340023636818,0.19451881852000952
1108,0.173957543,1784957115.360566,157.9634756171497,166.24808120761648,96.64317549020052,12,-0.0009669896971900016,2.463031232357025,0.11090100975707173
1110,0.173957543,1784957115.639605,158.21105318856522,166.47405250082144,95.21106700599194,14,-0.0027210231637582183,2.3303985968232155,0.15637319721281528
1112,0.173957543,1784957115.893729,172.81140548655006,167.42647695486647,84.63550328835845,11,-0.0018529400113038719,2.0989732295274734,0.17843534797430038
1114,0.173957543,1784957116.147079,171.89632424396842,167.6111651075056,87.04325027950108,9,-0.0020513366034720093,2.275719240307808,0.15642201155424118
1116,0.173957543,1784957116.423496,179.9410286934443,167.90054664828057,77.0519123096019,10,-0.0010856065127882175,0.8373321630060673,0.14632692094892263
1118,0.173957543,1784957116.678317,155.70174259522494,168.01414826298904,95.79506871849298,10,-0.001650302903726697,0.6724422294646502,0.15037296013906598
1120,0.173957543,1784957116.931689,172.9229770671484,167.91573031358715,84.07990898191929,9,-0.0021804693824378774,0.7987508587539196,0.22813041228801012
1122,0.173957543,1784957117.2094269,178.85039664354804,168.17972878076364,74.82237314153463,12,-0.00277536462090211,1.5198029652237892,0.22739387676119804
1124,0.173957543,1784957117.463275,159.38664414248623,167.8012217212816,97.89522898569703,10,-0.0011319262848701328,1.1858207695186138,0.11248275730758905
1126,0.173957543,1784957117.739574,172.9964428580028,168.02247650161712,91.53089374303818,12,-0.001331328290689271,1.6315448060631752,0.14896919345483184
1128,0.173957543,1784957117.995805,164.52963421134407,167.85199826771589,91.02654910087585,12,-0.002467207086738199,1.6099954843521118,0.18776901252567768
1130,0.173957543,1784957118.248738,165.93423730343076,167.9227009315212,89.195048911497,12,-0.0035210797504987568,0.7097844276577234,0.22015438601374626
1132,0.173957543,1784957118.5259662,168.78285399826888,167.5625584041888,91.28488286584616,12,-0.0029454660252667964,0.7300795540213585,0.1554692992940545
1134,0.173957543,1784957118.7795358,187.8766150900968,168.1364563522194,76.35125973448157,9,-0.0017489708843640983,1.8700393810868263,0.17928234115242958
1136,0.173957543,1784957119.040766,167.89482041300437,168.01102490216323,85.12188670784235,11,-0.0024212945136241615,1.1918343007564545,0.17683247476816177
1138,0.173957543,1784957119.334014,168.26568862021855,168.50640038764274,88.02069594338536,8,-0.001834993134252727,1.2088256441056728,0.19830545224249363
1140,0.173957543,1784957119.621414,177.89584310224373,168.78560934177347,76.9051772840321,14,-0.0009485163609497249,0.9111319817602634,0.14598745526745915
1142,0.173957543,1784957119.901622,173.04423081021326,168.63708833986766,87.6740984544158,11,-0.0008884310955181718,0.6073158793151379,0.08790585747919977
1144,0.173957543,1784957120.158103,163.5785217032992,168.6764378299931,90.11114877834916,11,-0.0019333614618517458,1.0181673392653465,0.13156559225171804
1146,0.173957543,1784957120.4159622,178.933359449965,168.3524489719381,73.29245439358056,11,-0.0026336811715736985,1.6371152885258198,0.24185376707464457
1148,0.173957543,1784957120.697621,162.92697101922047,167.6634892211536,88.70921086147428,14,-0.001221836166223511,0.9059496968984604,0.08264302788302302
1150,0.173957543,1784957121.3239,192.550204985217,168.1666144119776,62.584873801097274,13,-0.0033414375502616167,1.007572127506137,0.18085837457329035
1152,0.173957543,1784957121.609728,190.1129264580572,169.14511998398925,71.78166377916932,12,-0.004474403045605868,1.5769349411129951,0.15092996414750814
1154,0.173957543,1784957121.887938,184.05661479090065,169.212789855292,76.0038800239563,11,-0.0034691313630901277,0.5282832160592079,0.22092933487147093
1156,0.173957543,1784957122.144642,178.49831207445408,169.89652767848804,79.68310509994626,12,-0.001698779407888651,0.9258478991687298,0.1647415105253458
1158,0.173957543,1784957122.426545,181.17544434914046,170.67214222849495,73.93038672208786,13,-0.004547576434561051,0.9338852390646935,0.18891612067818642
1160,0.173957543,1784957122.682879,173.88840053582007,170.58884769624467,76.94001943059266,12,-0.0019915711600333452,0.9349826872348785,0.19758062809705734
1162,0.173957543,1784957122.934853,157.01844409435742,170.34222947170645,100.7029730938375,15,0.00014568143888027407,1.0005730390548706,0.07784547237679362
1164,0.173957543,1784957123.212286,173.0280881031598,170.2602141167966,82.92968731932342,11,0.0005335710884537548,0.8873087987303734,0.16215163189917803
1166,0.173957543,1784957123.4670541,175.50232272373535,170.53473449171267,77.1813965830952,11,0.00034847063943743706,0.9861257970333099,0.13441097037866712
1168,0.173957543,1784957123.722836,173.30953204248252,170.6694920672954,86.49243062082678,13,-0.003297131392173469,1.3231260180473328,0.21737640537321568
1170,0.173957543,1784957124.0069141,165.65799352347727,170.7258396442212,94.06842928007245,12,-0.0006598627660423517,2.642795607447624,0.11287546111270785
1172,0.173957543,1784957124.283293,160.08892501205025,170.6436226156514,92.38851270824671,10,-0.0016165280248969793,4.35909365862608,0.11710258526727557
1174,0.173957543,1784957124.5724201,186.00330318071303,171.34207897488446,74.24473761767149,10,-0.0031001716415630654,1.4927460178732872,0.15627713687717915
1176,0.173957543,1784957124.838227,187.98085829147487,171.54815761126025,68.6276875026524,12,-6.889557698741555e-05,0.6612917613238096,0.1445338879711926
1178,0.173957543,1784957125.093813,155.93719540919497,171.3737156929727,98.49817661941051,13,-0.0021415792871266603,1.0380553007125854,0.22851807717233896
1180,0.173957543,1784957125.372417,181.55431834174962,171.6294534584634,70.4729435024783,11,-0.006567064905539155,0.3717535249888897,0.19030362088233232
1182,0.173957543,1784957125.6334012,164.93261534787675,171.6535336971056,87.07028482109308,13,-0.001411233562976122,1.9226624444127083,0.12211506953462958
1184,0.173957543,1784957125.8941498,181.8313158269721,171.55246783880622,78.3380820043385,11,-0.0026413309387862682,1.4781040214002132,0.23583299480378628
1186,0.173957543,1784957126.1735291,161.74137042255842,171.53085128682892,90.90299377590418,11,-0.0032350800465792418,2.442005194723606,0.19178917352110147
1188,0.173957543,1784957126.424932,174.44581186583622,171.23062594629357,91.79303211532533,13,-0.00194155506324023,1.4858439788222313,0.14207119261845946
1190,0.173957543,1784957126.704659,158.95538244459047,170.78909820904028,97.52474092878401,12,-0.0015745506389066577,1.2363844774663448,0.15701715694740415
1192,0.173957543,1784957126.962574,157.11298020812595,170.587337576811,104.34279884211719,15,-0.0015277239435818046,0.9693547412753105,0.08547519333660603
1194,0.173957543,1784957127.218752,169.2252551895602,171.03199934578396,87.88554417341948,14,-0.0015847338800085708,2.108908273279667,0.1655759490095079
1196,0.173957543,1784957127.4969568,150.85805420475984,170.05615438078064,100.63805239275098,13,-0.00224677927326411,1.2947260327637196,0.10508095845580101
1198,0.173957543,1784957127.838769,161.93165116458985,170.5682850607556,88.78367317095399,14,-0.0016018011956475675,1.979836791753769,0.10702608642168343
1200,0.173957543,1784957128.094111,165.5137048077369,170.13801130849447,91.10317252390087,15,-0.0021757397917099297,1.6157249994575977,0.1582134310156107
1202,0.173957543,1784957128.3723378,173.957591914605,169.60595614121274,80.0732398852706,13,-0.0022051416453905404,0.7472305800765753,0.13407804584130645
1204,0.173957543,1784957128.625698,173.86563849939728,169.5318563924546,84.0523714274168,10,-0.002985056722536683,2.2204013392329216,0.1679904405027628
1206,0.173957543,1784957128.938999,168.21820651599668,168.98516913389318,91.12986864894629,11,-0.0013764572504442185,0.6412521582096815,0.16173473000526428
1208,0.173957543,1784957129.1921349,183.42608301362353,169.01549167857343,75.98151293909177,10,-0.0011605287436395884,0.8493660166859627,0.21078366041183472
1210,0.173957543,1784957129.446959,170.86459161171365,169.3549103749575,87.01514104381204,11,-0.004114340990781784,1.0606499128043652,0.17401945032179356
1212,0.173957543,1784957129.726749,179.25757982791617,169.73155090490738,75.19072905927896,11,-0.001149509655078873,1.358609288930893,0.13472151337191463
1214,0.173957543,1784957129.983428,178.5519156060829,169.91581020227534,92.35129057615995,12,-0.0007554236799478531,1.366277378052473,0.14818376395851374
1216,0.173957543,1784957130.2375329,156.5598929081506,169.2528996760488,115.63681609928608,13,-0.0032202248694375157,2.9906913116574287,0.23816796205937862
1218,0.173957543,1784957130.5208452,148.661516096242,168.65408481858742,108.78124993667006,15,-0.00202383789292071,1.3735930547118187,0.13267868757247925
1220,0.173957543,1784957130.794931,162.27344256441336,168.26081550638105,89.4093059822917,14,-0.0022131509031169116,2.4967083036899567,0.12317865760996938
1222,0.173957543,1784957131.072772,161.90735708684605,167.95985849787783,96.72220862098038,13,-0.0022106433170847595,1.5027430206537247,0.19579083006829023
1224,0.173957543,1784957131.328661,190.1782055156949,168.2792759556224,68.50687274709344,11,-0.002335063647478819,0.7128258850425482,0.20997801050543785
1226,0.173957543,1784957131.582473,152.75805591882988,167.4704494379726,114.21389128640294,14,-0.001160030922619626,1.8876102715730667,0.12056360999122262
1228,0.173957543,1784957131.861666,173.68445942096483,167.72848591837203,81.98679430410266,10,-0.0013263376677059568,0.9727683961391449,0.2047044038772583
1230,0.173957543,1784957132.117718,177.13029853800884,167.35468879213894,83.84936940670013,14,-0.003776698955334723,0.8990803621709347,0.16223819367587566
1232,0.173957543,1784957132.3695831,167.33604155753844,167.58006924572112,80.98212045431137,13,-0.004650912422221154,0.8099665232002735,0.17221621703356504
1234,0.173957543,1784957132.646558,175.1680556944331,167.79090446789155,82.45006478577852,10,-0.0009817540412768722,1.0618634223937988,0.13779254583641887
1236,0.173957543,1784957132.8989289,176.58998982606133,167.5400927598511,79.39007618837059,17,-0.0016800596058601514,1.7654025182127953,0.11728131724521518
1238,0.173957543,1784957133.19899,174.75932512517667,167.8228492678537,78.62305082380772,12,-0.0016685923328623176,1.2252066098153591,0.1198866437189281
1240,0.173957543,1784957133.454508,168.14200779334118,168.36397336696885,94.24096126109362,13,-0.007093158550560474,0.9036777727305889,0.17562532424926758
1242,0.173957543,1784957133.716091,152.39043076203853,167.7926265095095,103.69525165855885,15,-0.0007089059217832983,2.1615103259682655,0.09577724616974592
1244,0.173957543,1784957133.995724,165.40148904404947,167.87200441568473,80.30994995124638,13,-0.0010615034552756697,1.4567192420363426,0.14711876912042499
1246,0.173957543,1784957134.250088,174.55805385541802,168.99004381549858,78.98303484916687,15,-0.001720266736811027,1.913009025156498,0.14620967907831073
1248,0.173957543,1784957134.503443,167.96388741809218,168.92114176820556,87.49041180312634,14,-0.0016899880720302463,3.48942694067955,0.1441143318079412
1250,0.173957543,1784957135.14158,173.49411619802027,169.13160015385552,84.22543698176742,13,-0.0031075255246832967,2.474321573972702,0.14307654043659568
1252,0.173957543,1784957135.423778,185.87608540820122,169.56908400251228,70.47253055870533,11,-0.0010496362810954452,2.3275482282042503,0.10985517594963312
1254,0.173957543,1784957135.707134,163.49634182897066,169.45853953118097,94.14872992038727,13,-0.00034507832606323063,1.5664854794740677,0.08313994621858001
1256,0.173957543,1784957135.962563,177.22580018189132,169.4722666721169,76.80763924866915,13,-0.0015143857162911445,1.2777171209454536,0.14900474296882749
1258,0.173957543,1784957136.2164218,171.04140530835832,169.2394530051753,82.30114053189754,11,-0.001445091824280098,1.064014945179224,0.133384654764086
1260,0.173957543,1784957136.495015,160.29923398414687,168.96066089706983,103.14344803243876,11,-0.0014552097854902968,1.4448376446962357,0.1263005812652409
1262,0.173957543,1784957136.749568,161.74739104175706,168.81221940162038,97.47079166583717,14,-0.0034682531841099262,0.7784513235092163,0.18149132747203112
1264,0.173957543,1784957137.001885,175.69536439236938,168.4840534181375,80.91958796977997,13,-0.002386687556281686,2.8108256086707115,0.17088332120329142
1266,0.173957543,1784957137.2803042,185.08438531717943,169.08834367001597,69.81848372519016,10,-0.0002386331689194776,1.219142623245716,0.17587175406515598
1268,0.173957543,1784957137.532733,179.71221070141806,170.27677098333737,78.66698169335723,10,-0.0022787968046031892,1.6839727200567722,0.14243177510797977
1270,0.173957543,1784957137.829951,171.94311940282464,170.18937789657983,80.85264254361391,9,-0.0011798940759035759,1.009058739989996,0.07714639860205352
1272,0.173957543,1784957138.08609,181.41383072021375,170.87365598443216,74.86607833392918,11,-0.0019226103322580457,1.050907462835312,0.14293303154408932
1274,0.173957543,1784957138.339312,174.61802106127925,170.19879705553242,81.77009243890643,9,-0.0019178159709554166,0.9581119697540998,0.1267068451270461
1276,0.173957543,1784957138.618316,148.68677585625784,169.43926565043097,105.48824491724372,11,-0.0016556960763409734,3.115122988820076,0.1359865921549499
1278,0.173957543,1784957138.87116,176.03879136271826,169.9385924549562,76.41440309211612,14,-0.0017893713666126132,0.8528153039515018,0.10843952186405659
1280,0.173957543,1784957139.1262012,166.03995727609166,169.80367984681953,83.94553606398404,13,-0.0013711935898754746,1.6424365639686584,0.09563973220065236
1282,0.173957543,1784957139.401671,182.42806252491474,169.95460410133458,73.26197106204927,12,-0.00237843650393188,0.7636084072291851,0.22378038242459297
1284,0.173957543,1784957139.654936,170.85603626223414,170.031038109443,88.29300381615758,12,-0.0011481297260615975,1.9618035927414894,0.12094412138685584
1286,0.173957543,1784957139.93033,173.60907700112853,170.17681775451194,82.86111357063055,13,-0.0014795686583966017,1.1273890808224678,0.1487941318191588
1288,0.173957543,1784957140.183867,158.02719374931448,169.77005980751204,98.30148312728852,15,-0.0016049895202741027,0.9780891761183739,0.14745332021266222
1290,0.173957543,1784957140.436501,177.4513141294865,169.70121148864436,79.45625166222453,12,-0.002674544753972441,2.069186955690384,0.19859650637954473
1292,0.173957543,1784957140.7144399,167.52390018301526,170.70471771874148,92.9773908033967,11,-0.0013433068961603567,0.6924498900771141,0.13537844456732273
1294,0.173957543,1784957140.969302,171.74903927270776,170.305033100296,88.9565351754427,12,-0.0013324268511496484,2.038902848958969,0.16051665227860212
1296,0.173957543,1784957141.2211862,166.07310254649417,170.14428906062986,85.54404893144965,14,-0.0021798687375849113,2.4764600843191147,0.227037631906569
1298,0.173957543,1784957141.499582,172.96038455568322,170.36893831992697,90.98250422254205,15,-0.0016507502441527322,1.4546116515994072,0.12125676730647683
1300,0.173957543,1784957141.752806,163.65566036073332,169.8003219398309,96.1060333661735,9,-0.0011041584657505155,1.8431693315505981,0.09885588800534606
1302,0.173957543,1784957142.029927,178.43365338826555,169.0297582650587,83.47780412621796,9,-0.0013814881458529271,0.5589626654982567,0.1121414708904922
1304,0.173957543,1784957142.3065028,170.42270140514253,168.90908767611106,81.29569609835744,13,-0.002390363544691354,1.0712325535714626,0.15429867710918188
1306,0.173957543,1784957142.558997,156.4143629739429,168.9129244932896,93.44555231556296,15,-0.0021619213512167335,2.4958162382245064,0.19039340317249298
1308,0.173957543,1784957142.834951,157.72840384845284,168.93597372701348,99.31298268213868,12,-0.0005478691819007508,1.5174542963504791,0.07253240398131311
1310,0.173957543,1784957143.0860171,179.57231346334578,169.59641157801963,75.64354535192251,11,-0.003944468888221309,1.1975800432264805,0.13119114469736814
1312,0.173957543,1784957143.337991,181.87652961957258,169.61871356960458,78.02076929062605,10,-0.002018016471993178,2.305526115000248,0.18687840830534697
1314,0.173957543,1784957143.614452,180.66418859971213,169.8626841973589,81.25087904557586,10,-0.0017733132699504495,1.254230823367834,0.19018294010311365
1316,0.173957543,1784957143.876319,168.7617212909535,169.673974724223,84.57131974212825,11,-0.001733511220663786,1.247417375445366,0.11228026077151299
1318,0.173957543,1784957144.1537259,180.62432668769776,169.37137731453993,80.63692501932383,11,-0.0011527832029969431,0.9168326631188393,0.14564615720883012
1320,0.173957543,1784957144.406025,161.66116352063193,169.8446198445171,88.76575424149632,10,-0.0007171530232881196,3.9677356481552124,0.13260164856910706
1322,0.173957543,1784957144.658955,168.69589609548456,169.32698665875122,84.20351502299309,11,-0.0016552850138396025,1.1827124506235123,0.165863704867661
1324,0.173957543,1784957144.9364,167.33117176139783,169.8379097823534,83.9435862954706,11,-0.0018343948249821551,1.0240161530673504,0.1271135718561709
1326,0.173957543,1784957145.1897311,135.3574183483147,170.26501910519684,125.05147462338209,15,-0.00015790091129019856,3.1851223558187485,0.07550436491146684
1328,0.173957543,1784957145.444376,177.37891206137218,169.76994975013255,79.23490593954921,11,-0.001809867622796446,0.8730408810079098,0.20042656548321247
1330,0.173957543,1784957146.124804,193.8190037197851,170.3841969566376,71.70847269520164,10,-0.0021342926484066993,2.416573241353035,0.18864916544407606
1332,0.173957543,1784957146.4047801,168.90540641097536,169.813968462922,79.86884669959545,12,-0.0018544627237133682,1.154697347432375,0.1377297886647284
1334,0.173957543,1784957146.682457,172.16694321358904,169.23148695934867,84.6562478095293,11,-0.0017081545374821872,0.9655391909182072,0.12995179323479533
1336,0.173957543,1784957146.9363232,172.6329435948612,169.33380005123345,91.52843922376633,13,-0.0011115652014268562,0.7841331884264946,0.1721682995557785
1338,0.173957543,1784957147.216746,185.41055275805633,169.80946758260922,68.9959244322963,11,-0.0024908785708248615,0.736248355358839,0.18062439002096653
1340,0.173957543,1784957147.493549,175.33374410085688,169.47689729888404,76.8539413549006,14,-0.001780281207174994,1.4689092114567757,0.1646073553711176
1342,0.173957543,1784957147.74656,159.7786264389669,169.21269531376066,104.97150992229581,15,-0.0009112207626458257,2.183720700442791,0.07719987281598151
1344,0.173957543,1784957148.0005949,171.90900992780283,168.9841991598363,84.69154192507267,11,-0.0009326954314019531,2.451001212000847,0.10856316471472383
1346,0.173957543,1784957148.2796001,177.15795821192512,168.88430079529854,83.83197610080242,12,-0.003546978608937934,3.422188326716423,0.10945316357538104
1348,0.173957543,1784957148.532535,168.79895637575578,169.1023363525286,100.66035588085651,13,-0.002704826823901385,2.7864957079291344,0.12484021997079253
1350,0.173957543,1784957148.810504,172.32243095851487,169.2508184903804,91.22963267937303,11,-0.001250022258318495,1.559386134147644,0.07291616941802204
1352,0.173957543,1784957149.060732,142.0797969626234,168.8549370218551,113.26849385350943,10,-0.001319988106843084,3.061258018016815,0.10987705644220114
1354,0.173957543,1784957149.3148742,156.31743738674294,168.78174622935853,99.0301394611597,11,-0.0014567030011676252,1.4015431255102158,0.16970316972583532
1356,0.173957543,1784957149.591241,172.5608398209317,169.0581984214865,89.50614476948977,11,-0.0008382526866625994,0.9704615622758865,0.15181605145335197
1358,0.173957543,1784957149.8440099,175.5138905979013,169.2489741122689,79.23743230849504,13,-0.001274498295970261,1.1887878999114037,0.10875146649777889
1360,0.173957543,1784957150.097696,161.9453205059138,168.853290190911,85.09532444365323,12,-0.0024677537148818374,0.6415139585733414,0.18045904021710157
1362,0.173957543,1784957150.3753211,179.10000977749988,169.14694582007382,78.2795953117311,11,-0.0032656558323651552,1.2741841673851013,0.16895836777985096
1364,0.173957543,1784957150.6280441,164.2822193905605,169.0381865549528,90.29270454496145,11,-0.0019848665688186884,1.697584144771099,0.10767027549445629
1366,0.173957543,1784957150.90445,161.9557462275293,168.75055631530657,96.04597958549857,10,-0.002549056713178288,2.150212563574314,0.12196608353406191
1368,0.173957543,1784957151.162123,179.07810068225814,168.4512988027967,77.50122012011707,12,-0.0016328452911693603,1.3207084834575653,0.15535458456724882
1370,0.173957543,1784957151.440037,157.15724725693508,168.25008534482757,89.54840968642384,12,-0.0014613684834330343,0.8013406824320555,0.12563540088012815
1372,0.173957543,1784957151.717601,164.56487541582464,168.2504914310014,96.6178610920906,10,-0.0015668005216866732,0.9339039139449596,0.12542276130989194
1374,0.173957543,1784957151.969814,167.22719495083973,168.11957734104692,86.2969334423542,11,-0.0029650209471583366,1.6956804618239403,0.11447352170944214
1376,0.173957543,1784957152.2211142,183.5288227629283,168.7486352077748,70.43642039224505,11,-0.0015356832882389426,2.0688937082886696,0.14834783226251602
1378,0.173957543,1784957152.499763,180.3217810493231,168.72159219067163,74.35116915404797,11,-0.0010998880752595142,0.9652315564453602,0.1744718225672841
1380,0.173957543,1784957152.751423,190.74184322803424,168.62503909905766,76.24450010433793,8,-0.001837709336541593,1.7223574742674828,0.14376991894096136
1382,0.173957543,1784957153.0297549,173.2712530825154,169.32425666581142,79.44768380001187,11,-0.0018587105441838503,1.7983833029866219,0.0796698194462806
1384,0.173957543,1784957153.283129,161.31391011968947,168.97946705218655,87.43854503333569,11,-0.0028618783107958734,0.8945292122662067,0.143989778123796
1386,0.173957543,1784957153.53506,159.41237332637763,168.74306569068634,93.7755252495408,11,0.0007517941558035091,1.7446849644184113,0.06681717722676694
1388,0.173957543,1784957153.818784,175.77426543236592,168.51566918298076,85.13127613253891,12,-0.0014039331581443548,1.4595806300640106,0.12336052488535643
1390,0.173957543,1784957154.07308,180.33729518982946,168.57230206902162,76.80321621522307,11,-0.0003245458356104791,0.7728771287947893,0.18035218585282564
1392,0.173957543,1784957154.32594,181.6679700150351,169.24673951144018,71.69524294510484,13,-0.0020625487086363137,1.5733859986066818,0.13119247602298856
1394,0.173957543,1784957154.6044888,161.15240967733894,169.13314442682753,100.653072074987,14,-0.001794928204617463,4.1967552453279495,0.1456320257857442
1396,0.173957543,1784957154.855017,188.14240633368985,169.8781373951984,76.63893882371485,11,-0.0014734771102666855,1.1959711872041225,0.142071345821023
1398,0.173957543,1784957155.13379,168.72913770640758,169.84045767417558,80.38943414390087,13,-0.0025241111288778484,0.7994529083371162,0.14802264282479882
1400,0.173957543,1784957155.395492,185.44957738257264,170.48730306868146,76.00787933915854,12,-0.0013835970603395253,1.1565451696515083,0.16352785099297762
1402,0.173957543,1784957155.6519392,165.31350589919626,170.88341863043775,97.15208526887,13,-0.0010562633106019348,2.5968440398573875,0.08576321974396706
1404,0.173957543,1784957155.9540439,169.3366305990696,171.26803504422935,85.23059393838048,13,-0.0015656055547879077,2.029549762606621,0.1489223437383771
1406,0.173957543,1784957156.208972,145.972618218414,170.78380631014335,99.04038242995739,12,-0.0016666374867781997,1.0970516577363014,0.08424147218465805
1408,0.173957543,1784957156.461441,190.0850111993372,171.11647340007653,68.98205189220607,12,-0.0022355703404173255,0.7582502439618111,0.18028134759515524
1410,0.173957543,1784957156.73419,145.3059755094078,170.72267920118645,118.8692891895771,14,-0.0006165077211335301,1.9845145270228386,0.09031499805860221
1412,0.173957543,1784957156.991244,180.4904323610694,171.12450178240388,75.02686628699303,14,-0.0018171450647059828,0.9456350281834602,0.1183577636256814
1414,0.173957543,1784957157.333003,144.85746598532978,170.45387588172565,124.40377379581332,14,-0.00035334620042704046,5.110109090805054,0.06767603568732738
1416,0.173957543,1784957157.586505,170.98241316245594,170.18426039815392,83.17636266350746,12,-0.0005602201417787,0.5404978413134813,0.06921753520146012
1418,0.173957543,1784957157.842078,176.4725276372959,170.62465820744907,77.76725442241877,13,-0.001968505559489131,1.6319637969136238,0.1887891972437501
1420,0.173957543,1784957158.1396842,160.391068177652,170.39723969201722,96.01690814644098,13,-0.0008638435392640531,1.5345751717686653,0.09331779065541923
1422,0.173957543,1784957158.393734,149.3138229656303,170.0551067163225,104.78897854313254,15,-0.0012091905664419755,1.1450144052505493,0.11477028811350465
1424,0.173957543,1784957158.647676,183.7980650645274,169.59655008531684,76.22912854328752,10,-0.0018724356777966022,1.7569298669695854,0.15981251001358032
1426,0.173957543,1784957158.924022,166.39853766913035,169.3969915775143,85.95734994858503,12,-0.0016104058013297617,1.1425534822046757,0.13640530733391643
1428,0.173957543,1784957159.179956,160.61793997910047,169.5485585212212,89.73134681768715,15,-0.0012803700665244833,0.9353971742093563,0.09900936437770724
1430,0.173957543,1784957159.456785,167.66448942541902,169.45093181972027,85.08267901837826,12,-0.0019841286120936275,0.7845167070627213,0.1211349037475884
1432,0.173957543,1784957159.712945,166.39926610550256,168.81888814225167,90.3834000248462,13,-0.0018839007680071518,1.3412801697850227,0.12604713393375278
1434,0.173957543,1784957159.965738,185.26997995384602,169.98422743903757,74.74241713806987,10,-0.002637772122398019,0.6470170076936483,0.22379196248948574
1436,0.173957543,1784957160.2439811,167.64575058476237,170.1855866268714,81.94951836764812,13,-0.0014442091778619215,0.6804538648575544,0.131648444570601
1438,0.173957543,1784957160.517952,158.6828046183414,170.07880203547523,88.3292049691081,12,-0.0012731162714771926,1.2579097524285316,0.13630816340446472
1440,0.173957543,1784957160.771321,175.84733276820464,170.34856636326916,82.0047565177083,11,-0.0012835655506933108,1.3728816360235214,0.10658508073538542
1442,0.173957543,1784957161.048511,191.07993092623659,169.7668753193576,63.72906166873872,12,1.1755095329135656e-05,1.4913035221397877,0.16991255804896355
1444,0.173957543,1784957161.3012118,178.2819865113536,170.28318854643226,77.71940680965781,11,-0.0008993896190077066,0.8832761645317078,0.08434372092597187
1446,0.173957543,1784957161.580729,160.5234434703018,169.14476737480723,93.62130158394575,11,-0.0009367261081933975,1.0696516931056976,0.13361866492778063
1448,0.173957543,1784957161.8348942,165.6563227840475,168.91364553789757,85.27502361126244,11,-0.0014792897272855043,2.414361447095871,0.1461350116878748
1450,0.173957543,1784957162.0890439,175.5589630384381,168.8746777556835,79.5189942009747,10,-0.0016298324335366488,0.9671611152589321,0.1333876047283411
1452,0.173957543,1784957162.3651688,165.77978516955008,168.73568380344759,87.3257657289505,13,-0.0016655960207572207,1.2528587952256203,0.11485390877351165
1454,0.173957543,1784957162.6197498,168.57297327771903,168.21723850188698,88.69340416416526,13,-0.001574771071318537,1.4540446624159813,0.1328269336372614
1456,0.173957543,1784957162.875036,162.46194890561327,167.9799382453438,89.80675837770104,10,-0.001407392330293078,1.4335514232516289,0.11926649091765285
1458,0.173957543,1784957163.1707451,133.55519624893319,166.49913528517533,117.0479649528861,12,-0.0013417347217909992,3.3459335938096046,0.14027473144233227
1460,0.173957543,1784957163.4280949,170.75803056143485,167.10322037498474,84.40786255151033,10,-0.0030318304197862744,1.0725008212029934,0.1266333907842636
1462,0.173957543,1784957163.70536,175.12472895555737,166.65891201298604,83.90596585720778,10,-0.0016573107859585434,1.266384955495596,0.13292105589061975
1464,0.173957543,1784957163.955714,192.08604902212306,167.8001090029672,70.10793326050043,10,-0.0010300462017767131,1.2327882125973701,0.1516958069987595
1466,0.173957543,1784957164.209014,170.12355722912645,167.9946319512106,78.43005205318332,12,-0.001435806494555436,0.7061999328434467,0.11082996614277363
1468,0.173957543,1784957164.486024,175.55228653180083,167.41257561939713,78.46001037023962,14,-0.0013174893974792212,1.0995308123528957,0.13823777716606855
1470,0.173957543,1784957164.737143,167.16144795758603,167.6986883459689,86.21933111175895,11,-0.0012852856743847951,1.095027580857277,0.10616183932870626
1472,0.173957543,1784957165.012898,177.02625406170569,168.50600747368648,71.09824818652123,12,-0.0024306713603436947,1.2664226554334164,0.11503638280555606
1474,0.173957543,1784957165.2906508,155.77479945083195,168.5797945099711,104.85428984835744,11,-0.0013872646377421916,3.30556383728981,0.11316534411162138
1476,0.173957543,1784957165.544269,180.4044518337255,169.20683296771998,80.3269031830132,11,-0.0013742834562435746,1.944398857653141,0.15425907215103507
1478,0.173957543,1784957165.819882,168.10485287593966,169.45022432818067,85.96622584946454,11,-0.0007858342723920941,1.891506165266037,0.09372297720983624
1480,0.173957543,1784957166.073704,161.59527557225258,169.15826427943077,97.76617012545466,11,-0.0025912194105330855,2.8038482815027237,0.13025537226349115
1482,0.173957543,1784957166.3231711,174.12169718595464,169.78120240742177,82.96969513595104,10,-0.0012643061927519739,1.6419160813093185,0.12441104371100664
1484,0.173957543,1784957166.5992372,143.90905930991744,168.6386874455047,119.59058889187872,12,-0.00022001389879733324,4.760058641433716,0.11567934276536107
1486,0.173957543,1784957166.8546329,155.14877967888972,168.37356646293495,99.40103040263057,15,-0.0017067921289708465,1.4718762338161469,0.14066187478601933
1488,0.173957543,1784957167.1054652,170.22376690850854,168.75350904634226,77.86162820458412,11,-0.0022298568801488727,2.046176664531231,0.15686721540987492
1490,0.173957543,1784957167.879777,168.10153670847188,168.97956836712737,89.36426735110581,15,-0.0012598084867931902,2.6471806913614273,0.08372893510386348
1492,0.173957543,1784957168.135786,174.634765952235,168.78493373191918,79.43853072449565,13,7.564999395981431e-05,1.2188334316015244,0.14977542078122497
1494,0.173957543,1784957168.411927,160.71524551964578,168.6149384861194,87.36483869329095,11,-0.0015037811099318787,0.695774145424366,0.14449938107281923
1496,0.173957543,1784957168.6667461,184.17932348280007,169.78408344834548,78.84905184805393,10,-0.0016514754242962226,0.5717882793396711,0.15653869416564703
1498,0.173957543,1784957168.920578,156.17789706849575,169.31306501175845,92.52832728251815,14,-0.003185850568115711,1.4724156185984612,0.15735262259840965
1500,0.173957543,1784957169.564745,173.3170461078277,169.07533553159138,89.41633976995945,11,-0.0020335589433670975,0.7806154452264309,0.1696642292663455
1502,0.173957543,1784957169.864268,175.3559013848149,169.4405528772061,79.46171995811164,11,-0.0016785289335530251,0.8428154438734055,0.1381017193198204
1504,0.173957543,1784957170.1168299,146.43840712290194,168.96076152160745,108.051561253611,12,-0.0014235817943699658,2.59645626693964,0.14773903461173177
1506,0.173957543,1784957170.3981261,163.80804935266468,169.13574460737294,86.29846655204892,12,-0.0017849833966465667,1.082010604441166,0.10258164769038558
1508,0.173957543,1784957170.652895,177.61831200886311,170.37839201523119,80.69598801806569,11,-0.0016626775031909347,1.2237839624285698,0.1288482383824885
1510,0.173957543,1784957170.927368,186.82285194751879,170.65546825231314,68.29277621768415,14,-0.0017825452305260114,0.49602358788251877,0.14203271782025695
1512,0.173957543,1784957171.182476,161.02853965848445,170.32644039749903,83.24216145835817,11,0.000589376111747697,1.6304788514971733,0.11104622902348638
1514,0.173957543,1784957171.4318268,172.42640574821652,170.10528119629194,88.64165970683098,13,-0.0017344612278975546,1.0945154093205929,0.15555875468999147
1516,0.173957543,1784957171.710175,173.57523361978303,169.9523361124224,87.55890167504549,15,-0.0024218737380579114,1.0165879353880882,0.1089183536823839
1518,0.173957543,1784957171.9623969,169.44892061816967,169.95569700389646,85.24041014909744,9,-0.0016060912166722119,1.3486605025827885,0.11909422604367137
1520,0.173957543,1784957172.2148721,159.37409472842108,169.91612453649253,88.22981096431613,12,-0.0017372925794916227,1.8083712086081505,0.16554466215893626
1522,0.173957543,1784957172.490912,166.8214738503209,169.64798566704766,90.712366592139,9,-0.0018024100572802126,1.3825189471244812,0.15491548087447882
1524,0.173957543,1784957172.7444742,184.72591851921823,169.9149236510149,71.77869705110788,10,-0.00508720181096578,0.7050795219838619,0.13795159803703427
1526,0.173957543,1784957173.020499,159.7915008283713,169.36745859863365,93.62212915159762,12,-0.0011116199020761997,1.1310271881520748,0.08892073994502425
1528,0.173957543,1784957173.275248,164.0064232774025,169.00214581003831,93.09069322794676,12,-0.0015574962308164686,0.9864478148519993,0.14544025342911482
1530,0.173957543,1784957173.533123,158.8701689380062,168.3561215524702,104.21164086088538,10,-0.0011061086552217603,2.414060801267624,0.11946011241525412
1532,0.173957543,1784957173.810199,169.2969566523231,168.22986741242752,88.66246320679784,12,-0.0008803682721918449,1.9549166113138199,0.08629706432111561
1534,0.173957543,1784957174.0811038,171.2548863491533,168.74146358641926,89.11699978262186,12,-0.0004788741352967918,2.649913191795349,0.07672304869629443
1536,0.173957543,1784957174.3334148,159.8584103022179,168.99914616293066,91.79002927988768,12,-0.004447143146535382,1.669701710343361,0.1779496055096388
1538,0.173957543,1784957174.6107478,175.9125344529687,169.01476170322047,74.6239572763443,9,-0.0017725278448779136,1.253272045403719,0.15161648066714406
1540,0.173957543,1784957174.863976,179.08012335829818,169.19543498319075,82.84405407682061,10,-0.0018809405737556517,1.3009181842207909,0.1385773210786283
1542,0.173957543,1784957175.1382668,180.46644536352449,169.7349250861021,82.3003642745316,11,-0.001421632303390652,1.4766976051032543,0.10509293247014284
1544,0.173957543,1784957175.395147,171.16562666682935,169.64893335664743,87.9391589909792,14,-0.0014033405386726372,1.1761155985295773,0.1425390769727528
1546,0.173957543,1784957175.651854,180.02499545518143,169.24405170889844,72.71546835452318,13,-0.0015356607036665082,1.1469082683324814,0.15962459053844213
1548,0.173957543,1784957175.928599,170.65648007235148,170.04338849447527,88.57637543417513,12,-0.0015784912975504994,1.8930703103542328,0.15713615249842405
1550,0.173957543,1784957176.18275,170.46604591678584,170.08858520516722,84.77667365595698,10,-0.002228995115729049,0.9424198679625988,0.11485845502465963
1552,0.173957543,1784957176.434487,163.98084273742802,170.0004248796462,84.72767329402268,14,-0.0010134089388884604,2.080750770866871,0.10813267808407545
1554,0.173957543,1784957176.710263,173.9927553602465,170.75510828571177,81.32035079970956,13,-0.0021604626235784963,2.0503236651420593,0.14059387985616922
1556,0.173957543,1784957176.96228,173.10075585622863,171.15654806507223,83.41100152954459,10,-0.0008693494892213494,2.0760041177272797,0.09998387144878507
1558,0.173957543,1784957177.238366,146.34692377759032,170.64352099671908,116.00063137058169,15,-0.001118843094445765,1.842829629778862,0.06947452202439308
1560,0.173957543,1784957177.493311,176.2696376385173,170.70559750171572,79.45653415471315,10,-0.0019935822565457784,1.234480857849121,0.16609863843768835
1562,0.173957543,1784957177.74271,190.21428832927748,171.28569706906524,69.93725703656673,10,-0.0015787755546625704,1.4658121690154076,0.1515040728263557
1564,0.173957543,1784957178.0199602,190.00421442463752,171.60734639217478,67.2466829419136,10,-0.0012457981356419623,0.7040177043527365,0.12058492843061686
1566,0.173957543,1784957178.273213,172.35567472146712,172.40851619312386,81.1110195890069,10,-0.0014269262319430709,1.7294992506504059,0.10997807327657938
1568,0.173957543,1784957178.543366,152.18650362704943,172.3527886985588,106.16057768836617,13,-0.001053832471370697,1.9367596730589867,0.1175907482393086
1570,0.173957543,1784957178.820727,181.83014411579947,172.76807588485542,74.66937001049519,12,-0.0016968527343124151,0.6449836231768131,0.13888551900163293
1572,0.173957543,1784957179.073311,190.53699181242476,173.14242514423577,70.64748916774988,12,-0.0017809270648285747,1.3050302676856518,0.13116496661677957
1574,0.173957543,1784957179.349205,170.06888013322623,173.1523675475316,83.73345137666911,10,-0.0009653991037339438,2.747688412666321,0.08254262828268111
1576,0.173957543,1784957179.601928,180.29179335294307,173.47443330591182,83.99121194332838,11,-0.0014545737067237496,1.192678026854992,0.13040144043043256
1578,0.173957543,1784957179.8546062,179.80089905383142,173.58738866668716,76.05730672553182,12,-0.0014634931867476553,4.447765946388245,0.1555907353758812
1580,0.173957543,1784957180.132962,163.2256592288423,173.64871000036018,96.71453943103552,13,-0.0009319937671534717,3.0309188440442085,0.08676327485591173
1582,0.173957543,1784957180.387566,164.49058938517598,173.73177357773892,98.03123602084816,13,-0.0015487450873479247,0.884450426325202,0.12034520227462053
1584,0.173957543,1784957180.641411,174.74459281772457,173.5945850889289,78.15707789361477,10,-0.0019411799730733037,1.5417060889303684,0.11174273770302534
1586,0.173957543,1784957180.916277,160.13239380767794,173.67549269152653,94.0094933938235,12,-0.0007957507768878713,1.9238117411732674,0.12500277953222394
1588,0.173957543,1784957181.169805,176.1269956655643,173.65622790461154,85.15364407747984,12,-0.0006292581674642861,1.113474564626813,0.11395522486418486
1590,0.173957543,1784957181.447005,170.68427058290948,173.2938733441419,78.4635477848351,13,-0.000998076458927244,1.1605319269001484,0.10243627172894776
1592,0.173957543,1784957181.700609,183.0874719520025,173.1256376321378,77.34346823766828,11,-0.0008431298192590475,0.7846307493746281,0.1620097178965807
1594,0.173957543,1784957181.9518878,190.73593538454642,173.72256022493855,67.99524290859699,11,-0.0006654665339738131,2.4836425110697746,0.14363647578284144
1596,0.173957543,1784957182.2284968,172.2155073643577,173.43804293392165,88.61079939082265,12,-0.0018589870596770197,0.3825133852660656,0.15898842737078667
1598,0.173957543,1784957182.489242,180.64100395166756,172.94442926681427,80.63176605477929,12,-0.0026733408885775134,0.8754402808845043,0.17060476075857878
1600,0.173957543,1784957182.763057,172.29885057855248,172.4223529247182,80.21546464785933,11,-0.0020681397800217383,1.0596321858465672,0.14615020249038935
1602,0.173957543,1784957183.039994,172.5727976774272,172.28733463225063,79.73942125402391,11,-0.0018007154212682508,1.4614910781383514,0.1617334932088852
1604,0.173957543,1784957183.2934241,173.72055377349741,172.35911896776358,81.58142137527466,12,-0.0021842425921931863,1.1611818708479404,0.13563216850161552
1606,0.173957543,1784957183.5685918,165.67020633342852,171.94702310065878,88.24250062182546,11,-0.0019471581472316757,1.4914234802126884,0.13392979837954044
1608,0.173957543,1784957183.821007,186.07129447636032,172.28355566691013,73.53094048425555,10,-0.001640643473365344,0.8915206976234913,0.14541170420125127
1610,0.173957543,1784957184.073626,175.97414865840716,172.26534366447214,84.46339543163776,11,-0.002037433790974319,1.1305368170142174,0.18080218974500895
1612,0.173957543,1784957184.352772,163.75381432641237,171.66521450411895,89.05081623233855,16,-0.0017995330272242427,0.8945275694131851,0.12596937362104654
1614,0.173957543,1784957184.605118,165.25110353648043,171.05947829520127,84.65416138246655,11,-0.00184239586815238,0.5918845720589161,0.14820633083581924
1616,0.173957543,1784957184.857292,146.88341160724488,170.28387734435103,110.93645978718996,15,-0.0015472721424885094,2.228228338062763,0.1504786480218172
1618,0.173957543,1784957185.135208,161.73763123803593,170.26877878773922,88.49319775030017,11,-0.0014465083368122578,1.5300186797976494,0.12893249606713653
1620,0.173957543,1784957185.38991,164.9089287053645,169.52333993947997,90.34206518903375,12,-0.0016765865148045123,0.8344633653759956,0.1510892859660089
1622,0.173957543,1784957185.666892,181.04085164681595,169.3310152861498,75.58175768144429,11,-0.002501734357792884,1.059246838092804,0.12691177381202579
1624,0.173957543,1784957185.919428,158.7084909979403,168.969632858648,94.67376534454525,11,-0.001195344957523048,1.3245337940752506,0.11487830756232142
1626,0.173957543,1784957186.171284,179.86050364409925,168.8929108316435,75.53410540521145,11,-0.001262710546143353,1.7947012558579445,0.09769031591713428
1628,0.173957543,1784957186.450851,156.7390097059851,168.60349404732787,99.25356636568904,14,-0.0015817167004570365,1.1739808320999146,0.12772263679653406
1630,0.173957543,1784957186.703579,177.43125148221466,169.21218038652253,75.96298443898559,12,-0.001570073771290481,0.9810361489653587,0.15367818949744105
1632,0.173957543,1784957186.956191,186.25121105100496,169.18261625582335,77.97361687384546,10,-0.0023221373121486977,1.2017699740827084,0.16201671212911606
1634,0.173957543,1784957187.254515,186.3938715866242,169.5935474600745,66.6940754968673,11,-0.0013017993624089286,0.8088945560157299,0.16296605858951807
1636,0.173957543,1784957187.5088189,131.93132576709237,168.88630972195932,127.99632380530238,17,-0.0007449279073625803,3.8412998989224434,0.11625908873975277
1638,0.173957543,1784957187.7971652,176.8037877225444,168.91973521975015,81.53316755965352,10,-0.0009877530246740207,2.3834439367055893,0.09800879005342722
1640,0.173957543,1784957188.051755,179.50022460146525,169.04511287102642,79.07939296588302,9,-0.0017975911032408476,1.1881306916475296,0.20222890190780163
1642,0.173957543,1784957188.306889,175.64833852986413,168.87338357013402,75.30371078848839,12,-0.0020192571682855487,1.169429063796997,0.1900415951386094
1644,0.173957543,1784957188.583308,162.53800408272033,168.4497193434221,88.00563354417682,11,-0.0016554560861550272,0.8918864727020264,0.13260948657989502
1646,0.173957543,1784957188.8579042,187.19584711234634,168.64852799906149,78.51203016750515,11,-0.0011740393820218742,2.036327324807644,0.13293392304331064
1648,0.173957543,1784957189.107063,153.33255257632337,168.63707765919938,97.71274061873555,11,-0.001260802848264575,1.3840958178043365,0.11965069407597184
1650,0.173957543,1784957189.384656,147.42946924167902,168.46323897356666,105.8516815342009,13,-0.0010390781535534188,2.6251099035143852,0.10863912012428045
1652,0.173957543,1784957189.6449149,180.12771872961684,168.82765191946729,73.51244886219501,11,-0.0019225109135732055,1.2615587152540684,0.06759972497820854
1654,0.173957543,1784957189.94092,164.38616168395623,168.8895127570538,81.07120195403695,12,-0.001862649485701695,0.7013885080814362,0.14469649828970432
1656,0.173957543,1784957190.196019,163.34813100527393,169.14059151797292,86.16010718420148,13,-0.0011307672830298543,1.3865499943494797,0.106444604229182
1658,0.173957543,1784957190.448252,174.63775300894832,169.048138420012,80.75963561236858,13,-0.0014712728443555534,2.010921537876129,0.11801336705684662
1660,0.173957543,1784957190.786752,144.92041854434402,167.7748281961657,108.82233530748636,13,-0.0004345353227108717,1.1870172768831253,0.06576558761298656
1662,0.173957543,1784957191.04083,183.12623802533147,168.5058534893221,72.36604438535869,12,-0.0013970992295071483,0.7852662224322557,0.1592230829410255
1664,0.173957543,1784957191.30321,175.83546876368453,168.61060137321095,79.28232274018228,12,-0.0016372364480048418,1.374218586832285,0.1284213224425912
1666,0.173957543,1784957191.579776,184.5078719129212,169.42985844230975,72.9610849339515,12,-0.0016479583136970177,0.9578504152595997,0.16273591201752424
1668,0.173957543,1784957191.8315961,176.3062735881975,170.02258498076466,83.37507876567543,11,-0.001820744713768363,1.405577465891838,0.12025836110115051
1670,0.173957543,1784957192.1088939,166.6795572748446,170.22869908448294,82.80840716511011,11,-0.0026908511063084006,0.5775021091103554,0.11783853499218822
1672,0.173957543,1784957192.362062,160.19783304866405,169.79055650198666,95.2094685100019,13,-0.001958712295163423,3.7110904902219772,0.14037535060197115
1674,0.173957543,1784957192.616158,173.5692312345788,170.4986365462877,76.1482025096193,12,-0.0019045227527385578,1.1829709447920322,0.18084014113992453
1676,0.173957543,1784957192.8932102,166.3056519615888,170.33121285708032,84.27462114393711,13,-0.001198145910166204,1.2651141807436943,0.10498137958347797
1678,0.173957543,1784957193.1484532,161.3750760884907,170.51703458368982,86.6315405331552,11,-0.0015602691564708948,0.9717661403119564,0.1376009862869978
1680,0.173957543,1784957193.401952,164.53969467086523,170.60911630923948,89.38956362754107,10,-0.0010457661701366305,0.7995168305933475,0.11783613078296185
1682,0.173957543,1784957193.6788962,171.0132246696212,169.99151214405137,86.12687718588859,12,-0.0030694734305143356,2.0248836427927017,0.16286627296358347
1684,0.173957543,1784957193.9310238,177.72606464105118,169.88681076279667,78.32052963227034,10,-0.0017487026925664395,2.7925540655851364,0.144040338229388
1686,0.173957543,1784957194.207489,164.6087361321967,170.5336522386406,84.96153549477458,13,-0.001707974646706134,2.0036554783582687,0.11181735480204225
1688,0.173957543,1784957194.485389,167.75459136396853,170.25459518864608,81.66430288553238,12,-0.001902537675050553,1.0920948274433613,0.15605972986668348
1690,0.173957543,1784957194.7409012,161.310706386209,170.08546645109854,95.6269914843142,13,-0.002090519556077197,1.9132211580872536,0.1615969818085432
1692,0.173957543,1784957195.0188081,178.44234409469678,170.19775958210795,79.86710618436337,10,-0.0020771648996742442,1.4181829653680325,0.17970619164407253
1694,0.173957543,1784957195.273505,178.80075001597746,170.5574676339496,79.88099247962236,10,-0.001988353149499744,1.0134064070880413,0.15279402816668153
1696,0.173957543,1784957195.529084,172.94797967635407,170.56618140942646,84.45946522802114,13,-0.0007859114266466349,1.7051913663744926,0.1726929061114788
1698,0.173957543,1784957195.807412,166.5455596564745,170.72680793629627,85.9158022403717,10,-0.0011393214808776975,1.7224660888314247,0.09117262344807386
1700,0.173957543,1784957196.061538,181.61101284918686,171.687233992077,76.91240076348186,12,-0.002061739331111312,1.4428358301520348,0.15013780863955617
1702,0.173957543,1784957196.337727,183.8198085049632,171.79398111868272,75.1827720887959,13,-0.0010752761154435575,1.325462445616722,0.10632190853357315
1704,0.173957543,1784957196.590355,160.8563821618488,171.42123273144162,93.08983134664595,13,-0.002058136378764175,0.9546585269272327,0.13256711047142744
1706,0.173957543,1784957196.842758,161.96882131208497,171.1354998494298,90.1069933399558,12,-0.0018040818395093083,0.8267831280827522,0.17634215392172337
1708,0.173957543,1784957197.121681,173.29720860757476,170.83513690525277,76.8035039473325,13,-0.0011483187263365835,1.2286172769963741,0.11598653811961412
1710,0.173957543,1784957197.3762188,172.89910311235255,171.88070378284274,79.90604509413242,9,-0.0014033080078661442,1.3345720544457436,0.13640502747148275
1712,0.173957543,1784957197.630042,173.5198757631406,171.61353697658632,80.04529117047787,10,-0.00263656945026014,0.9082687273621559,0.18823292944580317
1714,0.173957543,1784957197.9076228,159.90889929989447,171.4108020305275,98.52162047661841,12,-0.0014543579600285739,2.357094556093216,0.09225449990481138
1716,0.173957543,1784957198.159039,168.3054368292164,170.74388714503027,80.15352638810873,11,-0.0009505832858849317,1.1160424165427685,0.06690469780005515
1718,0.173957543,1784957198.434168,174.81055038157248,170.36951646196508,79.28329752013087,11,-0.001825665298383683,0.7295317184180021,0.12122633773833513
1720,0.173957543,1784957198.688971,163.79515749510958,170.35160634601903,87.78652385249734,11,-0.0018210763955721632,1.1198706291615963,0.12015982903540134
1722,0.173957543,1784957198.9644978,167.68191001829157,170.50605440997293,96.32058004103601,14,-0.0014016494387760758,0.7951238006353378,0.13750829873606563
1724,0.173957543,1784957199.2438312,190.34788787092162,170.60496368335913,68.25318377744406,14,-0.0014176273252815008,1.08317356929183,0.14192833378911018
1726,0.173957543,1784957199.497479,178.2238076587137,170.68442519224627,79.15530570968986,9,-0.001659356988966465,1.083822701126337,0.155122353695333
1728,0.173957543,1784957199.7585092,169.0956484457444,170.9233176759448,85.02713425084949,11,-0.00218098919140175,1.7483892738819122,0.11890767514705658
1730,0.173957543,1784957200.036116,166.18627819726774,170.80325680320675,86.48698329553008,11,-0.001510235306341201,1.2593912705779076,0.11248857015743852
1732,0.173957543,1784957200.287661,181.55466989565952,171.34008208578672,72.41834015399218,11,-0.005893994733924046,1.4186474457383156,0.15218611108139157
1734,0.173957543,1784957200.566326,172.19431961995963,171.13242070210902,82.37205699831247,11,-0.0011431080201873556,1.7596464976668358,0.12944749975576997
1736,0.173957543,1784957200.8169441,186.49539896470492,171.41564930775928,77.14259266108274,11,-0.0015441704454133287,0.8373846523463726,0.17098212614655495
1738,0.173957543,1784957201.072012,177.37362376375268,171.10648584057114,71.63140461593866,11,-0.0013745125470450148,0.9704639203846455,0.12574733514338732
1740,0.173957543,1784957201.350045,173.12555190245814,171.12405094142053,78.94983471743762,13,-0.0016990572330541909,0.6801818907260895,0.14677070314064622
1742,0.173957543,1784957201.6058419,176.42656277908023,171.04301553682225,74.98681475501508,13,-0.00164963083807379,2.062135763466358,0.13938230089843273
1744,0.173957543,1784957201.859034,169.48547339119222,170.4940317819944,79.47835376486182,11,-0.0017465092823840678,1.9469289556145668,0.12799383886158466
1746,0.173957543,1784957202.13627,171.27668783544152,170.5222911726697,83.46760382130742,11,-0.0014003258547745645,0.924839660525322,0.1250308915041387
1748,0.173957543,1784957202.3887832,174.5895410407929,170.9591711583902,79.84236477687955,13,-0.0008176403352990746,1.8714964985847473,0.07950448826886714
1750,0.173957543,1784957203.071127,162.25829234457478,169.98257109463466,88.23883857019246,15,-0.0011573614901863039,0.779584176838398,0.10521324584260583
1752,0.173957543,1784957203.355571,170.9082076546477,169.4255466153592,81.2847647704184,12,-0.0009813835786189884,0.873796883970499,0.15206380654126406
1754,0.173957543,1784957203.714827,164.8960625122809,169.45551140665842,84.091827115044,12,-0.0014017029898241162,0.9040893223136663,0.1571705937385559
1756,0.173957543,1784957203.9971929,170.02905131579914,169.55519892756078,86.06026035733521,14,-0.0010573203617241234,0.8628766871988773,0.09390193875879049
1758,0.173957543,1784957204.2523289,173.5672283347127,170.07784550406882,80.17062312178314,12,-0.0022888112580403686,1.298423957079649,0.15661716414615512
1760,0.173957543,1784957204.504124,194.73878839673984,170.2483400250074,69.30093387514353,10,-0.0006047734277672134,2.0434548407793045,0.14903483353555202
1762,0.173957543,1784957204.781355,165.5625624818768,169.7860218015582,85.7884527258575,12,-0.0016947120311670005,1.888097122311592,0.11746347113512456
1764,0.173957543,1784957205.035446,175.4302032599545,170.06672555231577,85.30345976352692,12,-0.0014686881331726909,1.7856240719556808,0.1132036498747766
1766,0.173957543,1784957205.311595,185.69606096826308,171.0801688080744,71.67544171586633,11,-0.0009028258500620723,0.7794776074588299,0.12179362960159779
1768,0.173957543,1784957205.5670888,179.70187368519274,171.07654208124615,72.10755251068622,15,-0.0012913827085867524,1.6115071661770344,0.1616468927823007
1770,0.173957543,1784957205.8206332,173.5187255645537,171.1236845110938,86.96097051352262,12,-0.0021160165197215974,1.215568020939827,0.13887500809505582
1772,0.173957543,1784957206.098295,175.25172302661954,171.1363080610789,77.89468278549612,12,-0.0016185302520170808,0.865737073123455,0.13684697821736336
1774,0.173957543,1784957206.351578,164.62620742822483,170.70233578904688,90.97221786528826,13,-0.0013502241345122457,0.4807611871510744,0.10495336493477225
1776,0.173957543,1784957206.604456,161.16082241900958,170.790678725596,89.58890094421804,14,-0.0012902236921945587,1.0049080289900303,0.13352995039895177
1778,0.173957543,1784957206.882795,179.11429696410437,170.75973034485503,78.78944685216993,11,-0.0010680603809305467,1.169011365622282,0.1460279691964388
1780,0.173957543,1784957207.1371388,160.8195471329239,170.81436386886267,90.87617274001241,12,-0.0007922856020741165,1.2169757448136806,0.07366855931468308
1782,0.173957543,1784957207.4147542,168.3354743946641,170.73433703622632,87.77247716952115,12,-0.0012669044226640835,0.9540736600756645,0.11013914318755269
1784,0.173957543,1784957207.666996,176.45131772360048,171.27094637920683,81.08327826857567,9,-0.0004415068542584777,0.3965111542493105,0.12228687247261405
1786,0.173957543,1784957207.938965,168.44437485162075,170.861871202025,87.80151734873652,11,-0.0010239992116112262,1.1788733042776585,0.12236909149214625
1788,0.173957543,1784957208.2351758,171.31064560916633,171.15871408341044,86.09305999428034,10,-0.002024817542405799,1.1463627200573683,0.14533653389662504
1790,0.173957543,1784957208.503409,161.61432569980514,170.8329930928773,92.05684695020318,9,-0.0015146860750974156,1.1675246581435204,0.11415857030078769
1792,0.173957543,1784957208.754356,177.52367262944233,170.9774930341819,78.2703104428947,10,-0.002374699106439948,1.6375504359602928,0.13842097343876958
1794,0.173957543,1784957209.032834,165.82087421240635,171.1309032107568,85.5285177975893,11,-0.0018160046602133662,2.9419927150011063,0.15582504030317068
1796,0.173957543,1784957209.2855182,152.15396366222106,170.55445351084484,110.40264537930489,12,-0.0007726499461568892,1.637178897857666,0.07607485144399107
1798,0.173957543,1784957209.564338,165.7024073972316,170.2190086383536,81.63617945462465,9,-0.0014003231772221625,1.2560187056660652,0.14784640027210116
1800,0.173957543,1784957209.816291,185.3401596237886,171.05008112316037,64.82246599625796,13,-0.0020863835015916266,0.9279459677636623,0.1444510379806161
1802,0.173957543,1784957210.067921,173.05909876121342,171.51066923751324,81.59485969878733,12,-0.0009638603078201413,1.3916293755173683,0.10514726722612977
1804,0.173957543,1784957210.343976,182.79145198797468,172.03067141127286,80.5661443406716,11,-0.0016347465352737345,0.6975457929074764,0.1289531523361802
1806,0.173957543,1784957210.595257,182.66041806893256,172.75432805123134,74.28694494441152,11,-0.001929973077494651,0.7833233438432217,0.14327203668653965
1808,0.173957543,1784957210.8481321,183.36312818105085,173.1179930111137,74.88043977506459,13,-0.0017693117843009531,2.134185664355755,0.16111310431733727
1810,0.173957543,1784957211.125841,181.85316663586573,172.74482122005804,76.05472339689732,13,-0.0016416163416579366,0.5139615219086409,0.14275990100577474
1812,0.173957543,1784957211.379164,168.10724892785802,172.92238484792844,97.42010845243931,10,-0.0015474279061891139,2.0920186564326286,0.11750709917396307
1814,0.173957543,1784957211.657723,164.1401711552033,172.21881978740387,83.8208946287632,12,-0.0005230102688074112,0.7131483815610409,0.08624709118157625
1816,0.173957543,1784957211.910409,182.73134402375763,171.59651319412154,76.71108835190535,13,-0.0012938007421325892,0.8936299756169319,0.13278699899092317
1818,0.173957543,1784957212.16551,174.49005361415155,171.79970267371039,77.47274158522487,13,-0.001591350941453129,1.5264966413378716,0.15170454187318683
1820,0.173957543,1784957212.4663732,144.00140136532758,171.46861785766225,113.91603468358517,14,-0.0003835106617771089,1.523823868483305,0.08144827885553241
1822,0.173957543,1784957212.718862,176.16541773188584,171.35131401762126,87.20621793344617,12,-0.0009367826860398054,0.8513325899839401,0.13448436418548226
1824,0.173957543,1784957212.9701939,140.55646410964607,170.81285368485507,109.76866259798408,11,-0.001768388829077594,3.3419488668441772,0.1504538613371551
1826,0.173957543,1784957213.244004,179.88624851563682,171.2034287251305,71.25322870537639,11,-0.0004667938919737935,0.5757914949208498,0.14753763377666473
1828,0.173957543,1784957213.497458,160.4309339484734,170.95752933017772,99.58374033123255,13,-0.0023238406574819237,1.034935012459755,0.12127986270934343
1830,0.173957543,1784957213.7728052,184.47796437767568,171.33838276411643,76.99966561049223,10,-0.0008665856439620256,0.7163220569491386,0.09421805664896965
1832,0.173957543,1784957214.026835,173.85888052471896,171.26345747345732,76.0539910979569,12,-0.0019252976053394377,0.8249244578182697,0.13764125248417258
1834,0.173957543,1784957214.27971,173.47509409066035,170.67324175917855,81.98953425884247,12,-0.0006925198249518871,2.6899964958429337,0.08321842621080577
1836,0.173957543,1784957214.554959,178.53871295767547,171.28084520378547,83.63395470939577,9,-0.0006965459324419498,0.9456815272569656,0.10692531755194068
1838,0.173957543,1784957214.8082361,172.6072763491618,171.334463127934,78.12287927605212,13,-0.0012043468013871461,0.5948504693806171,0.1409122715704143
1840,0.173957543,1784957215.058453,186.18315011562592,172.04444870285698,70.08158625848591,11,-0.0023025532718747854,0.941398948431015,0.17990664299577475
1842,0.173957543,1784957215.333437,168.9573480303276,171.7769598438759,82.77355848625302,12,-0.0019718717667274177,1.1440730579197407,0.12719295360147953
1844,0.173957543,1784957215.589708,173.43709463314428,172.11732386611936,83.47335656359792,11,-0.0013043845538049936,1.2798711769282818,0.11169907869771123
1846,0.173957543,1784957215.864268,179.41272575950333,172.8066877353649,79.16991905681789,11,-0.0008138875127770007,1.406642284244299,0.07289294502697885
1848,0.173957543,1784957216.117024,177.04535576413014,172.85513388291704,70.98256919905543,11,-0.0013554453616961837,0.9260080493986607,0.10366931324824691
1850,0.173957543,1784957216.376555,170.695803804931,172.63180206243982,89.07567482441664,11,-0.0013448043318931013,0.9567742682993412,0.1542130634188652
1852,0.173957543,1784957216.654807,183.16216394573226,172.8979478809407,71.78594755381346,12,-0.0017364176455885172,0.4051254279911518,0.13924037106335163
1854,0.173957543,1784957216.931743,158.84318863868077,172.5580906879882,92.2467641197145,11,0.0004649811889976263,2.129576988518238,0.11232532514259219
1856,0.173957543,1784957217.183406,170.98888655539898,171.9994635116804,88.59794814139605,9,-0.0010297989065293223,3.3902603834867477,0.09204826923087239
1858,0.173957543,1784957217.458556,159.2818198094251,171.5256864707458,102.73225980810821,14,-0.001960907888133079,1.7978680580854416,0.12054887320846319
1860,0.173957543,1784957217.711561,163.55459824193125,171.37101657092933,97.20792144536972,11,-0.002064639935269952,2.295114576816559,0.053680386394262314
1862,0.173957543,1784957217.9863648,159.83239694098862,171.45099076711801,97.90799307636917,11,-0.0015120737516554072,3.400847353041172,0.0771694234572351
1864,0.173957543,1784957218.239157,150.57696665243506,171.31158552628608,93.5793332643807,11,-0.0016484977677464485,1.086250014603138,0.10322765167802572
1866,0.173957543,1784957218.491862,174.47729210739286,171.74876064436623,84.43767128325999,12,-0.001732321281451732,1.0988036096096039,0.143585124053061
1868,0.173957543,1784957218.7690518,171.81518822024492,171.74799422595518,92.84544089436531,10,-0.0010199781972914934,1.4644619598984718,0.08415926387533545
1870,0.173957543,1784957219.02219,148.3196015921456,171.9170431849783,115.45018641650677,10,-0.0007969394791871309,2.7850648909807205,0.07492664246819913
1872,0.173957543,1784957219.27325,191.6589462006808,172.62464892984283,67.05273875687271,12,-0.002211565733887255,1.6227512061595917,0.11221375688910484
1874,0.173957543,1784957219.545838,178.05855671257137,172.5847701495174,79.09964589774609,10,-0.00155264709610492,1.8110732585191727,0.13876772951334715
1876,0.173957543,1784957219.796027,153.82098509224218,171.7983580723358,104.90233312919736,14,-0.0006127387750893831,4.947070747613907,0.12586678890511394
1878,0.173957543,1784957220.068044,181.5527229837831,172.36101346309545,71.7410457059741,12,-0.0015900616999715567,1.378313947468996,0.14111412037163973
1880,0.173957543,1784957220.3192089,142.72349144083987,171.60757658635757,131.28812960535288,12,-0.0015431264473591,2.6810495406389236,0.10690013086423278
1882,0.173957543,1784957220.571132,171.61801556643988,171.7272583475509,80.79599949717522,10,-0.0014753728464711457,1.0585539303719997,0.11097029969096184
1884,0.173957543,1784957220.849022,184.34727753263493,172.09796569412072,75.24600515887141,12,-0.0012275745975784957,1.1230561546981335,0.17947556264698505
1886,0.173957543,1784957221.100579,150.71734423829972,171.29642283707292,105.94141867384315,14,-0.001782807899871841,0.7935451902449131,0.13941054046154022
1888,0.173957543,1784957221.370828,170.47466169205688,171.53287927876656,83.8410478439182,10,-0.002753071836195886,1.3911764174699783,0.1646445826627314
1890,0.173957543,1784957221.646228,192.35512972878757,171.1556357670031,71.57589982450008,9,-0.0014388866475201212,1.6257127150893211,0.14365663612261415
1892,0.173957543,1784957221.896806,168.5361510741543,171.15953822090003,86.81817261502147,14,-0.0016258170071523637,0.6222479306161404,0.13381838100031018
1894,0.173957543,1784957222.171617,177.24635837428863,170.89678484914762,76.24676223099232,9,-0.0009841143328230828,0.9883743561804295,0.09198382985778153
1896,0.173957543,1784957222.7894359,196.7078938368438,171.58535659139085,61.66700481809676,11,-0.0011198581487406045,1.1063837558031082,0.10768578574061394
1898,0.173957543,1784957223.0644999,173.33581997123494,172.0558252691445,88.27093996014446,14,-0.0016705847374396399,0.8014059849083424,0.1591065996326506
1900,0.173957543,1784957223.340754,164.15825721660727,171.65278664807337,86.80030365847051,11,-0.0011870485031977296,0.7185941822826862,0.10399472340941429
1902,0.173957543,1784957223.594358,167.10517564783146,171.27924625276964,84.98225369118154,11,-0.0006213720043888316,1.080759409815073,0.06735841766931117
1904,0.173957543,1784957223.845879,173.40105456069608,171.2154604073693,79.05390288308263,11,-0.0017678241711109877,1.4033136889338493,0.11657616728916764
1906,0.173957543,1784957224.1221771,187.70498224971644,171.52083001095775,68.82638281211257,11,-0.0015869875205680728,1.4136703312397003,0.129887324757874
1908,0.173957543,1784957224.381164,175.1123719575329,171.6956686470309,79.98700416833162,13,-0.0013011142727918923,1.3371615894138813,0.14589782431721687
1910,0.173957543,1784957224.65616,157.79152680030745,171.8499115952847,93.3335842192173,12,-0.002034877164987847,2.1154542937874794,0.147576748393476
1912,0.173957543,1784957224.908951,180.61751711202444,171.2799887940015,80.2020193580538,15,-0.0014394789177458733,1.8758431449532509,0.1377241062000394
1914,0.173957543,1784957225.225693,179.5163406577785,172.07504529745398,76.73600373230875,12,-0.0014551591011695564,0.8300320878624916,0.13039080472663045
1916,0.173957543,1784957225.5046778,167.54870658940314,171.66988948651388,89.73306888341904,11,-0.0010651585180312395,0.8061788640916348,0.10347831295803189
1918,0.173957543,1784957225.755112,160.76283754568183,171.11932344821219,88.77073616534472,12,-0.0002002582186833024,1.3002893328666687,0.08416097005829215
1920,0.173957543,1784957226.029387,184.15484113353799,171.560026257453,69.21991925872862,11,-0.0035808365064440295,1.046562097966671,0.12382770935073495
1922,0.173957543,1784957226.303152,186.36267359073085,171.37214048000158,72.37749475613236,9,-0.001571927685290575,0.9987568072974682,0.10352991847321391
1924,0.173957543,1784957226.550698,180.1879278565796,172.34639482460082,82.79156360775232,13,-0.0011402419477235526,0.8819367364048958,0.11920224316418171
1926,0.173957543,1784957226.8278558,174.4365778501753,172.74807313489532,77.50370595231652,12,-0.001148196228314191,0.7107476815581322,0.11767070414498448
1928,0.173957543,1784957227.079592,194.56483048126847,172.74874609627776,65.7426618039608,12,-0.0010804419871419668,1.4698817059397697,0.08556357817724347
1930,0.173957543,1784957227.330338,169.31321636220923,172.87309582436902,85.5175407268107,11,-0.0017171377694467083,0.7307257726788521,0.17421294376254082
1932,0.173957543,1784957227.604969,181.27276725574532,172.7612132803626,74.5395172983408,10,-0.002263879810925573,0.9252426289021969,0.12797210551798344
1934,0.173957543,1784957227.855208,164.5170344926528,172.3322100714774,102.60243183746934,12,-0.0011037816293537617,0.9475503526628017,0.1260245405137539
1936,0.173957543,1784957228.1075451,182.99018310055035,173.08189278649428,76.70849633216858,12,-0.0017538157990202308,1.34621974080801,0.15797797497361898
1938,0.173957543,1784957228.383001,177.69281362949198,173.14339825846434,78.72683107480407,12,-0.0015454856329597533,0.7192370630800724,0.12995092431083322
1940,0.173957543,1784957228.634864,185.54223175606697,173.32049493219267,76.10454000532627,11,-0.0007401447801385075,1.750261329114437,0.09754349943250418
1942,0.173957543,1784957229.3414788,200.76844101296322,173.9656202799494,67.46124721318483,9,-0.0011404547258280218,1.1431414224207401,0.12031038431450725
1944,0.173957543,1784957229.619787,173.34818107095708,174.27132428928311,77.4272536560893,11,-0.0013319891586434096,1.005143091082573,0.1162509098649025
1946,0.173957543,1784957229.871022,185.27959578752188,173.8302756301668,68.27425872161984,13,-0.0016546393453609198,1.1301013641059399,0.1660990733653307
1948,0.173957543,1784957230.146178,168.79768868336515,173.52976245597466,90.20153591036797,11,-0.0009274326730519533,0.6544705145061016,0.07734501385129988
1950,0.173957543,1784957230.396538,176.6598951406093,174.2678159622732,79.3855360597372,10,-0.0017800541027099825,1.1784013956785202,0.16649659583345056
1952,0.173957543,1784957230.669729,177.82915042038613,174.1779523232872,75.56129813939333,12,-0.0014899687957949936,1.164618406444788,0.14705077977851033
1954,0.173957543,1784957230.9469702,170.908601013663,174.38648784705634,79.60213646665215,10,-0.002124491147696972,0.6619543358683586,0.15263996040448546
1956,0.173957543,1784957231.197952,181.267622425883,174.43059383920908,75.83684153296053,11,-0.0010700260754674673,0.8828345984220505,0.09521940676495433
1958,0.173957543,1784957231.475216,170.0221248101978,174.20241562124116,90.47138887643814,13,-0.0006959938909858465,1.53289545327425,0.08789968839846551
1960,0.173957543,1784957231.727455,182.11754615111175,174.48026646040503,75.67065563239157,9,-0.0008941823616623878,0.8063935413956642,0.0929239820688963
1962,0.173957543,1784957231.9774442,174.20777902765937,175.29819567613427,73.83070769533515,11,-0.001248930871952325,0.7217102069407701,0.14068926218897104
1964,0.173957543,1784957232.261497,168.8388823452851,175.40269033148832,82.34182090312243,10,-0.0026070892345160246,0.6499510444700718,0.11550477659329772
1966,0.173957543,1784957232.516296,160.3108486401705,175.21773088448313,95.24201984889805,12,-0.0011602413287619129,1.1459241174161434,0.11687258305028081
1968,0.173957543,1784957232.767213,176.37831241344725,175.91106195750936,79.78783133625984,11,-0.0011262547341175377,0.7494766488671303,0.10406327294185758
1970,0.173957543,1784957233.038673,174.53554553685927,175.89392800725952,85.32308239117265,14,-0.0017631300652283244,1.7700526490807533,0.15521970856934786
1972,0.173957543,1784957233.290817,170.12067358400384,175.5854738482932,77.35860338434577,12,-0.0014513992064166814,0.9241721145808697,0.10561570851132274
1974,0.173957543,1784957233.565543,143.9075381432201,174.82015809474046,102.21688472107053,12,-0.0008709228422958404,2.331380896270275,0.058055209927260876
1976,0.173957543,1784957233.817441,186.36535361016922,175.22707793401563,76.45646794512868,10,-0.0011507260496728122,1.6272045746445656,0.1421484351158142
1978,0.173957543,1784957234.067203,174.47987129172705,174.8298683520636,78.35555630549788,10,-0.0012130054528824985,0.9276706259697676,0.11007224908098578
1980,0.173957543,1784957234.3434281,189.21568176815828,175.4413840388814,67.83841212838888,10,-0.0007394165731966496,1.0163511261343956,0.10486381221562624
1982,0.173957543,1784957234.597533,161.91337133967608,175.3952633538612,95.59217669069767,11,-0.0016335897234966978,1.703510396182537,0.13331827986985445
1984,0.173957543,1784957234.848171,164.66980561458698,175.57427120408573,89.80448910221457,12,-0.0020662298193201423,1.2771651558578014,0.15466256299987435
1986,0.173957543,1784957235.1416278,174.28871381362245,175.37525294934187,91.31716953963041,11,-0.002023159628151916,0.2985993642359972,0.1512993210926652
1988,0.173957543,1784957235.3912709,167.60780032452257,175.06489436514823,89.54215721040964,11,-0.000744997727451846,1.410493291914463,0.08719273959286511
1990,0.173957543,1784957235.6692579,161.19876026269188,174.59466404772388,91.01515828073025,13,-0.0007628763123648241,2.0011048763990402,0.06897233542986214
1992,0.173957543,1784957235.920802,174.39017991855374,174.0412043660999,85.11819141730666,13,-0.0006989831599639729,0.8703009746968746,0.07007850706577301
1994,0.173957543,1784957236.170222,172.2256061977558,173.9056033180394,87.7631916878745,14,-0.001004965219181031,1.2908428087830544,0.1284353295341134
1996,0.173957543,1784957236.443833,180.98415217212948,173.75010966164535,79.42733239382505,9,-0.001195496879518032,0.8214701153337955,0.08363452390767634
1998,0.173957543,1784957236.698806,147.71855576044462,172.8336214072362,129.88603959605098,16,-0.0014419627841562033,4.712454594671726,0.11899269185960293
2000,0.194672252,1784957237.347824,162.3360117408438,172.11830262898235,85.58855769783258,12,-0.0015191015554592013,0.7424635142087936,0.1296724765561521
2000,0.194672252,1784957237.347824,162.3360117408438,172.11830262898235,85.58855769783258,12,-0.0015191015554592013,0.7424635142087936,0.1296724765561521
