_step,_runtime,_timestamp,train/reward,train/reward_rolling_avg,train/distance,train/consumption,train/actor_loss,train/critic_loss,train/entropy
2,0.183256709,1785043380.056582,-1611.874037352717,-2066.0389152084226,1903.0788660645485,114,-0.01456605052226223,5300.8829345703125,0.6416277773678303
4,0.183256709,1785043380.757112,-1140.5387879749271,-1504.2355651422795,1623.488704815507,101,-0.008022312977118418,2688.9273223876953,0.6411878205835819
6,0.183256709,1785043381.7717388,-345.1782470429002,-1128.2264219620254,938.3972809240222,78,-0.008557511842809618,309.66868019104004,0.5650354810059071
8,0.183256709,1785043382.773439,-18.919578354628236,-886.9321280862052,419.47894805669785,36,-0.006389477668562904,15.50866711139679,0.43608357943594456
10,0.183256709,1785043383.522942,-6.169903527925567,-716.4682268320099,382.64300698786974,35,-0.0064788899617269635,23.8886821269989,0.3445248082280159
12,0.183256709,1785043384.643421,46.4096842935637,-592.9726320763954,313.8496128208935,27,-0.0064945133635774255,10.875937283039093,0.40039530396461487
14,0.183256709,1785043385.289214,86.72027767370601,-495.55863726844433,203.4604377578944,19,-0.009003936778753996,6.054548799991608,0.19857448246330023
16,0.183256709,1785043386.4309618,140.2915230128782,-417.16775320149867,142.3285757638514,7,-0.0016027172096073627,19.50645649433136,0.20578593760728836
18,0.183256709,1785043387.1593668,130.34575145547564,-355.11588546677257,139.7706207856536,5,-0.0029780673794448376,2.532835565507412,0.23490627575665712
20,0.183256709,1785043387.53564,118.84163164322145,-307.44679692134594,157.6932737454772,13,-0.0014653418329544365,11.83854815363884,0.18114221096038818
22,0.183256709,1785043387.841551,106.81286049875366,-268.9420752402059,190.98097187280655,15,-0.002664187573827803,5.385675400495529,0.12267935555428267
24,0.183256709,1785043388.1504269,102.61504351218495,-237.080987049728,166.15306501090527,8,-0.0025732581852935255,1.5942500904202461,0.22399415262043476
26,0.183256709,1785043388.7830532,156.2351628230134,-207.66494154820677,101.30674710031599,9,-0.0038629562477581203,15.457239031791687,0.19780056457966566
28,0.183256709,1785043389.1010408,134.33179826144917,-182.93701535960471,129.13956385292113,15,-0.004588959971442819,4.322342664003372,0.3314979914575815
30,0.183256709,1785043389.442809,63.770184726046146,-166.02553387488524,255.1907067373395,20,-0.0038187517784535885,2.2195640951395035,0.25688534788787365
32,0.183256709,1785043389.714533,95.56262568133106,-149.50547076372328,193.26217676699162,17,-0.0031368875497719273,14.298470243811607,0.31021979078650475
34,0.183256709,1785043389.9972951,98.01138912173407,-134.4987590948793,197.586992431432,17,-4.3611740693449974e-05,2.708264172077179,0.2567632980644703
36,0.183256709,1785043390.272384,125.8449954628984,-120.36141258072007,139.99174700677395,13,-0.00339286656526383,15.580979496240616,0.24545582756400108
38,0.183256709,1785043390.5823538,118.14912344985338,-107.31435067579444,155.1620157957077,10,-0.006325039576040581,3.2260508984327316,0.2481636693701148
40,0.183256709,1785043390.854051,119.90087793021729,-95.85246912475901,162.94215872511268,16,-0.0030007744644535705,3.1760478615760803,0.29152801632881165
42,0.183256709,1785043391.1203809,114.85741328995441,-85.16510905703015,153.19528741762042,15,-0.0028814782854169607,13.422039866447449,0.28484985046088696
44,0.183256709,1785043391.408318,109.84022264065274,-76.1674887757605,140.71449851244688,8,-0.0011039826204068959,0.9660162050276995,0.26176435593515635
46,0.183256709,1785043391.6651862,132.26548152044325,-67.37232087984769,135.59957081079483,9,-0.0004351257812231779,2.0623755529522896,0.1907378602772951
48,0.183256709,1785043391.921408,129.42638989369343,-58.77636595749092,132.75441110413522,11,-0.004551011195871979,8.89853310585022,0.34562368504703045
50,0.183256709,1785043392.5642931,124.05577839088525,-50.81740924545361,142.33807282149792,15,-0.001639990834519267,4.336548015475273,0.32370482943952084
52,0.183256709,1785043392.861079,108.69442596579486,35.9134836691611,154.14636889100075,20,-0.00033140211598947644,3.9137581884860992,0.3175965603441
54,0.183256709,1785043393.1569438,92.03492749719415,77.43358436694857,204.52223475277424,16,-0.0024395869695581496,3.100181356072426,0.25507976301014423
56,0.183256709,1785043393.4290502,111.30937126788413,96.87533680747129,155.21320232748985,18,-0.01035829758620821,0.9468868188560009,0.31326264701783657
58,0.183256709,1785043393.7809222,125.153814481083,108.03567853101859,131.2945850417018,13,-0.0030177501612342894,2.533161260187626,0.3511140998452902
60,0.183256709,1785043394.072167,100.68445722601163,113.5283368441901,163.50647814571857,14,-0.0028340389544609934,1.7559359297156334,0.3036568220704794
62,0.183256709,1785043394.338642,107.39004494015016,117.19021974799249,184.42138471454382,14,-0.004582648689392954,4.079341024160385,0.2942390888929367
64,0.183256709,1785043394.648312,121.83314108021038,118.86691270028547,148.49916103482246,12,-0.0021159722964512184,5.586069270968437,0.33436323143541813
66,0.183256709,1785043394.935401,128.73908460322758,119.09846446418896,152.46744526922703,12,-0.0033925879979506135,4.344992712140083,0.1970079392194748
68,0.183256709,1785043395.243287,126.26741526662752,119.09092978174407,126.34088944643736,10,-0.007763615984003991,3.4474538564682007,0.22785653173923492
70,0.183256709,1785043395.565491,119.52077997256501,119.25490899859673,132.9733020476997,10,-0.0010721665021264926,2.8094116151332855,0.18944027367979288
72,0.183256709,1785043395.915404,125.0519059525273,119.79315940798598,136.08294160664082,10,-0.003429005912039429,1.0710792429745197,0.32394031062722206
74,0.183256709,1785043396.261848,121.00050897969297,120.5799038248151,135.96560874581337,11,-0.003656425076769665,2.550636738538742,0.25627562403678894
76,0.183256709,1785043396.592574,136.95020550549313,119.96670134756336,112.71940620802343,10,-0.0031041698821354657,1.7948440089821815,0.29125894233584404
78,0.183256709,1785043396.917427,146.41000219012653,120.33794176441502,118.35256311297417,12,-0.0032849411945790052,0.86845763027668,0.2627935679629445
80,0.183256709,1785043397.2101052,136.88679082691823,123.06297396485961,130.0396588370204,14,-0.003911786174285226,3.730757214128971,0.27639838587492704
82,0.183256709,1785043397.505553,127.34495462008793,124.40079484709604,138.33223720267415,16,-0.002801046008244157,2.266266979277134,0.2529590968042612
84,0.183256709,1785043397.777996,132.68741512135546,125.59333888911813,129.4671484529972,17,-0.002503872208762914,2.8408026918768883,0.24744822829961777
86,0.183256709,1785043398.093024,142.3489364230908,126.62735705924032,119.84515608288348,14,-0.003198980586603284,1.2654005959630013,0.24272322840988636
88,0.183256709,1785043398.7162921,137.05671334827446,127.5467272075097,140.56643756851554,17,-0.0028173954488011077,2.2118099629879,0.17931511066854
90,0.183256709,1785043398.986985,145.5086506967095,127.88432758831902,109.72355538792908,16,-0.003475047036772594,2.5748532339930534,0.29597192630171776
92,0.183256709,1785043399.307298,146.98727155891964,128.8702526902851,106.60783067625016,14,-0.0032193069346249104,1.910933069884777,0.2900052089244127
94,0.183256709,1785043399.58182,121.4075110532618,129.50376963595917,142.44666132330894,14,-0.0024776648497208953,1.0130341984331608,0.24053827952593565
96,0.183256709,1785043399.85646,142.5680796051478,130.2269148123296,116.6412136927247,16,-0.004063576940097846,1.5934593379497528,0.3168318551033735
98,0.183256709,1785043400.160853,119.9467130573907,129.56241079241016,141.20515126734972,22,-0.005623899109195918,2.4958198219537735,0.3321965057402849
100,0.183256709,1785043400.4308422,133.60235307748002,129.36908324744792,133.75173568725586,16,-0.003740935819223523,2.500395603477955,0.29696974344551563
102,0.183256709,1785043400.715199,125.81269730093143,130.31069462354958,133.6320907957852,15,-0.003588186125853099,1.428146667778492,0.24190381541848183
104,0.183256709,1785043400.9733691,127.38989580707884,131.67075449979257,135.11115930229425,13,-0.003468737762887031,1.4560632854700089,0.1827765079215169
106,0.183256709,1785043401.230127,113.82212317447913,132.3246827340821,141.96272956579924,9,-0.004572002275381237,3.1335050463676453,0.37773346714675426
108,0.183256709,1785043401.5108879,150.7933120350301,133.26824855008988,101.25339931249619,10,-0.00242345713195391,2.227441392838955,0.21190833114087582
110,0.183256709,1785043401.80833,149.58325781999307,134.78248258909449,108.44637746363878,11,-0.0018161814004997723,1.6074884161353111,0.17791233956813812
112,0.183256709,1785043402.065217,143.7898662046373,135.55163806344183,114.81687916815281,8,-0.0039058003312675282,3.851107820868492,0.25974429305642843
114,0.183256709,1785043402.348068,163.26540834488506,136.17978054939593,96.15023154765368,9,-0.0040943080093711615,1.518109504133463,0.28100335597991943
116,0.183256709,1785043402.603075,118.63834763781603,135.74291106979464,123.44500203989446,12,-0.004660804464947432,2.553537495434284,0.2735816789790988
118,0.183256709,1785043402.88331,149.01846073375893,135.89011293747922,114.7042447924614,10,-0.0024866044986993074,1.669680628925562,0.21889052260667086
120,0.183256709,1785043403.164216,147.0365415052179,136.81347479073972,118.7884247712791,10,-0.0028206701390445232,1.0703200213611126,0.26285557448863983
122,0.183256709,1785043403.7997482,139.29590345574024,137.72566733484385,119.46413828805089,13,-0.004512624422204681,1.2859119474887848,0.3171509150415659
124,0.183256709,1785043404.083906,129.42698756242513,137.2438646485953,134.4479518868029,13,-0.004064064240083098,0.6662072539329529,0.3050900995731354
126,0.183256709,1785043404.3431292,144.5016160496051,137.73977873763386,122.32637370377779,11,-0.00252559274667874,1.5128893107175827,0.2673803484067321
128,0.183256709,1785043404.599513,138.5136878335045,137.22265437620592,124.72012347728014,15,-0.007483970330213197,1.0836228542029858,0.3926153816282749
130,0.183256709,1785043404.881495,140.06011417660693,136.8963677124579,119.46461204066873,16,-0.003368420308106579,1.3211457654833794,0.348726999014616
132,0.183256709,1785043405.144534,150.25704042518447,136.97026235680278,108.2618459276855,12,-0.006145438819658011,1.7948750741779804,0.29238518327474594
134,0.183256709,1785043405.4276962,156.8319315807134,137.37340550459513,100.79786128923297,13,-0.006219704227987677,1.035155925899744,0.21435190457850695
136,0.183256709,1785043405.687707,139.5349882482812,137.13879353343862,124.53213306702673,12,-0.003366079996339977,2.2537599205970764,0.27261979784816504
138,0.183256709,1785043405.943425,128.672919658693,136.13381678204058,151.68882318213582,11,-0.0032200372661463916,1.5911333709955215,0.30798837915062904
140,0.183256709,1785043406.225186,148.4224444599865,136.39473655238038,102.47245183587074,14,-0.0035036403278354555,1.483245313167572,0.2826600465923548
142,0.183256709,1785043406.483665,127.9221795180439,135.64558551398616,139.6973436512053,14,-0.002863598769181408,1.6869252622127533,0.2664798507466912
144,0.183256709,1785043406.741237,135.5004561301251,136.0146052618887,122.11247366294265,14,-0.003215789038222283,2.766816131770611,0.26259337924420834
146,0.183256709,1785043407.02141,122.9007834008059,135.61583526796608,138.61874821409583,15,-0.010601846675854176,0.9271074794232845,0.39235348999500275
148,0.183256709,1785043407.303398,152.90506723708265,136.84122179031786,109.84956935420632,11,-0.0011553470249054953,1.129271760582924,0.19633338134735823
150,0.183256709,1785043407.6142871,122.58526865695441,136.55514299627677,146.87897703051567,20,-0.0032002945663407445,2.857997342944145,0.25594559218734503
152,0.183256709,1785043407.895801,154.70750359239005,137.29897120819246,104.08974447473884,14,-0.005821152939461172,2.178087629377842,0.34769874811172485
154,0.183256709,1785043408.2239869,149.01984280112418,137.65345609189734,102.3099111393094,13,-0.005155735881999135,1.2175320573151112,0.3291532061994076
156,0.183256709,1785043408.52945,153.69843626050272,138.12172330575,111.0465925540775,14,0.001216778182424605,2.0894520953297615,0.31373050436377525
158,0.183256709,1785043408.789293,152.582138958239,138.30571554368768,109.72312807291746,10,-0.004245730524417013,2.986138090491295,0.26150112971663475
160,0.183256709,1785043409.0528052,148.8865090575325,138.23545480773507,109.53918073885143,12,-0.004185948055237532,2.3466982543468475,0.27799527905881405
162,0.183256709,1785043409.3541398,139.77083393070347,138.48976716012695,114.0507286414504,14,-0.0008827929850667715,1.468054935336113,0.30323493480682373
164,0.183256709,1785043409.640417,144.25351681436769,138.0942947253023,125.27685734629631,16,-0.003611809224821627,1.714711755514145,0.27020991314202547
166,0.183256709,1785043409.971102,153.45774370150076,139.1142901061301,111.90957400202751,13,-0.0016938132466748357,1.9626129493117332,0.269618371501565
168,0.183256709,1785043410.23822,120.83328734904207,138.75326387668562,157.29196318238974,15,-0.003936184191843495,2.414967857301235,0.24790531303733587
170,0.183256709,1785043410.507211,122.68580257746063,137.88974803118447,137.65397936850786,15,-0.003978241598815657,1.1057272888720036,0.3246025573462248
172,0.183256709,1785043410.798563,153.45413878262306,137.98605319049796,102.17548162862659,13,-0.002203663229010999,1.34091816842556,0.26431957352906466
174,0.183256709,1785043411.0633118,156.88512175945567,139.12412204604018,95.14213266596198,13,-0.0025726070161908865,0.9538061358034611,0.25906529277563095
176,0.183256709,1785043411.326779,151.01512589066664,139.68082066317055,106.89445480331779,9,-0.004765959631185979,1.5999189168214798,0.2888866737484932
178,0.183256709,1785043411.6178591,133.67055983391808,140.06799005960204,127.14101787097752,13,-0.0011652543034870178,0.5407419092953205,0.2882063081488013
180,0.183256709,1785043411.874749,122.9215849978882,139.81901930910533,160.93477272987366,8,-0.0036080465652048588,3.0913462787866592,0.2293749786913395
182,0.183256709,1785043412.161694,160.44526065165377,140.37191200668022,99.4410136975348,11,-0.002506905235350132,1.1180323623120785,0.23666134662926197
184,0.183256709,1785043412.4206028,132.51082044780944,140.1163867785015,126.23302458971739,15,-0.002237101551145315,1.9398298189043999,0.25707883201539516
186,0.183256709,1785043412.6798441,148.23423749910708,140.34785665297375,103.66481596976519,14,-0.00010371563257649541,1.0780518241226673,0.3116986472159624
188,0.183256709,1785043412.987351,162.66590130230566,141.36024647092876,107.39251669496298,9,-0.0002945309388451278,0.6409121304750443,0.29826228879392147
190,0.183256709,1785043413.864078,166.6748349562983,142.18615162335038,95.40189238265157,7,-0.006176247683470137,1.3100668638944626,0.2934181485325098
192,0.183256709,1785043414.15761,148.81609409084032,142.62214509294122,113.02358432859182,12,-0.004568864707835019,1.06013647839427,0.2736297184601426
194,0.183256709,1785043414.476106,134.82183584801592,142.99250824744144,123.04524172842503,19,-0.003353975072968751,1.1744664497673512,0.27795732859522104
196,0.183256709,1785043414.7454212,152.5282390189719,143.2116032673866,118.25973777472973,17,-0.0030094244284555316,1.9101834818720818,0.2682868745177984
198,0.183256709,1785043415.0364008,134.6225594077967,142.749624384935,122.92092210054398,19,0.000266837450908497,1.6200595125555992,0.336438937112689
200,0.183256709,1785043415.3600361,161.7427916621519,143.46880076581044,91.7125772871077,13,-0.0018036383698927239,0.9985417202115059,0.29814361222088337
202,0.183256709,1785043415.6280792,132.2842883525286,143.32705423174622,120.67637811228633,13,-0.003388596815057099,2.8096304684877396,0.2472367687150836
204,0.183256709,1785043415.91659,110.11928974894414,143.1860154098603,171.53525882214308,10,-0.0037216469063423574,1.1613001711666584,0.1257477831095457
206,0.183256709,1785043416.212189,145.34268723247965,143.1656952326221,117.13390500098467,10,-0.0025123386731138453,0.9973989054560661,0.27514023426920176
208,0.183256709,1785043416.818228,170.66000836699538,143.52692309985264,89.15086634457111,9,-0.0018392872589174658,1.4597449265420437,0.27454145159572363
210,0.183256709,1785043417.131829,164.30979682090944,144.1980628042434,93.89058115333319,13,-0.00041793688433244824,1.0656029023230076,0.23249282129108906
212,0.183256709,1785043417.396346,158.13518186388046,144.55674615822153,96.39545837789774,11,-0.0030218064930522814,1.6603364534676075,0.2761487206444144
214,0.183256709,1785043417.687923,131.26710612252623,144.6218045972394,135.1462448090315,15,-0.0038094607298262417,1.3771124444901943,0.22952727507799864
216,0.183256709,1785043417.948831,130.78888909058782,144.121781115381,126.82989458367229,16,-0.010138737212400883,1.8617604225873947,0.25447875913232565
218,0.183256709,1785043418.210911,148.9851338375054,144.80310859624623,115.6681713834405,13,-0.0023567604075651616,2.013327620923519,0.19534520711749792
220,0.183256709,1785043418.498858,147.71479596574522,145.6281100501614,109.39437602832913,16,-0.003368517616763711,1.7334499955177307,0.31569856964051723
222,0.183256709,1785043418.776727,142.64751565222372,145.11937220213665,121.70621403306723,12,-0.0018945868214359507,2.1682427376508713,0.24890365358442068
224,0.183256709,1785043419.044702,163.66261246184166,144.9350374774778,83.26561986282468,12,-0.0068277174141258,1.7486371584236622,0.2962441146373749
226,0.183256709,1785043419.332624,131.2393797682906,144.6247528755098,142.37842391431332,11,-0.0011679405579343438,1.1453738622367382,0.14213883318006992
228,0.183256709,1785043419.592896,138.5230568626326,144.67161573884675,106.03183928132057,11,-0.011970637715421617,2.313725396990776,0.23309312108904123
230,0.183256709,1785043419.899364,142.44462750619428,145.79063194552845,118.74162703752518,13,-0.003073877771385014,1.253293376415968,0.3033445915207267
232,0.183256709,1785043420.1560068,143.05647866092906,145.65587342164517,121.80388207361102,14,-0.0028505984228104353,1.829471729695797,0.18314472865313292
234,0.183256709,1785043420.422053,155.4337444385311,146.13919174954663,95.33647284284234,12,-0.0025465412763878703,1.7873296439647675,0.22477812878787518
236,0.183256709,1785043420.716913,139.21015515366835,146.45644305703627,115.04345747083426,9,-0.003556563548045233,1.0689174234867096,0.21295735239982605
238,0.183256709,1785043420.97841,146.55525920312888,146.25583431533562,106.34273244440556,12,-0.006791616979171522,0.6247275192290545,0.2416160311549902
240,0.183256709,1785043421.2621498,139.96954024725255,145.6358533716276,104.17335518449545,13,-0.010415895536425523,0.8735536597669125,0.30434324592351913
242,0.183256709,1785043421.565579,147.7041233033046,145.3732964789477,109.29409817047417,12,-0.0029552773339673877,0.6643147841095924,0.25609838496893644
244,0.183256709,1785043421.835635,137.74345874403406,145.4676149828147,115.25033574178815,14,-0.00236069256789051,2.2100878953933716,0.18645861465483904
246,0.183256709,1785043422.1322,159.17516776350755,146.14628582498082,92.33423617109656,12,-0.0031540613854303956,1.1870466023683548,0.30258177034556866
248,0.183256709,1785043422.404383,153.37260938194652,146.50369427630088,95.96602715551853,11,-0.001641821931116283,0.9299808405339718,0.2529967287555337
250,0.183256709,1785043423.228132,145.60953706490824,146.45208805095663,109.77546203508973,15,-0.0017957661766558886,1.0981737598776817,0.19847919046878815
252,0.183256709,1785043423.552842,156.56212540578628,146.80112456695244,107.22551677376032,18,-0.0057824545074254274,1.3918249569833279,0.234772190451622
254,0.183256709,1785043423.82906,143.85600378848963,146.99569441776993,124.87894842401147,18,-0.0002569926728028804,1.8640261515974998,0.23639275133609772
256,0.183256709,1785043424.119375,154.58258006562687,147.60266717083044,101.99817158281803,14,0.0037567944382317364,2.18894162774086,0.2666791770607233
258,0.183256709,1785043424.4070091,115.86353593685524,146.59531912747897,153.94051180779934,12,-0.002548237913288176,0.7923794575035572,0.21444460470229387
260,0.183256709,1785043424.674465,153.57926047651165,146.74056462574495,98.26994109712541,13,-0.0015488887438550591,1.1281253919005394,0.24805595260113478
262,0.183256709,1785043424.974026,160.9420092738825,147.1576411410286,85.73240576311946,12,-0.0031708591850474477,0.8598567321896553,0.1925167255103588
264,0.183256709,1785043425.2425249,141.15825933862806,147.49158108910876,108.13712640479207,13,-0.003624285207479261,1.1034872457385063,0.3034665696322918
266,0.183256709,1785043425.5377338,135.5517254772826,147.5581421815965,133.39088257402182,17,-0.0024897968396544456,2.0099138244986534,0.24650061037391424
268,0.183256709,1785043425.835976,153.54748585617634,147.0513169686439,105.43613091483712,13,-0.003104904739302583,1.1729073375463486,0.2476615784689784
270,0.183256709,1785043426.105758,153.9176949553201,147.14024593845306,106.73908430337906,12,-0.0016309318016283214,0.715456735342741,0.1516055902466178
272,0.183256709,1785043426.368684,146.17527283035224,147.19115636348772,105.07549979165196,14,-0.0018489625654183328,1.3103693276643753,0.18908006511628628
274,0.183256709,1785043426.658561,154.930604121838,147.20416080197813,99.82005029544234,11,-0.00419644033536315,1.33563943952322,0.21909657213836908
276,0.183256709,1785043426.923033,149.12666288961847,147.18521443129612,118.01547264307737,13,-0.0015308310248656198,1.0434704422950745,0.17582506779581308
278,0.183256709,1785043427.2047958,132.31781062200673,147.28567864845851,122.93032877892256,11,-0.00398356665391475,1.4516899064183235,0.2312236102297902
280,0.183256709,1785043427.5794282,147.4887441907924,147.19578037854072,97.4504189118743,16,-0.0038239886634983122,1.537649042904377,0.26503768377006054
282,0.183256709,1785043427.8405938,144.84217073098685,147.38857665961234,109.87426523678005,12,0.001836380863096565,2.5218055844306946,0.21481102611869574
284,0.183256709,1785043428.125249,156.91447956113396,147.75222197269903,102.81486557796597,8,0.001835248913266696,1.2642269358038902,0.22815679293125868
286,0.183256709,1785043428.3873122,143.32283518817476,147.3159121251022,105.81861764937639,12,-0.004765700316056609,1.16874498128891,0.2811925821006298
288,0.183256709,1785043428.648055,134.35961219543384,147.18954624437026,121.59000481665134,9,-0.011014624236850068,2.234881043434143,0.3511841297149658
290,0.183256709,1785043428.9537659,143.17898593778543,147.70209377901946,113.85195811092854,14,-0.005251172813586891,1.073276448994875,0.26146719604730606
292,0.183256709,1785043429.25648,155.03055443680103,148.5517264577052,103.116454154253,15,0.0013550931034842506,1.8457909971475601,0.19478885643184185
294,0.183256709,1785043429.5482938,138.98192345163784,148.06381400891306,131.95714231580496,12,-0.0022376530614565127,1.4020374454557896,0.1717066178098321
296,0.183256709,1785043429.870792,131.59809267690238,146.93817537265303,131.66270884126425,18,-0.005355440720450133,0.9721271730959415,0.2488451860845089
298,0.183256709,1785043430.16205,151.43808486518716,147.25800456559818,97.85564894229174,14,-0.0040880582528188825,1.2775594294071198,0.3128935620188713
300,0.183256709,1785043430.467488,126.5207092781547,147.19139541722535,146.16574903577566,11,-0.002796260640025139,0.6176975648850203,0.21319048292934895
302,0.183256709,1785043430.742754,146.85520914847382,147.32745418146268,114.70316489040852,11,-0.00174007449822966,0.9979722388088703,0.23237838596105576
304,0.183256709,1785043431.0254579,130.79545788305316,147.58994343162541,120.62917391210794,14,-0.002644229563884437,1.5349006801843643,0.17889382876455784
306,0.183256709,1785043431.3376691,144.04387180315248,147.50622086820454,126.8551924675703,7,-0.0038753526750952005,0.6109250988811255,0.23537492379546165
308,0.183256709,1785043431.597026,131.24386883702618,148.09582891886762,127.53430140763521,11,-0.0002799861249513924,1.9496110901236534,0.2086894204840064
310,0.183256709,1785043431.878756,137.21828269369124,147.48750118253278,125.72467281669378,11,-0.005700295019778423,1.2941285148262978,0.17185768950730562
312,0.183256709,1785043432.138079,139.07172142312882,146.8210143924918,133.80227971076965,12,-0.002681331359781325,1.1543785482645035,0.26915611512959003
314,0.183256709,1785043432.401421,141.8256698596117,147.03726617930815,112.21492832154036,11,-0.005273468792438507,1.2318255044519901,0.3952049445360899
316,0.183256709,1785043432.710068,147.03605289800055,147.09048302405176,106.16197210177779,12,-0.0002896338701248169,1.6100360453128815,0.15059003606438637
318,0.183256709,1785043432.970295,161.3238552272866,147.58217290285927,100.69943296723068,10,-0.005585341015830636,1.531484168022871,0.2633557040244341
320,0.183256709,1785043433.230452,152.8406851588467,147.25774269194528,110.51607692614198,12,-0.0008972229843493551,1.976369634270668,0.19393030181527138
322,0.183256709,1785043433.514015,149.79878425388705,147.40794305803118,98.4777932278812,12,-0.0029888427816331387,1.4218785837292671,0.26062166038900614
324,0.183256709,1785043433.778504,145.66247291854756,147.31564492377774,122.59324708580971,12,-0.002054362033959478,1.6225906312465668,0.22111535910516977
326,0.183256709,1785043434.081011,136.66429668391598,147.19552900502245,127.97900914400816,15,-0.0001720600703265518,1.892046019434929,0.16519602481275797
328,0.183256709,1785043434.349491,164.34745455511387,147.4106584972131,87.30802938342094,11,-0.0050668499898165464,0.7570411618798971,0.28114343620836735
330,0.183256709,1785043434.6275918,167.57165515370096,147.4898595475558,95.78933266550303,8,-0.0029489623266272247,1.8647260591387749,0.31275248900055885
332,0.183256709,1785043434.934166,148.49244502871,147.57575743078365,99.83418577816337,15,-0.0007006714004091918,0.8385321907699108,0.19963384326547384
334,0.183256709,1785043435.207764,155.83648918125894,147.31726736272552,100.24226653948426,8,-0.0006041647575329989,1.2361971884965897,0.19530630763620138
336,0.183256709,1785043435.487843,150.13493376179426,147.7450961979651,102.13539881631732,9,-0.002274960745126009,1.6260578855872154,0.2149067111313343
338,0.183256709,1785043435.7913752,167.06865175158558,148.40860790651234,84.48915087431669,12,0.0016715649981051683,0.9583603590726852,0.2523513697087765
340,0.183256709,1785043436.065802,149.62301022315776,148.03702783737208,106.211370985955,10,-0.0012330361641943455,1.300916463136673,0.1455662865191698
342,0.183256709,1785043436.384026,150.92268603679608,147.6101684257356,128.1365070566535,9,-0.000999339739792049,1.1845430172979832,0.18868654780089855
344,0.183256709,1785043436.6498759,135.47808738148714,147.85140544778528,124.33943366259336,9,-0.007644879864528775,1.6423257663846016,0.21914727427065372
346,0.183256709,1785043436.913313,143.02541806354623,148.32142210767594,115.20779673010111,14,-0.0043351893982617185,1.8705729246139526,0.3076352048665285
348,0.183256709,1785043437.24577,154.76625494355247,148.14958039860744,97.40481090545654,11,-0.0009275870979763567,0.8113954588770866,0.21408450417220592
350,0.183256709,1785043437.640948,147.84751035708112,148.09341929236288,108.60656075365841,9,-0.005654445689287968,0.8054211772978306,0.26389673445373774
352,0.183256709,1785043437.921878,156.44555683469247,147.93930119860588,118.50774401053786,9,-0.002177972171921283,2.478489190340042,0.1975684054195881
354,0.183256709,1785043438.224791,151.46100168111252,147.8197139502744,111.87677562981844,15,-0.005181731874472462,2.827418178319931,0.2202093731611967
356,0.183256709,1785043438.503948,166.35298618056063,148.17891280625918,98.00583425723016,13,-0.0032460551301483065,1.8387887813150883,0.253757412545383
358,0.183256709,1785043438.822955,136.26899162121757,147.55866073962545,113.2578628025949,18,-0.0020182165899313986,1.6664335578680038,0.15002144500613213
360,0.183256709,1785043439.091639,112.68105413972742,146.7052653893916,157.8839105144143,15,-0.0019138356437906623,4.980124190449715,0.2156976107507944
362,0.183256709,1785043439.356632,142.45573640915882,146.72643258936318,126.21125008165836,16,-0.005498417187482119,3.0041353553533554,0.27076724357903004
364,0.183256709,1785043439.660495,144.14579328428087,146.37007040133167,117.31766266003251,15,-0.004326490452513099,1.301646113395691,0.2297934228554368
366,0.183256709,1785043439.9548001,152.56409595357067,147.03970760196606,105.38747461885214,15,-0.0009860302088782191,1.2501063644886017,0.21329082641750574
368,0.183256709,1785043440.2153542,164.97164433925357,146.8921000056971,108.16758440434933,16,-0.004440453834831715,3.4956792443990707,0.34228112176060677
370,0.183256709,1785043440.502511,159.49228994960333,147.60247089195158,104.18245846405625,13,-0.0023804442025721073,3.1917755901813507,0.26809252705425024
372,0.183256709,1785043440.766871,128.9149343189986,147.67953296122283,131.462238073349,20,-0.0026286382926627994,2.166553385555744,0.21574943140149117
374,0.183256709,1785043441.0566442,145.61037234801668,148.13806019121677,114.77954736351967,13,-0.0028742491267621517,1.4980206787586212,0.24946964532136917
376,0.183256709,1785043441.322575,152.2745817475203,148.53915785817082,112.7892027720809,11,-0.003876593560562469,1.899145320057869,0.23084222618490458
378,0.183256709,1785043441.597933,130.86309159504754,147.93524591654898,142.50152955949306,14,-0.002335477707674727,1.89268197119236,0.21338866744190454
380,0.183256709,1785043441.889023,166.62860508391566,147.7776093370368,86.3799944780767,13,-0.0029072496108710766,0.7220715284347534,0.3226165696978569
382,0.183256709,1785043442.1564422,138.71899408785475,147.4249130457582,109.6604450494051,12,-0.005299015581840649,1.7010413594543934,0.15165143553167582
384,0.183256709,1785043442.4269729,144.18641345107565,147.13976684183365,115.68241475522518,15,-0.0017642899183556437,2.5144721940159798,0.2167774634435773
386,0.183256709,1785043442.7173288,143.3727510791492,146.68095334998856,122.92430953681469,9,-0.0017489265010226518,1.7820749431848526,0.15387049689888954
388,0.183256709,1785043442.980154,149.23953327148243,146.5662964627278,107.4384269695729,16,-0.0031466297805309296,2.635067120194435,0.29982865415513515
390,0.183256709,1785043443.6604538,173.60739104646606,147.4929460814081,88.65369902551174,12,0.003079868940403685,1.3949671983718872,0.24446221068501472
392,0.183256709,1785043443.962522,145.47181943555594,147.5263220096997,125.53470101952553,12,-0.0018342755502089858,1.2224838472902775,0.20150676928460598
394,0.183256709,1785043444.228621,157.0236750709748,147.84861557014082,103.68877627328038,14,-0.007549076108261943,1.1933353394269943,0.2604135014116764
396,0.183256709,1785043444.515237,148.3425905438904,148.0935439909569,110.28746828064322,12,-0.0014052210026420653,0.686282929033041,0.23873931542038918
398,0.183256709,1785043444.77965,145.1949712059129,147.94869914678577,107.85477801412344,14,-0.0018042594310827553,0.6726559996604919,0.1555279791355133
400,0.183256709,1785043445.036682,148.1990329987328,147.76152161436497,108.99446495436132,15,0.0076091011869721115,2.101433426141739,0.14956586249172688
402,0.183256709,1785043445.318053,166.08938644373623,148.00322430955492,89.29333570040762,10,0.0009666737460065633,2.284935489296913,0.18884579930454493
404,0.183256709,1785043445.57584,147.35589812421435,148.09795807942032,103.30942288786173,12,-0.0007718548877164721,1.7486883029341698,0.14986031875014305
406,0.183256709,1785043445.862387,156.79402139810588,147.8185842566038,109.00868086144328,10,-0.005753628443926573,0.6972403544932604,0.17888156417757273
408,0.183256709,1785043446.63698,174.67338096022425,149.45624135912695,78.60669869557023,13,-0.0018181240884587169,0.6826109793037176,0.2953673005104065
410,0.183256709,1785043446.917054,156.2808599666067,150.40845961632343,103.07727044820786,12,-0.0010429426620248705,2.8280900716781616,0.12965008057653904
412,0.183256709,1785043447.228374,137.4617895730595,150.50956538238293,118.34405142441392,9,-0.001360907917842269,0.8152049258351326,0.13045287411659956
414,0.183256709,1785043447.526229,151.44609268528055,151.06545629621695,107.56183147802949,9,-0.0019250871846452355,0.872028786689043,0.15190783003345132
416,0.183256709,1785043447.7831738,153.79892513613055,150.99106282926516,96.31137434393167,10,-0.002296301863680128,1.1637869365513325,0.14557086862623692
418,0.183256709,1785043448.088017,135.81243153186918,151.0595437066204,114.24085725098848,15,-0.0004953062743879855,1.3957601226866245,0.16897376626729965
420,0.183256709,1785043448.3552058,146.59792378504017,150.57884736872947,111.8060276992619,17,-0.00361008383333683,0.8935515210032463,0.167626379057765
422,0.183256709,1785043448.9816809,174.81585574371226,151.3006197435105,82.42024942114949,12,-0.0010464494116604328,1.4891117997467518,0.1942262975499034
424,0.183256709,1785043449.29211,163.4554705817549,151.6890449703351,94.73357556760311,12,-0.0043606652616290376,1.1292426064610481,0.21418498642742634
426,0.183256709,1785043449.572505,170.36450466042808,152.07530713636663,100.43881475180387,12,0.0029312139376997948,1.9613980613648891,0.23964757099747658
428,0.183256709,1785043449.8651662,152.10176407170516,152.92108426163432,110.7884660884738,16,-0.001521709025837481,0.8664099648594856,0.2520184936001897
430,0.183256709,1785043450.1228979,159.51094356746677,153.46856756184786,106.92783603817225,9,-0.0028968610713491216,1.5833567902445793,0.2282337611541152
432,0.183256709,1785043450.387152,169.1939181172601,154.16718443832175,87.83399967104197,9,-0.0020175320096313953,1.156187977641821,0.2338297851383686
434,0.183256709,1785043450.674272,160.5135639582935,154.69093297567488,96.56669034808874,10,-0.0070895232347538695,0.9645205624401569,0.20832140650600195
436,0.183256709,1785043450.937493,148.49026691556634,155.18917203908026,100.04134204983711,10,0.0019964341481681913,2.8702341616153717,0.24153881520032883
438,0.183256709,1785043451.253688,144.7172922737414,154.87860501170798,110.60433215461671,16,0.0013802358880639076,2.437796577811241,0.2120389500632882
440,0.183256709,1785043451.518394,170.15413471688993,154.70733809927694,80.531488571316,14,-0.005643337848596275,1.4687514081597328,0.28019430954009295
442,0.183256709,1785043451.811691,139.73519244484277,154.26566988041398,121.83146234601736,15,-0.008733407186809927,1.8774803206324577,0.32201481610536575
444,0.183256709,1785043452.10528,156.54257987733533,154.24136262980213,100.98394157737494,12,-0.0021813754647155292,1.0223167464137077,0.20151249784976244
446,0.183256709,1785043452.385857,148.4142734545022,153.96399624346742,101.5951469372958,16,-0.0021112990216352046,0.6424951478838921,0.21429547667503357
448,0.183256709,1785043452.651131,141.85298512295194,153.96520158609047,129.9842736092396,11,-0.0017392738081980497,3.736934572458267,0.15348768094554543
450,0.183256709,1785043452.941953,168.2009909018762,154.93227616603588,87.79125899448991,12,-0.00286391272675246,1.2590962871909142,0.24903362058103085
452,0.183256709,1785043453.2053251,135.122628282824,154.82135175650524,110.85386956483126,11,-0.0034974690061062574,1.6989495232701302,0.1747012808918953
454,0.183256709,1785043453.494682,149.21233004025106,154.8006960131941,108.2086933515966,9,-0.002592673758044839,1.0190664120018482,0.18194640520960093
456,0.183256709,1785043453.766218,159.4813300370632,154.79727817499085,97.63435421139002,10,-0.0019157345523126423,0.541643600910902,0.2401245664805174
458,0.183256709,1785043454.032168,154.85442845451706,154.3534224703082,101.41604803642258,10,-0.008183581288903952,1.500880129635334,0.2135337544605136
460,0.183256709,1785043454.3260438,133.46828087084222,154.18556552885025,127.64572706446052,17,-0.004293127669370733,1.173586830496788,0.2502858880907297
462,0.183256709,1785043454.592503,153.10691301674032,153.7641058219096,111.13620056957006,12,-0.0022187688591657206,2.2360745668411255,0.21773000806570053
464,0.183256709,1785043454.882079,140.72984280922034,153.3775286099351,137.79554691165686,13,-0.001387096825055778,2.2071563452482224,0.18515576981008053
466,0.183256709,1785043455.170384,140.56965934978675,152.43604051107695,124.89048387110233,14,8.608339703641832e-05,1.4401203021407127,0.18069250788539648
468,0.183256709,1785043455.438895,162.1261663436233,152.8208170113489,93.56839885190129,12,-0.0029442462837323546,1.5822602286934853,0.21260008588433266
470,0.183256709,1785043455.729635,160.57646136173997,153.11464092494458,94.56609839573503,15,-0.0013694539666175842,0.817485187202692,0.1618231050670147
472,0.183256709,1785043456.005784,172.13780061967586,153.00809285842942,87.95736457034945,12,0.0013699476839974523,1.6290690638124943,0.1651359936222434
474,0.183256709,1785043456.333707,161.22093520658493,153.0478183261123,103.38249231129885,12,-0.001577305476530455,2.413714252412319,0.19430324528366327
476,0.183256709,1785043456.645698,132.6830059130887,152.051251546447,115.67888001585379,12,-0.0016205459978664294,0.6488926261663437,0.13755646673962474
478,0.183256709,1785043456.931701,164.12699295344854,152.29163477910697,97.06844288296998,12,-0.0031632526515750214,1.0905056335031986,0.19128834642469883
480,0.183256709,1785043457.217441,156.53326461756487,152.42113850164483,99.06175417080522,14,-0.0013889467518310994,3.9621855318546295,0.21654196456074715
482,0.183256709,1785043457.541696,144.73030320348445,151.93539861816888,104.42148717679083,11,-0.002441983364406042,1.3110341280698776,0.16780130472034216
484,0.183256709,1785043457.8144178,168.98320448412684,152.08932707618177,88.706808116287,14,0.00017637306154938415,2.0255405008792877,0.1951050003990531
486,0.183256709,1785043458.4784799,176.51393968435735,152.80580029167515,76.16246234998107,11,-0.0017912634648382664,0.5216779354959726,0.1758342618122697
488,0.183256709,1785043458.765196,151.04379967707447,153.2403928723544,103.16178301721811,13,-0.004430404864251614,1.8902325257658958,0.10588244767859578
490,0.183256709,1785043459.063246,169.84169252581182,153.1289357029626,105.40231338888407,11,-0.0020497882505878806,2.4066498652100563,0.14505203440785408
492,0.183256709,1785043459.3803651,142.5567950301227,153.9263371934763,120.36638244614005,15,-0.0023577801912324503,0.8430798947811127,0.11075807828456163
494,0.183256709,1785043459.655592,153.965903277575,154.1283642309774,100.72321426402777,15,-0.0036569111689459532,0.8140530064702034,0.23584894835948944
496,0.183256709,1785043459.9309282,156.93060534935412,154.9377467895998,102.77411400899291,15,-0.0014288316015154123,2.4258571192622185,0.24648584052920341
498,0.183256709,1785043460.2239108,166.80683564306767,155.16325585897894,91.8895748835057,12,-0.009813781536649913,0.8225679993629456,0.27479684446007013
500,0.183256709,1785043460.904585,161.46422556308482,154.66827728448004,93.64674988389015,14,-0.0041563322592992336,1.8901829421520233,0.18512394651770592
502,0.183256709,1785043461.200447,172.35800934600294,155.24698188595622,100.18882816657424,10,0.0021095627453178167,1.2015881165862083,0.2363478010520339
504,0.183256709,1785043461.466103,149.69728621454243,155.6298043241999,103.05269917845726,11,-0.0012585657823365182,1.897045485675335,0.1261035418137908
506,0.183256709,1785043461.732298,153.64599627081043,155.4440389258033,101.61552420258522,12,-0.001145752496086061,1.1918057277798653,0.10870344424620271
508,0.183256709,1785043462.02126,155.41077651412002,155.57704373444002,104.99802115932107,9,-0.003591130254790187,0.6443414967507124,0.14794492535293102
510,0.183256709,1785043462.28177,155.47959553597707,156.24027317993605,98.9033704251051,13,-0.0020837791453232057,1.1075972504913807,0.18915118277072906
512,0.183256709,1785043462.537774,156.60826685453415,157.04753645957896,97.47851068153977,9,-0.00029584354342659935,0.7497048582881689,0.16285019554197788
514,0.183256709,1785043462.9659562,158.33298091929734,157.73665547439316,114.09802298992872,9,-0.006476426147855818,1.2308689318597317,0.21433296706527472
516,0.183256709,1785043463.334956,159.87296304442393,158.40223297607739,88.53354515507817,12,-0.0029072784818708897,1.5759380385279655,0.11460636742413044
518,0.183256709,1785043463.807392,154.62164318943184,158.13638520058709,95.6177903227508,11,-0.004607565817423165,0.8290548380464315,0.15783528424799442
520,0.183256709,1785043464.098449,170.96961134817857,158.70078041985056,91.48253640905023,11,-0.001867318118456751,2.2369602620601654,0.17247128207236528
522,0.183256709,1785043464.385359,143.5156320788019,158.35852404613365,118.02028538286686,12,-0.002467059421178419,1.8147993087768555,0.16761472262442112
524,0.183256709,1785043464.790711,154.0950303847007,158.09407483866215,107.0561211258173,12,-0.000512865255586803,1.0246723182499409,0.18202475598081946
526,0.183256709,1785043465.440316,180.22401095888642,159.7942921187198,80.00744023546576,11,-0.003062834613956511,1.0501952283084393,0.2205487135797739
528,0.183256709,1785043465.705714,130.43565754228987,158.90083158824976,129.21601818874478,17,-0.002234220111859031,2.400664336979389,0.20381392166018486
530,0.183256709,1785043465.992324,172.00779273374616,158.97607192348391,82.26929724216461,13,-0.0020743042696267366,2.092031769454479,0.2801659731194377
532,0.183256709,1785043466.2531562,154.23674314148252,159.65108450740706,104.40562581270933,13,-0.001161968510132283,1.5119113773107529,0.13562298845499754
534,0.183256709,1785043466.5387409,148.3275727051937,159.5938159741741,114.09186773002148,13,-0.0012681311200140044,3.280866965651512,0.06778063857927918
536,0.183256709,1785043466.8138728,146.91447856900064,158.23577404869707,113.85599165037274,15,-0.00018199249461758882,1.8432558700442314,0.22832253202795982
538,0.183256709,1785043467.448736,184.59548401865746,158.28084772194177,66.468515843153,11,-0.002243649316369556,2.2077081948518753,0.18532851710915565
540,0.183256709,1785043467.75757,151.84347306676503,158.23797442258797,105.8041018024087,12,-0.00328622804954648,1.4959599301218987,0.12455219961702824
542,0.183256709,1785043468.031608,177.7561890639131,158.34167701407762,81.09264560043812,11,-0.0019651722395792603,1.1882093325257301,0.2523962864652276
544,0.183256709,1785043468.296148,156.36043697779112,158.36274797153547,96.31110065430403,15,-0.005841105827130377,3.3204534351825714,0.18955996725708246
546,0.183256709,1785043468.6504362,145.71119322973408,157.82728668734322,114.59879311174154,9,-0.004928216454572976,0.6917323414236307,0.21535095293074846
548,0.183256709,1785043468.9264839,147.52729907500105,157.8222032687253,108.25240331888199,13,0.00014711834955960512,2.033507451415062,0.11689481837674975
550,0.183256709,1785043469.2130392,156.14518189371353,157.99065895194275,101.09967447072268,10,0.00011674303095787764,0.4568200930953026,0.11127838026732206
552,0.183256709,1785043469.476115,136.82294498760956,157.38204779144908,120.88747392967343,13,-0.0042325566173531115,0.7404284048825502,0.226439637131989
554,0.183256709,1785043469.737925,175.909241672977,158.07188322350305,81.83632792904973,12,-0.00046975386794656515,1.8776666522026062,0.2594011649489403
556,0.183256709,1785043470.068668,169.22304809188114,158.76900409142863,86.65233699046075,11,-0.003800313497777097,0.7909663897007704,0.2295774733647704
558,0.183256709,1785043470.396023,140.4519911805835,158.41856599440015,121.57481521740556,12,-0.0008139106212183833,3.484411843121052,0.14172671921551228
560,0.183256709,1785043470.6811252,156.0904248522447,157.9996370405542,105.51575381308794,13,-0.0025190615124301985,2.2084273770451546,0.09874596307054162
562,0.183256709,1785043470.9906402,166.6688021761978,158.4046693941126,89.08837777748704,12,-0.0025395011762157083,1.410592034459114,0.20960054453462362
564,0.183256709,1785043471.2726011,174.69507490553374,158.19274227944203,79.15204432234168,10,-0.007227421127026901,1.6279585547745228,0.16269854456186295
566,0.183256709,1785043471.5573251,176.11335607737317,159.18347516479264,78.0072828810662,11,-0.0011480061803013086,1.490615963935852,0.20870608743280172
568,0.183256709,1785043471.816125,177.57756900485532,159.778943226189,81.01372749358416,11,-0.002059547376120463,1.12444718927145,0.22721378970891237
570,0.183256709,1785043472.07616,136.25611974607372,159.39026448863106,122.72051501180977,15,-0.004136251081945375,2.7395524755120277,0.20396099239587784
572,0.183256709,1785043472.853185,168.06013682955194,160.26130948633255,86.64575871638954,12,-0.003147449722746387,0.9700592570006847,0.17741497419774532
574,0.183256709,1785043473.110833,151.10632367731455,160.43963842891816,112.87956537306309,15,-0.007603272664709948,1.721660166978836,0.17705671396106482
576,0.183256709,1785043473.369229,179.11087319554971,159.88663967462261,74.90564124286175,13,-0.0017167740152217448,0.8121673595160246,0.20403936319053173
578,0.183256709,1785043473.654263,157.15179428297873,160.69828831627163,105.55082261189818,15,-0.0013543404056690633,1.6148911863565445,0.1083267405629158
580,0.183256709,1785043473.912935,159.85067561089332,160.39177570916357,99.80825271084905,11,-0.0026660198345780373,1.2208071053028107,0.10311239608563483
582,0.183256709,1785043474.196587,154.46367561217636,160.48012071300664,97.34332666546106,14,-0.0005753332516178489,1.3678297474980354,0.14051052927970886
584,0.183256709,1785043474.460513,165.1891784437753,160.4027070284386,104.94449772313237,18,-0.0077644827688345686,1.6719926372170448,0.2314512226730585
586,0.183256709,1785043474.719119,126.67845333987053,159.8923541192932,128.128772075288,21,-0.0008694719290360808,1.631763495504856,0.13143953494727612
588,0.183256709,1785043475.002573,167.07497520245897,159.8881695874405,88.91082448884845,14,-0.0017639507859712467,2.508418023586273,0.2180661503225565
590,0.183256709,1785043475.262597,155.76383027485141,159.6725838930877,105.17132272571325,12,-0.0024140855384757742,0.6951166838407516,0.24925388023257256
592,0.183256709,1785043475.524298,167.5999380846934,159.81299065964095,88.12413690984249,11,-0.00152059925312642,2.5887263864278793,0.1529382737353444
594,0.183256709,1785043475.812929,172.7990763721889,160.2094724856607,81.64732421934605,14,-0.0029678692808374763,0.956624086946249,0.17666952032595873
596,0.183256709,1785043476.07443,174.25536299686993,160.91986749211847,92.73613223806024,16,-0.003584021411370486,2.138943448662758,0.18434480763971806
598,0.183256709,1785043476.407657,172.06951425883327,161.2310616145581,92.88465408980846,11,-0.0005629727966152132,1.0591142252087593,0.10528507828712463
600,0.183256709,1785043476.7257411,161.01931627994125,161.37895814830392,90.24208859726787,14,-0.0005590367945842445,0.7016802690923214,0.15993907768279314
602,0.183256709,1785043476.9849842,162.13547605077673,161.69527316509257,91.80376416444778,10,-0.0019485966477077454,2.5800677239894867,0.14734918251633644
604,0.183256709,1785043477.269217,167.54740188400308,161.53867482309303,90.44368729367852,10,-0.0016826203936943784,0.8870039954781532,0.2017848715186119
606,0.183256709,1785043477.5370271,153.0055773973946,160.7793800314318,111.30273957177997,13,-0.003780843282584101,1.3268868327140808,0.09333921456709504
608,0.183256709,1785043477.810272,146.4326794889864,160.98036188162942,116.64931849762797,15,-0.00067525653867051,2.005970187485218,0.12755496660247445
610,0.183256709,1785043478.092797,158.9938180526755,161.46720350918469,99.86541241779923,13,-0.001298194780247286,1.1194273568689823,0.10989059833809733
612,0.183256709,1785043478.35372,152.60540168062636,160.83598991222493,91.65173912793398,11,-0.0013527526753023267,1.7414883822202682,0.13230222882702947
614,0.183256709,1785043478.653706,175.88900913242722,161.24636553075578,90.95847161859274,9,-0.00019434245768934488,1.1756946705281734,0.14254519017413259
616,0.183256709,1785043478.929264,162.62330474917727,160.88091164323782,91.01654502004385,12,-0.0021583937923423946,0.932629156857729,0.11816065246239305
618,0.183256709,1785043479.211078,164.0922533042988,160.73792808881447,90.22513108700514,13,-0.003760392835829407,0.9724720045924187,0.21517715696245432
620,0.183256709,1785043479.519862,177.31633224822284,161.41717827783094,81.93908496946096,10,-0.003988505282904953,0.36584544368088245,0.201754504814744
622,0.183256709,1785043479.7947872,169.76796799003725,160.99684970620874,88.27497304975986,11,0.00047827305388636887,0.5523489154875278,0.20414278097450733
624,0.183256709,1785043480.080972,170.01818092411324,160.948773103366,87.60387650877237,12,-0.0019313204102218151,2.054906904697418,0.12581773893907666
626,0.183256709,1785043480.366196,155.25001629329196,160.66730921815818,105.39288238063455,19,-0.0022465200163424015,0.7626789081841707,0.25230383314192295
628,0.183256709,1785043480.626868,151.0263771478455,160.3487688622656,100.13363031297922,17,-0.0008329345291713253,1.5520057380199432,0.24861217848956585
630,0.183256709,1785043480.91398,146.23290616484087,160.02818442605692,114.34922507219017,12,-7.181614637374878e-05,1.3039055913686752,0.1030699722468853
632,0.183256709,1785043481.178232,152.75272304422282,159.6509595288157,113.0697665028274,17,-0.00120701570995152,1.2973832786083221,0.21149418130517006
634,0.183256709,1785043481.439691,164.62262436571163,159.33373550664103,81.11535550653934,13,-0.0017163458396680653,2.760322578251362,0.17945175059139729
636,0.183256709,1785043481.725267,165.7905061195106,160.79868766412642,96.83885618671775,13,-0.0053339070291258395,2.1836384907364845,0.1806567758321762
638,0.183256709,1785043481.985489,167.24425897781762,160.9114623775921,88.38094217143953,12,-0.0013434032443910837,1.2724954895675182,0.15551134990528226
640,0.183256709,1785043482.278931,161.81843717237385,160.89774478759134,98.66276228800416,11,0.005323380348272622,4.177129626274109,0.20897316187620163
642,0.183256709,1785043482.564395,169.36837106876925,160.818956404879,86.90436490159482,15,-0.002570155425928533,1.1323615163564682,0.28614692762494087
644,0.183256709,1785043482.826122,165.7702551831007,160.7578392993501,97.79214306920767,11,-0.005004437116440386,1.9983275830745697,0.21618692204356194
646,0.183256709,1785043483.1087208,153.9256456591535,160.3057561064407,111.65316920634359,16,-0.00426847831113264,1.3762834146618843,0.14929220732301474
648,0.183256709,1785043483.379578,173.0578187363602,160.69356454645546,89.46289418637753,10,-0.0028796434780815616,1.154939904808998,0.2148370686918497
650,0.183256709,1785043483.6395662,153.3926142530056,160.859903325877,100.0894781909883,11,-0.0011706070508807898,1.7429854720830917,0.220746086910367
652,0.183256709,1785043483.950837,147.7583062016984,160.48372212907591,98.55943700671196,14,-0.003303406949271448,1.7174572348594666,0.21152158174663782
654,0.183256709,1785043484.211147,172.01875621761454,160.29293381578523,88.14661511033773,12,0.0003381286805961281,0.9705846421420574,0.1441294075921178
656,0.183256709,1785043484.469898,167.57489215954814,161.22242262043747,82.15291894599795,13,-0.0027709046844393015,2.433737061917782,0.1596859246492386
658,0.183256709,1785043484.7532601,157.81092224714146,161.209687725791,97.47231515869498,9,0.0007373290718533099,1.5120513401925564,0.19486011192202568
660,0.183256709,1785043485.012692,142.3702786281245,160.96130906582133,134.05022648721933,13,-0.001046566932927817,2.602926641702652,0.10555007541552186
662,0.183256709,1785043485.293749,173.07748993184498,161.51752809575365,84.48603259399533,11,-0.0008983133593574166,1.2229907363653183,0.11115389922633767
664,0.183256709,1785043485.554,148.15017376677065,161.2819670742193,111.25608473829925,14,-0.0024174779537133873,3.0579174757003784,0.1746110189706087
666,0.183256709,1785043485.822884,155.24434867861683,160.84695244850658,103.32923497632146,15,-0.002794616506434977,1.1472005061805248,0.23166178166866302
668,0.183256709,1785043486.107651,136.84681796614302,160.14485167955408,132.63696863502264,15,0.00012118043377995491,1.6141828894615173,0.1043506353162229
670,0.183256709,1785043486.366465,160.3506517731229,159.62893445123464,94.20541649265215,14,-0.0032344324281439185,1.2783192992210388,0.1993071846663952
672,0.183256709,1785043486.624056,152.14724307939136,159.44744514964995,114.44442101567984,13,-0.0031184257532004267,2.291661888360977,0.2427829410880804
674,0.183256709,1785043486.907815,174.04947076117415,159.82173747348898,81.02300244010985,14,-0.0038490333827212453,1.066446952521801,0.22845909465104342
676,0.183256709,1785043487.2099142,128.85737648335174,159.11890438846643,125.4884611852467,18,0.00018092215759679675,1.8948450237512589,0.15126133849844337
678,0.183256709,1785043487.5763159,154.92071985427617,159.01442783871,93.54764207080007,14,-0.0069871531741227955,0.9430481195449829,0.19790453556925058
680,0.183256709,1785043487.849836,168.14434746952585,159.6765710139743,88.42196343280375,12,-0.0036340157967060804,2.2498242780566216,0.15484312502667308
682,0.183256709,1785043488.120233,154.88718256796943,159.7735015809824,94.61987086385489,12,0.0010972234304063022,1.5592896491289139,0.06908968044444919
684,0.183256709,1785043488.405532,177.86041983145176,160.7292325200365,83.58693582564592,10,-0.0015565286157652736,1.4187722988426685,0.15832548076286912
686,0.183256709,1785043489.0502179,149.68884823266865,161.01047463089665,90.23958088457584,15,0.0017209606594406068,1.621358335018158,0.12321817921474576
688,0.183256709,1785043489.3088799,155.4223319708058,161.2730057314703,100.98755345121026,11,-0.0019906832167180255,1.2944942712783813,0.10686348518356681
690,0.183256709,1785043489.611012,167.20398685172879,161.6402225875003,90.05379535723478,11,-0.0016726293397368863,1.1512389220297337,0.18620411399751902
692,0.183256709,1785043489.9242198,156.47880499019095,161.84778136495018,101.28560227155685,12,-0.00018655229359865189,1.014309287071228,0.13528710789978504
694,0.183256709,1785043490.292833,179.79867106972068,162.2734533733197,84.63601958565414,10,0.00041983735718531534,1.3943721055984497,0.15275386162102222
696,0.183256709,1785043490.623401,157.8668869874084,162.59125398425286,104.27058966830373,12,-0.0026086571742780507,0.9596140570938587,0.1752569954842329
698,0.183256709,1785043490.9077,172.14872099144475,162.34714503525154,83.67234338447452,12,-0.003028467544936575,1.3028035312891006,0.22585659101605415
700,0.183256709,1785043491.246785,159.89726412456855,162.6288963107754,97.93133685551584,12,-0.0011735386215150356,1.2733890898525715,0.09892625757493079
702,0.183256709,1785043491.568349,149.87573839182335,162.53147900444796,102.48877565097064,13,-0.004640924395062029,1.8534761816263199,0.0922883388120681
704,0.183256709,1785043491.873739,163.2891959954079,162.34679252139654,84.20842056162655,14,-0.006047404545824975,1.2156952433288097,0.20346842613071203
706,0.183256709,1785043492.26916,173.67165416031787,162.63756178581932,88.77313694916666,13,-0.002749390318058431,1.2601411305367947,0.18465958442538977
708,0.183256709,1785043492.588404,177.40328739674476,163.62860943393497,78.28160114400089,11,-0.0015186941673164256,2.555274583399296,0.12275223014876246
710,0.183256709,1785043492.928947,179.1185177411366,164.5634138788676,75.92194861918688,12,-0.0023437965792254545,1.2986025549471378,0.14303986355662346
712,0.183256709,1785043493.240273,160.4948579940765,164.81308945510045,94.68545302562416,11,-0.0016449816175736487,1.6663358584046364,0.12529770052060485
714,0.183256709,1785043493.545061,169.31389834706118,165.16356954605516,79.55038841813803,10,-0.0012129729730077088,1.6691029742360115,0.1305559640750289
716,0.183256709,1785043493.857986,160.02656549722315,165.43444914748258,92.60410574451089,11,-0.00599371362477541,0.8239694647490978,0.15144149586558342
718,0.183256709,1785043494.12286,177.02747042340488,166.2558582843212,80.6045939847827,13,-0.002831150428391993,0.7403678111732006,0.18310393393039703
720,0.183256709,1785043494.388503,163.52098733550127,166.370652057644,95.87143692746758,14,-0.002125329163391143,5.042581871151924,0.2143487511202693
722,0.183256709,1785043494.675201,161.73441490463972,166.40596970644245,100.60758058167994,15,-0.003510705253574997,1.0491929240524769,0.18262416869401932
724,0.183256709,1785043494.935969,166.38051111059204,166.31674884377333,89.80438221246004,13,0.00471012742491439,2.209922708570957,0.17214872315526009
726,0.183256709,1785043495.2215412,162.5218373944115,167.07652693756015,102.32000532373786,11,-0.0023348480463027954,0.9171021822839975,0.1312483656220138
728,0.183256709,1785043495.481375,156.49799356021796,167.16026180134702,111.15058025345206,10,-0.001021282238070853,1.3478385508060455,0.12961927335709333
730,0.183256709,1785043495.757591,170.73177835025157,167.24328706149026,84.15936199203134,13,0.0012913310783915222,3.0128558576107025,0.1343841697089374
732,0.183256709,1785043496.04617,138.59273599564438,166.90905553444532,123.63108825683594,15,-0.0015653818554710597,1.0272760801017284,0.13781201792880893
734,0.183256709,1785043496.319531,158.20608804354015,166.19011441464528,93.93821095302701,15,-0.002004653142648749,1.0722056925296783,0.1381217767484486
736,0.183256709,1785043496.58444,134.4638342042197,165.32445825264233,117.38899447768927,15,-0.00344463370856829,1.3780587501823902,0.21212144661694765
738,0.183256709,1785043496.900087,158.49519872744997,164.95585357920166,96.76315789204091,13,-0.0012847981415688992,1.4177543558180332,0.1905836658552289
740,0.183256709,1785043497.196222,146.05235874279632,164.60307808456244,112.9814013633877,12,0.0001610860344953835,3.194135047495365,0.10355998855084181
742,0.183256709,1785043497.533463,170.64979017236715,164.9108645426803,93.9767257925123,14,-0.0023216918343678117,2.004010207951069,0.1751702707260847
744,0.183256709,1785043497.798508,174.3903602556223,164.92787390680473,86.32743309438229,12,-0.004631370858987793,1.5887363329529762,0.15550606045871973
746,0.183256709,1785043498.065069,169.5253856344182,165.08595924546262,94.87055365741253,10,-0.000915951794013381,2.7438508719205856,0.0925011788494885
748,0.183256709,1785043498.3499599,170.7605159923147,164.9289271247184,93.43250600621104,9,-0.0021044289314886555,0.9165263175964355,0.12158462731167674
750,0.183256709,1785043498.96864,163.5369334696028,164.9018730954529,88.37648697569966,13,-0.0021636975070578046,1.1969857774674892,0.15818797331303358
752,0.183256709,1785043499.261725,182.50829785860864,166.03637608783058,69.56385935470462,10,-0.0015669500426156446,0.9818013608455658,0.2384434351697564
754,0.183256709,1785043499.572885,156.14120549803883,166.22561020420883,92.01420508697629,12,-0.003669442026875913,2.027928702533245,0.12077588634565473
756,0.183256709,1785043499.843585,159.17398173279892,165.72490240703758,95.41466329433024,15,-0.0063024190603755414,1.579511471092701,0.21695435885339975
758,0.183256709,1785043500.1435251,148.3468873449445,164.55027805007714,111.32922174781561,15,-0.0008903862908482552,1.473010390996933,0.10373270092532039
760,0.183256709,1785043500.552656,162.44027195751912,163.2732663795437,92.90536527335644,12,-0.0031846942147240043,2.02978128939867,0.20403136033564806
762,0.183256709,1785043500.811182,174.0533172540184,163.18893771987635,78.5638622045517,12,-0.0024047031765803695,1.1178768053650856,0.25794896949082613
764,0.183256709,1785043501.4818602,165.18425499827154,163.3782050052895,92.78232925198972,11,0.0012394207296893,1.1947859451174736,0.21319606807082891
766,0.183256709,1785043501.749547,143.40064685983037,162.7653860071069,109.30928538367152,16,-0.003138390718959272,1.7791170924901962,0.20792773365974426
768,0.183256709,1785043502.036693,166.66458783948082,162.9195199215914,78.38310991972685,11,-0.0020933945961587597,1.6647127494215965,0.1122372904792428
770,0.183256709,1785043502.362304,152.2896624131755,162.83019830671125,103.67334586381912,15,-0.0015882006409810856,1.1623240932822227,0.1344169182702899
772,0.183256709,1785043502.6277099,171.92236934511,162.98695546408143,78.92680000141263,12,-0.0023057061480358243,0.9786626324057579,0.18279112502932549
774,0.183256709,1785043502.909361,168.62561361788318,162.89488208787884,89.46530761569738,13,-0.008367806440219283,1.3825121819972992,0.15899249445647
776,0.183256709,1785043503.167588,163.66809484215463,162.83306212788645,91.51272311061621,11,-0.0033465587766841054,0.4872388634830713,0.20778831280767918
778,0.183256709,1785043503.423604,147.87783472792373,163.0931929308327,106.17512603104115,12,-0.0027520813746377826,1.7101690769195557,0.18200565222650766
780,0.183256709,1785043503.711086,159.17525518481736,162.98957307855994,97.61725055426359,14,-0.0009890433866530657,1.4841425940394402,0.13263255218043923
782,0.183256709,1785043503.968659,176.02444571716356,164.22215704145586,78.61125706322491,12,-0.001004400895908475,0.679298022761941,0.17626212863251567
784,0.183256709,1785043504.2257779,183.9805036285601,165.10247246346063,71.21657437458634,11,-0.0029740926111117005,1.4418474286794662,0.1698626335710287
786,0.183256709,1785043504.5351071,159.16192943495977,165.6508197903213,94.26404369063675,13,-0.006277856242377311,1.9964822009205818,0.18899219017475843
788,0.183256709,1785043504.7972999,173.55098844094064,165.8088113570949,80.78017656877637,12,-0.002132075373083353,3.561465322971344,0.12033044872805476
790,0.183256709,1785043505.0789728,176.8325769749949,166.43429343131658,84.8444244004786,11,-0.005677524721249938,1.528263472020626,0.17217195685952902
792,0.183256709,1785043505.34059,149.20065298512267,165.17349816387093,109.833929521963,14,0.00037639582296833396,2.3560002520680428,0.05027094844263047
794,0.183256709,1785043505.598971,155.54818925495326,164.40203989839156,103.66003279387951,14,-0.004811432561837137,0.7853604145348072,0.174183564260602
796,0.183256709,1785043505.8801222,164.20302236914898,164.75430832869426,87.33881735056639,13,-0.003093959894613363,0.9956298656761646,0.19978417456150055
798,0.183256709,1785043506.138926,180.05761384571522,165.03855681503978,92.58958234265447,11,-0.004310932228690945,0.9469276126474142,0.15076397685334086
800,0.183256709,1785043506.394134,154.0112567166557,164.77304755303902,103.17283142916858,14,0.0012065576011082157,2.416402518749237,0.11299228761345148
802,0.183256709,1785043506.677212,162.00363979171345,164.39122645023193,99.711601190269,10,-0.0015553487464785576,1.833617314696312,0.1251623872667551
804,0.183256709,1785043506.93424,172.87744304346998,165.03244566952196,83.85755695775151,11,-0.003050977422390133,0.9988594762980938,0.167982648126781
806,0.183256709,1785043507.2150881,168.872125778755,165.40022019367757,88.36341732088476,13,-0.0037100091867614537,0.8684593662619591,0.10635465430095792
808,0.183256709,1785043507.4713862,168.17067138844828,165.93230833808914,90.1381664108485,11,-0.0020715028513222933,0.754344942048192,0.14174580480903387
810,0.183256709,1785043507.728384,165.05328633794997,166.8981858751573,95.68922172114253,15,-0.001531836183858104,1.1011818684637547,0.14235972706228495
812,0.183256709,1785043508.011926,151.11008989472333,166.33039461464756,108.06888088956475,12,-0.0006062275497242808,3.6013568192720413,0.0902909163851291
814,0.183256709,1785043508.3087392,163.86643335244483,165.99942786123094,88.03096737340093,13,-0.0009156442247331142,1.3850156366825104,0.10777911404147744
816,0.183256709,1785043508.583689,165.35693370413134,166.71619826485346,91.81401600316167,11,-0.0006119849567767233,1.1795690096914768,0.07342511089518666
818,0.183256709,1785043508.910808,155.21429623837156,166.29021729274038,103.55876261368394,13,-0.0021024896996095777,0.6469541527330875,0.11764535354450345
820,0.183256709,1785043509.170153,154.96880326973388,166.1523815906921,115.24303119629622,13,-0.002384485676884651,1.0123737417161465,0.07541710580699146
822,0.183256709,1785043509.457097,174.277793991021,166.0138586835549,80.98390087485313,13,-0.0010797196591738611,0.782366193830967,0.18031745497137308
824,0.183256709,1785043509.718271,153.65684619595442,165.73060187352814,99.63503658398986,11,-0.0016339134890586138,1.2549058832228184,0.1267274720594287
826,0.183256709,1785043509.972887,181.27166270584934,166.19779851005956,83.09135587513447,12,-0.0010912007419392467,1.8897686675190926,0.12290954636409879
828,0.183256709,1785043510.267561,164.36359238601503,166.36523769555734,95.36594874039292,13,-0.0022547014814335853,1.290456872433424,0.1508743637241423
830,0.183256709,1785043510.524349,142.05213980197607,165.91155179370574,114.51035038009286,14,0.0014249657251639292,2.212045542895794,0.10488495090976357
832,0.183256709,1785043510.79088,159.14546978263206,165.57050931187175,84.03779312968254,12,-0.0008768838015384972,1.199808530509472,0.1771872853860259
834,0.183256709,1785043511.177645,173.7411845706408,165.46163165599125,80.94262659922242,12,-0.0014440782833844423,2.1657525300979614,0.11971082398667932
836,0.183256709,1785043511.464183,179.1028563324596,165.71968311511017,79.49727499298751,10,-0.0017250899982172996,1.4306673556566238,0.1072193761356175
838,0.183256709,1785043511.794403,160.76449659535078,165.93891301376343,94.72355423122644,8,-0.001785614324035123,0.7755503132939339,0.08740285178646445
840,0.183256709,1785043512.293094,173.1356906947985,166.19816229289714,79.12418654933572,11,-0.002848405856639147,0.8804964944720268,0.2223517159000039
842,0.183256709,1785043512.583609,171.41581570092868,166.83390168115852,78.54179382417351,12,-0.0014149135095067322,1.037510922178626,0.10809704847633839
844,0.183256709,1785043512.8704882,138.0837963066157,166.88006961948562,105.01277371123433,13,-0.0013668594183400273,1.1339558251202106,0.14800295187160373
846,0.183256709,1785043513.1291149,173.33652121794844,166.4350499925257,82.65657180175185,15,-0.005644162287353538,0.959774749353528,0.22241921722888947
848,0.183256709,1785043513.470764,170.65958527074594,166.0655262058054,79.6807191260159,11,0.0006061364547349513,1.608808420598507,0.1487936875782907
850,0.183256709,1785043513.802857,148.4880702464456,165.7034036625714,102.81611166894436,10,-0.002326768939383328,1.9928936138749123,0.145975889172405
852,0.183256709,1785043514.069778,158.53017209509545,165.50421500329517,98.73879115283489,14,-0.003749240087927319,1.9067845046520233,0.1390188317745924
854,0.183256709,1785043514.351551,154.6354503283554,164.84644863730296,99.29664656892419,10,0.0005117800028529018,2.462552063167095,0.11180399637669325
856,0.183256709,1785043514.63969,152.8335024354744,164.2524172527407,102.94449919089675,14,-0.0062379142618738115,0.9241936579346657,0.22546449024230242
858,0.183256709,1785043514.8957398,153.17999024303947,164.2493260381298,95.24903126060963,11,-0.0038855392776895314,1.3428382501006126,0.16398235317319632
860,0.183256709,1785043515.1738381,168.86460564588074,164.04916972456547,84.78452438488603,12,-0.0010784389451146126,1.0950511991977692,0.13375628739595413
862,0.183256709,1785043515.4366112,150.7527835916336,163.9875168863682,110.00636558420956,14,-0.0009757760853972286,2.3721508756279945,0.10315044084563851
864,0.183256709,1785043515.740719,180.73239597010647,164.06542360143123,71.8370535839349,12,-0.0021792261250084266,1.0515202172100544,0.2353005725890398
866,0.183256709,1785043516.024555,163.22290151291048,163.60874408510756,90.13963097333908,12,-0.0021653379953932017,0.6228867005556822,0.16192503087222576
868,0.183256709,1785043516.291754,171.69877884105244,163.9206914147739,85.10443346761167,13,-0.0013380403688643128,0.8905841633677483,0.13439302844926715
870,0.183256709,1785043516.573298,165.3063590097729,163.97441096911615,81.65516381710768,13,-0.0011192879464942962,1.1468395367264748,0.09292345889844
872,0.183256709,1785043516.867723,170.52102580950574,164.00839566899384,84.10126209445298,13,-0.0011106875026598573,1.0986565798521042,0.1925524454563856
874,0.183256709,1785043517.158628,150.86567581412368,164.38628251216832,101.53694495745003,12,-0.0011989125050604343,3.562658429145813,0.16001854138448834
876,0.183256709,1785043517.502214,181.43819191923072,164.36097818845053,75.15295213088393,12,-0.0016482422361150384,0.7219069562852383,0.18913625739514828
878,0.183256709,1785043517.787572,167.18625340536335,164.42885381090866,91.65822646766901,12,-0.0009128429228439927,1.3534713424742222,0.18461563251912594
880,0.183256709,1785043518.074443,174.89620793871794,164.84763871524567,80.26965337991714,14,-0.0011019912781193852,0.8022295013070107,0.10020643193274736
882,0.183256709,1785043518.412553,170.1648345825264,164.413338694815,80.41945552825928,14,-0.0010076480102725327,0.7837108708918095,0.19368994608521461
884,0.183256709,1785043518.695323,187.34727358117254,164.50410450826413,69.9129751380533,12,-0.0029657981358468533,0.9374980144202709,0.16279503609985113
886,0.183256709,1785043518.9759371,150.8306096001722,163.72476823439885,107.8364781793207,13,-0.0014732980635017157,0.8877356350421906,0.10864983685314655
888,0.183256709,1785043519.268717,170.57009233585242,163.9160075862238,87.6624674834311,13,-0.0006951965624466538,0.8780563231557608,0.21560395043343306
890,0.183256709,1785043519.523764,185.77061937590446,163.52290113756362,68.27458944357932,16,-0.0015018245321698487,0.948923833668232,0.12596917431801558
892,0.183256709,1785043519.825438,169.69179177879698,163.9262535049113,89.99036955460906,15,-0.0024790682655293494,1.3875490203499794,0.15410676319152117
894,0.183256709,1785043520.0936909,157.324593383315,164.26613430031182,99.32913482561707,12,-8.279777830466628e-05,2.2680246606469154,0.10748718166723847
896,0.183256709,1785043520.372479,166.54748057901102,164.0654164218175,88.0992362331599,13,-0.0014647038478869945,1.2029574029147625,0.15872639138251543
898,0.183256709,1785043520.6538,132.4208867208383,163.64695519975461,121.89789982140064,16,-0.0008115633390843868,3.9906441420316696,0.13206230755895376
900,0.183256709,1785043520.9094698,152.90706389895283,164.03964942960306,108.83995152823627,14,-0.0005916428635828197,2.194685824215412,0.095911864656955
902,0.183256709,1785043521.192106,178.21379124295973,164.60106835161935,78.73266558349133,12,-0.0010128506692126393,1.3973351269960403,0.1120579787530005
904,0.183256709,1785043521.44567,171.9032347221353,164.7050978685528,89.4954733401537,11,-0.0032926189014688134,0.43396837171167135,0.13356660027056932
906,0.183256709,1785043521.70711,178.87542731167227,165.43261174379586,74.8768014702946,11,-0.0027967919450020418,1.8552348837256432,0.19486031960695982
908,0.183256709,1785043522.020032,160.67109733279796,165.2558959283207,95.24421865679324,11,-0.004034541023429483,0.7297310866415501,0.0856086800340563
910,0.183256709,1785043522.285582,164.2833863726642,165.3914279386987,91.63872710615396,16,-0.0008000872330740094,1.4288373291492462,0.09976625675335526
912,0.183256709,1785043522.5413902,176.50430248367167,166.19970670225578,76.58446600660682,11,-0.0011675428540911525,0.6103957574814558,0.058824732434004545
914,0.183256709,1785043522.908159,162.32981795274685,165.75007117931392,90.34782192111015,11,-0.0016309127968270332,1.079269777983427,0.16633734293282032
916,0.183256709,1785043523.227953,177.7446315617911,165.94230296373362,79.11695507541299,12,-0.002873270830605179,1.0571342669427395,0.14132582349702716
918,0.183256709,1785043523.5418172,160.82038092216644,165.81365499858384,89.52670952305198,12,-0.00608860474312678,0.9877118691802025,0.15711563639342785
920,0.183256709,1785043523.8355808,171.7935581782098,166.11765152002425,75.66991368448362,13,-0.0011097661626990885,1.735839605331421,0.1345276366919279
922,0.183256709,1785043524.098043,177.0669183818167,166.63269148302217,79.67670944985002,15,-0.0012595653533935547,1.702695894986391,0.16566194221377373
924,0.183256709,1785043524.528341,158.01938103044765,166.05199169849806,94.27667758613825,14,-0.004328601295128465,1.162668440490961,0.17094987304881215
926,0.183256709,1785043524.824726,170.7262101302404,165.52958472277095,85.85061581991613,14,-0.004491111496463418,1.9237942695617676,0.13925757771357894
928,0.183256709,1785043525.104169,170.24362486472776,165.54528667548428,92.70995626971126,12,-0.0014056672807782888,3.4978159219026566,0.12615378852933645
930,0.183256709,1785043525.417583,142.31163072743928,165.26865932300404,112.84747109003365,13,-0.001441722153685987,1.996923804283142,0.08286592387594283
932,0.183256709,1785043525.695368,162.63113676933554,165.56546169272315,84.42819275707006,13,-0.003911617852281779,1.4731666147708893,0.11910700565204024
934,0.183256709,1785043525.977552,162.89828181428578,164.90921513095614,87.12671668082476,10,-0.0013510433345800266,1.467982403934002,0.15330282412469387
936,0.183256709,1785043526.240156,144.52828674481864,165.18848268068086,113.99503409676254,11,-0.0013409844832494855,2.632397413253784,0.061518844217061996
938,0.183256709,1785043526.500582,161.2428068505642,164.75355558485344,85.04778878204525,11,-0.0032970606116577983,0.7904322650283575,0.13993285596370697
940,0.183256709,1785043526.81103,168.5381983483395,164.67684218625217,83.78424526751041,10,-0.002128930645994842,0.8352407887578011,0.11078544426709414
942,0.183256709,1785043527.069968,163.27954192856342,164.5215666680488,83.07978735864162,10,-0.0017387052066624165,1.6910991445183754,0.15414235927164555
944,0.183256709,1785043527.330304,155.40902090201553,164.2850934682034,92.86918469518423,11,-0.0028290451737120748,1.410708162933588,0.19133503921329975
946,0.183256709,1785043527.62766,166.31285631380823,164.9644256237306,90.10508936271071,9,-0.0024630750413052738,0.9533587358891964,0.17020555213093758
948,0.183256709,1785043527.900969,165.39309510428018,165.96876119437127,91.34274937584996,10,-0.007818501791916788,1.2325162328779697,0.18438361026346684
950,0.183256709,1785043528.184902,160.97017269414485,165.77203162818103,86.43359335511923,15,-0.005197974474867806,1.0632534064352512,0.09533192869275808
952,0.183256709,1785043528.469818,181.02453528745124,165.78613931703333,78.66642364114523,12,-0.0014557085814885795,1.6972028613090515,0.14581359503790736
954,0.183256709,1785043528.7277381,161.57158441518544,165.98356414670306,92.47178979590535,15,-0.002106609637849033,1.8702260106801987,0.18703654408454895
956,0.183256709,1785043529.027562,182.4776151228589,165.45708114367721,77.49693826399744,12,-0.00226224705693312,1.0936701111495495,0.15352052450180054
958,0.183256709,1785043529.2987509,175.28279236135282,165.75880935097487,76.74177510477602,12,-0.0014935710350982845,0.718704592436552,0.13453325908631086
960,0.183256709,1785043529.573141,159.07139384890368,165.64843421909555,96.06621397659183,10,-0.0005038295057602227,2.1281946524977684,0.14219962852075696
962,0.183256709,1785043529.8596811,188.06393526138487,165.9173173225437,72.49436843767762,13,-0.0009669465944170952,0.9796753339469433,0.18175536394119263
964,0.183256709,1785043530.146006,131.27634677226953,165.13364211615107,146.29760862886906,16,0.0010096383921336383,7.788801729679108,0.08822839986532927
966,0.183256709,1785043530.445496,153.56815624718297,165.27157102699817,102.14470314607024,16,-0.0011281146435067058,3.9945680275559425,0.11535127880051732
968,0.183256709,1785043530.703737,165.01877410231364,165.13291717373485,89.67844387330115,14,0.0005799607897643,0.8464026339352131,0.1974841933697462
970,0.183256709,1785043530.978861,172.103173366998,165.41246405906315,89.54398457705975,12,-0.0012852466607000679,1.7101471275091171,0.091905128210783
972,0.183256709,1785043531.274273,152.72052064186002,165.13409044387194,97.70810681767762,12,-0.0030585131607949734,0.7155892848968506,0.1429021847434342
974,0.183256709,1785043531.537277,181.7473997976766,166.03549308715662,84.47197478637099,12,-0.002052836847724393,1.2152429297566414,0.14094430766999722
976,0.183256709,1785043531.827801,159.89838007258533,165.91436770198393,90.8299090526998,13,-0.0017466774443164468,0.8427128419280052,0.10867579141631722
978,0.183256709,1785043532.110861,139.182619343099,165.0674365807299,117.10489359125495,13,-0.0035818717442452908,2.857145220041275,0.11846712371334434
980,0.183256709,1785043532.375811,160.7950749605117,165.39063350913898,101.5465063303709,12,-0.0012965695786988363,1.3319535665214062,0.14455425878986716
982,0.183256709,1785043532.660723,165.12553140323544,164.8505158074304,87.40586696565151,12,-0.0039125047624111176,1.4470594748854637,0.1540325633250177
984,0.183256709,1785043532.9185438,161.17794194951114,165.09663091593654,88.3953656849917,15,-4.46392223238945e-05,1.1042317114770412,0.07266555679962039
986,0.183256709,1785043533.175979,165.41956370556974,165.70835970749758,82.77615912258625,12,-0.001357494038529694,1.7267636954784393,0.13345882948487997
988,0.183256709,1785043533.458156,179.79996746109148,165.9300466693173,78.70392061024904,11,-0.0011209092335775495,1.8734850101172924,0.10240233456715941
990,0.183256709,1785043533.714849,182.85397122816894,166.4798879553309,74.38773067481816,12,-0.002765585028100759,1.33371427282691,0.16753082629293203
992,0.183256709,1785043533.988457,173.19976973459654,166.6665183847076,83.1375249195844,12,-0.000600951723754406,2.693246178328991,0.09199534496292472
994,0.183256709,1785043534.294826,173.91557998936707,166.7854034739374,88.50725952163339,14,-0.004326277281506918,1.046930268406868,0.1642016815021634
996,0.183256709,1785043534.5867279,172.2136982379055,166.87400370806046,84.29658829420805,10,-0.0008401480445172638,1.1553495340049267,0.10921528050675988
998,0.183256709,1785043534.87611,144.21703005260068,165.82208693126972,110.19068564474583,14,-0.0004480498901102692,2.619874596595764,0.05260134441778064
1000,0.183256709,1785043535.52752,140.4211526900518,165.73021467514275,117.3612183444202,12,-0.0014724551001563668,2.4385480359196663,0.057150854263454676
1000,0.183256709,1785043535.52752,140.4211526900518,165.73021467514275,117.3612183444202,12,-0.0014724551001563668,2.4385480359196663,0.057150854263454676
1002,0.183256709,1785043535.818608,186.1444343200264,165.72993148043312,70.8681340701878,13,-0.00047402328345924616,1.4209786131978035,0.1853499338030815
1004,0.183256709,1785043536.106852,175.1016115116621,165.88263343645772,79.94950340688229,10,-0.0017201327136717737,0.931502852588892,0.10102826915681362
1006,0.183256709,1785043536.373465,169.18293924225873,166.33460078751938,84.11340852826834,12,-0.0008792025328148156,1.1050273813307285,0.12494197115302086
1008,0.183256709,1785043536.759199,154.9474172123194,165.69733402367999,94.15206838771701,11,-0.0018611412961035967,0.9083715826272964,0.12064728187397122
1010,0.183256709,1785043537.041397,188.85123523309332,166.35574202693815,71.19911196827888,12,-0.0014595511311199516,1.906295370310545,0.10545489704236388
1012,0.183256709,1785043537.312762,156.3857320358666,165.7081838929867,93.94226532056928,12,-0.003001476259669289,2.767842024564743,0.107229168061167
1014,0.183256709,1785043537.6055932,169.9550292004428,166.85716603795413,83.59729035571218,10,-0.0017024338012561202,0.9961201697587967,0.127779143396765
1016,0.183256709,1785043537.8730938,132.10555772760242,166.50547697867765,132.88659320026636,15,-0.0006043909233994782,2.373007044196129,0.05020675086416304
1018,0.183256709,1785043538.159051,175.38805684458848,167.26814824615704,83.73900353163481,9,-0.0018158363818656653,1.9332605600357056,0.18578532803803682
1020,0.183256709,1785043538.452615,134.12667002910862,166.254027591498,118.6409316919744,16,-0.000751699750253465,2.0949585512280464,0.08407824160531163
1022,0.183256709,1785043538.711199,172.16267059769936,166.19811074816582,85.37922952696681,11,-0.00466241838876158,0.7112322673201561,0.15261168032884598
1024,0.183256709,1785043538.96954,179.566032887161,165.95692633140334,77.05787932872772,10,-0.0013080241842544638,2.4295574203133583,0.14226055797189474
1026,0.183256709,1785043539.278154,163.13556405106664,166.0732415581384,103.19917623326182,12,-0.0015762029215693474,1.044678207486868,0.11587747512385249
1028,0.183256709,1785043539.535852,183.51795011101657,167.3133381037544,80.11184056662023,10,-0.001884062665340025,3.136628270149231,0.14442351460456848
1030,0.183256709,1785043539.8179579,182.1220703149825,167.54507660847256,82.20136730372906,10,-0.0008588553173467517,0.3017838504165411,0.08891082624904811
1032,0.183256709,1785043540.071838,160.44471271061738,168.1605035123152,94.72734139859676,14,-0.0013140590381226502,1.6026609018445015,0.12219382030889392
1034,0.183256709,1785043540.329965,166.79736987251232,168.305717619528,89.50188795942813,13,-0.004064284919877537,0.690940810367465,0.16976337227970362
1036,0.183256709,1785043540.634757,151.1723101087134,167.7716882246605,117.92569048888981,14,-0.0032480221561854705,1.748620416969061,0.14029733277857304
1038,0.183256709,1785043541.035834,165.97599503833783,167.9558081505406,92.74918537586927,11,-0.001924946904182434,1.1806415915489197,0.12541896058246493
1040,0.183256709,1785043541.299577,160.65027376389273,167.20404377964408,88.7556181885302,10,-0.0028020265890518203,1.6389714479446411,0.1622869847342372
1042,0.183256709,1785043541.670115,164.71613030924934,167.11566854773255,93.20911768265069,13,-0.002665688414708711,1.1366030313074589,0.1547427042387426
1044,0.183256709,1785043541.959872,158.42928591602217,166.9635258429429,99.83196452073753,10,0.0017988646868616343,0.9407556504011154,0.10152712883427739
1046,0.183256709,1785043542.247206,175.96247268260757,166.42951416414598,73.11220402084291,13,-0.0009493889810983092,1.2791231498122215,0.12170936400070786
1048,0.183256709,1785043542.51694,153.310105655788,167.15283018489654,101.7541157528758,11,-0.0011462178081274033,0.9979109540581703,0.09282185090705752
1050,0.183256709,1785043542.771004,171.7359984131499,167.64563992417752,82.44527976214886,11,-0.001383221591822803,0.9006959572434425,0.19477822072803974
1052,0.183256709,1785043543.0505788,164.9659998567491,167.4561316604816,88.86450439691544,11,-0.0010643135174177587,1.1394313275814056,0.1167985494248569
1054,0.183256709,1785043543.3360121,173.13653367798003,167.02616844189615,86.64676013402641,13,-0.0022906906669959426,1.6913027614355087,0.17180675361305475
1056,0.183256709,1785043543.590305,170.33510443328703,166.90086433385378,89.58617099188268,11,-0.0016271505519398488,1.156351312994957,0.14036602340638638
1058,0.183256709,1785043543.87034,175.86952838984547,167.1393553080113,80.7766446378082,13,-0.007082089898176491,2.09507292509079,0.18133034370839596
1060,0.183256709,1785043544.13456,154.00821038909362,166.33660055706073,103.27932406589389,11,-0.0028348156265565194,0.9507540576159954,0.0923257409594953
1062,0.183256709,1785043544.449451,133.63020265227703,165.9240618485919,125.15574785321951,10,-0.002041208019363694,1.1256159245967865,0.08724371111020446
1064,0.183256709,1785043545.072789,144.9737045595123,165.8802291396248,103.05269909650087,13,-0.0015443874290212989,0.9177155308425426,0.11336099868640304
1066,0.183256709,1785043545.327348,187.09467018839715,167.22982906414035,71.7265438940376,11,-0.001523987972177565,1.3448328748345375,0.1622509704902768
1068,0.183256709,1785043545.608276,153.37301251557082,166.02193476894666,98.7928457185626,14,-0.0012453595991246402,0.8428466022014618,0.07794276112690568
1070,0.183256709,1785043545.8921301,181.01742558869228,166.7852856175698,76.94747290760279,12,-0.0023937951773405075,0.7907141633331776,0.13057629112154245
1072,0.183256709,1785043546.147842,152.5465560146937,166.4203986114626,93.15250765904784,14,-0.0010074340971186757,1.4014286622405052,0.10975178796797991
1074,0.183256709,1785043546.425142,156.04923225494073,165.68268439964743,98.5713103376329,12,-0.0018048525089398026,0.6017655581235886,0.12249498348683119
1076,0.183256709,1785043546.681163,164.03553805362017,166.02176158333907,90.64572412148118,13,-0.0010017661261372268,1.2636418491601944,0.08016651100479066
1078,0.183256709,1785043546.986032,148.06048321986233,164.6725468612832,106.73184318467975,16,-0.0009656034962972626,2.514470227062702,0.14390207780525088
1080,0.183256709,1785043547.23872,167.32770741704806,164.61335126196357,86.5058522708714,12,-0.0016673435166012496,1.8457022160291672,0.19779376965016127
1082,0.183256709,1785043547.493365,167.78538742520718,164.02349537477096,88.51595039665699,11,-0.002840164117515087,2.5771433785557747,0.14896604558452964
1084,0.183256709,1785043547.773333,172.34239844000788,163.94931960440672,84.97700504213572,13,-0.0021782739786431193,1.1622264124453068,0.1921381587162614
1086,0.183256709,1785043548.054142,161.07353412285343,164.13055495227226,101.40678341314197,11,-0.002783370902761817,1.0461325608193874,0.12059497786685824
1088,0.183256709,1785043548.307911,162.56941244054926,163.422213581464,89.56218442134559,11,-0.0024769501760601997,1.5142739936709404,0.13406763738021255
1090,0.183256709,1785043548.585241,177.39706578197342,163.9975827222305,76.23164141178131,11,-0.0016263399738818407,0.9751466363668442,0.22257001418620348
1092,0.183256709,1785043548.841465,168.66832568048665,163.5503180704439,87.00365508720279,12,-0.0015742666437290609,1.2827461957931519,0.11443902552127838
1094,0.183256709,1785043549.140501,172.24358036958878,164.07648439458785,83.12365199998021,9,-0.0023995022056624293,0.9467928856611252,0.156159489415586
1096,0.183256709,1785043549.393597,169.09979245305084,164.40315986358422,86.65967564284801,11,-0.0013237582752481103,1.9319662600755692,0.10926021123304963
1098,0.183256709,1785043549.64691,173.57118143434275,164.56089471378718,80.44744772091508,12,-0.0006199490308063105,2.4412164837121964,0.1512989178299904
1100,0.183256709,1785043549.926603,178.28237264522375,164.70697989584528,81.77691163867712,9,-0.0015841766144149005,0.5167889446020126,0.18200441915541887
1102,0.183256709,1785043550.20748,180.45439039948147,165.02176418208583,75.35140980407596,11,-0.0038134173810249195,1.0394272170960903,0.14993765903636813
1104,0.183256709,1785043550.461249,161.3255841144975,165.12898329370339,88.99246995151043,13,-0.002428193751256913,2.19104815274477,0.15293015632778406
1106,0.183256709,1785043550.739139,173.88505523115938,165.00002018842753,81.98814008012414,15,-0.0024528306967113167,1.4989454932510853,0.12001237459480762
1108,0.183256709,1785043550.993927,163.61428747374887,165.22749982425282,91.68354742974043,17,-0.0020197314443066716,0.9147939644753933,0.13702550763264298
1110,0.183256709,1785043551.3016598,181.7742688744188,165.86097516975985,83.57156099006534,12,-0.002548271033447236,0.7138026729226112,0.11947807855904102
1112,0.183256709,1785043551.5545542,157.0410150379364,166.32188239935374,100.26739149913192,15,-0.0013968257699161768,1.2055586129426956,0.12603981187567115
1114,0.183256709,1785043551.808119,169.51514057684145,166.44983968295375,85.7133159339428,9,-0.0010159937664866447,1.452999409288168,0.12499521346762776
1116,0.183256709,1785043552.0850592,163.52512575282483,165.4691221585841,95.95216090418398,11,-0.0005817120254505426,1.6375721767544746,0.11779873259365559
1118,0.183256709,1785043552.367268,184.06047228766082,166.6244445020087,76.70190737769008,10,-0.0014806830877205357,0.6966799199581146,0.1889530448243022
1120,0.183256709,1785043552.622376,159.0612360138358,166.5575791781581,101.80681177973747,10,-0.0005176662816666067,1.641761600971222,0.17021479085087776
1122,0.183256709,1785043552.898895,167.11561173562214,166.7795319255669,80.15277864038944,10,-0.0014768490800634027,1.0576175190508366,0.14013869501650333
1124,0.183256709,1785043553.155356,166.17836315975447,167.0619299868221,87.68782828003168,12,-0.0014646102936239913,0.6368023697286844,0.16242629336193204
1126,0.183256709,1785043553.435267,167.1172519608677,166.87561002053965,82.67607280798256,10,-0.0011724027572199702,0.5047200471162796,0.14069700567051768
1128,0.183256709,1785043553.7450671,174.5879039001538,168.07929252278774,73.42908663675189,11,-0.0017716663278406486,0.6582540143281221,0.1294236434623599
1130,0.183256709,1785043554.004718,167.4705984958228,167.85619739946793,93.05964630655944,13,-0.004678979981690645,1.9972896054387093,0.1815386232919991
1132,0.183256709,1785043554.283017,152.77606585471625,167.707149508342,103.55006571486592,12,-0.0018716994090937078,1.1408208273351192,0.07730304915457964
1134,0.183256709,1785043554.537934,175.2571138185955,167.92149892601807,86.41975435242057,13,-0.002807436103466898,1.655623584985733,0.1706302324309945
1136,0.183256709,1785043554.81524,175.9027618258983,168.37414216933365,79.02788991574198,11,-0.0009460768778808415,3.505212724208832,0.10905067529529333
1138,0.183256709,1785043555.093097,174.24553039755483,169.072068975417,89.4273239672184,10,-0.004119163888390176,1.3525031842291355,0.10548103181645274
1140,0.183256709,1785043555.346603,172.20214854873612,168.80034786302457,83.19236443564296,12,-0.0038811146514490247,0.6580420043319464,0.10474565392360091
1142,0.183256709,1785043555.626123,173.45312883932894,169.31249427980998,85.9379010386765,12,-0.0008265119977295399,1.0833615958690643,0.1283568679355085
1144,0.183256709,1785043555.909908,157.71705027840622,168.91638792386533,104.28578070178628,12,-0.0006156359158921987,1.7976416274905205,0.09678904106840491
1146,0.183256709,1785043556.1653602,141.85818986348804,167.9240758944348,117.19051026366651,16,-0.001353694562567398,0.9909588135778904,0.10076704621315002
1148,0.183256709,1785043556.4445472,175.27890754687098,167.99227075079207,83.64090282469988,10,0.0016046850105340127,1.2897889167070389,0.10513443639501929
1150,0.183256709,1785043556.698794,164.02396524463256,168.18490377441697,88.05941257812083,12,-0.0029360437765717506,1.2479869723320007,0.08579242555424571
1152,0.183256709,1785043556.979753,169.96727218768544,167.64089069138998,84.7967132423073,11,-0.0009131593251368031,2.7063302099704742,0.1363804368302226
1154,0.183256709,1785043557.255927,174.91922232507508,167.8641523637463,74.58005008287728,11,-0.0028704220603685826,0.8660740442574024,0.13397546531632543
1156,0.183256709,1785043557.5294468,181.58097125089543,168.02084552190797,78.20807943865657,9,-0.001406503411999438,2.0083098113536835,0.13764899456873536
1158,0.183256709,1785043557.8093178,165.79019939245444,168.19162741717548,86.49254696816206,10,-0.0003427336923778057,1.336928866803646,0.0655624836217612
1160,0.183256709,1785043558.090513,171.5506488722757,167.78351415860016,78.34831240214407,11,-0.002424239239189774,1.7270655632019043,0.18315049540251493
1162,0.183256709,1785043558.347523,164.05842322977603,167.59166908367428,98.4135811664164,14,-0.0001939320209203288,1.3056092746555805,0.17199173290282488
1164,0.183256709,1785043558.6297102,168.77096092158664,167.08797354390998,85.12255527079105,11,-0.0017226820709765889,1.106187779456377,0.17126153549179435
1166,0.183256709,1785043558.88312,167.67647715204893,167.3980107259573,84.06420601531863,10,-0.0010777980205602944,0.6245501562952995,0.1248517818748951
1168,0.183256709,1785043559.157136,163.9524137231986,166.8838486754201,96.08783645555377,13,-0.0016676646773703396,1.4521892666816711,0.10828466294333339
1170,0.183256709,1785043559.434848,144.53587617081692,166.13311261790727,109.27924927696586,14,0.00015216596875688992,2.183024048805237,0.10366008523851633
1172,0.183256709,1785043559.6917179,171.85237910277039,166.21243071845856,80.03619559854269,10,-0.0015666377730667591,0.5019477568566799,0.11168232187628746
1174,0.183256709,1785043559.9768372,166.85574791409698,166.80172609826894,84.92011926323175,13,-0.002169824787415564,0.5828444939106703,0.08563390048220754
1176,0.183256709,1785043560.257331,161.98862148688744,167.03525056356924,89.60592726245522,14,-0.0014875480555929244,0.9417363405227661,0.1342308814637363
1178,0.183256709,1785043560.511861,161.59125521266176,166.9157129527742,82.73688967898488,10,-0.0014799326017964631,0.9447539523243904,0.15349709894508123
1180,0.183256709,1785043560.788949,187.62768441368786,167.14995847164937,65.79989759251475,12,-0.0004650132032111287,0.668662017211318,0.13814904866740108
1182,0.183256709,1785043561.043715,169.2165458667105,167.9177327499781,90.75704579241574,10,-0.001292007596930489,1.2580147609114647,0.10257706884294748
1184,0.183256709,1785043561.29539,152.7249393055161,167.23467107207347,97.8457867577672,11,0.00030535412952303886,2.551440879702568,0.10418743407353759
1186,0.183256709,1785043561.587946,163.53811115545025,166.9317425548104,87.35196945816278,10,-0.0011691679246723652,1.6826821565628052,0.11035914020612836
1188,0.183256709,1785043561.843651,173.54140937250799,166.73194334552815,78.12673210725188,12,-0.0007708785415161401,0.9039968736469746,0.08547428739257157
1190,0.183256709,1785043562.122111,173.24961175714373,166.56255021523032,76.43184744939208,12,-0.0019764595781452954,0.6482927352190018,0.13679411821067333
1192,0.183256709,1785043562.3816042,176.01288756737563,166.63029090708474,81.68860728293657,12,-0.0013744617535849102,0.9784120470285416,0.0953220040537417
1194,0.183256709,1785043562.643779,178.5147690574879,167.00261199583574,83.31873789802194,11,-0.0013206493604229763,1.8733147755265236,0.13948869239538908
1196,0.183256709,1785043562.92254,151.26651746055876,167.67356881864762,106.38025149330497,15,-0.0011005206761183217,1.4221198447048664,0.08728436194360256
1198,0.183256709,1785043563.177595,145.74031087822172,166.87067985201074,103.51215773075819,13,-0.000637649281998165,1.5791714265942574,0.06800226750783622
1200,0.183256709,1785043563.457403,176.30173045531285,166.92062003424954,77.94464664254338,12,-0.0051276651793159544,0.8158263396471739,0.11513005569577217
1202,0.183256709,1785043563.7363179,165.93209184753925,167.06271071391456,90.48109839856625,12,-0.0015210967394523323,1.832622293382883,0.10830711480230093
1204,0.183256709,1785043564.3322399,192.4004237847277,167.4363066215823,75.00887213647366,10,-0.0012791331973858178,1.3954438902437687,0.13427029782906175
1206,0.183256709,1785043564.6353889,185.56905048971373,167.85104567183916,72.71652287244797,10,-0.002179052506107837,0.7485203016549349,0.12205118592828512
1208,0.183256709,1785043564.919811,179.41557573956686,168.04308414287814,80.73950167093426,12,-0.001339565555099398,2.0689023211598396,0.14561038371175528
1210,0.183256709,1785043565.1765509,159.80868500384122,167.922859387874,88.34921656176448,11,-0.0012317291693761945,1.4244834333658218,0.1096226405352354
1212,0.183256709,1785043565.454647,171.29944500946038,168.10267315463057,77.52197597175837,11,-0.00126239174278453,0.6552899889647961,0.11860295431688428
1214,0.183256709,1785043565.71151,166.39367420840188,168.49129289875287,92.96939964592457,12,-0.0007017426542006433,2.4623974189162254,0.058607400162145495
1216,0.183256709,1785043565.989634,177.65090702572735,168.5045277127699,75.43244895897806,10,-0.0006479126459453255,1.9443780928850174,0.15200263261795044
1218,0.183256709,1785043566.366503,164.18554740999417,168.57027462838283,91.4971917308867,16,-0.0011298092067590915,0.8820314593613148,0.14309060387313366
1220,0.183256709,1785043566.6502578,133.57007022728553,168.62944809220284,122.88081751018763,13,0.00050687427574303,3.413949489593506,0.11552077252417803
1222,0.183256709,1785043566.942809,163.8058387066823,168.78635347409912,90.79268660396338,11,-0.002170291634683963,1.488380916416645,0.12185964686796069
1224,0.183256709,1785043567.2484648,175.02781796083656,168.48999885416845,86.53558403998613,9,-0.0019402946054469794,2.076037511229515,0.1843232298269868
1226,0.183256709,1785043567.5264242,171.20063685688243,168.41732743115477,85.52275805175304,13,-0.002046820300165564,1.1356213055551052,0.09308484336361289
1228,0.183256709,1785043567.815302,170.01931792187366,168.15172600239654,86.1673880983144,11,-0.0007628045277670026,1.4203135892748833,0.08343715919181705
1230,0.183256709,1785043568.100124,158.0176596566355,167.8169049056601,91.51514358632267,14,-0.0009444196475669742,0.5995229613035917,0.07551769074052572
1232,0.183256709,1785043568.380589,162.33477277621623,167.2748023658023,91.37769012898207,13,-0.001350645899947267,1.1078591272234917,0.0980403427965939
1234,0.183256709,1785043568.6617348,167.6576879024989,167.67176063437364,86.34036659449339,10,-0.001204627740662545,0.8193758558481932,0.12137999339029193
1236,0.183256709,1785043568.9164531,182.97551941712834,168.01874952845318,74.60513550695032,13,-0.002307401242433116,1.2364684045314789,0.1374334846623242
1238,0.183256709,1785043569.195979,171.6374419618083,168.40095803821828,78.97394042368978,12,-0.0019614315824583173,1.074843842536211,0.14799683261662722
1240,0.183256709,1785043569.477847,179.1265275454891,169.10419122664243,80.11605057120323,11,-0.0036888083268422633,1.2086128517985344,0.14587803417816758
1242,0.183256709,1785043569.7430248,173.41020807147316,168.9076523353129,81.57397849857807,10,-0.0028249566312297247,3.60983082652092,0.10564732179045677
1244,0.183256709,1785043570.022609,179.9602898718383,169.2356054194796,83.37883859500289,10,-0.0011661066382657737,0.8862010464072227,0.10933918645605445
1246,0.183256709,1785043570.399458,177.56809575705287,169.86572655767029,79.19080026820302,9,-0.0017754208529368043,1.672236405313015,0.08856298634782434
1248,0.183256709,1785043570.6847749,173.73218956141957,170.45872550576664,88.72456022165716,13,0.00022810953669250011,3.7230995893478394,0.12068751314654946
1250,0.183256709,1785043571.3129,158.26911329923726,170.13465260028377,90.67494754679501,13,0.00040958309546113014,1.489663489162922,0.09385589370504022
1252,0.183256709,1785043571.597713,177.0053741473773,170.50421912911398,73.6603868380189,11,-0.0016951911093201488,1.48514811322093,0.14494932536035776
1254,0.183256709,1785043571.8812091,183.47227555255716,170.72718821265545,81.09948111325502,10,-0.0009269653237424791,0.619250463321805,0.11971493111923337
1256,0.183256709,1785043572.16508,162.15326993454013,169.77439657456605,96.95539832301438,11,-0.001961811212822795,2.032588891685009,0.1430982006713748
1258,0.183256709,1785043572.4234931,150.2677052945075,169.24436658979369,101.23008516803384,14,-0.0014287149024312384,2.9751486778259277,0.14120045816525817
1260,0.183256709,1785043572.704062,177.4803019361043,169.29397681349022,83.69412203505635,14,-0.001524929393781349,1.579606980085373,0.10156084271147847
1262,0.183256709,1785043572.9615538,187.36416813386853,169.46120568759738,63.59513367712498,11,-0.0019062603387283161,1.0422153994441032,0.19796571787446737
1264,0.183256709,1785043573.2462468,161.67907470755867,168.89602775426022,96.04452855885029,9,8.314976003021002e-05,5.6632478684186935,0.07015385024715215
1266,0.183256709,1785043573.5242722,159.261339092597,168.70345275289645,94.3829981610179,12,-0.0010148874716833234,1.1074775271117687,0.06366830179467797
1268,0.183256709,1785043573.7805219,179.66136384548713,168.56559450878615,82.47723089903593,11,-0.0010609074379317462,1.2410600557923317,0.12243696069344878
1270,0.183256709,1785043574.059171,163.98697009995382,168.9529514764695,86.9874946065247,13,-0.0022825163905508816,1.384221889078617,0.09517380222678185
1272,0.183256709,1785043574.314601,171.72724282255848,168.66796386592515,85.19383808970451,9,-0.002870280062779784,0.36517397314310074,0.10606710100546479
1274,0.183256709,1785043574.6045618,164.5627272311546,168.8179106391361,84.75297646224499,9,-0.0011997666442766786,1.6486682668328285,0.1182572334073484
1276,0.183256709,1785043574.8867352,179.73981142239052,169.20916146245557,76.8055733256042,12,-0.005238818237558007,0.7528469450771809,0.12614956218749285
1278,0.183256709,1785043575.154994,160.44753432502247,169.37035949452908,83.57002891413867,10,-0.003624363962444477,1.1216673403978348,0.15587738016620278
1280,0.183256709,1785043575.4563599,178.44498591837632,169.952536402301,77.4527996815741,11,-0.0013487454561982304,1.5854095667600632,0.10752655239775777
1282,0.183256709,1785043575.765641,172.1361159640796,170.26424597906654,90.16792579367757,10,0.0021539240842685103,1.4251710884273052,0.1696089436300099
1284,0.183256709,1785043576.038638,161.98822140380761,169.8397141221593,88.07960007339716,12,-0.0022241572150960565,1.4956476464867592,0.12430309550836682
1286,0.183256709,1785043576.349152,180.98841980179054,169.6557403846355,69.67700004391372,11,-0.0014185805339366198,0.9714668095111847,0.1277575851418078
1288,0.183256709,1785043576.6069918,176.86375670219658,169.06237158585063,81.67423424497247,13,-0.0029799879994243383,1.7635457292199135,0.16561623010784388
1290,0.183256709,1785043577.0192158,174.3180117734227,168.32602831562954,75.95987610332668,11,-0.0006086367066018283,1.162428442388773,0.09311962639912963
1292,0.183256709,1785043577.363565,170.29567214562599,168.79306469973082,90.31837908923626,12,-0.001858914503827691,0.40225937496870756,0.06378064374439418
1294,0.183256709,1785043577.637192,168.4269421913069,168.21355344218347,85.16899595037103,12,-0.0019874536665156484,1.0302100740373135,0.13505556900054216
1296,0.183256709,1785043577.948211,171.1861148072852,168.26654467652148,82.48870788607746,11,-0.0016905213706195354,2.2173282131552696,0.15013286424800754
1298,0.183256709,1785043578.285905,162.40511659648573,167.68508718598957,92.00228918530047,13,-0.0017267793009523302,0.8072118982672691,0.07189902220852673
1300,0.183256709,1785043578.547015,168.33071791062733,167.90765044655416,91.87152366153896,12,-0.0009609046683181077,1.6258553117513657,0.10769630339927971
1302,0.183256709,1785043578.828651,183.99558364894293,168.09136741413073,75.67323350533843,11,-0.0011555157107068226,0.6511774007230997,0.10444618668407202
1304,0.183256709,1785043579.085238,177.14397334060158,167.51424404800895,84.926653560251,10,-0.005665372591465712,0.5019061770290136,0.18360378872603178
1306,0.183256709,1785043579.3520799,158.49008473422148,167.81510292816387,93.23687219619751,14,-0.0013365347986109555,1.4881818741559982,0.1635902440175414
1308,0.183256709,1785043579.6404989,176.47714561814047,168.48385926015857,75.7193021196872,13,-0.0017704409547150135,0.788946408778429,0.1533549320884049
1310,0.183256709,1785043579.907239,179.71892241586127,168.42575356050492,75.701524797827,12,-0.0013145674020051956,1.0198361165821552,0.1124308155849576
1312,0.183256709,1785043580.1768372,180.74441643708633,168.4834117600017,81.31998061016202,9,0.0013619211968034506,1.6577348485589027,0.17204875499010086
1314,0.183256709,1785043580.467957,163.48333447450662,168.96702450754114,85.55619755666703,12,-0.0015262493689078838,1.2732533290982246,0.09472990641370416
1316,0.183256709,1785043580.7330828,175.3427003227781,169.3506936922245,82.40807643905282,9,6.164365913718939e-05,1.334550578147173,0.12997603463009
1318,0.183256709,1785043581.0180302,178.65074756571715,169.8520980828923,83.34393119812012,10,-0.0011887952423421666,0.9385941810905933,0.11621469724923372
1320,0.183256709,1785043581.300853,184.01151617829458,169.83993551530827,73.30007456988096,11,-0.0010963897220790386,1.4471422210335732,0.12759646959602833
1322,0.183256709,1785043581.5680718,169.51714992651708,169.8116005094546,78.65316599514335,12,-0.0033715502795530483,1.1063647978007793,0.18865500902757049
1324,0.183256709,1785043581.862945,163.94943696797222,169.5482454348094,101.94249421544373,12,-0.002179385810450185,1.0346059203147888,0.13729924662038684
1326,0.183256709,1785043582.125377,156.7904098412707,169.0319860708477,87.88799878954887,11,-0.0014336674066726118,1.1398538202047348,0.12231699796393514
1328,0.183256709,1785043582.392246,185.91809640732794,169.2359008808762,69.67929022759199,11,-0.0005624487530440092,1.3197112083435059,0.13992863753810525
1330,0.183256709,1785043582.675933,168.48241154289622,169.30466040792908,88.35107923857868,10,-0.003124233102425933,0.6522849202156067,0.08822786575183272
1332,0.183256709,1785043582.967617,169.92214684537294,169.33434302837836,85.78903309162706,12,-0.0008336313185282052,1.9005456566810608,0.10583261586725712
1334,0.183256709,1785043583.420618,164.80933914271634,169.97094559952544,89.98884376138449,11,-0.0031691272743046284,1.117624793201685,0.14601929113268852
1336,0.183256709,1785043583.739509,160.91252214663882,169.82107577939576,89.6270400993526,14,-0.0010383992921561003,1.5172257348895073,0.07946723094210029
1338,0.183256709,1785043584.0759869,185.41299981440798,170.45497163384994,71.14862676803023,12,-0.0017009241855703294,0.8309945166110992,0.13749470468610525
1340,0.183256709,1785043584.563547,178.2105056807142,171.12246067418056,77.93052868917584,12,-0.0017156553221866488,0.41699615493416786,0.12018160987645388
1342,0.183256709,1785043585.027682,169.21687399477617,170.77573437016173,85.65586481243372,11,-8.804697426967323e-05,0.5410802736878395,0.11130802612751722
1344,0.183256709,1785043585.3300202,176.76003441870532,171.24294437811335,76.69933704659343,12,-0.0008312033678521402,1.237756159156561,0.12610272085294127
1346,0.183256709,1785043585.637768,172.63959078554805,170.63642321145588,84.45034049078822,11,-0.001447681977879256,0.9032706134021282,0.1373847909271717
1348,0.183256709,1785043585.908952,186.2910116172222,171.3105415219642,68.59270852804184,11,-0.0023818823974579573,1.4042539820075035,0.14501757826656103
1350,0.183256709,1785043586.200028,179.43814614228032,171.30491149226782,84.35577305406332,11,-0.0013538779312511906,1.2214279435575008,0.09968951251357794
1352,0.183256709,1785043586.499758,152.27254972519705,170.54231526771736,103.40099442005157,14,-0.0022433034610003233,2.100166067481041,0.0988344312645495
1354,0.183256709,1785043586.763937,147.71042573302284,169.80698877441262,115.16745549114421,16,-0.0010405668872408569,3.5090919882059097,0.07687072642147541
1356,0.183256709,1785043587.0465229,176.19010773934477,169.98689230849894,73.16497032344341,13,-0.0006990706897340715,0.7660581357777119,0.1123559451662004
1358,0.183256709,1785043587.305564,149.3511316420624,169.55832180462076,102.0138128399849,11,-0.0036846290167886764,2.08705472946167,0.09867075365036726
1360,0.183256709,1785043587.5912058,179.5326033067143,169.60510334035405,71.78728323057294,12,-0.0020588975748978555,2.4697630181908607,0.17703303368762136
1362,0.183256709,1785043587.871606,177.84170609999055,169.38770332239858,74.8459141170606,12,-0.0008071889460552484,0.9121034815907478,0.08286968409083784
1364,0.183256709,1785043588.129747,148.91405639672175,169.0805784154389,115.17643348872662,13,-0.002005940186791122,2.6932667568325996,0.14969025272876024
1366,0.183256709,1785043588.413434,161.12975576753573,168.40138529088236,91.77311828359962,14,-0.0015652512083761394,1.0194104369729757,0.1556441504508257
1368,0.183256709,1785043588.674571,166.2780634627523,167.79309790719813,87.2051890231669,13,-0.0008752618450671434,1.0041435696184635,0.09716879110783339
1370,0.183256709,1785043588.9327319,164.974510465162,168.23361558964788,88.91759866848588,13,-0.0010535545006860048,1.5127138160169125,0.11137380613945425
1372,0.183256709,1785043589.2122712,171.42126721551801,168.78948209903945,86.26564919110388,12,-0.0014419463113881648,1.8318699672818184,0.12406429508700967
1374,0.183256709,1785043589.471982,150.0390606655049,168.42271535781526,117.20916479080915,16,-0.0006529780512209982,2.378358632326126,0.047158502391539514
1376,0.183256709,1785043589.728595,162.04472490944835,168.42538179321087,84.15438197739422,13,-0.002860114036593586,1.804048791527748,0.14661119552329183
1378,0.183256709,1785043590.010478,164.5991105647408,168.22039301030753,91.63874013349414,10,-0.001149076699221041,1.6179848089814186,0.12411699770018458
1380,0.183256709,1785043590.2948108,140.57204676847,166.79282368046992,108.83411712571979,13,-0.00151536324119661,1.7341230735182762,0.09349342342466116
1382,0.183256709,1785043590.57736,167.99117532592197,166.53114802767013,93.58024946600199,11,0.00032895721960812807,2.4351124837994576,0.10041982145048678
1384,0.183256709,1785043590.834141,164.29559584838813,166.42045842134942,94.52022729814053,12,-0.0018180061015300453,1.5083771646022797,0.15198560571298003
1386,0.183256709,1785043591.092245,182.02758922160413,166.86839093777465,74.74591621756554,11,-0.0027548206853680313,1.0651213973760605,0.20085016917437315
1388,0.183256709,1785043591.3733492,180.3232104999212,166.63748957994926,75.1984595656395,12,-0.0005035166395828128,0.7825136370956898,0.1703958841972053
1390,0.183256709,1785043591.6727848,175.9483275394391,166.31229624465084,82.3699893578887,11,-0.0014832057931926101,1.1740872077643871,0.14525974495336413
1392,0.183256709,1785043591.961364,170.7276861325204,166.3123009575264,79.60340107232332,13,-0.0027416982338763773,0.5605146884918213,0.16901045478880405
1394,0.183256709,1785043592.2434518,156.92114583429196,165.83935801671487,96.5344366915524,12,-0.002731970453169197,0.9582920148968697,0.16136835422366858
1396,0.183256709,1785043592.5117068,167.9133939073015,166.34385525783418,86.1064436249435,9,-0.002463565266225487,1.3346522077918053,0.13585881050676107
1398,0.183256709,1785043592.8007958,181.80242142523002,166.31664485635594,74.45047474186867,10,-0.0012226385006215423,0.8918746747076511,0.14124820660799742
1400,0.183256709,1785043593.063684,174.06029153765323,166.4198335426525,78.38702316209674,10,-0.002030956675298512,1.5507678911089897,0.15280424617230892
1402,0.183256709,1785043593.331696,169.69254788885522,166.73283392538337,79.62646849267185,11,-0.0001924040843732655,1.5758511424064636,0.16169274877756834
1404,0.183256709,1785043593.682836,158.6255169289435,167.27146763672576,92.69757628813386,12,-0.002789064747048542,1.5932488590478897,0.09243342140689492
1406,0.183256709,1785043593.9485939,170.9965191293869,167.40486325964034,87.61039527505636,9,-0.0016590330633334816,0.7492566481232643,0.13974057603627443
1408,0.183256709,1785043594.208587,177.2985066471644,167.99670093640216,78.66333309188485,11,-0.0011620497389230877,1.525121659040451,0.09622451337054372
1410,0.183256709,1785043594.496974,186.5351243073973,168.6841179998258,69.22954292409122,10,-0.0008445687562925741,1.671446293592453,0.10742022935301065
1412,0.183256709,1785043594.754721,178.88130669168885,168.88774803722092,73.19263615086675,10,-0.0009123790368903428,2.147449553012848,0.07276945607736707
1414,0.183256709,1785043595.036669,173.87003549765026,169.51615712304476,87.9802984520793,9,-0.003345207660458982,0.6808324344456196,0.09836882399395108
1416,0.183256709,1785043595.295563,154.4419597129825,169.75506418851467,101.73595608957112,11,-0.00046373803343158215,0.9250878319144249,0.09215845307335258
1418,0.183256709,1785043595.5569038,175.61618781516853,170.20744808179552,82.30166426301003,12,-0.0012099806044716388,1.4468370005488396,0.088564224075526
1420,0.183256709,1785043595.838293,179.07534703905932,170.5925939354752,74.5861826185137,13,-0.00251019251300022,0.6711479183286428,0.1724732043221593
1422,0.183256709,1785043596.096999,183.17127888489628,170.44398229759773,72.06521716713905,10,-0.001486503635533154,1.0826850235462189,0.14698449335992336
1424,0.183256709,1785043596.356392,163.18172493894528,170.93941852304283,86.6985149756074,12,-0.002126046718331054,1.519380547106266,0.13760226126760244
1426,0.183256709,1785043596.656827,160.5976332729382,170.51691011846123,96.62418357282877,13,-0.002410006010904908,1.36939287930727,0.13424068177118897
1428,0.183256709,1785043596.943032,179.39331848954393,171.14994933846282,73.77018502540886,11,-0.0008465523205813952,1.298320647329092,0.09685510862618685
1430,0.183256709,1785043597.2231412,170.15427458000872,172.15634245192476,86.43022710084915,11,0.00018203520448878407,1.085187740623951,0.056355624459683895
1432,0.183256709,1785043597.4818718,165.07968974756884,172.18017405556697,86.133441160433,11,-0.0010326100164093077,1.0349341854453087,0.07142627891153097
1434,0.183256709,1785043597.73958,177.74966404491227,172.5230830112915,74.88083793595433,12,-0.0005359500646591187,1.3751090914011002,0.10154585842974484
1436,0.183256709,1785043598.022686,171.406649610786,172.2486993495698,76.69752850756049,10,-0.0025826921628322452,0.7280937060713768,0.13106127083301544
1438,0.183256709,1785043598.2794712,166.60431075689746,172.1877928047078,83.70193590037525,13,-0.0022381480666808784,1.8418365344405174,0.11182377440854907
1440,0.183256709,1785043598.536472,178.53124475335164,172.3398117073115,84.49709832854569,11,-0.0011694554123096168,1.8072088658809662,0.1269844900816679
1442,0.183256709,1785043598.905568,176.09792788588646,172.30110796416704,80.05059927143157,13,-0.0008496988448314369,0.6037214919924736,0.13532005809247494
1444,0.183256709,1785043599.253896,183.00997910725545,172.89816868136108,77.47566384077072,11,-0.0013159483205527067,1.62086670845747,0.13852859335020185
1446,0.183256709,1785043599.5495071,180.99891940638778,172.9253388388168,80.94084224384278,10,-0.0016379833105020225,0.75863466411829,0.10278717149049044
1448,0.183256709,1785043599.823329,156.61786812433317,172.87498891934843,104.40090521797538,13,-0.0011149600613862276,3.1063354909420013,0.12733073718845844
1450,0.183256709,1785043600.112478,180.38942171487207,173.15349835939938,73.20897438004613,10,-0.001759517690516077,0.7543068416416645,0.16656180657446384
1452,0.183256709,1785043600.42612,161.6996027009533,173.1100107238742,101.22416753135622,14,0.000510978490638081,3.0703025311231613,0.11216977564617991
1454,0.183256709,1785043600.70064,147.61780208937694,172.88209513015718,111.39265026152134,12,-0.0006209794082678854,4.058124899864197,0.09165139077231288
1456,0.183256709,1785043600.9644039,166.68657450943977,172.73967653592572,80.64635643735528,13,-0.0014408835995709524,1.5564572885632515,0.11692441953346133
1458,0.183256709,1785043601.267321,161.6504539377602,172.19439774865612,97.50699123367667,11,-0.0004276995896361768,2.6760107576847076,0.08786892634816468
1460,0.183256709,1785043601.541811,179.50478900562393,171.87929198941558,78.46935330703855,10,-0.0015984833116817754,1.2851437330245972,0.11137955961748958
1462,0.183256709,1785043601.850352,170.73165959347972,172.23355897878574,85.07926285266876,11,-0.001357644097879529,0.8797277100384235,0.12619769992306828
1464,0.183256709,1785043602.138889,153.91017652548422,172.010754230973,99.42654938437045,14,-0.0006959165039006621,1.7194527238607407,0.054217176511883736
1466,0.183256709,1785043602.4308531,170.32148514592882,172.2417441322831,86.9553350051865,10,-0.0055279641528613865,0.8434979021549225,0.14688308257609606
1468,0.183256709,1785043602.7154438,168.7701870636391,172.34777899664275,87.98736749216914,13,-0.0010545417026150972,2.2068031579256058,0.1181832323782146
1470,0.183256709,1785043602.9768388,165.32750830252257,171.69377779998132,105.73124719038606,10,0.001064328411302995,2.1473382338881493,0.050014406093396246
1472,0.183256709,1785043603.23896,178.86822762001046,171.50205891053582,81.60011418908834,11,-0.0014546478632837534,1.58778265863657,0.10417138552293181
1474,0.183256709,1785043603.523884,172.86052691584985,171.92360829912832,79.57931254431605,12,-0.0017750910337781534,1.29198944196105,0.11213602172210813
1476,0.183256709,1785043603.781991,190.04171561247722,172.93453622403888,69.54057947918773,11,-0.0003079465823248029,1.106527168303728,0.1147428136318922
1478,0.183256709,1785043604.068644,182.60403813502597,172.4435631176262,81.85316367447376,11,-0.0006867979536764324,0.8503993451595306,0.08103884500451386
1480,0.183256709,1785043604.3285272,175.4421720887331,172.65623695867987,81.10971889458597,13,-0.0012657218612730503,0.4389454796910286,0.127846525516361
1482,0.183256709,1785043604.587919,184.54166517531024,173.34530866710654,69.79673842713237,12,-0.0002706964733079076,0.5693427324295044,0.12952923169359565
1484,0.183256709,1785043604.874111,173.7049265092844,173.1248724163617,81.75388003140688,10,-0.001462596730561927,1.120448961853981,0.1264642346650362
1486,0.183256709,1785043605.135486,159.50776098666637,173.33354708438156,93.78925946727395,12,-0.0015367802698165178,0.9399333372712135,0.10064165480434895
1488,0.183256709,1785043605.3953679,159.27344801548435,173.05000488239187,96.1458498686552,11,-0.0016704273293726146,2.743177130818367,0.15048411022871733
1490,0.183256709,1785043605.7100391,173.03257531761454,173.14042196713476,83.40166448801756,13,-0.0017301740372204222,1.2117585614323616,0.15884568495675921
1492,0.183256709,1785043606.000412,191.2589273303592,173.57828235385088,65.58749787509441,13,-0.0017125075100921094,1.149153284728527,0.15429271338507533
1494,0.183256709,1785043606.283805,154.23200815945194,172.89835256392934,95.56023392267525,14,-0.0030407289159484208,1.362551063299179,0.13605204783380032
1496,0.183256709,1785043606.5447218,174.54039034702083,172.8550987320712,76.12975140661001,11,-0.003709751064889133,0.9053216092288494,0.1530663431622088
1498,0.183256709,1785043606.812416,164.40013923364225,172.65813844655221,86.41456221044064,10,-0.0012976376456208527,1.3774442598223686,0.1601662253960967
1500,0.183256709,1785043607.454441,186.75820027889395,172.72012566032515,72.0627254806459,9,-0.001464744156692177,0.8730177003890276,0.17245808150619268
1502,0.183256709,1785043607.758501,162.46492068292588,172.4498374490447,88.90246393159032,11,-0.001635313150472939,0.6916540525853634,0.1638606023043394
1504,0.183256709,1785043608.15908,160.89834310600628,172.561145941428,92.12083415314555,13,-0.0019113084636046551,1.0781417824327946,0.08630097494460642
1506,0.183256709,1785043608.446252,168.45898198729904,172.64939156657755,87.24123687110841,12,-0.0006743043195456266,3.3214286416769028,0.08710115170106292
1508,0.183256709,1785043608.710006,163.29936551947486,172.66456140925982,80.85184433730319,13,-0.0007678799447603524,1.2733133137226105,0.12266203202307224
1510,0.183256709,1785043608.996228,183.75043905567748,172.93884582911267,85.09025112912059,12,-0.000985024104011245,1.0961506590247154,0.10006924765184522
1512,0.183256709,1785043609.286297,175.7187192355751,172.71497415349296,79.84018076211214,12,-0.002874804165912792,0.9986168444156647,0.10905314655974507
1514,0.183256709,1785043609.556101,175.77963554424142,172.53331049659283,80.7994978018105,11,-0.0008453776245005429,1.2692144885659218,0.0801126619335264
1516,0.183256709,1785043609.8497338,172.37971907009367,172.70630619400828,92.52752555534244,11,-0.0011413845932111144,0.6399879530072212,0.08948934450745583
1518,0.183256709,1785043610.1232169,168.1936957518699,172.43281079672934,85.54872514866292,13,-0.0010619114036671817,0.6184074692428112,0.07669236022047698
1520,0.183256709,1785043610.4187589,177.43306017330724,172.78212029027435,75.8869402948767,13,-0.0015931192901916802,2.685085527598858,0.154203025624156
1522,0.183256709,1785043610.798792,153.50542511126312,171.90462717680913,99.43731764145195,13,-0.0009038044590852223,0.8239231705665588,0.0963733836542815
1524,0.183256709,1785043611.155508,157.13208424757732,171.17940874859332,82.13040634058416,13,-0.0007400407339446247,1.8555129170417786,0.09796608984470367
1526,0.183256709,1785043611.583002,147.15867144067798,170.1893787652165,115.29245730489492,13,-0.0010722483857534826,2.7360737323760986,0.05642171832732856
1528,0.183256709,1785043611.9085262,182.48586114789268,169.9071584757561,70.41447809431702,12,-0.0011282654013484716,1.8944389298558235,0.19067489728331566
1530,0.183256709,1785043612.1899478,177.57715345878938,170.11383323826792,76.85481118177995,12,-0.0011099161056336015,1.6661362051963806,0.1155979922041297
1532,0.183256709,1785043612.494477,171.22842218286485,169.55712481156078,92.80280227214098,13,-0.000277950064628385,1.3671350069344044,0.05366952554322779
1534,0.183256709,1785043612.768519,192.1311737454463,170.1212946926277,67.2366903014481,11,-0.0006538477609865367,0.36117333825677633,0.1088744793087244
1536,0.183256709,1785043613.0477881,189.06675534506203,170.22033200656878,67.50588131323457,11,-0.0033625034848228097,2.6662269607186317,0.11803445965051651
1538,0.183256709,1785043613.395945,152.20513728365506,170.37992477433633,112.19778382591903,12,-0.0005950997219770215,3.0672942847013474,0.05166721832938492
1540,0.183256709,1785043613.743105,163.85792264590316,169.68863462957611,95.70564258098602,13,-0.0006526266224682331,0.664216972887516,0.05857383622787893
1542,0.183256709,1785043614.066963,172.6160994519562,169.2953556954507,80.6111558303237,14,-0.0029631806755787693,0.5154387000948191,0.16665070224553347
1544,0.183256709,1785043614.334377,178.30085111888692,169.60339403589222,75.04202778637409,11,-0.001669477322138846,0.9196877498179674,0.09546553855761886
1546,0.183256709,1785043614.602245,153.7173921030991,168.9732141583125,93.63583320006728,12,-0.0008443290716968477,2.554600313305855,0.1347297476604581
1548,0.183256709,1785043614.887232,176.53255269673448,169.57670200880222,79.51767129823565,13,-0.0009948786464519799,1.0383164547383785,0.11232513608410954
1550,0.183256709,1785043615.145493,181.79293115205476,169.4572657553784,75.34167028591037,12,-0.0007969575017341413,0.5340862181037664,0.17060612328350544
1552,0.183256709,1785043615.4073431,171.8754444788909,169.6569459823364,87.576306482777,13,-0.0005466534057632089,2.3309336975216866,0.07342847483232617
1554,0.183256709,1785043615.72058,161.91226179689428,170.09852005214253,95.11089082434773,12,-0.0009709532023407519,1.1969724223017693,0.1192373656667769
1556,0.183256709,1785043615.988183,165.91181491538578,170.07554769955215,90.12166238948703,16,-0.0009653656743466854,1.088895432651043,0.09319830499589443
1558,0.183256709,1785043616.272856,165.30715850693585,169.71180972327792,91.88679648190737,12,-0.0012307243887335062,1.5909998193383217,0.09779756609350443
1560,0.183256709,1785043616.534765,162.77240597163592,169.05039940242804,88.89545554295182,13,-0.001655878390010912,0.47758269868791103,0.12116558710113168
1562,0.183256709,1785043616.805133,160.06897901400274,168.25445289552437,96.73262716829777,10,-0.002941468424978666,0.9464620649814606,0.13726730272173882
1564,0.183256709,1785043617.1014369,173.98305183787653,168.66727259873355,80.0057089664042,14,0.0010552236053626984,1.2347355633974075,0.16247610934078693
1566,0.183256709,1785043617.4086661,165.39467360725038,168.5049214462242,90.9933634325862,11,-0.0021765271376352757,0.8098154403269291,0.10149352881126106
1568,0.183256709,1785043617.6738539,172.39335128555717,168.74334983097205,85.30931571871042,10,-0.00028767436742782593,1.0861499719321728,0.10315909003838897
1570,0.183256709,1785043617.959062,167.1494759937265,168.3135527070291,92.07181689143181,12,-0.001601899610250257,1.1071154698729515,0.18714423198252916
1572,0.183256709,1785043618.221903,173.78516795221057,169.57614628161122,83.25780898705125,10,-0.001270483247935772,0.8666159622371197,0.1097807064652443
1574,0.183256709,1785043618.5540211,183.6230260235886,170.15326422320624,79.91387133672833,8,-0.0011655624257400632,0.6801661401987076,0.09009306784719229
1576,0.183256709,1785043618.814985,171.95177282635106,171.0636956115463,84.3221329972148,12,-0.0010944974201265723,1.5644100308418274,0.11875984817743301
1578,0.183256709,1785043619.075294,155.58183779570112,171.00199222917433,100.5756106376648,12,-3.2273936085402966e-05,0.9832316972315311,0.08232142124325037
1580,0.183256709,1785043619.387109,174.4370216204515,170.47735010357016,82.5315669812262,11,0.0001619749964447692,1.9467456638813019,0.12368943076580763
1582,0.183256709,1785043619.6484742,172.96667289092755,170.97221954391804,88.88996047899127,11,-0.0009836472745519131,0.84534827247262,0.10659461189061403
1584,0.183256709,1785043619.9090078,170.87495956900457,170.06871721255737,78.99372896365821,13,-0.0012641349821933545,3.638579837977886,0.15068868501111865
1586,0.183256709,1785043620.194027,173.18476342474676,169.89258351825148,83.77659500204027,13,-0.000944643747061491,0.7176864892244339,0.07922251778654754
1588,0.183256709,1785043620.459421,178.82184559300217,170.24281884816813,79.55729673430324,11,-0.0020650699734687805,0.9121286608278751,0.09424916515126824
1590,0.183256709,1785043620.7542038,187.2541522597212,171.14263303669307,67.61546134017408,13,-0.0013896285963710397,0.8823486976325512,0.10832937434315681
1592,0.183256709,1785043621.020292,148.8643113514846,170.726282763219,119.22279138863087,15,0.000232468155445531,2.418439283967018,0.14397032605484128
1594,0.183256709,1785043621.278935,185.59963707932533,170.55447820331406,73.703005194664,11,-0.002076345437671989,2.613525941967964,0.14966183109208941
1596,0.183256709,1785043621.5707479,168.1073850936371,170.23754536270272,93.86487007513642,13,-0.002174505381844938,0.7517795637249947,0.053617784986272454
1598,0.183256709,1785043621.83181,150.32585375777188,169.92024455579954,108.28660074993968,14,-0.0009867227636277676,1.6031049862504005,0.11627609189599752
1600,0.183256709,1785043622.152298,166.15467133446148,169.5658502593884,83.827496830374,12,-0.0006953287593205459,0.5941572971642017,0.06096211867406964
1602,0.183256709,1785043622.57952,157.7851331976842,169.47937345837627,91.12911577988416,11,-0.001784825581125915,0.858713909983635,0.17340155597776175
1604,0.183256709,1785043622.840523,173.00887089926061,169.52208481278444,85.6894985511899,12,-0.0013614697818411514,0.8483770452439785,0.10777168953791261
1606,0.183256709,1785043623.127983,161.37983491221286,169.29201224954042,94.3116980753839,12,-0.002875301201129332,0.9310178272426128,0.12765554850921035
1608,0.183256709,1785043623.3893812,178.6755501645546,170.1108936634317,77.8231796734035,13,-0.0022462239721789956,0.7032406572252512,0.20094487443566322
1610,0.183256709,1785043623.65101,167.7623719262713,170.34994275511363,83.18421242386103,12,-0.0030332084861584008,0.556783102452755,0.1894073123112321
1612,0.183256709,1785043623.9392462,168.8099911883758,171.23570916271547,84.3980085812509,12,0.001981412868190091,1.5157646909356117,0.09833042556419969
1614,0.183256709,1785043624.201474,160.03278806263236,170.69898421702078,98.74825393408537,12,-0.0013483703369274735,1.2567143999040127,0.1014278163202107
1616,0.183256709,1785043624.464206,175.14447884495732,170.94858416863943,78.10779853910208,13,-0.0012636766768991947,0.8631460517644882,0.1144903851673007
1618,0.183256709,1785043624.754835,163.66246710143454,170.68263455782898,88.43985936790705,12,-0.002882369910366833,0.8393419906497002,0.17481181491166353
1620,0.183256709,1785043625.046508,155.37832605177493,170.61840310125345,99.54817916452885,11,-0.0012661827495321631,1.7393860444426537,0.09344300325028598
1622,0.183256709,1785043625.328784,164.2672478109441,170.15467190770013,94.88182410597801,11,-0.001427411159966141,1.4745670594274998,0.08276655711233616
1624,0.183256709,1785043625.591551,178.7094836754341,170.2411469351651,81.4002094687894,12,-0.0035476037301123142,1.4237929806113243,0.10257746977731586
1626,0.183256709,1785043625.91271,162.80659633610725,169.51205166435423,97.0110040679574,13,-0.0010513461893424392,1.9586882628500462,0.08868423872627318
1628,0.183256709,1785043626.199954,162.33011918270023,169.85349596312884,90.87185708992183,13,-0.0024942127165559214,1.5880391523241997,0.12102701282128692
1630,0.183256709,1785043626.461112,170.2982720213524,169.8638456529357,87.35463359951973,12,-0.0008244174532592297,1.177377674728632,0.11275483248755336
1632,0.183256709,1785043626.719577,162.94241845977456,169.18809915719186,81.31139266863465,11,-0.0019355526601430029,0.9967387095093727,0.18695180490612984
1634,0.183256709,1785043627.023702,159.51645256507052,169.13204238428375,96.43896156549454,12,-0.0007432650309056044,1.1755468249320984,0.12971949251368642
1636,0.183256709,1785043627.30918,168.96582624106026,169.0749325646734,79.67669864557683,13,-0.0026918175572063774,1.8022440299391747,0.09383406909182668
1638,0.183256709,1785043627.626527,163.5423134466787,168.68417291930902,91.62044287845492,11,-0.0011664201301755384,0.9429280906915665,0.0727294038515538
1640,0.183256709,1785043627.911566,167.08073972347307,168.44767696623813,86.82528383098543,13,-0.0019359022699063644,1.3764557093381882,0.11390520492568612
1642,0.183256709,1785043628.180253,179.27205684069656,168.89049518552522,82.04842138662934,10,-0.0006516871508210897,1.2247050628066063,0.10144986934028566
1644,0.183256709,1785043628.482794,176.7357971697902,169.04986707913275,75.6288211978972,11,-0.001581881777383387,0.5897647198289633,0.13786204671487212
1646,0.183256709,1785043628.7616482,181.5144506984966,170.13265508522466,79.93974602594972,9,-0.0014088669267948717,1.148655816912651,0.10246383165940642
1648,0.183256709,1785043629.076021,174.59867985058696,170.3669418830098,78.76122671365738,12,-0.0020691927638836205,0.8875879757106304,0.20990991964936256
1650,0.183256709,1785043629.379123,163.13668318242705,170.43853860433381,84.30788305774331,12,-0.0009500266751274467,1.2967056781053543,0.09493369841948152
1652,0.183256709,1785043629.6397681,184.3228182554098,170.5453040075503,77.87185299769044,9,-0.0007522662745031994,2.515241265296936,0.07395652937702835
1654,0.183256709,1785043629.923587,187.2744074538795,170.88050043208722,69.53661010134965,12,-0.0018141800828743726,0.46259577199816704,0.087362265214324
1656,0.183256709,1785043630.182764,153.71610353515396,170.56300265826857,103.38235444575548,14,0.0007057923503452912,1.8641922548413277,0.08163944026455283
1658,0.183256709,1785043630.44107,173.88871035079265,170.6558806751724,82.02617129683495,12,-0.0027773069523391314,1.4251102209091187,0.17048170510679483
1660,0.183256709,1785043630.726033,188.07483185333575,171.1071428554234,65.70115035399795,13,-0.0010165366693399847,0.40478507429361343,0.09539714502170682
1662,0.183256709,1785043630.9870038,180.00090851919452,171.18538630041553,73.97495052218437,12,-0.002565428614616394,0.7769294306635857,0.1479158764705062
1664,0.183256709,1785043631.24875,157.9049333688257,171.50024804396114,104.6592628955841,15,-0.0019243177666794509,2.405006192624569,0.1338487220928073
1666,0.183256709,1785043631.5335748,162.94902435691768,170.95547695354352,90.2806899100542,12,-0.0013568111462518573,2.058899573981762,0.09058290487155318
1668,0.183256709,1785043631.7959502,185.12332280391698,171.03747733220905,78.22948808595538,10,-0.001005664627882652,2.0957317501306534,0.09152953047305346
1670,0.183256709,1785043632.106596,164.07016506526807,171.38190488967066,94.10661552846432,11,-0.0014009631122462451,3.001595288515091,0.13260085554793477
1672,0.183256709,1785043632.401779,176.81646639101038,171.70268386682883,79.14014488831162,13,-0.00150538983871229,0.5872457157820463,0.09284021286293864
1674,0.183256709,1785043632.666055,176.99682218837606,171.39042577103044,81.94789071008563,12,-0.0011259357270319015,1.9002372846007347,0.09280250198207796
1676,0.183256709,1785043632.952301,178.01589875647957,172.32681390638027,77.77936340123415,12,-0.000548216063180007,0.7631232962012291,0.06174307665787637
1678,0.183256709,1785043633.2143471,171.9428399266001,172.09846921293763,74.64847283996642,12,-0.0022369357247953303,0.9927911087870598,0.11571620823815465
1680,0.183256709,1785043633.476477,181.26608160214062,172.62527497929014,73.38375465199351,11,-0.002404541301075369,1.1483742110431194,0.16824760241433978
1682,0.183256709,1785043633.7640278,158.66349812830163,172.74391308485767,97.5315240509808,11,-0.0009268608991988003,0.8745387010276318,0.08238914585672319
1684,0.183256709,1785043634.02758,164.88390807585526,172.75117768403297,94.53833475708961,13,-0.0008560462847526651,1.799590103328228,0.08098760945722461
1686,0.183256709,1785043634.312938,156.22878817182286,172.3858050521177,101.91674494370818,14,-0.0008791696163825691,3.4005258083343506,0.0885407249443233
1688,0.183256709,1785043634.57643,164.0843497009904,172.58099338387848,95.83633769396693,12,-0.0011668173829093575,1.8598493784666061,0.11623338237404823
1690,0.183256709,1785043634.839083,178.33000060875113,172.67610916408404,78.16265450417995,14,-0.0017451172461733222,2.5388552621006966,0.16210361802950501
1692,0.183256709,1785043635.1279418,167.5711560558894,172.37648712518904,89.34292131662369,13,-0.0015822021523490548,0.5878377743065357,0.17616015393286943
1694,0.183256709,1785043635.802998,193.37508379649375,172.942048232046,66.50406475737691,10,-0.0009910229127854109,1.0013913661241531,0.1211614073254168
1696,0.183256709,1785043636.0829499,176.174544643027,172.59747853420046,81.23220368474722,11,-0.0017644371109781787,1.4364669248461723,0.18212598841637373
1698,0.183256709,1785043636.392321,165.72959670477593,172.24053546446012,102.0851964764297,14,-0.0018072294478770345,1.1475431211292744,0.21134096570312977
1700,0.183256709,1785043636.651741,140.6176643211621,171.37799965400762,117.30077270045877,12,-0.0008744897786527872,2.0424934029579163,0.07793652592226863
1702,0.183256709,1785043636.934336,175.74820871188896,170.93511635258812,80.75670108571649,10,-0.0035282537573948503,1.5429685711860657,0.06244565942324698
1704,0.183256709,1785043637.192833,184.2309807070398,170.52797594790718,75.8200937025249,9,-0.0010114380274899304,1.4757456704974174,0.20176968909800053
1706,0.183256709,1785043637.454205,175.9045154134016,171.005573664716,82.82884311303496,10,-0.000988778192549944,3.2074539437890053,0.11616592109203339
1708,0.183256709,1785043637.737131,185.05474406191044,170.8045496709448,78.73407105356455,11,-0.001792014045349788,0.7142336796969175,0.16975094703957438
1710,0.183256709,1785043637.995148,176.3430333911619,170.54030249201844,82.29876654222608,10,-0.0012521455064415932,0.4718347992748022,0.14897695183753967
1712,0.183256709,1785043638.256227,187.00223643927202,170.51799000892214,69.11145424284041,11,-0.001844586106017232,1.9930271059274673,0.12398803979158401
1714,0.183256709,1785043638.539824,155.66075706452034,169.948288233735,97.16783400066197,14,-0.0006052660319255665,1.6579018980264664,0.04762571444734931
1716,0.183256709,1785043638.798496,153.63023311229261,169.96441375951406,90.38803943246603,12,-0.000797432498075068,1.4276353865861893,0.10219559026882052
1718,0.183256709,1785043639.081453,175.40983311609816,169.74378045463877,78.40690439939499,11,-0.002811098180245608,0.41193009354174137,0.1465007239021361
1720,0.183256709,1785043639.349386,181.13423945639298,169.93556637991801,72.47791424021125,12,-0.0012814215733669698,0.7481152527034283,0.16253549978137016
1722,0.183256709,1785043639.608578,178.9183370699904,169.90634136347828,77.96008628234267,11,-0.0027177165902685374,0.8997338674962521,0.19240941759198904
1724,0.183256709,1785043639.9195,181.27392668013186,170.05609202885725,74.93430423736572,11,-0.0009465152616030537,1.317009575664997,0.0704263667576015
1726,0.183256709,1785043640.178803,153.76967575573767,169.29489424991084,106.2784222215414,16,-0.0021719205542467535,1.644088502973318,0.10723494831472635
1728,0.183256709,1785043640.43792,173.30823051668645,169.49161883394132,77.18230790272355,11,-0.0015638630138710141,0.8392502814531326,0.14908746862784028
1730,0.183256709,1785043640.8090482,185.94533236126628,169.48290135420905,71.13466249965131,12,-0.0018937798449769616,0.7205338384956121,0.13614095468074083
1732,0.183256709,1785043641.0658062,176.0988576771297,170.15647702684652,74.56712352484465,14,-0.0010754077229648829,0.9566018581390381,0.08679881365969777
1734,0.183256709,1785043641.351388,181.12632333674713,170.64473588734944,73.22124627232552,12,-0.0010013439896283671,0.7521985676139593,0.09870978095568717
1736,0.183256709,1785043641.611236,163.65271818571694,171.10103680887707,87.76169691234827,12,-0.0008169024949893355,0.7290135882794857,0.09734168648719788
1738,0.183256709,1785043641.870701,178.23197702274481,171.23973797888775,79.07229336723685,13,-0.0014413567914743908,1.4936668798327446,0.14272670820355415
1740,0.183256709,1785043642.154103,171.92100002643025,171.19475740122525,90.24239782989025,12,-0.0010846218319784384,0.7918700464069843,0.08500589430332184
1742,0.183256709,1785043642.415006,161.118817321949,171.14647635391557,92.00092590786517,13,-0.003712131758220494,0.8928992189466953,0.09223265526816249
1744,0.183256709,1785043642.67489,165.93134334148576,170.49174721914164,79.74401595047675,13,-0.00027811923064291477,1.0296930335462093,0.17596281692385674
1746,0.183256709,1785043642.9585762,180.1432470662799,170.19422671905653,75.59946419671178,11,-0.00196260804659687,2.136304795742035,0.1926323976367712
1748,0.183256709,1785043643.2167501,158.0865594802845,169.85361184095825,96.35236217454076,14,0.00033912775688804686,2.0743666104972363,0.06654019141569734
1750,0.183256709,1785043643.900335,174.19322966137827,170.96836166116663,87.16399262845516,13,-0.002384542371146381,1.0796716921031475,0.08897288679145277
1752,0.183256709,1785043644.167555,164.52649149738613,171.62075324515354,95.81963699311018,12,-0.0006029225769452751,2.447119653224945,0.0756344422698021
1754,0.183256709,1785043644.4268868,166.8797441054318,171.4706473114225,98.6181026045233,12,-0.0007169305754359812,1.1438476033508778,0.08776519075036049
1756,0.183256709,1785043644.715254,148.33022636002715,170.8318661689573,131.40825797058642,14,-0.0008986020111478865,1.1985496990382671,0.09200634504668415
1758,0.183256709,1785043644.973805,169.5903135204354,170.39240038558975,83.71644799783826,10,-0.0016992248783935793,1.9291922599077225,0.12405629083514214
1760,0.183256709,1785043645.230669,166.72819331686586,170.1077648216871,85.61788308806717,12,-0.0008716807642485946,1.0289015509188175,0.1100497841835022
1762,0.183256709,1785043645.513821,173.73345191595448,170.2467740019005,82.22712174244225,14,-0.006453578767832369,1.537921529263258,0.13863983657211065
1764,0.183256709,1785043645.7729971,181.18097393369982,171.1860144713724,80.3801835924387,14,-0.001171883923234418,0.8529070876538754,0.10348411835730076
1766,0.183256709,1785043646.053845,158.00942227705752,171.55758579418233,98.22644446790218,11,-0.0026038606083602645,0.7176574096083641,0.06695256824605167
1768,0.183256709,1785043646.320471,157.41336464976285,171.57577517569075,95.38263309001923,15,-0.0014982458669692278,0.9994849748909473,0.08060751529410481
1770,0.183256709,1785043646.5801,182.67598138577648,171.99619086123568,74.61153334379196,13,-0.0018642957147676498,0.8020318411290646,0.21039173193275928
1772,0.183256709,1785043646.8628101,173.92202934941108,171.92579296591364,80.57632544077933,14,-0.0013768616918241605,0.5632169153541327,0.13009258499369025
1774,0.183256709,1785043647.124654,185.61460078147232,172.05370061270784,67.38046167604625,12,-0.001680675894021988,0.5863828677684069,0.1201281757093966
1776,0.183256709,1785043647.413104,173.45493245016792,172.7224375732476,74.95407386869192,13,-0.0011099129696958698,0.621777230873704,0.09215243579819798
1778,0.183256709,1785043647.696828,153.46494907247873,172.0356613555863,103.75365904904902,10,0.000254591868724674,2.010907508432865,0.06809485284611583
1780,0.183256709,1785043647.9544802,190.31565811721526,171.8271163875307,70.76084962114692,11,-0.0012057158455718309,1.0660298392176628,0.14066223381087184
1782,0.183256709,1785043648.238265,167.7198386073981,171.20316101729028,80.84272833541036,13,-0.003614059714891482,0.5439507029950619,0.13110212376341224
1784,0.183256709,1785043648.497222,176.17484079741573,171.42592092325722,74.53306068759412,12,-0.002019942126935348,0.4695616364479065,0.20117594301700592
1786,0.183256709,1785043648.753783,172.32132328656542,171.46622650910834,84.69539223238826,13,-0.005515485448995605,1.8108945563435555,0.19002517126500607
1788,0.183256709,1785043649.038768,152.38983212900914,170.69345909653723,105.29390843585134,13,-0.000814643397461623,1.4402467906475067,0.04207556915935129
1790,0.183256709,1785043649.7445629,178.0123160616561,171.00128035413414,79.42090236395597,11,-0.0013889663969166577,0.5242043770849705,0.16060864320024848
1792,0.183256709,1785043650.003886,159.09235759209287,171.12542479767697,90.71267092227936,12,-0.0014671175449620932,1.218189388513565,0.12424418283626437
1794,0.183256709,1785043650.285024,163.02893296993588,171.00351328792905,92.06523672118783,11,-0.0006589959957636893,0.7861032076179981,0.08006599708460271
1796,0.183256709,1785043650.5432389,182.3194719096433,171.20601401332922,76.79558929242194,9,-0.0001339699956588447,1.7918244451284409,0.07296420773491263
1798,0.183256709,1785043650.823595,169.67078020240507,171.24196642191416,91.7551404312253,11,-0.00030228617833927274,0.8307103030383587,0.05404013628140092
1800,0.183256709,1785043651.083921,141.38659331523408,169.80359148070784,116.56749783456326,12,-0.0011252337862970307,2.8232737109065056,0.09376451233401895
1802,0.183256709,1785043651.365404,166.89454268956632,169.5519781851381,91.20108665898442,13,-0.0011826467234641314,1.2240777909755707,0.12458076840266585
1804,0.183256709,1785043651.646516,189.90047331931578,170.05394362810995,72.29973892495036,10,-0.0017516995721962303,1.2242744453251362,0.11450323648750782
1806,0.183256709,1785043651.904459,161.8882005142926,170.33268742137375,91.93121083825827,11,-0.0003007782834174577,0.9538525938987732,0.05586884159129113
1808,0.183256709,1785043652.168721,178.76907753286093,170.9676443200914,79.54307512566447,11,-0.0009601499477867037,2.4608881399035454,0.05454870802350342
1810,0.183256709,1785043652.461379,167.9288232035993,171.0892849427741,81.74526419490576,9,-0.002059385646134615,1.2223444692790508,0.15517117409035563
1812,0.183256709,1785043652.725945,163.46576415278406,170.73506124711952,86.10554610192776,10,-0.0008225870551541448,1.6738868057727814,0.07462506485171616
1814,0.183256709,1785043653.014244,149.2791523348792,169.7914014130456,97.23403746634722,12,-0.0008889743185136467,0.7354330010712147,0.06126481527462602
1816,0.183256709,1785043653.2834282,173.26523872336006,169.64000345731088,76.0962377935648,9,-0.00143285229569301,1.3964839577674866,0.16640267707407475
1818,0.183256709,1785043653.561228,171.06061840147262,169.97641196156187,88.86689584329724,9,-0.0017292967531830072,0.962108913809061,0.1371391243301332
1820,0.183256709,1785043653.8500109,169.41986922047346,169.4458477127406,82.09664592053741,14,-0.0005144921888131648,1.064725298434496,0.0992246144451201
1822,0.183256709,1785043654.1106281,188.81141074912642,169.58328230381142,74.13179213926196,10,-0.001417857885826379,1.320724606513977,0.1313176266849041
1824,0.183256709,1785043654.3690848,167.10140805913304,169.69946744003755,83.10028194263577,12,-0.0018796221120283008,1.02693797275424,0.14328946312889457
1826,0.183256709,1785043654.6789708,159.92072192608686,169.22055973770307,88.47641625627875,14,-0.0008987011387944221,0.9465985968708992,0.08478800975717604
1828,0.183256709,1785043654.938118,181.35711576958232,169.81176224575484,78.17028424330056,8,-0.002650242742674891,1.1923675835132599,0.0739315205719322
1830,0.183256709,1785043655.21969,166.06888747149327,169.8574852141875,85.5883607417345,11,-0.0015351186302723363,1.199028816074133,0.10162040358409286
1832,0.183256709,1785043655.527906,174.03855447686013,170.04948191197846,78.87250507809222,10,0.0009060733136720955,1.155126504600048,0.14549708180129528
1834,0.183256709,1785043656.080768,183.55532860263844,169.47358802051724,76.36663142219186,12,-0.001020777621306479,1.0273927710950375,0.06916601839475334
1836,0.183256709,1785043656.417883,188.77689199881,169.89424587306598,69.20279468223453,11,-0.0009158350876532495,1.3028941750526428,0.08812072430737317
1838,0.183256709,1785043656.720002,185.44007604229404,170.63526416443463,75.78056820109487,11,-0.0012880083377240226,0.5215258616954088,0.14678380079567432
1840,0.183256709,1785043656.973622,176.5020803688382,170.22476269234056,80.29958760365844,11,-0.002067151595838368,0.7290308177471161,0.1740902466699481
1842,0.183256709,1785043657.2512991,165.08332053704407,170.5949900679512,89.08879569917917,12,0.0003808555193245411,2.4043937772512436,0.10561536205932498
1844,0.183256709,1785043657.506586,169.4345561782182,170.65992120900538,85.85524613782763,12,-0.0011161896400153637,0.9888678789138794,0.09882761863991618
1846,0.183256709,1785043657.791629,168.77654958078048,170.44710847926243,79.52869380265474,12,-0.0017124224978033453,1.1798052340745926,0.13311829417943954
1848,0.183256709,1785043658.101241,176.19786671661137,171.08886088581275,74.67586078494787,10,-0.0007161612957133912,0.6512732915580273,0.11151902517303824
1850,0.183256709,1785043658.362619,170.85154964794881,172.1417844635768,79.54273027926683,10,-0.001977594911295455,1.03316156193614,0.16249616350978613
1852,0.183256709,1785043658.670893,168.84084136329898,172.3932668314123,89.21316350251436,14,-0.0007155390485422686,0.8118504546582699,0.08872465370222926
1854,0.183256709,1785043658.953252,173.2595382764338,171.64931903442854,82.14393680170178,12,-0.0010873883729800582,0.631033344194293,0.10521989269182086
1856,0.183256709,1785043659.2087271,177.02362293948545,172.30176532875325,82.39596517756581,10,-0.0008490049513056874,0.916036881506443,0.05151306418702006
1858,0.183256709,1785043659.498719,173.37386044536575,171.88078709918673,79.97069392353296,13,-0.0018363717099418864,0.9914048351347446,0.06981537549290806
1860,0.183256709,1785043659.932916,179.08845596898317,172.10870505494432,79.91412558406591,12,-0.001044746779371053,0.7820285595953465,0.10225061979144812
1862,0.183256709,1785043660.223707,165.7891413133853,171.67605747814025,87.52890217676759,11,-0.0011450003803474829,1.2438786625862122,0.11891497625038028
1864,0.183256709,1785043660.493523,178.46213425055714,171.79952513931815,69.48218816239387,12,-0.0014758284378331155,0.8835673108696938,0.12395557994022965
1866,0.183256709,1785043660.7522361,166.9068155313784,171.79193214185008,82.37324921041727,10,-0.00261001885519363,1.0839132033288479,0.14559804322198033
1868,0.183256709,1785043661.034493,160.6930282939485,171.27744265320845,95.7814548946917,14,-0.0009551786934025586,0.6504046339541674,0.08657018840312958
1870,0.183256709,1785043661.2978392,169.85969646764656,171.3426825708808,82.16402385942638,12,-0.0006048736649972852,0.5072474498301744,0.09108861349523067
1872,0.183256709,1785043661.5833018,191.8989339366224,171.5702900764379,72.04778385162354,13,-0.0031494872528128326,1.5472788847982883,0.21951735205948353
1874,0.183256709,1785043661.896708,183.55928646034752,171.87438341721958,69.9639115780592,10,-0.0018996461294591427,0.7869853880256414,0.1530163874849677
1876,0.183256709,1785043662.195622,177.346483618996,172.05877143285215,81.75134003162384,11,-0.0014496921576210298,1.2898940779268742,0.13866827310994267
1878,0.183256709,1785043662.479199,176.8699527825777,172.32314186094084,74.52320976927876,11,-0.00127806360978866,0.5581642854958773,0.10075795138254762
1880,0.183256709,1785043662.7557719,172.98821715019147,172.0475859707442,80.4674022551626,12,-0.0003576821181923151,1.9625332728028297,0.1264341687783599
1882,0.183256709,1785043663.024944,174.2241679808447,172.112500879296,84.60178395360708,11,-0.0006401119171641767,0.7883538752794266,0.08977385121397674
1884,0.183256709,1785043663.3431082,182.22505294624986,172.7388655590517,78.10523859970272,12,-0.0013424540229607373,0.849454190582037,0.12524151569232345
1886,0.183256709,1785043663.6174679,160.43827350664492,172.0040623050312,100.57872163131833,12,-0.0008141879079630598,1.111207775771618,0.11098353564739227
1888,0.183256709,1785043663.8757231,171.14541185829117,171.64035437812635,82.16353810206056,11,-0.0018339332673349418,1.0031409449875355,0.13314908649772406
1890,0.183256709,1785043664.177956,172.70959885670408,171.63924859427914,79.1559585686773,11,-0.0008706615117262118,0.748042831197381,0.1166718709282577
1892,0.183256709,1785043664.457757,153.90003821746743,170.79764628050376,96.84924170002341,12,-0.0019448466482572258,2.280742585659027,0.0771051817573607
1894,0.183256709,1785043664.75987,180.04995000198716,170.9004885182367,75.27547637373209,13,-0.0011513478530105203,0.7288524992763996,0.09184078103862703
1896,0.183256709,1785043665.045025,187.37269793097892,171.34114832797042,71.65450209751725,13,-0.0016044197254814208,1.464211467653513,0.18315541744232178
1898,0.183256709,1785043665.316719,170.305234183723,171.0679017592747,82.20789016783237,13,-0.0013848901726305485,0.8837358951568604,0.06329672038555145
1900,0.183256709,1785043665.6272461,174.4929109580406,171.03651976683798,78.92290234752,12,-0.0017053980845957994,0.7327345348894596,0.15881560370326042
1902,0.183256709,1785043665.893059,164.8105176437736,170.85357058702266,89.66704948619008,13,-0.0012009160709567368,1.8381860330700874,0.10811250237748027
1904,0.183256709,1785043666.181935,173.45915896857457,170.9450796970981,75.7208990007639,12,-0.0019137247290927917,1.5358072519302368,0.15098145371302962
1906,0.183256709,1785043666.4781592,159.8459665805176,170.4396781685501,92.20340827479959,11,-0.0018408435280434787,1.369820475578308,0.041800281149335206
1908,0.183256709,1785043666.763364,149.98041440598178,170.3840240989771,99.05669447779655,13,-0.000706021673977375,1.2164520025253296,0.07276130374521017
1910,0.183256709,1785043667.072884,167.62785814565152,170.2671276958868,84.55149630084634,14,-0.0010396891157142818,0.9142669104039669,0.09356921259313822
1912,0.183256709,1785043667.360297,186.1275244353137,170.6647509333616,72.90841215848923,12,-0.0019363372994121164,0.8883935213088989,0.17969099059700966
1914,0.183256709,1785043667.643677,179.81063918147726,171.5671760782806,82.43505985289812,12,-0.0015356323565356433,0.8757874220609665,0.117671855725348
1916,0.183256709,1785043667.937105,168.2813710238819,171.77185202748637,86.73998920619488,11,-0.0012472228263504803,0.775254100561142,0.09464836400002241
1918,0.183256709,1785043668.2230542,183.54188260885124,172.1206487498913,74.66397216916084,11,-0.0017687871004454792,0.49834128096699715,0.10967661906033754
1920,0.183256709,1785043668.498785,157.1574302115009,172.00737522892982,95.55485646054149,11,-0.0008181000594049692,2.434637136757374,0.07702140556648374
1922,0.183256709,1785043668.807078,189.05933501624733,172.03172786686096,65.2940838560462,11,-0.0010753856040537357,0.8546416573226452,0.14157955441623926
1924,0.183256709,1785043669.0884311,170.67265129012623,171.51854663845086,82.14209229126573,14,-0.0010393523843958974,0.7620303221046925,0.0860518200788647
1926,0.183256709,1785043669.390784,187.810166158784,171.8622449099864,69.57641531340778,12,-0.0008919811371015385,0.630637526512146,0.12112251203507185
1928,0.183256709,1785043669.648891,188.15995328214836,171.73162040185656,77.17113822698593,9,-0.0018066944321617484,1.8605687208473682,0.16393285850062966
1930,0.183256709,1785043669.904332,187.67287191469163,171.94768666917764,70.03463240340352,11,-0.0019053525902563706,0.7987975925207138,0.15872218599542975
1932,0.183256709,1785043670.185666,183.43866331346905,172.14175650918315,73.73259318992496,11,-0.0017872683238238096,1.1923463456332684,0.13450166629627347
1934,0.183256709,1785043670.443228,162.05729200532,171.40580446107077,97.4235858656466,13,-0.0009863068989943713,0.723976681008935,0.12397488672286272
1936,0.183256709,1785043670.707735,171.23187136193997,171.63809738507763,87.54420256055892,13,-0.0007838704041205347,0.7303604632616043,0.11608671024441719
1938,0.183256709,1785043671.01161,168.18466457474764,171.95342530906566,84.43470481783152,14,-0.0029862052761018276,2.3378641307353973,0.11872973525896668
1940,0.183256709,1785043671.278709,183.22835319239599,172.17763464998515,72.14204422198236,11,-0.001350482227280736,1.3726511299610138,0.12287244526669383
1942,0.183256709,1785043671.564435,180.1512602066866,172.88408091710124,77.40073075145483,11,-0.0010119293292518705,1.0393002107739449,0.11290997546166182
1944,0.183256709,1785043672.276899,196.05312681932492,172.90968478220634,66.15702042169869,11,-0.002333684009499848,1.2313766553997993,0.19718273915350437
1946,0.183256709,1785043672.548151,186.2020363615335,173.11204648193768,72.61727199330926,9,-0.0009580510668456554,1.0727901086211205,0.07302591716870666
1948,0.183256709,1785043672.8494232,163.8199903057475,173.2018556610253,91.49474419560283,13,-0.0019928296096622944,2.930256597697735,0.05551915289834142
1950,0.183256709,1785043673.184001,155.23361806439044,172.8232286195045,102.2279784232378,11,-0.0008838147623464465,2.3857922330498695,0.08711135596968234
1952,0.183256709,1785043673.4452438,182.75674697360046,173.07446515046252,74.8190127722919,12,-0.0004608259187079966,0.5887935385107994,0.04819344205316156
1954,0.183256709,1785043673.749599,172.63041497906448,173.1572385082422,79.92664509639144,12,-0.0016358033753931522,1.0788687095046043,0.14715124806389213
1956,0.183256709,1785043674.02638,165.1294486163428,173.50023681207054,87.68969751149416,12,-0.0007671637868043035,2.5526800379157066,0.06738377152942121
1958,0.183256709,1785043674.3339908,175.1481754722065,173.50126616670784,83.45685873366892,12,-0.001211152397445403,1.2912196815013885,0.06435166159644723
1960,0.183256709,1785043674.610344,163.66008555293655,173.25718308322683,95.3569345548749,16,-0.001377681503072381,1.3899332396686077,0.12232998572289944
1962,0.183256709,1785043674.8755982,174.92670991682527,173.2759835116439,80.67294551804662,13,-0.001495212025474757,2.096974842250347,0.07859910815022886
1964,0.183256709,1785043675.156716,188.72734236903528,173.59115942964738,69.17650351580232,13,-0.0008930127223720774,1.1343133486807346,0.11177204921841621
1966,0.183256709,1785043675.417634,164.34482836107398,173.34504022465774,88.09408482164145,11,-0.0009298950899392366,0.6900741085410118,0.10296369669958949
1968,0.183256709,1785043675.700019,161.27208762147922,173.12606950553203,94.66023924667388,14,-0.001974763559701387,0.9648532196879387,0.12851070752367377
1970,0.183256709,1785043676.0105731,156.30879872485062,173.00818887238515,103.99839663598686,17,-0.0008629880612716079,1.4615268521010876,0.15554684028029442
1972,0.183256709,1785043676.395425,190.38432843819066,172.98537980931516,68.89471392706037,12,-0.0028536218451336026,2.1153449565172195,0.13621473964303732
1974,0.183256709,1785043676.695832,183.26716613676186,173.130429323634,72.99269185960293,11,-0.0007714858511462808,0.7618941217660904,0.0788102971855551
1976,0.183256709,1785043676.96732,155.1731559900383,172.07386558061935,95.93741569295526,12,-0.0005549756751861423,1.2877041585743427,0.0712718153372407
1978,0.183256709,1785043677.2400482,173.0499961396403,171.70178071483144,80.63608817756176,12,-0.0023676183191128075,0.8077041283249855,0.12681749882176518
1980,0.183256709,1785043677.5488188,160.98345789387585,171.61683988453106,96.57848455756903,13,-0.0005636385758407414,1.761335775256157,0.06952953140717
1982,0.183256709,1785043677.807233,167.73600855490278,171.11507569587155,93.85504013858736,12,-0.00019573658937588334,3.2816387712955475,0.0740096450317651
1984,0.183256709,1785043678.066617,166.54833581680003,170.89052353127093,86.4432874135673,12,-0.0007120338268578053,2.848724603652954,0.07469000830315053
1986,0.183256709,1785043678.385549,171.50878935675297,171.03402021056635,84.74812351167202,10,-0.0008587109477957711,0.6855454705655575,0.0830478782299906
1988,0.183256709,1785043678.754913,182.2821281975455,170.64990950811023,70.97822608798742,12,-0.0009487932256888598,1.4473100379109383,0.09916390874423087
1990,0.183256709,1785043679.0408928,181.5843252188511,170.6301939642027,77.39889020845294,12,-0.0009212014701915905,0.9720848873257637,0.11675615003332496
1992,0.183256709,1785043679.299915,173.8612269403852,170.7065858894082,77.21772347763181,11,-0.0014821164731984027,0.8805742114782333,0.14887839788571
1994,0.183256709,1785043679.6859908,173.98351735283927,170.98836651587865,81.97553200647235,11,-0.003748956078197807,1.1798059865832329,0.15587615501135588
1996,0.183256709,1785043679.993303,159.68983837756338,170.725163766419,90.69204078428447,12,-0.0007474020821973681,1.1645269133150578,0.0823196773417294
1998,0.183256709,1785043680.250314,185.47126974163913,171.00762306279034,74.7475018966943,10,-0.0013486563402693719,1.045001596212387,0.15158991375938058
2000,0.288493376,1785043680.8594182,150.38384669526954,171.22677086248225,107.38062805309892,11,-0.001442289438273292,1.5724170058965683,0.1536015272140503
2000,0.288493376,1785043680.8594182,150.38384669526954,171.22677086248225,107.38062805309892,11,-0.001442289438273292,1.5724170058965683,0.1536015272140503
