_step,_runtime,_timestamp,train/reward,train/reward_rolling_avg,train/distance,train/consumption,train/actor_loss,train/critic_loss,train/entropy
2,0.293131667,1785041559.722023,-1861.344967099624,-1706.0212223739636,2055.487665243447,123,-0.012794790149200708,4135.709899902344,0.6505393721163273
4,0.293131667,1785041560.7396579,-341.1711243422168,-1111.0503591089455,922.8219121694565,63,-0.011434210231527686,262.5739793777466,0.5071365777403116
6,0.293131667,1785041561.8014772,-40.63174209062228,-774.318120254789,434.0402494072914,43,-0.011116618741652928,7.65379723906517,0.3046045321971178
8,0.293131667,1785041562.4756029,-31.340429288655272,-581.2197118142719,432.37809905409813,38,-0.00365859002340585,10.055881917476654,0.36868196353316307
10,0.293131667,1785041563.077514,50.86943902126925,-459.1264864652197,276.9852515012026,29,0.004427283827681094,6.205748289823532,0.35487259924411774
12,0.293131667,1785041564.105002,102.92294720017718,-367.4146633434875,197.04897705186158,22,-0.006399351870641112,11.994742214679718,0.24144815094769
14,0.293131667,1785041564.788266,103.38198046746302,-299.6279108147333,179.78100525587797,17,-0.0027713394665624946,7.127165764570236,0.24737757071852684
16,0.293131667,1785041565.0435,104.2245760640301,-249.09953584038658,161.83198849484324,10,-0.002356149780098349,6.593587666749954,0.24845569394528866
18,0.293131667,1785041566.116107,132.50194156081892,-206.99449434608533,125.55789065733552,10,-0.002350421971641481,8.53703111410141,0.189299326390028
20,0.293131667,1785041566.401195,128.53180677613437,-174.31024095895143,140.9557118974626,14,-0.0019003117049578577,10.095691114664078,0.16857764311134815
22,0.293131667,1785041566.679086,130.16545083625556,-147.0600235571548,135.50452281534672,12,-0.0008991875183710363,5.372898161411285,0.09030703268945217
24,0.293131667,1785041566.938406,103.76487090234008,-125.55930423217148,171.16722418367863,5,-0.0017383902450092137,0.7047136165201664,0.10977571737021208
26,0.293131667,1785041567.192953,116.33540189835374,-107.642269632981,140.08774032071233,7,-0.00187918747542426,15.147137641906738,0.1461773430928588
28,0.293131667,1785041567.842777,138.6352379806553,-90.98375365032098,125.6178771480918,14,-0.0032771547557786107,4.804374843835831,0.13433389365673065
30,0.293131667,1785041568.151583,124.0712781904669,-77.25271033176888,139.07931796461344,11,-0.0018201687853434123,6.30039256811142,0.1571215447038412
32,0.293131667,1785041568.405919,129.43276665644476,-64.05207503369019,136.18761013820767,7,-0.0035547375155147165,18.86431097984314,0.16028590500354767
34,0.293131667,1785041568.68442,120.18118849369664,-54.47037333566371,149.9222379848361,10,-0.0017434077453799546,4.088028192520142,0.19008031208068132
36,0.293131667,1785041568.940375,129.59046270882976,-44.67127798305842,147.14635137468576,9,-0.002318377257324755,15.663586139678955,0.19773643277585506
38,0.293131667,1785041569.608705,101.05113793342707,-35.54783823393459,182.9679234996438,15,-0.0027178607415407896,1.7632371932268143,0.21074411924928427
40,0.293131667,1785041569.889101,101.91820804224079,-27.636972534020003,167.22611010819674,12,-0.003297660266980529,2.1846042796969414,0.18445610255002975
42,0.293131667,1785041570.145716,135.519904551844,-20.462766481034066,120.05165606737137,12,-0.001397455867845565,19.291459023952484,0.14195831213146448
44,0.293131667,1785041570.430352,108.04204009399402,-14.188352749959922,160.72846901416779,5,-0.0035873681772500277,0.999466098845005,0.17892460990697145
46,0.293131667,1785041570.710054,134.7060485285224,-8.003984915325134,130.19038818776608,11,-0.0022059264592826366,2.660398542881012,0.14871081709861755
48,0.293131667,1785041570.978925,117.33600116093814,-3.447319001244191,127.26119612157345,8,-0.004672552808187902,9.881977319717407,0.2792482627555728
50,0.293131667,1785041571.2602172,106.9353464136207,1.7764107446299389,154.61265770345926,13,-0.013544726883992553,8.797790318727493,0.36593108251690865
52,0.293131667,1785041571.538183,107.68989377327145,75.13863812512882,164.13800606876612,22,0.006544276315253228,5.344986259937286,0.29375453293323517
54,0.293131667,1785041571.8226418,19.136972459924845,98.27556163672642,319.01056630164385,26,-0.0012367413437459618,24.437552511692047,0.3895025998353958
56,0.293131667,1785041572.084064,56.493196374674994,104.915615138296,246.2984737455845,27,-0.014921143796527758,7.588086754083633,0.4061939883977175
58,0.293131667,1785041572.34241,90.38259201775436,109.18958673104308,194.45902699464932,20,-0.005252683331491426,7.101839005947113,0.3097467999905348
60,0.293131667,1785041572.624154,50.478845810803605,111.21149378866957,273.68366734683514,22,0.003998722007963806,4.229286178946495,0.33957959711551666
62,0.293131667,1785041572.881197,13.113175572737209,109.55118998354865,335.03671668469906,30,0.005901491385884583,10.114298313856125,0.41241254284977913
64,0.293131667,1785041573.147836,-9.192620189835907,104.4945883605508,389.7144821062684,31,-0.007801124593243003,3.601748362183571,0.4463699273765087
66,0.293131667,1785041573.434743,33.54520543388691,101.17022835619058,298.4748098142445,28,-0.00490009700297378,7.598122179508209,0.3677282612770796
68,0.293131667,1785041573.691564,4.138019679984353,97.7174556414521,371.5830808877945,27,-0.00686614474398084,7.982086330652237,0.28025886975228786
70,0.293131667,1785041573.9690619,134.88907698372128,97.13255062864991,134.87848653644323,18,-0.00300672953017056,6.8519090712070465,0.3169407155364752
72,0.293131667,1785041574.225017,131.13912894104408,96.2198300507122,152.85786280408502,14,-0.004725718405097723,5.483180209994316,0.2723125061020255
74,0.293131667,1785041574.487309,144.9975727919537,97.18153644579861,115.69758506119251,12,-0.0014252899854909629,9.506273746490479,0.2407394153997302
76,0.293131667,1785041574.762335,108.23098326866436,97.78592438574945,150.40866949409246,9,-0.0035635478561744094,0.9704132042825222,0.23947967123240232
78,0.293131667,1785041575.017023,110.97014160612689,97.53480059335465,143.0771281681955,11,-0.0025130255380645394,1.630955770611763,0.2538295201957226
80,0.293131667,1785041575.2751281,142.54796020606923,98.66508659816664,119.3269527554512,12,-0.0018785421270877123,2.987455226480961,0.3078628499060869
82,0.293131667,1785041575.5569868,79.779540904583,96.993428424256,242.6500906571746,18,-0.0012123725609853864,4.757161736488342,0.27239164151251316
84,0.293131667,1785041575.848861,82.14160755056733,96.493952193226,209.35155142843723,20,-0.0010256633395329118,5.334085792303085,0.3084647133946419
86,0.293131667,1785041576.131524,129.49566227629984,95.62870988931489,156.2174936775118,18,-0.0055644221138209105,5.482292532920837,0.24216876085847616
88,0.293131667,1785041576.388915,85.31707635643761,94.60876415089552,250.20978489145637,19,-0.0030235954400268383,4.247611165046692,0.17691645678132772
90,0.293131667,1785041576.6486,139.69975731135324,94.79687510212553,115.34106567502022,7,-0.0026658803108148277,6.044164404273033,0.17856325581669807
92,0.293131667,1785041576.932288,91.68871873898422,94.09244403993902,183.7339679375291,4,-0.0015410628402605653,0.6263678036630154,0.16428949497640133
94,0.293131667,1785041577.277156,127.92651803052587,94.46451481729679,128.88067008554935,6,6.645752000622451e-05,1.7870017774403095,0.13008791022002697
96,0.293131667,1785041577.58956,114.22918306233359,94.31297426600914,126.63012721762061,6,-0.0019959030905738473,6.6171218156814575,0.17446431890130043
98,0.293131667,1785041577.916238,131.03176216799042,95.29571356502271,143.03598082065582,9,-0.0016418924933532253,0.7685053534805775,0.20707057230174541
100,0.293131667,1785041578.189404,128.42251197243363,94.74575444170185,136.00081910192966,9,-0.0016217830561799929,2.55683820694685,0.21289604529738426
102,0.293131667,1785041578.483853,104.20104436921521,94.20018584556193,161.89440993964672,11,-0.004969355009961873,1.4927859529852867,0.28335912711918354
104,0.293131667,1785041578.766388,121.93721804886461,96.97786113020683,146.1417245566845,12,-0.0030051443027332425,2.2562262564897537,0.2925283443182707
106,0.293131667,1785041579.028661,125.65252843144769,99.4614481049805,156.2771544009447,14,-0.004922184947645292,2.0398515462875366,0.2827671356499195
108,0.293131667,1785041579.363072,87.97328946895789,99.56287431608455,187.60635352134705,14,-0.006331700104055926,3.604814350605011,0.28145341388881207
110,0.293131667,1785041579.637989,132.1815108726246,101.04705395233194,130.7719687372446,15,-0.0021230867132544518,3.119323894381523,0.19888800010085106
112,0.293131667,1785041579.978436,148.9115947087655,104.37339171288991,113.37926146015525,9,-0.002851171186193824,5.444560259580612,0.24973035417497158
114,0.293131667,1785041580.278104,124.87128643799035,110.03214948374108,122.15353710204363,8,-0.0005466460133902729,1.7287651523947716,0.16264073364436626
116,0.293131667,1785041580.547859,127.23952509448283,113.19800953985036,133.14697674661875,9,-0.0021704190876334906,1.9536078050732613,0.2183968834578991
118,0.293131667,1785041580.8740191,122.40140055142518,116.71026452032393,167.6877468675375,10,-0.005531292292289436,3.7015904635190964,0.22610693890601397
120,0.293131667,1785041581.140258,129.84719205638316,117.91508123216492,130.22865190915763,13,-0.0036341227969387546,3.3239409923553467,0.20907321572303772
122,0.293131667,1785041581.435801,102.296168360349,118.52899658160612,159.9068016372621,10,-0.002156677859602496,5.265184938907623,0.1978286374360323
124,0.293131667,1785041581.735444,154.7624643977515,118.7312072638252,99.91728789359331,10,-0.0012744523555738851,2.2738407999277115,0.18732554372400045
126,0.293131667,1785041582.3709571,150.5381838701045,119.9819113116234,96.07940017990768,13,-0.0011453890474513173,1.5838101506233215,0.2281846208497882
128,0.293131667,1785041582.628173,102.7144135631908,120.04171607572054,196.97349376231432,17,0.0018961221212521195,4.298982724547386,0.29170548915863037
130,0.293131667,1785041582.960084,72.03973543217234,118.22502768094726,226.62452871352434,18,-0.004211350678815506,4.943901568651199,0.20803996175527573
132,0.293131667,1785041583.227752,133.94522747817854,119.76299146889336,131.8135848045349,8,-0.004177325317868963,2.051044374704361,0.23401657957583666
134,0.293131667,1785041583.514265,123.94335366608769,121.12538559767334,137.85359260439873,12,-0.0013235134247224778,2.801008716225624,0.19087848905473948
136,0.293131667,1785041583.7686322,136.9764786479281,122.26702628786569,137.8253366947174,11,-0.003640314913354814,3.2100203782320023,0.22846815548837185
138,0.293131667,1785041584.035945,145.89505121668506,123.87197260659299,126.26043935492635,13,-0.004724133876152337,4.21702367067337,0.23872100189328194
140,0.293131667,1785041584.336648,139.90346286215487,124.02557649570456,144.65300832688808,14,-0.003468243492534384,1.9644851461052895,0.19972565956413746
142,0.293131667,1785041584.594933,141.26422205896233,124.80091835014355,119.05650099366903,11,-0.003739916894119233,1.2611552476882935,0.200127181597054
144,0.293131667,1785041584.8604789,116.59617550308997,124.81446206153748,159.48388571292162,7,-0.004262545262463391,2.247447371482849,0.2359147211536765
146,0.293131667,1785041585.148171,130.2716569228258,125.16506335830645,134.0622888021171,10,-0.0032771907281130552,1.2442835569381714,0.2613149005919695
148,0.293131667,1785041585.410936,146.3445482595612,125.66009755386852,124.45510080456734,10,-0.002029808863881044,3.0003610104322433,0.21341487113386393
150,0.293131667,1785041585.7121642,123.35186162570898,125.99520412612029,135.24384517222643,11,-0.0020932928600814193,1.3728074878454208,0.18650398962199688
152,0.293131667,1785041585.980767,117.26103390213409,125.92631526607316,158.32170891016722,13,-0.002251310143037699,1.3430904522538185,0.2200181009247899
154,0.293131667,1785041586.245197,110.81897019777243,125.40171654142645,158.59617369435728,10,-0.0018550576060079038,2.051916927099228,0.25151598546653986
156,0.293131667,1785041586.528703,140.0576537446135,125.79666814587992,110.40441163256764,12,-0.0016224149148911238,1.5789818912744522,0.19173200521618128
158,0.293131667,1785041586.788935,135.00176119646216,126.55402258888905,127.59088078513741,13,-0.0021009123884141445,1.2540631294250488,0.2283942848443985
160,0.293131667,1785041587.050543,144.9738420662617,127.16676685176755,119.19330240786076,12,-0.0027610702090896666,1.2065712101757526,0.24873769469559193
162,0.293131667,1785041587.33459,115.2040536658701,126.78859233103954,140.5026600509882,12,-0.001978641375899315,1.6660891249775887,0.19537842739373446
164,0.293131667,1785041587.629913,133.19645050334947,127.26459991125319,122.09617007523775,12,-0.003791549359448254,2.525204472243786,0.24474734254181385
166,0.293131667,1785041587.909653,129.59091566314464,128.7809451393403,130.04601181857288,14,-0.004607038252288476,2.265758991241455,0.2055101813748479
168,0.293131667,1785041588.169604,144.26747242365468,129.27691753835848,116.07940713874996,15,-0.0036681125493487343,1.6964997127652168,0.3626375123858452
170,0.293131667,1785041588.430006,120.06571376293111,128.82378786331117,150.9517154544592,17,-0.0028777086990885437,1.1652747243642807,0.27768560871481895
172,0.293131667,1785041588.714648,126.9722358087524,128.67091809454564,125.10768872871995,13,-0.0039185486966744065,1.5421835295856,0.2588989930227399
174,0.293131667,1785041588.9823182,125.24547423767362,127.607433034777,149.27468372881413,9,-0.0023246454657055438,2.222214236855507,0.21742040384560823
176,0.293131667,1785041589.2906399,142.38722820761797,126.89508435894933,117.98054540902376,13,-0.0021757081121904776,2.6190533563494682,0.2769886776804924
178,0.293131667,1785041589.592736,151.12934807992568,127.83388305421374,106.65956048667431,9,-0.00168952505919151,3.0394286513328552,0.23312273994088173
180,0.293131667,1785041589.932458,154.97982816357737,129.5417931679058,106.85806879401207,11,0.002573250560089946,2.4428083151578903,0.19122695550322533
182,0.293131667,1785041590.255213,95.9306118213377,128.519717294489,181.10168726742268,8,-0.006587725249119103,1.0567805767059326,0.26465634535998106
184,0.293131667,1785041590.56273,123.03648537312242,128.88137293627733,153.63691076263785,13,0.0011951353517360985,3.458451136946678,0.22897037118673325
186,0.293131667,1785041590.81725,112.98349673128604,129.05814985878806,139.90053230524063,11,-0.005203036096645519,2.5687887221574783,0.3313018586486578
188,0.293131667,1785041591.137088,105.59867927446614,128.12515566758665,174.93537420779467,19,-0.005756319151259959,1.7132708057761192,0.3428278621286154
190,0.293131667,1785041591.4010408,112.49340285723578,127.82364895370128,175.34135022386909,19,-1.979933585971594e-05,3.671635001897812,0.2937646470963955
192,0.293131667,1785041591.6642098,112.36666040784098,127.46761148377364,163.05273251235485,14,-0.00580517369962763,2.5488875955343246,0.3241935111582279
194,0.293131667,1785041591.967488,113.7486727870946,127.77829020576712,154.0070315375924,12,-0.002101591555401683,3.004305601119995,0.20680337399244308
196,0.293131667,1785041592.220643,151.3115384735214,128.3442334968034,104.02138907462358,12,-0.002589699695818126,1.9491587951779366,0.23544634692370892
198,0.293131667,1785041592.499478,130.1584442495057,127.49042316544896,152.78023210540414,15,-0.0015334364143200219,1.2530560418963432,0.18646685685962439
200,0.293131667,1785041592.7534761,118.44894907293673,127.37824464878511,184.80825978517532,13,-0.003194560529664159,1.4247956573963165,0.19322671927511692
202,0.293131667,1785041593.006038,129.46510350083634,128.42668854456963,133.46472017467022,10,-0.0016123487148433924,1.4665330275893211,0.16360519733279943
204,0.293131667,1785041593.299854,147.1936409689969,129.37611817241958,120.93491373956203,9,-0.001428398652933538,3.066424872726202,0.1877336399629712
206,0.293131667,1785041593.5666518,112.08054358351866,129.07524243859152,151.3399725742638,7,-0.0020767217501997948,1.714166983962059,0.20456747245043516
208,0.293131667,1785041593.8235588,128.9159613672697,128.77930690364565,128.9479010850191,9,-0.00772318837698549,4.618415579199791,0.36741594038903713
210,0.293131667,1785041594.1060731,151.38570687576237,129.35014967674252,111.93706843722612,12,-0.003502754378132522,2.9155182540416718,0.3228439372032881
212,0.293131667,1785041594.363452,135.6913970010275,130.20997635713675,134.632868103683,10,-0.0031357426196336746,3.5649421960115433,0.23501447960734367
214,0.293131667,1785041594.675888,131.85862953059475,130.52745766847204,144.3570087067783,14,-0.007216528989374638,1.1600002311170101,0.22366484627127647
216,0.293131667,1785041594.9331782,138.3224714689827,130.56608693391038,110.3575080409646,10,-0.002807400393066928,2.4653825759887695,0.22400635667145252
218,0.293131667,1785041595.537981,159.2816121113851,130.9588070704079,106.40668954327703,10,-0.0030757939675822854,2.0575026348233223,0.1638054084032774
220,0.293131667,1785041595.8856452,146.10690965874124,131.70791524022542,103.286731492728,11,-0.0030507336487062275,1.337565790861845,0.26752999518066645
222,0.293131667,1785041596.507966,160.85288374631764,133.09276653688698,101.42340755835176,14,-0.004185085068456829,1.6895251795649529,0.22903688717633486
224,0.293131667,1785041596.7963169,143.39050719180688,134.41021529965874,118.95508819445968,13,-0.001984467962756753,2.1008607670664787,0.2711366694420576
226,0.293131667,1785041597.108932,151.3782001903324,135.18388136589016,111.41630485653877,12,-0.004323169792769477,1.3753081262111664,0.34608976542949677
228,0.293131667,1785041597.3678222,146.83208715298497,134.3620045441274,110.8134777545929,9,-0.003410486737266183,2.105695962905884,0.32126577384769917
230,0.293131667,1785041597.65082,131.37329220145898,133.39745759062262,129.80820270627737,16,-0.0034553951118141413,3.1977168023586273,0.3511150199919939
232,0.293131667,1785041597.905579,94.89819887083651,133.87860084126126,188.3356625661254,22,-0.0012284538242965937,4.458775848150253,0.31097331270575523
234,0.293131667,1785041598.1883788,106.32501746685456,133.27091028062915,170.29666201770306,13,-0.009391395258717239,1.1316639371216297,0.32251722551882267
236,0.293131667,1785041598.841853,166.94151344805897,134.02375044536734,103.33549964427948,13,-0.0032497777428943664,3.7340368032455444,0.28532208874821663
238,0.293131667,1785041599.131965,138.01466873137792,134.93530073526884,128.35149751603603,12,-0.0017603521118871868,1.7172500118613243,0.2527225036174059
240,0.293131667,1785041599.3885481,148.74779117579112,136.0527962304863,103.87732849642634,11,-0.002822438153089024,2.4352990463376045,0.31310916505753994
242,0.293131667,1785041599.668449,136.47578125661758,136.90947506241884,126.08028580946848,15,-0.0016620337701169774,1.0498497672379017,0.24240476451814175
244,0.293131667,1785041599.946105,121.18084820798641,136.87894569824437,141.3206297867,10,-0.0030880164267728105,3.284042328596115,0.30512732453644276
246,0.293131667,1785041600.237477,131.23281111718424,136.20104930928065,125.37102150171995,14,-0.005931960258749314,1.7015180811285973,0.2709281612187624
248,0.293131667,1785041600.5055559,131.4574601532621,136.80036861055288,114.91121208295226,15,-0.00456014926021453,1.1568315252661705,0.33449132554233074
250,0.293131667,1785041601.137326,135.3810271442883,137.56846104080722,124.86039031669497,16,-0.0038859338528709486,1.7861147969961166,0.3479116912931204
252,0.293131667,1785041601.455893,142.7768550348961,137.80776820574314,127.95639667287469,14,-0.0033443602733314037,1.6968519017100334,0.2218821980059147
254,0.293131667,1785041601.761476,140.02379670752077,137.97043325633197,116.15830955654383,15,-0.006543978408444673,2.1614861711859703,0.3098825477063656
256,0.293131667,1785041602.1288059,143.64194188336864,138.99330903464573,120.59038074314594,12,-0.003977166343247518,3.57173889875412,0.3049502521753311
258,0.293131667,1785041602.4378471,127.13718176427354,139.37606377640194,134.14763440564275,14,-0.00888309278525412,1.0525085180997849,0.3511088564991951
260,0.293131667,1785041602.723103,165.34374655561842,139.8804288542569,94.41018842160702,10,-0.0023031063756207004,2.6622765362262726,0.3221562970429659
262,0.293131667,1785041603.3924181,141.14804168966037,140.26600277582781,122.74612523242831,14,-0.002971983194584027,1.636873658746481,0.2137227412313223
264,0.293131667,1785041603.6742778,148.78625756742468,140.5550666152187,106.69919788837433,12,-0.003265788924181834,1.5263305120170116,0.33726090379059315
266,0.293131667,1785041603.952868,140.42556279693264,140.73633023301002,111.69869883358479,13,-0.003415854647755623,3.492813766002655,0.3436792381107807
268,0.293131667,1785041604.265721,151.1109123777155,140.3702853257391,107.2013531178236,13,-0.01167718404030893,1.0731582529842854,0.3426733650267124
270,0.293131667,1785041604.5475929,124.20356198133135,139.88889269624858,138.39227291196585,13,-0.0036772220337297767,2.999052844941616,0.2726558465510607
272,0.293131667,1785041604.807405,140.79702306342298,139.7952803486067,106.03957761451602,13,-0.0041509517905069515,2.463338017463684,0.36646678671240807
274,0.293131667,1785041605.113151,159.35661058794372,139.91758458900637,102.10783572494984,11,-0.0035099956148769706,2.09891976416111,0.29715438932180405
276,0.293131667,1785041605.386409,154.7886314582285,139.67718259447076,121.25072598084807,11,-0.006567075790371746,3.5798507928848267,0.3159680925309658
278,0.293131667,1785041605.668247,148.59650971248718,140.41822998170483,108.5478235706687,12,-0.003166566777508706,1.267058826982975,0.2746148072183132
280,0.293131667,1785041605.927205,114.82253575650957,141.1024445579749,151.2093912549317,12,0.0038744271732866764,5.0925125032663345,0.19799643848091364
282,0.293131667,1785041606.181962,164.14580964849574,142.43535978401914,98.9224265627563,10,-0.0019059977494180202,3.403715416789055,0.23571192473173141
284,0.293131667,1785041606.460465,141.72457592572695,143.90259297976274,132.8529915958643,10,-0.00475421646842733,1.9354016035795212,0.3108481653034687
286,0.293131667,1785041606.7328079,163.42782372238798,144.25070160770022,87.41050346568227,13,-0.003183092048857361,0.98401740193367,0.2641669996082783
288,0.293131667,1785041606.996267,153.43881039531453,144.755400565684,108.37937791272998,12,0.00020543139544315636,1.3063414692878723,0.3328704908490181
290,0.293131667,1785041607.274687,129.28759256171486,144.25391019295384,122.5695689022541,8,-0.0017122056160587817,1.155565556138754,0.23179887980222702
292,0.293131667,1785041607.550493,154.11361643203566,144.54836973391178,108.44228303432465,9,-0.003926106495782733,1.5040319189429283,0.31292470544576645
294,0.293131667,1785041607.829351,156.75122653793935,145.615249830248,95.35997021943331,13,-0.004713347880169749,1.798485353589058,0.20118569675832987
296,0.293131667,1785041608.108438,154.9701803530367,146.19852157381376,96.64797969907522,11,-0.0020934688509441912,1.3300816491246223,0.25212112348526716
298,0.293131667,1785041608.403956,155.7174615766277,146.69475369345764,88.46814663242549,14,-0.004901189036900178,2.1928871870040894,0.31074681878089905
300,0.293131667,1785041608.717515,146.4003172056625,146.92807168865582,105.03623565286398,11,-0.004105017229449004,1.5531199872493744,0.2750763837248087
302,0.293131667,1785041608.994008,153.82024194843794,147.41654502713817,103.64146771654487,15,-0.006359533465001732,1.4544411823153496,0.20140714664012194
304,0.293131667,1785041609.26609,146.31585658794907,147.62407551063868,108.27167924121022,13,-0.004469396895729005,2.6696678921580315,0.33015661500394344
306,0.293131667,1785041609.551125,122.7516059510642,146.4265911531152,137.61007604002953,14,-0.003952856524847448,1.4434760957956314,0.23553192801773548
308,0.293131667,1785041609.802474,144.54625966992282,147.17723894349612,121.99562932550907,10,-0.005008529347833246,1.005555171519518,0.2206593155860901
310,0.293131667,1785041610.089808,150.8138715096287,146.68302866846224,108.72199570387602,11,-0.002881322754547,1.9595147371292114,0.31224964559078217
312,0.293131667,1785041610.362448,159.14227041326492,146.76989029915342,90.35335552692413,10,-0.003049694816581905,0.7472133375704288,0.37795741111040115
314,0.293131667,1785041610.628215,146.10276591012672,146.39977625730418,111.45923620089889,15,-0.010402061539934948,1.4627393707633018,0.32850378565490246
316,0.293131667,1785041610.9075131,162.91613777770385,146.6464070545369,98.29108533635736,10,-0.002480705123161897,1.7273124307394028,0.2729247398674488
318,0.293131667,1785041611.176785,149.36339442621005,146.48223232019234,107.80689817294478,17,-0.004829080426134169,1.6869140043854713,0.3411225564777851
320,0.293131667,1785041611.4655612,147.62432505466685,147.51193257038815,107.24143481254578,10,-0.004639774531824514,1.2895859703421593,0.28711708076298237
322,0.293131667,1785041611.771998,158.90247535508175,147.4580874155434,97.55773255228996,11,-0.0032495345221832395,0.9431189708411694,0.27637234795838594
324,0.293131667,1785041612.0303109,140.59732038664026,147.42905929946454,116.57173962518573,8,-0.0040425973129458725,2.185143858194351,0.31387121230363846
326,0.293131667,1785041612.3097532,129.575522698265,146.883584599643,125.322170201689,15,-0.0028569395653903484,1.952755980193615,0.2471277741715312
328,0.293131667,1785041612.578665,138.70271667699234,146.88842334441375,130.25751695036888,12,0.0016370687080780044,2.0373814702033997,0.13934927294030786
330,0.293131667,1785041612.855495,167.71739533416772,148.24432212991064,97.75265671312809,7,-0.0032614170922897756,2.748090296983719,0.25673475582152605
332,0.293131667,1785041613.17202,132.509487819212,147.65132644499775,126.14093666523695,14,-0.0033015577209880576,6.646585151553154,0.2827161215245724
334,0.293131667,1785041613.450289,150.7538505541793,147.81702778979002,101.84991284832358,13,-0.00934207858517766,1.208342056721449,0.32561130076646805
336,0.293131667,1785041613.724746,136.23317056954886,146.92427204100753,129.87561628967524,15,-0.0015458628913620487,2.5528697669506073,0.28819642774760723
338,0.293131667,1785041614.005166,142.859262847455,146.48050267139618,107.2425635792315,16,-0.0030010582995601,2.8717644810676575,0.30520407669246197
340,0.293131667,1785041614.294679,130.41159290561583,146.60843434903393,128.4154565706849,15,-0.002260783890960738,2.582020066678524,0.2296109814196825
342,0.293131667,1785041614.590954,142.26613121711034,146.63652922744348,109.50959922000766,14,0.0003760097024496645,1.8255304843187332,0.25267179403454065
344,0.293131667,1785041614.84716,155.57359871984312,146.32728391077364,93.52105452679098,13,-0.004556186147965491,0.8826351575553417,0.2878857273608446
346,0.293131667,1785041615.126082,153.32907559105195,146.49636288268343,99.56590968742967,11,-0.002639345359057188,2.594842240214348,0.26792069617658854
348,0.293131667,1785041615.432877,163.10694524786703,146.63452837081226,93.99887862429023,12,-0.0032110649335663766,1.2067524008452892,0.31485975719988346
350,0.293131667,1785041615.71348,141.31743072832268,146.81585680695653,120.68514205515385,15,-0.006012018711771816,1.151234533637762,0.2907537966966629
352,0.293131667,1785041616.013605,136.1243841467457,146.07807210647087,107.64280828647316,16,-0.0002669619279913604,3.3962041288614273,0.2252362696453929
354,0.293131667,1785041616.2969038,158.8430092994415,146.41437315004023,101.16443507745862,15,-0.0034010731760645285,0.9006971716880798,0.31206713058054447
356,0.293131667,1785041616.55408,160.8228232374173,147.41670132712784,90.43983699381351,10,-0.012852397921960801,1.6759559288620949,0.26402871776372194
358,0.293131667,1785041616.846318,136.75924599046652,146.92562375069107,120.88397340709344,16,-0.003539504934451543,1.3765320144593716,0.27577614691108465
360,0.293131667,1785041617.108468,166.5849975345609,147.49178584035303,93.45568377152085,16,-0.0033313555468339473,0.9294281639158726,0.3706886302679777
362,0.293131667,1785041617.363744,145.72298331548527,146.98306485091624,108.65253873169422,14,-0.0026715584099292755,1.1858635153621435,0.29775617830455303
364,0.293131667,1785041617.675018,127.37020590392787,147.16197339943616,122.7402377948165,19,-0.0033634324790909886,0.6071028672158718,0.24183072708547115
366,0.293131667,1785041617.953999,149.61209797619483,147.46280082757718,104.97161677479744,12,-0.005449567688629031,1.933434046804905,0.2787244049832225
368,0.293131667,1785041618.235395,144.2889441590109,147.80462009727876,107.93749836459756,17,-0.004282364490791224,1.7128180637955666,0.2872627694159746
370,0.293131667,1785041618.526352,160.10477595729327,148.0296598845945,105.29887897707522,15,-0.003923137148376554,0.7473653387278318,0.27758894115686417
372,0.293131667,1785041618.8071628,152.51869441503467,148.02617708554624,95.74072348512709,14,-0.0032254147808998823,1.974052533507347,0.2683428265154362
374,0.293131667,1785041619.0943491,132.89259251224954,147.847753414229,124.82012366130948,16,-0.002708661137148738,1.4123645350337029,0.24509224202483892
376,0.293131667,1785041619.3769841,152.25832215683772,148.73483828823572,123.28537464886904,12,-0.003194158009137027,3.5514775812625885,0.19423076789826155
378,0.293131667,1785041619.6583,147.21516826103306,148.99609706094853,114.52375343441963,13,-0.0031090023112483323,2.3097959458827972,0.26417116168886423
380,0.293131667,1785041619.945952,143.19277246162994,147.99379255671337,129.38792218267918,13,-0.00031084869988262653,2.3009216114878654,0.24804688151925802
382,0.293131667,1785041620.201039,135.65150911062128,148.49966964577558,124.69762508571148,12,-0.0063163378508761525,0.5261691994965076,0.23962707538157701
384,0.293131667,1785041620.457739,157.11707981434344,148.5837316129072,98.86436384543777,13,-0.0037859927251702175,1.6937691196799278,0.3150824308395386
386,0.293131667,1785041620.740402,137.33980410521409,148.68586860471797,110.3587593883276,11,-0.004115086019737646,1.1569454222917557,0.3272789195179939
388,0.293131667,1785041621.022969,144.41916620105965,148.45665439164105,111.31751854065806,16,-0.0033895947271957994,1.3072801008820534,0.2694221632555127
390,0.293131667,1785041621.304738,132.0870484670628,148.5798207165679,126.21880134940147,11,-0.0027511630614753813,1.363699547946453,0.23720741923898458
392,0.293131667,1785041621.5577412,155.35268012174743,149.10798103235274,98.25824049115181,12,-0.0046036112908041105,0.7145178429782391,0.3095399886369705
394,0.293131667,1785041622.195404,174.69772206121104,149.60951087954413,84.43516159616411,9,-0.00046959079918451607,2.8580082282423973,0.2621574718505144
396,0.293131667,1785041622.530953,154.6457981176088,149.77514784598355,101.6610680418089,13,-0.004838451670366339,1.9853595867753029,0.20903743151575327
398,0.293131667,1785041622.808079,156.43631554053468,149.84796542218166,99.29650595039129,13,-0.0034935156436404213,1.2977831810712814,0.2763923369348049
400,0.293131667,1785041623.1015859,173.21372950706586,150.72770229819653,85.12529643252492,13,-0.004454637790331617,1.7872490882873535,0.37459228746593
402,0.293131667,1785041623.76337,148.88002789347996,151.67611860504348,101.98241393640637,15,-0.0039470362244173884,2.2307389676570892,0.250657862983644
404,0.293131667,1785041624.064188,159.55928375622082,151.61857435498894,92.16346890479326,12,-0.002787346369586885,0.723872222006321,0.20381813403218985
406,0.293131667,1785041624.343455,156.2485745785628,151.7913653148754,102.55694232136011,13,-0.0010394645214546472,4.871606215834618,0.221924914047122
408,0.293131667,1785041624.598814,145.09664299233756,152.12782332488922,117.14640299230814,14,-0.0032422601361759007,1.667466327548027,0.26210229471325874
410,0.293131667,1785041624.854948,158.02355857141134,152.04234499652028,113.18308823928237,17,-0.005907106096856296,2.0395680591464043,0.2866091337054968
412,0.293131667,1785041625.159106,131.8018244482273,152.1046767258392,135.96539678424597,17,-0.004429606953635812,0.8595496602356434,0.2613257011398673
414,0.293131667,1785041625.413965,156.47666140457645,152.58281298236182,106.84417649544775,15,-0.0055900270090205595,0.9693104811012745,0.2404756648465991
416,0.293131667,1785041625.6693492,124.61308735669616,151.4322800773721,128.07051445543766,15,-0.0029795884038321674,2.645770385861397,0.31622596830129623
418,0.293131667,1785041625.956585,156.61526152388458,152.05528712715514,104.89829223230481,13,-0.005019409931264818,2.6997381150722504,0.3332865107804537
420,0.293131667,1785041626.607734,168.12623369526756,152.609710610254,92.80994373187423,13,-0.004598346509737894,2.8309712260961533,0.241833477281034
422,0.293131667,1785041626.890149,150.6878304808433,153.20120190428955,107.99447628110647,11,-0.0003241160302422941,3.8182344883680344,0.20386586338281631
424,0.293131667,1785041627.17381,159.2340446680226,153.65863872570154,99.2287308871746,14,-0.004247666074661538,1.2547187730669975,0.28087265510112047
426,0.293131667,1785041627.4295511,148.06000409588012,152.86772384751765,103.343022108078,17,-0.004695793031714857,3.4449307918548584,0.3004458826035261
428,0.293131667,1785041627.70417,165.5810071262901,153.11103585192052,89.0062976013869,12,-0.0031302427378250286,2.4673172906041145,0.21771894115954638
430,0.293131667,1785041627.959619,171.08265814760108,154.3786802409705,90.16287362203002,10,-0.002629248279845342,1.317140392959118,0.22094495594501495
432,0.293131667,1785041628.213572,157.6168084520237,154.67407808134683,94.46700983680785,14,-0.002768364269286394,2.9919348061084747,0.22860944736748934
434,0.293131667,1785041628.494018,148.68513121487644,154.3394773540923,99.97886327654123,10,-0.002746692262007855,0.7397456541657448,0.2804647348821163
436,0.293131667,1785041628.771807,162.41841067864456,154.70286025579748,100.49316035211086,15,-0.00434180541196838,1.5353909581899643,0.26809604931622744
438,0.293131667,1785041629.047712,154.12434086926467,155.50750302832145,98.16188475489616,12,-0.0020877982024103403,0.8995715081691742,0.21260541584342718
440,0.293131667,1785041629.302745,152.6179218783815,156.14747743466586,101.16192894801497,13,-0.0036763654788956046,0.6071700658649206,0.23622317425906658
442,0.293131667,1785041629.55599,161.98553680232493,155.7317676750691,94.11681035161018,13,-0.006993749411776662,1.1250502169132233,0.2904532440006733
444,0.293131667,1785041629.834063,136.77753270373427,154.6929335674961,126.10288334265351,13,-0.0031971291900845245,1.6201560646295547,0.21717393398284912
446,0.293131667,1785041630.091978,152.42272444549405,154.3971395205325,95.0942611657083,14,-0.0033968149291467853,0.7168884053826332,0.21514358092099428
448,0.293131667,1785041630.370472,153.2608932714266,154.52295472331593,99.5153924189508,15,-0.0028674161876551807,2.1472598016262054,0.3037699945271015
450,0.293131667,1785041630.668928,180.63250275347076,154.46486485448116,75.66176338121295,13,-0.004671221366152167,1.8111954927444458,0.2634073216468096
452,0.293131667,1785041630.946481,154.59158976248108,154.36171995635004,102.25454108789563,12,-0.0007053993758745492,2.991834931075573,0.20406361017376184
454,0.293131667,1785041631.239052,160.25710184327826,153.89842280200708,91.53286900743842,10,-0.0023166401661001146,1.155163761228323,0.2491066474467516
456,0.293131667,1785041631.4911711,159.72114053429635,154.05514086632195,92.32472280412912,14,-0.005012094043195248,2.1280214712023735,0.23722459468990564
458,0.293131667,1785041631.746285,172.93702176778677,155.12548905820051,84.64016238227487,12,-0.003305871257907711,1.3667131811380386,0.28646078798919916
460,0.293131667,1785041632.062477,154.56496360796828,155.39299572958916,101.27694148570299,11,-0.003802640247158706,2.6185998618602753,0.2325161611661315
462,0.293131667,1785041632.335537,145.9014559592034,155.67330207307592,117.11157371476293,14,-0.0045720969792455435,3.4970919340848923,0.2903107162564993
464,0.293131667,1785041632.5849369,161.29576432765134,155.91153004902867,92.99156755581498,12,-0.0036470345221459866,2.2021730467677116,0.2868516659364104
466,0.293131667,1785041632.862581,154.70773925377006,156.8609589936146,104.3431857638061,14,-0.002524594987335149,1.1015438586473465,0.14610632695257664
468,0.293131667,1785041633.139868,160.15377485690337,156.6171766887257,88.93583877384663,12,-0.0029968838207423687,1.7823209911584854,0.18721450679004192
470,0.293131667,1785041633.438945,160.69908234293882,156.0207406282491,90.11600568145514,11,-0.0030649519176222384,1.9350688830018044,0.20217891223728657
472,0.293131667,1785041633.736896,169.84894801195617,155.91560551807092,91.69864439219236,10,-0.002771232509985566,2.4798178523778915,0.2403303747996688
474,0.293131667,1785041633.999715,168.00143042376905,156.26406807744357,89.80898762494326,13,-0.0037172615993767977,3.5202121883630753,0.1834886847063899
476,0.293131667,1785041634.3185852,160.794406789644,157.2479081557922,92.08311142399907,12,-0.0039030157786328346,1.4053025543689728,0.22295085061341524
478,0.293131667,1785041634.57425,151.47216348054334,157.4851108913175,105.42165581136942,10,-0.0029102429980412126,1.2608424089848995,0.2487566927447915
480,0.293131667,1785041634.82528,145.11704131175304,156.57631214127358,124.36820174381137,11,-0.0024623421486467123,2.0425620526075363,0.26416847575455904
482,0.293131667,1785041635.102716,164.23217281794157,156.78454581703443,90.84347319975495,11,-0.003186201211065054,2.0372916385531425,0.18661002442240715
484,0.293131667,1785041635.381053,156.0592538109233,157.06382775198844,99.96580183506012,11,-0.0013920026467530988,1.9547177106142044,0.18725033570080996
486,0.293131667,1785041635.659274,180.86634604316203,158.25361454413803,75.02910275384784,9,0.001740033971145749,0.8008523248136044,0.20920323114842176
488,0.293131667,1785041635.975029,147.690610728181,157.96058410580903,110.88658574223518,13,-0.00410043825104367,1.4712429493665695,0.24285756889730692
490,0.293131667,1785041636.2305841,145.69915912850934,157.48433826825936,114.0472050756216,15,-0.0022709970362484455,1.87832260876894,0.27513712272047997
492,0.293131667,1785041636.5093691,175.87220369805996,158.34521204985694,81.61218045651913,12,-0.004003385896794498,2.076453357934952,0.26992499735206366
494,0.293131667,1785041636.7648482,172.54233384179716,159.21921002403434,90.66486390680075,9,-0.0025373116659466177,0.5690179914236069,0.23651976883411407
496,0.293131667,1785041637.043336,146.62704412939308,159.44875905051268,110.89003688842058,11,-0.003287894156528637,0.9018180184066296,0.23192905355244875
498,0.293131667,1785041637.324279,159.54960381938267,159.63698454548333,104.53160290978849,11,-0.002733558038016781,1.3316267542541027,0.2925114016979933
500,0.293131667,1785041637.918529,147.56256762201411,158.87402897691427,106.89215528033674,15,-0.0006865516770631075,3.9234067797660828,0.16166876628994942
502,0.293131667,1785041638.227564,167.109077627592,158.78309522278107,86.19147352874279,12,-0.003910995292244479,1.3889943063259125,0.23644045181572437
504,0.293131667,1785041638.484535,167.23036575549798,159.74139375772992,80.95524514093995,11,-0.004689806664828211,0.9085546918213367,0.2931664139032364
506,0.293131667,1785041638.762034,154.27861079657166,159.82933013565844,100.31168881803751,14,-0.0035294824629090726,2.060863584280014,0.2133142352104187
508,0.293131667,1785041639.0418801,140.53367348942078,158.6823492172686,105.3451923057437,13,-0.0008665475179441273,2.3029788248240948,0.20280740316957235
510,0.293131667,1785041639.2982779,151.36240697802893,157.6997050306318,102.17628800403327,14,-0.0034508034877944738,1.08639694750309,0.2053414722904563
512,0.293131667,1785041639.552474,168.45492450289265,157.98917503555802,86.93797678127885,12,-0.0025022810441441834,1.8123123347759247,0.2940157074481249
514,0.293131667,1785041639.830457,165.8293067811525,157.92132306322813,86.21776403859258,13,-0.0029760327306576073,1.0407991707324982,0.2899567261338234
516,0.293131667,1785041640.086132,154.5556364831423,158.00372626645677,93.22618102049455,14,0.00022919924231246114,2.777098909020424,0.11196102621033788
518,0.293131667,1785041640.3891761,163.74681325553348,158.29877096697368,85.39849409088492,11,0.000979920441750437,0.5426526833325624,0.2067947145551443
520,0.293131667,1785041640.640346,178.67790358801926,158.89074721072896,76.12894425541162,12,-0.001759290709742345,1.480938360095024,0.19592734519392252
522,0.293131667,1785041640.8942971,177.51477453580264,159.57838081734954,82.54797988012433,12,-0.0035266678023617715,2.221790798008442,0.28874565195292234
524,0.293131667,1785041641.170434,178.46628776595063,160.05565567038155,81.04125012457371,10,-0.0015807465533725917,0.5072701722383499,0.21926375292241573
526,0.293131667,1785041641.426427,156.1395586727025,159.95944261734022,91.62613704055548,13,-0.0019278534746263176,1.520618911832571,0.21457825601100922
528,0.293131667,1785041641.6832619,183.37220051226703,160.43658888255482,71.75583347678185,11,-0.0025594181497581303,2.309771716594696,0.19745114538818598
530,0.293131667,1785041641.958198,180.69344831455365,161.57298280377023,74.73344475030899,10,-0.0025547190889483318,2.151554085314274,0.2598169734701514
532,0.293131667,1785041642.211524,169.51318741126295,161.88990618152545,88.85109259095043,12,-0.0021904446184635162,1.6688219606876373,0.20644960552453995
534,0.293131667,1785041642.4964101,183.18455944971018,162.81267609698415,77.72999032214284,13,-0.003698659740621224,0.9735876247286797,0.21837519109249115
536,0.293131667,1785041642.752976,164.17059516693828,162.2350377981079,81.24681347049773,13,-0.0031410144147230312,1.7241607755422592,0.2021722448989749
538,0.293131667,1785041643.0061498,163.93997974073764,162.69106369541853,102.16634073853493,10,-0.006187974315253086,1.7369189113378525,0.24968321528285742
540,0.293131667,1785041643.679314,167.99389330042274,163.8052989902654,86.1234698034823,11,-0.0018742252141237259,1.4103669002652168,0.16926885955035686
542,0.293131667,1785041643.9354439,171.29892217381982,163.84728315970005,87.43800385296345,14,-0.0030001705745235085,0.8875692635774612,0.27406873274594545
544,0.293131667,1785041644.190432,175.03579360464795,163.9446705818053,83.61162457987666,12,0.0021159625612199306,5.664734661579132,0.2802814869210124
546,0.293131667,1785041644.480837,153.1501362729726,164.44435582523553,101.7771903090179,13,-0.003918435744708404,1.1953673660755157,0.23574803210794926
548,0.293131667,1785041644.736474,180.08591505869063,164.60410084174222,75.94458994083107,11,-0.0026601506979204714,1.7315124869346619,0.18332162126898766
550,0.293131667,1785041645.012949,168.14679514308565,165.38587956477022,85.93318200111389,10,-0.0015071348898345605,1.205043040215969,0.19382026139646769
552,0.293131667,1785041645.2729821,159.3978295763616,165.53546473755338,88.77953239530325,14,-0.0025706614542286843,0.9932442381978035,0.210408135317266
554,0.293131667,1785041645.528165,138.92465686848467,164.86753278577194,114.2079095095396,12,-0.0013559888466261327,1.0245980359613895,0.11124276928603649
556,0.293131667,1785041645.812621,145.71495327955546,164.5916026198847,124.03290238976479,15,-0.009415250911843032,1.1214068233966827,0.22573469206690788
558,0.293131667,1785041646.0763361,131.61347063862078,164.47009977389268,112.25693507492542,15,-0.005069728416856378,0.5196424815803766,0.15807181131094694
560,0.293131667,1785041646.329819,168.2256313341153,165.5352411686689,84.92232248408254,12,-0.0025473538553342223,2.093130625784397,0.271309451200068
562,0.293131667,1785041646.608528,161.70297072255488,165.61614801714987,83.07154953479767,13,-0.0017711627297103405,0.9129643477499485,0.23438216838985682
564,0.293131667,1785041646.86415,155.72006031909305,165.75682739480024,94.55024594813585,13,-0.0024444834562018514,1.3286744877696037,0.1477337502874434
566,0.293131667,1785041647.1440299,172.17885079039092,166.1309509315521,82.28114450722933,10,-0.0017624373140279204,1.3339851051568985,0.159702533390373
568,0.293131667,1785041647.797895,158.0408069590766,166.4449206166446,95.09558467194438,14,-0.0032310900860466063,1.2373155653476715,0.2140288818627596
570,0.293131667,1785041648.0514402,162.81915925621306,165.97483844950577,92.19661600142717,14,-0.0032800298649817705,2.1164078935980797,0.31178649328649044
572,0.293131667,1785041648.328471,179.75072973928314,165.86394296316104,68.89809719100595,13,-0.002467312675435096,1.0654681846499443,0.15462175197899342
574,0.293131667,1785041648.5826612,150.2305990206819,165.32672936977585,102.74460282921791,14,-0.001962190115591511,2.7401839196681976,0.14273119159042835
576,0.293131667,1785041648.844704,167.3874389673431,164.93666220023704,88.76190993748605,14,-0.002004684880375862,1.3324439227581024,0.1894787298515439
578,0.293131667,1785041649.143669,134.84233850033695,164.0127943010474,131.5351466163993,15,-0.0023830220161471516,1.503503791987896,0.2564797420054674
580,0.293131667,1785041649.4362218,147.39883089199319,162.79329027641015,103.02391746267676,14,-0.0016352023521903902,1.6709045097231865,0.18315803725272417
582,0.293131667,1785041649.726672,165.2891256240571,162.35528650079743,93.06823237985373,11,-0.0024655883898958564,0.8004501312971115,0.17778505757451057
584,0.293131667,1785041649.980841,162.80186802346643,161.98507703727134,84.91169890016317,13,-0.00317733631527517,0.749494569376111,0.2727190861478448
586,0.293131667,1785041650.2545779,179.3054678663854,162.27521246458562,74.11392830312252,12,-0.006267194403335452,1.2381237000226974,0.2711182255297899
588,0.293131667,1785041650.555201,168.21854170322595,162.43015327659774,94.10464502871037,14,-0.0031928381795296445,3.201332338154316,0.21258107107132673
590,0.293131667,1785041650.8317509,173.30103895636745,162.03246300973748,78.46404196694493,12,-0.0037757386453449726,1.3357636481523514,0.21372164320200682
592,0.293131667,1785041651.121675,147.72289329113124,161.82182484835536,111.77886566519737,13,-0.004860104410909116,1.2567269019782543,0.19746861699968576
594,0.293131667,1785041651.409152,155.6644100266451,161.6131033171726,98.27939618192613,14,-0.003511823568260297,0.998904213309288,0.23236994445323944
596,0.293131667,1785041651.676932,166.83453660356605,161.43547820341863,84.03422856330872,12,-0.00573526241350919,1.16122991964221,0.22479215823113918
598,0.293131667,1785041651.962559,169.5414302456571,161.9061597760614,84.6697704475373,10,-0.0005257346201688051,1.1815921925008297,0.16055016685277224
600,0.293131667,1785041652.224567,170.69464052595157,161.69115318829495,79.14076756313443,12,-0.003073113737627864,0.5774628836661577,0.1859276257455349
602,0.293131667,1785041652.4791071,158.02862033602875,161.56298831019438,107.56478540599346,10,-0.004151002620346844,1.220939289778471,0.2425359794870019
604,0.293131667,1785041652.8050299,170.23463336345822,162.02587659617637,82.04820889234543,12,-0.000754510416300036,0.5813108757138252,0.15010040998458862
606,0.293131667,1785041653.090414,178.08474442788994,162.6941433105031,72.69694210588932,11,-0.0020139451371505857,0.627800015732646,0.18728203233331442
608,0.293131667,1785041653.39979,186.0666761358443,163.91785102872763,69.49102061614394,12,-0.0024482846492901444,3.5886107832193375,0.2512434795498848
610,0.293131667,1785041653.68259,165.6048033836514,163.499408644869,89.49260700680315,13,-0.002007832285016775,1.4971845746040344,0.1808656845241785
612,0.293131667,1785041653.964896,175.00979283788485,163.90532775030763,80.50078904256225,10,-0.0014186989355948754,1.4563348554074764,0.14267092291265726
614,0.293131667,1785041654.245965,155.85181598157237,163.90169131003225,118.7826799787581,11,-0.0015291156014427543,3.6717853248119354,0.14027539547532797
616,0.293131667,1785041654.511681,172.37191274719441,164.10149190080767,87.23370838910341,9,-0.0020074166022823192,0.6541210636496544,0.22843675408512354
618,0.293131667,1785041654.876418,160.12010420234526,163.70994850832113,92.43066047877073,11,-0.0025785063626244664,1.5755001306533813,0.21269062999635935
620,0.293131667,1785041655.2432342,171.48877332160092,163.52655844657124,75.16073285415769,13,-0.0016648273303871974,0.6765267495065928,0.16646967642009258
622,0.293131667,1785041655.652629,156.01012869711423,162.97866703928517,104.45250871032476,11,0.0005703192437067628,1.434007465839386,0.1551388967782259
624,0.293131667,1785041655.980417,173.93113389772682,163.0810768730357,84.49767249077559,13,-0.001502353436080739,2.0427230075001717,0.17680962476879358
626,0.293131667,1785041656.289359,169.91590271411536,163.6916742587333,94.36190524697304,11,-0.0024870307534001768,0.8548754081130028,0.22541505377739668
628,0.293131667,1785041656.668766,160.1511256985045,164.34206364183748,100.3237337153405,11,-0.0005422963731689379,2.290014110505581,0.20463898871093988
630,0.293131667,1785041656.997458,159.07064621779995,165.0941681926276,94.62362204864621,12,-0.0022550341382157058,0.975200604647398,0.1762619912624359
632,0.293131667,1785041657.349257,176.91730587137198,165.21406236728075,80.22470850497484,11,-0.0030606728978455067,0.8864407539367676,0.1903611496090889
634,0.293131667,1785041657.613823,176.6642965270519,165.1635671142645,86.99911936745048,8,-0.0020820412319153547,3.1391099393367767,0.2493890104815364
636,0.293131667,1785041657.8912861,183.49351126150984,165.14007783393117,80.25290420465171,11,-0.003986661264207214,2.4415563121438026,0.16309889499098063
638,0.293131667,1785041658.14932,171.66814175240944,164.97948700132122,85.32506754435599,11,-0.0007146771531552076,0.9048385694622993,0.17892294470220804
640,0.293131667,1785041658.424045,167.32975083061513,164.9745761342117,82.63010330684483,12,-0.002750274259597063,1.4437654539942741,0.1959879593923688
642,0.293131667,1785041658.704385,169.89745657864782,165.29807037761577,86.34571605036035,12,-0.0030929874847061,2.9031875655055046,0.1966855302453041
644,0.293131667,1785041658.958144,173.82042718715297,165.84738582136848,85.34291081130505,8,-0.004408328495628666,1.820781409740448,0.20885853748768568
646,0.293131667,1785041659.234185,175.1417761981004,166.71905290501334,78.43621596880257,11,-0.0036030657356604934,0.4185549896210432,0.16960367560386658
648,0.293131667,1785041659.48667,162.64795947799877,166.42875658914468,88.91885886900127,12,-0.0034627444110810757,2.2069641053676605,0.22800078336149454
650,0.293131667,1785041659.742013,175.69667505673982,166.1444339096218,89.177939042449,12,-0.002059100428596139,1.5277384892106056,0.21711421757936478
652,0.293131667,1785041660.043991,168.2934967147286,166.29267083712293,82.35176638886333,13,-0.004001767723821104,2.060641333460808,0.21352995559573174
654,0.293131667,1785041660.399446,164.44317460704374,166.41801857741103,100.41265756543726,14,-0.0019858258310705423,1.3678933903574944,0.15116445673629642
656,0.293131667,1785041660.700789,157.06007512412037,165.69897173445202,103.32493592239916,17,-0.0012180537596577778,1.9844093695282936,0.15558798424899578
658,0.293131667,1785041660.993021,174.24125256947733,165.46987367955583,86.26917128637433,13,-0.0023373678559437394,1.4812554717063904,0.22019036300480366
660,0.293131667,1785041661.250085,183.60146759661015,166.38944545195108,71.57972698099911,11,-0.002947998931631446,1.8090354353189468,0.19106202945113182
662,0.293131667,1785041661.531017,159.97526663646997,165.70428460189564,92.89811633341014,14,-0.002294635050930083,2.0424308851361275,0.1317875818349421
664,0.293131667,1785041661.8126879,177.3874558742191,165.40574530482343,74.97608008235693,12,-0.0025231348408851773,3.3437706902623177,0.25410930160433054
666,0.293131667,1785041662.470863,176.61953933610044,165.96411692047175,82.2198051540181,14,-0.002089702116791159,1.5402735322713852,0.17299981927499175
668,0.293131667,1785041662.750169,155.12056597910117,166.09310562521352,92.9259607475251,14,-0.003300106414826587,1.1141824200749397,0.10378135135397315
670,0.293131667,1785041663.047189,166.09189062808477,166.6024279288096,82.62976649869233,13,-0.0015699694195063785,1.0377321764826775,0.17038049921393394
672,0.293131667,1785041663.320097,163.69923949871028,167.0751169649905,91.37954579293728,14,-0.0021145682112546638,1.091238558292389,0.19233309384435415
674,0.293131667,1785041663.6044931,170.5459699735603,167.37395482087845,86.69244681298733,12,-0.0035248032072559,1.1014053001999855,0.21541745588183403
676,0.293131667,1785041663.9024792,174.87688460515437,167.78534081454643,79.33856295980513,12,-0.00250374834286049,1.945985086262226,0.1912370827049017
678,0.293131667,1785041664.235969,181.26747074376675,167.7962221955096,74.59912340715528,10,-0.001672129554208368,1.229925513267517,0.19215412065386772
680,0.293131667,1785041664.50961,156.60310295521722,167.9263308312988,101.33030092716217,15,-0.0035718921062652953,1.4457638263702393,0.11254009557887912
682,0.293131667,1785041664.776644,172.72089070968136,167.74721521725024,85.16540516726673,14,-0.0072907355934148654,2.6686185747385025,0.15860067959874868
684,0.293131667,1785041665.075656,164.85688074598752,167.12642372824328,82.90243202634156,11,-0.0018572570697870106,1.3584534674882889,0.22654329426586628
686,0.293131667,1785041665.361274,167.47556745532845,166.28262366609692,87.52268327400088,9,-0.0036065989988856018,0.9713658504188061,0.19036096520721912
688,0.293131667,1785041665.654424,156.8722638766846,166.43813920714055,92.9642897490412,12,-0.001853965593909379,1.654666043817997,0.18097605928778648
690,0.293131667,1785041665.968535,143.79512858434668,165.69049500183147,109.14216009154916,13,-0.0034620463848114014,2.1034342646598816,0.10126750683411956
692,0.293131667,1785041666.239646,162.7800087746019,165.689934887069,98.24990645051003,13,-0.002022391592618078,2.68346905708313,0.14746015518903732
694,0.293131667,1785041666.546159,181.0392187241052,165.59233399267828,77.90842175111175,11,-0.001214398886077106,0.906679630279541,0.1840577768161893
696,0.293131667,1785041666.833477,167.0998285033418,164.76746077617022,83.9544808845967,11,-0.003731910139322281,0.8348826766014099,0.19003294128924608
698,0.293131667,1785041667.122943,165.84152967293196,164.56354967301866,91.3059015199542,11,-0.0027096243866253644,2.1784093603491783,0.24599930085241795
700,0.293131667,1785041667.462985,152.9012112349674,164.5494097259142,113.28993690758944,13,-0.0013175076892366633,0.9153629168868065,0.10512029007077217
702,0.293131667,1785041667.7608142,180.57839969590788,164.88024911478925,71.82947025448084,13,-0.001993004232645035,1.430719256401062,0.1666191779077053
704,0.293131667,1785041668.049984,162.45296376196853,164.52510568557366,93.01318552717566,15,-0.00262889068108052,1.4465877711772919,0.20894877519458532
706,0.293131667,1785041668.352648,150.0327758700161,164.54788713631132,103.20531349256635,14,-0.002160472016839776,1.3689174726605415,0.16583607159554958
708,0.293131667,1785041668.62417,148.55574802072783,164.21597083502843,102.6716207228601,13,-0.0017072513874154538,1.9123437032103539,0.12381929159164429
710,0.293131667,1785041668.917622,170.1118582204145,163.81701947364397,81.81062234193087,13,-0.002213548490544781,1.6403899937868118,0.21009214408695698
712,0.293131667,1785041669.241765,185.81927203124667,164.61246774039938,67.76315541006625,14,-0.0020989807380829006,1.8456304296851158,0.2344729881733656
714,0.293131667,1785041669.5226722,176.2293884569566,165.39789348195137,85.12324804440141,10,-0.002869360920158215,1.9775855727493763,0.21847588568925858
716,0.293131667,1785041669.835498,171.03066940166906,164.90563876324967,85.32959251105785,10,-0.003030446416232735,0.8205417729914188,0.1690357467159629
718,0.293131667,1785041670.143799,166.39244604895302,164.92356675614673,89.41901355981827,12,-0.0016048084362410009,1.5642947927117348,0.1340328687801957
720,0.293131667,1785041670.4275231,173.85411837990264,165.19068086540162,85.55324668250978,10,-0.004829267272725701,1.8644907101988792,0.22119517624378204
722,0.293131667,1785041670.751352,157.34862486573388,165.04403579591252,106.81835390254855,12,-0.001341823604889214,3.7936365976929665,0.14316453924402595
724,0.293131667,1785041671.062141,165.82650566228236,164.67737286695387,96.50307628512383,10,-0.0012730152811855078,1.831155575811863,0.1399564929306507
726,0.293131667,1785041671.473154,160.963085172985,163.74231827108224,93.19493174739182,12,-0.0012699715662165545,0.7649837508797646,0.13755313167348504
728,0.293131667,1785041671.761504,168.5438970266307,163.89424129705765,94.7553742043674,11,-0.0025436904979869723,3.3450005650520325,0.2240288471803069
730,0.293131667,1785041672.0512772,163.19310205627582,163.1259367876164,87.92228657007217,11,-0.002413175272522494,1.272332325577736,0.20041195582598448
732,0.293131667,1785041672.36257,167.07922668327967,163.93642668326385,88.47474971786141,9,-0.002019387378823012,1.2103284746408463,0.17836484033614397
734,0.293131667,1785041672.640975,174.08688746071135,164.9270719526181,79.60267125442624,9,-0.00430986778519582,0.6196936797350645,0.2034833701327443
736,0.293131667,1785041672.9412968,172.33762829316558,165.6469362887847,89.68507145345211,8,-0.0032884328393265605,1.6503734849393368,0.21479668468236923
738,0.293131667,1785041673.273532,170.5612168463515,165.91477247391992,86.63688423484564,10,-0.0004925109387841076,0.5331914070993662,0.23124891985207796
740,0.293131667,1785041673.566328,174.93011804415914,166.69465306523745,81.81106738373637,10,-0.0019378127326490358,1.0668128095567226,0.1487957239151001
742,0.293131667,1785041673.876032,175.18649016166748,166.0595578141986,73.9190932996571,10,-0.001526709325844422,0.8215016461908817,0.15509766805917025
744,0.293131667,1785041674.163693,160.72696415024495,165.5893626323038,102.97222711518407,10,-0.0024482919834554195,1.2932214476168156,0.22238201647996902
746,0.293131667,1785041674.450787,173.35802638192976,165.82103872798726,84.99911097437143,12,-0.0029906449490226805,1.839747168123722,0.19622352812439203
748,0.293131667,1785041674.794789,148.0970088888449,165.55416818665537,115.91678076423705,13,0.0032901178929023445,2.716734506189823,0.10162093536928296
750,0.293131667,1785041675.465473,146.97835628644012,165.5754434422489,107.39993567019701,14,-0.0025221756659448147,1.6766067445278168,0.20912230759859085
752,0.293131667,1785041675.783084,146.65086808032865,165.14602779916353,109.59752026572824,12,-0.002982782694743946,1.3304925560951233,0.18208780698478222
754,0.293131667,1785041676.100746,166.5093097650105,165.3956954413074,84.87952983751893,14,-0.0024750095908530056,1.3231174945831299,0.1941280998289585
756,0.293131667,1785041676.375227,174.86263167529117,165.90803612200946,83.57875476032495,14,-0.003728823117853608,2.22763978689909,0.14288167841732502
758,0.293131667,1785041676.682047,149.04130321755508,165.92259895963832,121.82354956120253,14,-0.003977487038355321,3.6276936680078506,0.1033972124569118
760,0.293131667,1785041676.995819,178.7890744091283,165.7689204790931,78.72276937775314,13,-0.0014866634155623615,1.3501397408545017,0.2447032956406474
762,0.293131667,1785041677.278003,163.98900545785148,165.14550129699052,91.27532716840506,15,-0.0035480712467688136,2.179737150669098,0.21682172920554876
764,0.293131667,1785041677.57917,169.96919002082095,164.4581865341287,82.18403901904821,14,-0.0004942002706229687,2.383784480392933,0.1949622044339776
766,0.293131667,1785041677.8627489,183.7670040671691,164.36227453926296,73.43110560439527,13,-0.0014212005189619958,1.7551633343100548,0.17803415469825268
768,0.293131667,1785041678.137671,143.46311769779928,164.25158536319807,114.4051514454186,12,-0.002591037657111883,3.7357783168554306,0.16325247567147017
770,0.293131667,1785041678.424803,168.02324168007527,163.82477951709973,84.25197012163699,11,-0.003450852178502828,0.7892340160906315,0.21066388115286827
772,0.293131667,1785041678.728789,171.01854266803358,164.14336899065157,86.27453484944999,11,-0.002129067142959684,1.4249798879027367,0.19019633252173662
774,0.293131667,1785041679.018909,173.17248201721958,164.17163257151685,84.3494090475142,12,-0.004693664493970573,1.3014787286520004,0.17413717415183783
776,0.293131667,1785041679.279645,148.48396517708898,164.502541188786,99.64764722529799,17,-0.002784941163554322,1.6280035451054573,0.1945276390761137
778,0.293131667,1785041679.534185,180.0227799854848,164.65287838873388,72.69859036803246,14,-0.003484284970909357,1.347237341105938,0.2015753136947751
780,0.293131667,1785041679.8136451,181.68211978189066,165.8040768453956,84.85334304720163,11,-0.001635442953556776,1.7141724675893784,0.19289860781282187
782,0.293131667,1785041680.0712059,184.87609135393885,165.79641916516462,75.29992041364312,11,-0.0021723522804677486,0.7428120784461498,0.21735903155058622
784,0.293131667,1785041680.326139,176.91926807227603,165.42140100502843,73.94152016937733,12,-0.00203082877851557,2.3399258628487587,0.20969371777027845
786,0.293131667,1785041680.63511,181.0787203583541,165.9185777432363,72.00564335519448,13,-0.00493190175620839,0.9287679865956306,0.1906000766903162
788,0.293131667,1785041680.891597,171.06535072349052,165.83810013523754,90.31245691329241,11,-0.0017477287910878658,1.7774947360157967,0.15231758216395974
790,0.293131667,1785041681.170273,174.45456053596448,166.06194522330168,75.10869528865442,14,-0.004048582282848656,1.3868243992328644,0.1452131881378591
792,0.293131667,1785041681.425544,171.73184622290069,166.37912727535488,76.69325829297304,10,-0.0036782973329536617,0.8250603452324867,0.1898996364325285
794,0.293131667,1785041681.682364,169.5008042431914,166.45623534846578,85.46120065823197,16,-0.0020709874806925654,1.4311832450330257,0.18103019054979086
796,0.293131667,1785041682.000308,166.25452638302616,165.9702921989727,86.61127835512161,12,-0.001904057222418487,1.1316964365541935,0.18719784822314978
798,0.293131667,1785041682.308512,169.21183164951856,166.54722221497798,87.44345553964376,12,-0.0008468373271171004,0.7022873573005199,0.14790425542742014
800,0.293131667,1785041682.590366,168.415261828866,167.1349282157601,86.1469996534288,11,-0.0026001184596680105,1.3038775138556957,0.2081736670807004
802,0.293131667,1785041682.870626,181.16698216319492,167.54433423983986,71.67528992518783,13,-0.0034049376554321498,0.6240493059158325,0.18946269527077675
804,0.293131667,1785041683.1272771,178.47010818550993,167.56004588121846,78.7556555941701,10,-0.0019578724168241024,1.142307072877884,0.15421507228165865
806,0.293131667,1785041683.405249,172.1333825656167,167.88897114624072,95.67712166905403,11,-0.0010321161462343298,1.3905696868896484,0.16083281859755516
808,0.293131667,1785041683.659464,169.1241246900653,168.38470460747584,85.97754539176822,10,-0.00330825360288145,1.798883430659771,0.19484245963394642
810,0.293131667,1785041683.941279,184.30201325477782,168.79571462524032,71.94116155989468,13,-0.006505290046334267,0.8597445152699947,0.20544269680976868
812,0.293131667,1785041684.724195,196.3478924492542,169.3210721453669,66.177350115031,11,-0.0014872833853587508,1.2122959271073341,0.16092161927372217
814,0.293131667,1785041685.015739,170.75260223327538,169.7865769904804,81.5386132337153,13,-0.002910414921643678,0.9478155374526978,0.14882334601134062
816,0.293131667,1785041685.279926,186.21507442112735,170.0194598716406,71.19396579265594,11,-0.002753230626694858,2.4750459492206573,0.19690615218132734
818,0.293131667,1785041685.584851,178.94880615297168,170.45824459974247,72.31415269337595,10,-0.0022788923233747482,1.3662741854786873,0.18804843351244926
820,0.293131667,1785041685.8597682,170.46939543727015,170.46778954649636,81.82232619076967,14,-0.008959869592217728,0.9249424822628498,0.19932962395250797
822,0.293131667,1785041686.16558,182.15242671675546,170.42829093166046,70.86615502461791,12,-0.0020537113887257874,1.0581542775034904,0.1750374250113964
824,0.293131667,1785041686.4209092,154.98109453650036,170.00193006041172,101.18291764333844,13,-0.002638140693306923,1.7722673639655113,0.1897522946819663
826,0.293131667,1785041686.675199,167.40627453232307,170.08265486913203,80.33917700871825,12,-0.0055105527135310695,1.285623412579298,0.22389219049364328
828,0.293131667,1785041686.9562612,161.8361052501549,169.7059624259824,89.16229967027903,11,-0.0015999000752344728,1.9472190216183662,0.16790463402867317
830,0.293131667,1785041687.22121,146.80538567375717,168.57550869005667,95.78261535987258,15,-0.002087244065478444,2.314238205552101,0.1885764393955469
832,0.293131667,1785041687.485833,153.22930385182565,167.98091795211022,108.16631522588432,14,-0.002122044999850914,3.3104973137378693,0.20082725677639246
834,0.293131667,1785041687.922254,169.16726352949325,168.0260994573262,86.84042786434293,11,-0.002676566713489592,2.578959710896015,0.1995092909783125
836,0.293131667,1785041688.2000058,139.7308090550164,166.31264985898278,111.49501906335354,11,-0.0006610905147681478,1.132270198315382,0.09698849264532328
838,0.293131667,1785041688.49607,172.43401096411338,166.09537505634168,90.02275812998414,10,-0.000653527386020869,1.2835296764969826,0.07914189947769046
840,0.293131667,1785041688.755552,152.7503801267359,165.16231717057212,99.20953331887722,11,-0.0019611091120168567,1.3764613941311836,0.17327417340129614
842,0.293131667,1785041689.012388,180.18657741534824,165.22511350198886,72.04913139343262,11,-0.004990952977095731,2.073718413710594,0.20160195790231228
844,0.293131667,1785041689.299228,157.7941979692559,165.53923529911367,100.7195975445211,13,-0.0017858610663097352,1.1430035009980202,0.14797234814614058
846,0.293131667,1785041689.57865,173.01508082694752,165.7594558865033,84.83619062975049,11,-0.00214117398718372,1.669721856713295,0.1987018594518304
848,0.293131667,1785041689.872421,147.27343119032906,165.00442136860562,96.90540166199207,13,-0.005658342968672514,0.9777756296098232,0.2350835856050253
850,0.293131667,1785041690.165461,173.4272777713316,164.95847554652428,79.10712483152747,11,-0.0019115318937110715,2.368117094039917,0.1974797658622265
852,0.293131667,1785041690.446031,185.5305028666438,164.95028502208493,70.8485078457743,11,-0.003623276250436902,1.252760749310255,0.1534346821717918
854,0.293131667,1785041690.777531,162.9031341578702,164.41837549039522,87.11380315944552,12,-0.0018162101623602211,0.7878295555710793,0.10498911561444402
856,0.293131667,1785041691.056155,165.1591708223563,164.31748080433283,89.14816591516137,12,-0.003092278668191284,1.1096642017364502,0.1816402329131961
858,0.293131667,1785041691.3693728,168.70452630596375,164.1730202737433,84.71338231489062,13,-0.006257635424844921,0.7363026328384876,0.1593566183000803
860,0.293131667,1785041691.654433,157.46088335770452,163.55790076182467,91.43394096940756,12,-0.0019460184266790748,1.2152021192014217,0.14203268010169268
862,0.293131667,1785041691.9321442,156.62918038104317,162.5369054324453,102.17107595875859,14,-0.0008558940317016095,1.7396492213010788,0.12213114276528358
864,0.293131667,1785041692.218581,173.95845015204043,162.4883972637702,85.06279687583447,14,-0.0031057756932568736,2.5354418605566025,0.16963205765932798
866,0.293131667,1785041692.513928,184.1543902967603,162.6477015738056,73.27943847887218,12,-0.0018723465036600828,1.3052962608635426,0.2070855339989066
868,0.293131667,1785041692.770624,164.19569875954082,162.47671822624966,87.50316319987178,12,-0.0023805824530427344,1.622862070798874,0.1609858861193061
870,0.293131667,1785041693.079197,164.17856779446728,162.5021421457509,95.09262053668499,9,-0.0013961936929263175,0.7988532073795795,0.10221564443781972
872,0.293131667,1785041693.342259,159.1464447470881,162.173512656694,94.34907853975892,14,-0.00348224097979255,0.6593273617327213,0.22163912188261747
874,0.293131667,1785041693.62095,165.3520426300005,161.97942211831906,93.65564895793796,14,-0.001897634589113295,1.8894524052739143,0.1649568984284997
876,0.293131667,1785041693.9282591,180.14095323958963,162.2743561901879,74.93925064429641,12,-0.002753157285042107,1.7472479566931725,0.1800059676170349
878,0.293131667,1785041694.204139,181.09411938191514,162.4604085897974,79.90472758933902,10,-0.0022406613570638,1.4906786233186722,0.20823571365326643
880,0.293131667,1785041694.462262,139.96996618719763,162.2917545221219,117.25803200528026,17,-0.0013654022186528891,2.497086115181446,0.20735375303775072
882,0.293131667,1785041694.770654,158.6767546827178,162.30464255560798,107.36742411926389,14,-0.004087540815817192,0.8874481879174709,0.2011412624269724
884,0.293131667,1785041695.056559,130.99587971069886,161.55991820328555,122.05104606039822,14,-0.0020733942510560155,3.244825877249241,0.19824184104800224
886,0.293131667,1785041695.344239,178.58562712469683,162.7550835054273,85.31542455032468,15,-0.002636213175719604,1.64263404160738,0.16580439545214176
888,0.293131667,1785041695.634613,165.634224060565,162.98593846918635,92.34710991196334,12,-0.00159489965881221,2.917848415672779,0.1298890607431531
890,0.293131667,1785041695.9956439,181.6151201280884,163.60819558952628,72.86162739992142,10,-0.0016311911749653518,1.327517606317997,0.14210291765630245
892,0.293131667,1785041696.284792,172.33186802214158,163.8038390064257,79.84307786077261,12,-0.0014534970978274941,0.9557365290820599,0.1460012011229992
894,0.293131667,1785041696.590129,170.56620425120587,163.9632776306594,80.93333378015086,10,-0.0027769193111453205,1.464198537170887,0.18407671805471182
896,0.293131667,1785041696.8576179,170.2349558887922,164.07948752635497,84.93565667048097,10,-0.005972701561404392,0.9106965214014053,0.13673872174695134
898,0.293131667,1785041697.138722,150.84821069050986,164.10125838780965,116.59557390399277,13,-0.00549546311958693,4.15616898983717,0.2036590864881873
900,0.293131667,1785041697.396343,154.25579243146507,163.905152890533,97.13771702721715,13,-0.002193688676925376,1.1921487152576447,0.14432855788618326
902,0.293131667,1785041697.675616,169.82443620434643,163.87006690955073,92.86217892169952,11,-0.0033603482879698277,0.9264551736414433,0.14212334994226694
904,0.293131667,1785041697.930846,159.15245621990005,164.1640151188746,89.48466573469341,13,-0.0008446637075394392,1.272378895431757,0.1429405678063631
906,0.293131667,1785041698.195049,147.5163174344747,163.2489093744054,108.04147280007601,17,-0.0026107666053576395,1.0197115801274776,0.16887693060562015
908,0.293131667,1785041698.48667,161.19404930972289,162.96840149530476,89.65251279063523,14,-0.002105907304212451,1.7294548749923706,0.1738361339084804
910,0.293131667,1785041698.793835,176.60281686395373,163.7779958340342,76.08916374482214,12,-0.001874464564025402,1.3973232507705688,0.12319240719079971
912,0.293131667,1785041699.069281,143.0973318523953,164.10764809603737,115.94903595373034,14,-0.002555048413341865,1.593981385231018,0.18675586581230164
914,0.293131667,1785041699.354444,163.72941695366484,163.96868648096287,90.3339941650629,15,-0.0020371040736790746,1.3151224255561829,0.19034995511174202
916,0.293131667,1785041699.619074,161.3268166056285,163.421969250896,94.0030019171536,12,-0.0029191923094913363,2.447941780090332,0.16608185321092606
918,0.293131667,1785041699.943976,160.91157971410036,163.24769347578874,96.93881667032838,14,-0.0013444731666822918,0.9658627025783062,0.14238773845136166
920,0.293131667,1785041700.205621,167.1712481920479,162.92362330976596,85.63414302095771,13,-0.0023045528796501458,1.419776525348425,0.15930542815476656
922,0.293131667,1785041700.4579148,178.3792037310131,162.99594107235154,81.44931230414659,11,-0.001686632982455194,1.6212605834007263,0.19294354133307934
924,0.293131667,1785041700.735608,178.9279592450581,164.0631712374066,79.06836638972163,12,-0.0030996972927823663,1.1476393230259418,0.18384527508169413
926,0.293131667,1785041700.991881,172.33014497301184,164.3259521332203,91.19783426076174,12,-0.0019173732725903392,1.3377580493688583,0.20264951325953007
928,0.293131667,1785041701.245041,184.1974589652681,164.6414714766609,70.3322846442461,11,-0.0062579598888987675,0.9503135606646538,0.21168969757854939
930,0.293131667,1785041701.5519822,160.00609367570055,165.12459157990546,90.45551556535065,12,-0.0027397722005844116,1.3155142292380333,0.20579385198652744
932,0.293131667,1785041701.807511,156.3917915046845,164.66132012334273,94.79220753908157,15,-0.001276487106224522,1.2256360091269016,0.09083643741905689
934,0.293131667,1785041702.0871522,166.9960042172373,165.05459649303194,86.17123247683048,14,-0.0035550215688999742,1.325625542551279,0.14428664604201913
936,0.293131667,1785041702.341173,159.65366822905216,164.4739913023334,97.03651725873351,9,-0.0027637153398245573,1.422360248863697,0.21719340421259403
938,0.293131667,1785041702.59198,174.4662847247756,164.63978619037752,87.21417742595077,13,-0.0018409229014650919,1.68045200034976,0.23387122061103582
940,0.293131667,1785041702.869549,170.85143187447835,165.0324699451456,87.2998633608222,10,-0.0037229884474072605,0.7849938906729221,0.18532406818121672
942,0.293131667,1785041703.160676,180.64617887322916,164.9881875026536,76.94792415481061,10,-0.001763131862389855,1.4936332926154137,0.12755225971341133
944,0.293131667,1785041703.414389,177.56726598648345,164.92997513710552,78.77345454320312,11,-0.005423507071100175,1.3993203975260258,0.2141226278617978
946,0.293131667,1785041703.6987069,159.02682658179384,165.15815420484466,88.46287967823446,12,-0.003901092568412423,0.5679934602230787,0.19099438935518265
948,0.293131667,1785041703.954231,184.10290782658333,165.61750355519308,68.10940554179251,12,-0.0017093238275265321,2.164317149668932,0.15854563750326633
950,0.293131667,1785041704.23215,170.47105378295208,165.70485697058936,87.85611492022872,10,-0.0021947675268165767,0.9133260063827038,0.14163131546229124
952,0.293131667,1785041704.5087411,164.85482206251913,165.99137722443086,91.83801933005452,11,-0.001958574866876006,1.3621976636350155,0.14836681308224797
954,0.293131667,1785041704.799716,173.5392883730801,166.00854340336406,79.61966748535633,10,-0.0022055936278775334,1.3808173909783363,0.1900004968047142
956,0.293131667,1785041705.08372,176.71133583642543,167.41083979757278,77.2969065271318,12,-0.002243039503809996,1.1088326498866081,0.13734287954866886
958,0.293131667,1785041705.368531,195.16372552989668,168.06665420649384,66.33801699057221,11,-0.00226027169264853,0.9671428445726633,0.17604786064475775
960,0.293131667,1785041705.683583,143.11569159647019,167.1959918474739,111.01047832146287,13,-0.002033313736319542,4.363630458712578,0.1586802927777171
962,0.293131667,1785041705.9750972,186.43964192085022,168.19661674397125,85.09629428386688,13,-0.0013980233197798952,0.5956228747963905,0.18173546064645052
964,0.293131667,1785041706.2299461,190.21486885664376,168.91817850935593,73.74272014386952,9,-0.0012196701718494296,2.285716138780117,0.16369502479210496
966,0.293131667,1785041706.554435,174.52994142313165,168.74138840736316,85.86003946512938,11,-0.001430252770660445,1.6897748038172722,0.1382130510173738
968,0.293131667,1785041706.811357,171.47311287996902,169.09710055345468,88.90161763504148,11,-0.0034951754787471145,0.939309973269701,0.16639345325529575
970,0.293131667,1785041707.176935,177.1503248319938,169.35067467072037,78.30440539494157,11,-0.0016848052619025111,1.5948537811636925,0.17929542623460293
972,0.293131667,1785041707.453758,157.34815547560203,169.0441218487726,89.16672194749117,11,-0.00290824961848557,1.0591197684407234,0.1747849816456437
974,0.293131667,1785041707.710577,138.04182798706617,168.22150907751038,110.33306984230876,13,-0.0028783869929611683,1.4290863908827305,0.19569604750722647
976,0.293131667,1785041707.9680169,173.23577718636918,168.0559394883417,88.31174888089299,12,-0.0043465461349114776,1.4229747466742992,0.159389762673527
978,0.293131667,1785041708.280561,170.01285905552606,167.83384272723276,79.59288528747857,10,-0.001067339617293328,1.4400816932320595,0.10487693082541227
980,0.293131667,1785041708.5370471,172.96197078826805,168.18969174706928,87.70643950253725,12,-0.0023454668698832393,2.2219720259308815,0.111264793202281
982,0.293131667,1785041708.8144488,156.11055609306723,168.21668781966923,95.89941272512078,14,-0.0021836655942024663,2.734356865286827,0.13418036187067628
984,0.293131667,1785041709.068037,152.0284351465834,168.41206252796758,104.18191068992019,12,-0.001990795135498047,1.3166771233081818,0.16998824989423156
986,0.293131667,1785041709.3236969,170.57932716286405,169.33602370882232,89.18867798708379,12,-0.0023117690288927406,1.3161875642836094,0.21377625875175
988,0.293131667,1785041709.60429,170.61212248002943,168.95336721174812,87.84806486964226,11,-0.0015725881676189601,1.6598081961274147,0.1408844729885459
990,0.293131667,1785041709.88288,179.99246303576118,169.18023157520764,76.99605272710323,9,-0.001345763543213252,0.7334906309843063,0.18622461892664433
992,0.293131667,1785041710.138575,159.10172318189132,169.02592051580763,93.0254152007401,14,-0.002126653052982874,1.3692933656275272,0.18650691024959087
994,0.293131667,1785041710.422378,149.6319191703338,168.45892309040795,99.45838050916791,10,-9.061244782060385e-06,2.7199688851833344,0.09237351175397635
996,0.293131667,1785041710.6826901,172.8666726680332,168.8010836654421,89.18522373586893,10,-0.0020520816615317017,1.7571801617741585,0.13715323759242892
998,0.293131667,1785041710.964512,175.34172887591308,169.4151266779552,74.94399054348469,14,-0.0009775729849934578,0.9168215990066528,0.10469297645613551
1000,0.293131667,1785041711.578924,171.17303945570333,169.27434108554345,83.20808931812644,10,-0.0026368999970145524,1.0622078776359558,0.21116637159138918
1000,0.293131667,1785041711.578924,171.17303945570333,169.27434108554345,83.20808931812644,10,-0.0026368999970145524,1.0622078776359558,0.21116637159138918
1002,0.293131667,1785041711.9085472,173.87480263948208,169.55641039000565,85.78048808127642,11,-0.001997593237319961,1.7260389849543571,0.17622467409819365
1004,0.293131667,1785041712.1902862,171.97250116794126,169.55383236974012,87.82187777012587,10,-0.00138558610342443,1.0832914374768734,0.1280762809328735
1006,0.293131667,1785041712.444671,184.49909243574484,169.34722811706447,70.87773198448122,12,-0.0009816042729653418,1.421741034835577,0.15707097109407187
1008,0.293131667,1785041712.705354,169.77948711333121,169.12937832216912,84.31853394955397,12,-0.0021868794865440577,1.373218521475792,0.19006151426583529
1010,0.293131667,1785041712.9939651,164.51015588867168,169.22905315460935,82.10272911726497,13,-0.0016160699451575056,1.057735115289688,0.14092043554410338
1012,0.293131667,1785041713.249557,162.03137065616,168.4135399963262,94.24847346916795,11,-0.0016194022027775645,0.886483296751976,0.1381372381001711
1014,0.293131667,1785041713.554095,163.5713870137456,167.78250926647615,85.237637469545,12,-0.0017943577840924263,2.177267298102379,0.13510818360373378
1016,0.293131667,1785041713.810283,168.4496414601576,168.24373458887771,83.59739634022117,11,-0.001733009805320762,0.9505899734795094,0.16421466507017612
1018,0.293131667,1785041714.0625432,160.19972720851527,167.53055407747286,96.61356873810291,12,-0.0007785425405018032,1.7620751112699509,0.09404411818832159
1020,0.293131667,1785041714.340234,165.11572453989325,167.42834832368263,91.30182607471943,12,-0.0017907734945765696,1.1693419441580772,0.16098822932690382
1022,0.293131667,1785041714.612779,191.90334472385783,168.21697916143538,72.41728810593486,10,-0.001947445736732334,1.1972195282578468,0.1858892273157835
1024,0.293131667,1785041714.863853,160.35237279614455,168.55722833020474,84.6128437910229,12,-0.0027105204353574663,3.252609983086586,0.14941929001361132
1026,0.293131667,1785041715.167873,174.2088312205728,168.6138428478993,76.57665470987558,12,-0.003300367694464512,0.9823204465210438,0.1671205833554268
1028,0.293131667,1785041715.42125,168.45753066342382,168.7104387560295,81.39951617270708,11,-0.0018737770296866074,0.7792559582740068,0.12359075713902712
1030,0.293131667,1785041715.6976798,152.36622381487948,168.22945276358934,105.19574038311839,10,-0.0019545550021575764,0.5974630378186703,0.13706037309020758
1032,0.293131667,1785041715.9655418,143.55397997317445,168.4620635038197,99.48979765921831,12,-0.002275042286782991,3.1548884361982346,0.16915669152513146
1034,0.293131667,1785041716.240763,159.44228851491957,168.43259616409836,94.69424737757072,12,-0.004093147348612547,1.5105097219347954,0.18141024839133024
1036,0.293131667,1785041716.5689669,160.5644612748986,167.74903487698572,90.32554978877306,14,-0.0007248407928273082,1.3826543018221855,0.11218235082924366
1038,0.293131667,1785041716.8274271,183.0760959644118,168.35179067958822,73.17550019919872,12,-0.0023272919352166355,0.8134892713278532,0.1558543057180941
1040,0.293131667,1785041717.1001332,163.36352698856223,167.66674623418908,91.35435418318957,14,-0.004664000240154564,2.6071370393037796,0.21652922965586185
1042,0.293131667,1785041717.38281,159.2951587631065,167.1257767764976,100.45658696070313,12,-0.002478561596944928,1.7021492049098015,0.1914748689159751
1044,0.293131667,1785041717.635753,171.5588694986393,167.68501501534868,80.87152476981282,11,-0.0020118127577006817,0.8025041818618774,0.12421629065647721
1046,0.293131667,1785041717.923042,174.97999645787246,167.51542288680892,87.85628140717745,12,-0.001640771166421473,1.2406049892306328,0.11552180582657456
1048,0.293131667,1785041718.190711,169.50854289118712,167.27032282826175,80.6090546073392,11,-0.002917729550972581,1.463789589703083,0.18183074705302715
1050,0.293131667,1785041718.480184,168.82653606707365,167.51288983787185,85.86696417629719,11,-0.0035213918308727443,1.1890978515148163,0.19525294844061136
1052,0.293131667,1785041718.759868,144.81647068922766,166.218619631562,104.24023002386093,12,-0.001737970938847866,1.0518560446798801,0.130693216342479
1054,0.293131667,1785041719.031447,152.79968005691293,166.26568568406142,92.5974936275743,13,-0.0020013677421957254,1.6820135936141014,0.0840301658026874
1056,0.293131667,1785041719.294464,163.24827978319811,165.58502121816997,84.12699815630913,10,-0.002413689100649208,1.2834321036934853,0.19680063519626856
1058,0.293131667,1785041719.5970528,185.7715409433822,165.90496763484865,74.05715148895979,10,-0.0023081735125742853,1.2812316678464413,0.19379686564207077
1060,0.293131667,1785041719.868424,174.37717139738322,166.1462166010698,81.0627493839711,11,-0.002411928930087015,1.4135720133781433,0.16300746891647577
1062,0.293131667,1785041720.186214,161.96443517626133,166.08898503786975,91.53115556016564,14,-0.0030051834182813764,2.2569413632154465,0.11663882061839104
1064,0.293131667,1785041720.441489,159.3865633463987,165.96877406923682,96.19920744374394,12,-0.0039651904662605375,0.8491221852600574,0.19392663799226284
1066,0.293131667,1785041720.7234979,153.43825033185783,165.1677111907271,109.43715833872557,14,-0.0020343881333246827,1.877794310450554,0.1609505470842123
1068,0.293131667,1785041721.014723,147.63090323308475,165.0447709886099,107.18011128157377,12,-0.00213215354597196,1.3312362357974052,0.1389132379554212
1070,0.293131667,1785041721.269805,179.65659464470264,165.6481486518583,77.34317130595446,12,-0.0021214565203990787,0.5707906391471624,0.1900044046342373
1072,0.293131667,1785041721.530027,157.32701996495422,164.87215646777574,97.00537872221321,15,-0.0026250348892062902,2.056996613740921,0.19503009505569935
1074,0.293131667,1785041721.805289,176.64648739943027,165.23202657975997,84.2077621575445,11,-0.0011584764142753556,1.9669864848256111,0.12257240293547511
1076,0.293131667,1785041722.057282,174.5397210475678,164.7399936525004,79.56360116228461,12,-0.002790864193229936,1.6354632563889027,0.1456171846948564
1078,0.293131667,1785041722.3341,168.05952626451503,164.35318159473485,84.51568615809083,13,-0.003203508909791708,0.9912179075181484,0.12093685241416097
1080,0.293131667,1785041722.5862179,164.18812353049367,164.64910160923748,92.3892106115818,11,-0.005311499699018896,1.8426582217216492,0.150372504722327
1082,0.293131667,1785041722.839419,181.55662868658686,165.45416703044143,78.14861713629216,11,-0.002693562244530767,2.0099278539419174,0.19538390170782804
1084,0.293131667,1785041723.132669,155.96715484539303,165.28312000628713,93.30210579931736,13,-0.002245133917313069,1.2348202839493752,0.18924898840487003
1086,0.293131667,1785041723.3894022,175.34335129286683,165.75571582457528,85.19366623833776,11,-0.0020882177632302046,1.7973585352301598,0.12690061191096902
1088,0.293131667,1785041723.700507,160.39258012103033,164.74542803060658,91.43023476749659,12,-0.0017843518871814013,1.241218090057373,0.17494579683989286
1090,0.293131667,1785041724.007361,175.96124632311427,165.4122950339307,75.49768840149045,9,-0.002462320771883242,0.7043959274888039,0.19723273627460003
1092,0.293131667,1785041724.280666,171.74640344986395,166.25412917221172,81.27436073124409,10,-0.002208163081377279,1.701278954744339,0.1746603762730956
1094,0.293131667,1785041724.5801039,158.020258579236,166.16460923929716,91.5234285145998,12,-0.0007556464988738298,2.274435706436634,0.06755611812695861
1096,0.293131667,1785041724.8542762,169.77986085302797,165.9331445571178,87.09138434007764,12,-0.0016537939081899822,1.0105845220386982,0.1295134024694562
1098,0.293131667,1785041725.1306791,170.48794971394926,165.58213416220752,80.67755836620927,11,-0.0017340356716886163,1.4967939779162407,0.11610640911385417
1100,0.293131667,1785041725.455297,139.84994709599928,164.84482036444876,109.95242876932025,12,-0.0020433741447050124,1.4870795458555222,0.11344671295955777
1102,0.293131667,1785041725.7280781,174.0538197366487,165.87592640794796,80.90217623114586,10,-0.0032709966762922704,1.0657624080777168,0.10072897328063846
1104,0.293131667,1785041726.0070279,165.21362631027657,166.1913697257513,84.02093852311373,11,-0.0025232558473362587,2.5378493815660477,0.13272572355344892
1106,0.293131667,1785041726.305311,157.847904139315,166.33288362377996,104.21293488517404,11,-0.0007012079004198313,1.1660641841590405,0.13645674660801888
1108,0.293131667,1785041726.576629,169.50922920795813,166.09099449100188,89.7841114513576,11,-0.0038132750196382403,1.921290546655655,0.13486425252631307
1110,0.293131667,1785041726.851309,165.55529970025648,166.25818423586463,87.31010964140296,9,-0.0019968037959188223,0.5228553172200918,0.1305443523451686
1112,0.293131667,1785041727.145612,173.74993043327834,167.07944366106744,86.32752224430442,10,-0.0023009763099253178,0.9118883088231087,0.1845431625843048
1114,0.293131667,1785041727.40604,181.6899086822563,167.43890306467384,79.8412770666182,10,-0.00333857792429626,2.017471671104431,0.18556391587480903
1116,0.293131667,1785041727.6932218,175.58734241599248,168.4348327711996,77.45103528536856,11,-0.0029277034191181883,0.7849955819547176,0.17747370339930058
1118,0.293131667,1785041727.969537,177.09505502065866,168.75033099588495,79.53861819813028,12,-0.0015370444671134464,1.4308504536747932,0.12460341723635793
1120,0.293131667,1785041728.2379441,167.66023958069886,168.1093945208322,96.8826674297452,11,-0.0021767668513348326,2.553041622042656,0.15551964193582535
1122,0.293131667,1785041728.520858,156.1299962101403,168.15455578571334,101.99882608279586,11,-0.0014097910898271948,1.1228540018200874,0.13186229299753904
1124,0.293131667,1785041728.79817,176.85094820599076,168.03486514604552,76.82466398179531,13,-0.0023687744833296165,1.2814659401774406,0.1092800097540021
1126,0.293131667,1785041729.080776,165.06075589860637,168.25873112350916,91.45318494923413,11,-0.0016370878438465297,1.6199421435594559,0.12189713446423411
1128,0.293131667,1785041729.3407328,177.3702995939659,168.68899342514172,78.48472303524613,14,-0.0022632094915024936,2.301829643547535,0.19854537397623062
1130,0.293131667,1785041729.612611,148.75135914870057,168.483346444405,110.93275744095445,13,-0.0007657204405404627,3.0465697646141052,0.0968789542093873
1132,0.293131667,1785041729.903615,170.10184965436002,168.04276494748888,85.03087284974754,13,-0.0017522371490485966,2.290681727230549,0.16169208334758878
1134,0.293131667,1785041730.171961,165.2174103409408,168.01501085027536,88.8083101529628,13,-0.0017221182642970234,2.1048483550548553,0.15931975468993187
1136,0.293131667,1785041730.4242702,166.98447646718446,168.0307635014889,84.57412439584732,12,-0.002045741115580313,1.2789183408021927,0.21948325913399458
1138,0.293131667,1785041730.7021692,189.4534152719227,168.8543080594779,68.01759070530534,12,-0.0018671223660930991,0.9741303473711014,0.19623515475541353
1140,0.293131667,1785041730.981824,176.6993599577397,168.29680891578965,78.21451611444354,13,-0.0006396527896868065,1.34682497382164,0.1498278956860304
1142,0.293131667,1785041731.2845252,177.94315025860564,168.25929307331046,81.89576483517885,10,-0.0018078122520819306,0.9682057723402977,0.15237426152452826
1144,0.293131667,1785041731.558203,159.9371901746525,168.2657048589865,104.19689912162721,12,0.0011076119772042148,4.199515521526337,0.1089550033211708
1146,0.293131667,1785041731.835393,171.27805676518824,168.14145115206273,87.51711845770478,12,-0.0024420309346169233,3.268251985311508,0.14882906805723906
1148,0.293131667,1785041732.156269,163.8149701290089,168.39816550932582,90.74426779150963,12,-0.0011845047120004892,1.5440904796123505,0.13858757726848125
1150,0.293131667,1785041732.444716,165.28660742917558,169.4165984151931,94.87105952203274,14,-0.0020515247888397425,1.7568045556545258,0.17673204373568296
1152,0.293131667,1785041732.698569,158.6374834915676,168.8378533866601,92.41324080899358,14,-0.00145466708636377,1.3379604071378708,0.14967844542115927
1154,0.293131667,1785041732.985856,189.72852097467114,169.18990913431972,69.45205296576023,12,-0.0020959762478014454,1.3922701440751553,0.2148539563640952
1156,0.293131667,1785041733.24768,158.56531971341656,168.82793361712663,98.40544576570392,15,-0.0015033028612378985,1.496269904077053,0.13852795492857695
1158,0.293131667,1785041733.526601,171.36603167116797,169.1603416386005,77.74353970214725,13,-0.0010681652638595551,0.9050329588353634,0.14231520984321833
1160,0.293131667,1785041733.7806468,151.4406014600328,168.4667051005134,110.58071929216385,11,-0.003203141677659005,1.0087863244116306,0.14561386359855533
1162,0.293131667,1785041734.060534,168.72625537485462,168.0116106974405,80.61643316224217,13,-0.0024346762656932697,1.864074394106865,0.18073109816759825
1164,0.293131667,1785041734.339267,155.97954334631993,167.1118999824044,97.78556068614125,15,-0.003219610436644871,1.6806764379143715,0.13496383698657155
1166,0.293131667,1785041734.592115,170.7433544944587,166.80809650882944,78.9521470181644,12,-0.002186756224546116,1.4472655057907104,0.16331503726541996
1168,0.293131667,1785041734.843904,156.76304459837698,166.642874209678,94.29541994072497,12,-0.0020636869594454765,1.1982199437916279,0.13997212471440434
1170,0.293131667,1785041735.11836,154.9429451672037,166.6591767675982,112.13468284532428,12,-0.0015984159326762892,2.3743443489074707,0.1298951469361782
1172,0.293131667,1785041735.393728,178.3961761347298,167.04607034869775,74.0094581451267,10,-0.004423653153935447,1.2261703982949257,0.15594330988824368
1174,0.293131667,1785041735.716483,178.49279252754786,167.52477832596182,78.16447890177369,11,-0.0009877589254756458,0.6409538798034191,0.11117872875183821
1176,0.293131667,1785041735.992352,172.5902879815222,167.5765635345773,82.75711044110358,13,-0.0020288725791033357,1.4370427876710892,0.2076853159815073
1178,0.293131667,1785041736.257688,163.5961781970001,167.4875689973833,89.30937641486526,12,-0.0012298966757953167,2.8198553919792175,0.151283027138561
1180,0.293131667,1785041736.559754,180.39476567987057,168.14323170038148,72.82809203118086,11,-0.0018188877002103254,0.7960214037448168,0.18572353292256594
1182,0.293131667,1785041736.865653,159.00383902542868,168.10395411530547,91.46126866154373,13,-0.002145849444787018,1.5915125980973244,0.10707121761515737
1184,0.293131667,1785041737.13794,171.9804868530422,168.32538388223003,86.70494448393583,12,-0.004002577159553766,0.925795067101717,0.18603908270597458
1186,0.293131667,1785041737.4590359,185.07927536041765,168.1847391125826,72.92471270635724,13,-0.0026371246203780174,2.293135240674019,0.19224917888641357
1188,0.293131667,1785041737.713556,162.95672970425258,167.69587196007475,89.66372065991163,12,-0.0014224904516595416,2.124491795897484,0.10242512123659253
1190,0.293131667,1785041738.011852,170.96200583321868,167.69751871569616,78.4034683983773,13,-0.0014783181250095367,1.386481836438179,0.15809889184311032
1192,0.293131667,1785041738.2842062,177.41563252143607,167.19649019808767,75.89694244228303,13,-0.0024248636109405197,1.8044790178537369,0.15485671302303672
1194,0.293131667,1785041738.564912,157.4401208263505,167.03467747619078,97.03037312626839,12,-0.001896645553642884,2.789954051375389,0.1730068428441882
1196,0.293131667,1785041738.860441,186.5737759613297,167.92916423650752,68.93147135339677,11,-0.0016463813080918044,1.4830143190920353,0.15636058058589697
1198,0.293131667,1785041739.153697,163.40529225924575,168.06853312850254,89.01257337629795,11,-0.0018975706116179936,0.896460697054863,0.12082673981785774
1200,0.293131667,1785041739.4767108,173.73076537646125,167.81768145036023,79.7073613088578,11,-0.0016040814953157678,1.5760321840643883,0.17508255131542683
1202,0.293131667,1785041739.788482,180.73792117957868,168.36846482614203,70.83332961052656,11,-0.002731824977672659,1.4171743392944336,0.21619432233273983
1204,0.293131667,1785041740.046772,173.53479026132763,167.9851709746699,78.33797557465732,12,-0.0011206814087927341,1.1015182510018349,0.13304174644872546
1206,0.293131667,1785041740.3294752,150.80580031836135,168.22854188751597,102.80319837853312,11,-0.0002540488130762242,1.9132736437022686,0.08986013475805521
1208,0.293131667,1785041740.6031868,162.69281851606533,167.5166169614089,86.64515996910632,13,-0.0020112982747377828,1.548087753355503,0.1597039196640253
1210,0.293131667,1785041740.890785,177.8301640089396,168.29539860348862,81.41448800265789,11,-0.005830879992572591,1.6867940202355385,0.1915321685373783
1212,0.293131667,1785041741.1880488,157.65272088932258,168.3215194022481,100.73651976604015,10,-0.0012545647914521396,0.8509323317557573,0.11389106838032603
1214,0.293131667,1785041741.456419,190.61378803665443,169.68551080111087,71.51944264024496,14,-0.003740345979167614,0.8856556415557861,0.15598960127681494
1216,0.293131667,1785041741.721091,161.03173377848353,169.76085994955835,96.54086987674236,13,0.00010006508091464639,3.149322234094143,0.1114569315686822
1218,0.293131667,1785041742.026548,177.98277836787662,170.22655686590977,83.21942283026874,11,-0.002321532228961587,2.828909270465374,0.14467860152944922
1220,0.293131667,1785041742.2939541,165.3918037964311,170.43468318571536,83.5445606186986,13,-0.001546236569993198,1.4435574933886528,0.13803117629140615
1222,0.293131667,1785041742.5963461,172.37404570698422,170.20909912754996,82.73864061571658,13,-0.0014603136223740876,1.1164808049798012,0.1169793251901865
1224,0.293131667,1785041742.8732731,158.0929667276898,169.60278593266344,106.78300053812563,15,-0.0013890464761061594,2.787444978952408,0.10477545950561762
1226,0.293131667,1785041743.135348,181.6059402325891,170.05179107176176,72.85373687185347,10,-0.002526542346458882,1.4840407371520996,0.15315576968714595
1228,0.293131667,1785041743.418171,178.86106424876513,170.09706328485547,83.71378798782825,10,-0.003727677416463848,2.086214616894722,0.17414876073598862
1230,0.293131667,1785041743.68094,173.126082925308,170.11531419528623,76.65097022429109,12,-0.0023849581193644553,1.3210401684045792,0.11708037834614515
1232,0.293131667,1785041743.944464,148.5710269223009,169.53541113531162,116.01678378880024,15,-0.0019669823814183474,2.5274902135133743,0.18436143547296524
1234,0.293131667,1785041744.2474291,182.8257951872794,170.12578300953155,74.41449061408639,11,-0.001524382154457271,1.6138700246810913,0.13919105287641287
1236,0.293131667,1785041744.523254,172.33358469595987,170.0321072180341,88.12752002105117,11,-0.0011198887514183298,2.4084318429231644,0.13477001199498773
1238,0.293131667,1785041744.824596,163.7509188527314,170.4270772676363,88.99821687489748,13,-0.003745982510736212,1.0073827654123306,0.11286646081134677
1240,0.293131667,1785041745.108008,175.78099106210064,170.86425357322983,78.06448078155518,11,-0.0023087617882993072,1.6023213863372803,0.20574662182480097
1242,0.293131667,1785041745.3760588,168.47832727406075,170.7281508182245,84.22501126490533,12,-0.0030249678529798985,1.7963557168841362,0.14405163610354066
1244,0.293131667,1785041745.660629,168.77131755628525,170.60279379672681,89.19815975055099,11,-0.005122156522702426,0.8990671634674072,0.1273811561986804
1246,0.293131667,1785041745.9396029,172.0522071889782,170.0822147977313,79.06741948053241,11,-0.0009531149407848716,1.2905737273395061,0.08879339462146163
1248,0.293131667,1785041746.1942642,167.85701661973056,170.11400324794656,83.80903029255569,13,-0.0020766473608091474,0.8794252257794142,0.20866218768060207
1250,0.293131667,1785041746.9323788,162.80714742052243,169.72040197110752,101.75666780769825,12,-0.0012901397931273095,2.101143851876259,0.15429726475849748
1252,0.293131667,1785041747.2100182,152.79421904210778,169.0620247232972,96.01185024343431,11,-0.001566983526572585,0.5690025631338358,0.10521506005898118
1254,0.293131667,1785041747.488561,172.16826048820764,169.49109848459645,91.91579118743539,11,-0.0012263748794794083,1.2453311458230019,0.11213494557887316
1256,0.293131667,1785041747.741708,167.09354503966003,169.79938312181878,84.03149862214923,11,-0.0031793321832083166,1.7967084646224976,0.20500026363879442
1258,0.293131667,1785041748.01139,188.81949566597208,170.62192260184383,69.49171785265207,11,-0.004078382735315245,1.6635200157761574,0.17521805316209793
1260,0.293131667,1785041748.2977998,149.82065586093591,170.19705274599156,104.64330556243658,15,-0.001205779379233718,1.430866725742817,0.09636058798059821
1262,0.293131667,1785041748.5693219,168.09371898415282,170.30016016788,93.45524403825402,13,-0.001217861077748239,1.87165929377079,0.11632861150428653
1264,0.293131667,1785041748.8295739,170.53517815577706,170.00393755036504,88.11382042244077,11,-0.0016331325168721378,3.2344523072242737,0.13200588850304484
1266,0.293131667,1785041749.1079838,177.96866126466415,170.25582160888055,75.11457022279501,13,-0.0019387276988709345,1.2572914958000183,0.16498652379959822
1268,0.293131667,1785041749.3775418,176.14974727874517,170.25459132404558,83.29695527255535,11,-0.002384676525252871,1.1420073062181473,0.10710703395307064
1270,0.293131667,1785041749.702911,175.5802624879839,170.04136309226976,78.25470798835158,10,-0.0011448966979514807,0.8587084338068962,0.1131452489644289
1272,0.293131667,1785041749.9614441,171.15661103385472,170.31664256731813,80.58557640761137,9,-0.0025240725371986628,0.8395218998193741,0.17261082166805863
1274,0.293131667,1785041750.218304,183.95316736582717,170.66966074898116,79.0923123494722,14,-0.003911405568942428,1.4004567973315716,0.14784750621765852
1276,0.293131667,1785041750.4926589,179.51853450402837,170.33591948859655,70.57851091958582,12,-0.0019853968697134405,0.7698653861880302,0.15845217742025852
1278,0.293131667,1785041750.745056,185.8209943084212,170.21112091735503,69.90052339434624,11,-0.0015521053574047983,1.8035635948181152,0.12062627961859107
1280,0.293131667,1785041750.996639,164.98382136403842,170.03504020027702,88.13156095147133,11,-0.002053785021416843,2.428908571600914,0.17617618571966887
1282,0.293131667,1785041751.3158011,179.5611807779459,170.98495433485573,72.40786023251712,11,-0.002272521785926074,1.0140085630118847,0.17114461679011583
1284,0.293131667,1785041751.586027,171.9165007942885,170.7579458362916,88.1356171965599,11,-0.001660287322010845,2.0380993261933327,0.12423399183899164
1286,0.293131667,1785041751.880306,161.31192754556633,170.9762761731854,92.88853120338172,15,-0.0021543853217735887,1.1792045384645462,0.11884078150615096
1288,0.293131667,1785041752.138059,145.56472133249207,170.04360078020835,109.26319846883416,14,-0.0014430098817683756,1.266419418156147,0.12272032350301743
1290,0.293131667,1785041752.393496,170.70666791811013,169.65950504981708,85.37865763157606,12,-0.0012756307260133326,1.627698265016079,0.15574146388098598
1292,0.293131667,1785041752.679623,164.7321623189364,170.02822235055177,96.97384747490287,13,-0.0012751594767905772,1.40471500903368,0.1298760585486889
1294,0.293131667,1785041752.9605691,159.21404352933644,170.6237529519483,91.52632010355592,11,-0.002505755750462413,1.5355496779084206,0.18923480063676834
1296,0.293131667,1785041753.214755,171.09758163660325,170.69307361217466,81.12436774373055,11,-0.002013183810049668,1.0905180722475052,0.16620752681046724
1298,0.293131667,1785041753.5186079,161.8508649753533,170.539949418578,86.61567384377122,13,-0.0022231010952964425,1.2729532308876514,0.14527313457801938
1300,0.293131667,1785041753.7896729,170.1515213594072,170.815611009096,85.3476487826556,12,-0.0009962265321519226,1.8914501368999481,0.09878101292997599
1302,0.293131667,1785041754.085366,169.52363478905528,171.19219849481757,83.86019591614604,12,-0.0019183890253771096,0.6085580959916115,0.11969285784289241
1304,0.293131667,1785041754.360209,164.05326190744512,170.64101323685554,98.8203789666295,11,-0.0013919323682785034,3.7608905285596848,0.07624330767430365
1306,0.293131667,1785041754.646341,178.14111797682847,170.80575710827452,77.67133815959096,12,-0.007544693740783259,0.8153143096715212,0.13221288193017244
1308,0.293131667,1785041754.928739,157.86071661896494,170.39752299380106,104.25013480708003,14,-0.001254462345968932,1.5401335433125496,0.1050684112124145
1310,0.293131667,1785041755.183399,174.50962052840973,170.50968687265924,78.71585324592888,11,-0.0027342148823663592,1.0399992167949677,0.13460331317037344
1312,0.293131667,1785041755.435339,170.4172868257044,170.461151384777,85.08373656868935,11,-0.0021153934358153492,2.3868209421634674,0.13698435947299004
1314,0.293131667,1785041755.7132502,166.7953147989873,169.73935895654594,93.79168525896966,11,-0.002113800903316587,2.118610367178917,0.11422011442482471
1316,0.293131667,1785041755.967576,174.49125757958038,169.69680263983264,81.94943155348301,9,-0.0011982428841292858,1.1805302165448666,0.1011218645144254
1318,0.293131667,1785041756.268158,188.8849447617023,170.22237683118084,71.65661268215626,14,-0.001998720981646329,1.4985628984868526,0.13446470675989985
1320,0.293131667,1785041756.527206,170.0288227696171,170.68202334278104,84.29645522963256,11,-0.0016706540482118726,0.6726729907095432,0.15993210393935442
1322,0.293131667,1785041756.805454,172.6102105802498,170.44688676205183,81.80557452142239,12,-0.0008227443904615939,1.0772907845675945,0.0849471902474761
1324,0.293131667,1785041757.103413,162.86880979964351,170.25149399625246,89.71973853558302,12,-0.00493843003641814,1.12357497215271,0.14920063549652696
1326,0.293131667,1785041757.383208,178.05449502571525,170.3167901273229,80.33034113422036,10,-0.0009329967724625021,1.1090031303465366,0.11447966983541846
1328,0.293131667,1785041757.6432981,174.1158841733863,170.45624006260567,76.35343284904957,13,-0.0023332784767262638,1.7004409506917,0.14457157254219055
1330,0.293131667,1785041757.92416,174.38411387943708,170.68517449999842,81.24563949741423,13,-0.0024625411024317145,0.7177812978625298,0.1738088233396411
1332,0.293131667,1785041758.19882,157.6886587636885,170.49437699710924,102.81425208970904,12,-0.0019008835079148412,1.436866920441389,0.14857687428593636
1334,0.293131667,1785041758.476732,154.88161481561397,170.40598340809174,95.72568970918655,10,-0.0012468204367905855,2.331169903278351,0.11125321453437209
1336,0.293131667,1785041758.74669,165.23762254133018,170.53704392250137,90.29623780399561,10,-0.0017769232799764723,1.0662449933588505,0.14531760709360242
1338,0.293131667,1785041759.016951,148.75689397190408,171.00895124973496,101.45986345410347,11,-0.0019275574013590813,1.9249413423240185,0.1901720119640231
1340,0.293131667,1785041759.303196,175.79300404536826,171.18825006150814,83.24923069030046,11,-0.0017314814904239029,0.6639046184718609,0.14273737650364637
1342,0.293131667,1785041759.600277,155.91288001125716,171.00246289453665,90.48111835494637,11,-0.0038306545466184616,1.4119174927473068,0.13745789602398872
1344,0.293131667,1785041759.887651,171.72636380061206,170.94822110904283,82.03735817084089,12,-0.0015170650876825675,1.4432183355093002,0.16374907363206148
1346,0.293131667,1785041760.168292,154.55160693242289,170.7643709499298,112.10750276967883,13,-0.0013334513932932168,3.1231588944792747,0.16306964121758938
1348,0.293131667,1785041760.42396,178.43119724984416,171.1127933706834,78.78690877743065,12,-0.003020205556822475,2.0008453503251076,0.15895084664225578
1350,0.293131667,1785041760.698998,181.16636974085782,171.5497999092417,77.07664377149194,11,-0.0008600453293183818,0.5734522137790918,0.10454935813322663
1352,0.293131667,1785041760.951937,176.73053642922721,172.0073303603887,81.3604759387672,11,-0.0012604944640770555,3.0517682656645775,0.11307610990479589
1354,0.293131667,1785041761.2205682,180.94236810720233,172.4894702868438,71.26528111845255,11,-0.0028714773943647742,1.010029036551714,0.14417212922126055
1356,0.293131667,1785041761.506111,181.92610521529423,173.01914588933192,73.1973605491221,10,-0.002531834499677643,0.8840841092169285,0.1795248920097947
1358,0.293131667,1785041761.761835,176.75586360464803,173.3370423741357,77.16045075748116,13,-0.0016653488273732364,1.0041002295911312,0.13235219148918986
1360,0.293131667,1785041762.0153441,158.3851829973023,173.02502551868145,97.82745228521526,15,-0.0019014640129171312,3.904798522591591,0.13599204132333398
1362,0.293131667,1785041762.295274,181.05295092856898,173.14381802465553,71.45463490393013,14,-0.0017172370571643114,1.2895362116396427,0.14285472454503179
1364,0.293131667,1785041762.549978,157.04590961081544,173.27016951528182,93.03276078402996,12,-0.0014813307352596894,1.933071844279766,0.13944906229153275
1366,0.293131667,1785041762.870852,179.8015176354827,173.14622375566302,74.1731534153223,13,-0.0011846483685076237,1.397100307047367,0.13324239943176508
1368,0.293131667,1785041763.153283,154.28172398921492,172.26917200642976,107.05835380405188,12,-0.0007463723886758089,2.6701403856277466,0.05603077949490398
1370,0.293131667,1785041763.426296,172.7134279843555,172.33055294749911,76.70675423229113,12,-0.0029487829888239503,1.7718513756990433,0.1631566034629941
1372,0.293131667,1785041763.727295,165.67196712891297,172.58366713122894,82.67600730806589,12,-0.0009894678369164467,0.5673352163285017,0.1546878246590495
1374,0.293131667,1785041763.9936168,173.28515374363568,172.6094347598419,81.97083304822445,11,-0.0008492966589983553,1.3105204403400421,0.13751826854422688
1376,0.293131667,1785041764.246302,161.69385247460508,172.59050416365469,86.44362359307706,12,-0.002715703216381371,1.3405346535146236,0.16858093161135912
1378,0.293131667,1785041764.550735,160.5230300473043,172.16751306909777,101.40688008069992,13,-0.0008995671523734927,1.4260134994983673,0.13130497001111507
1380,0.293131667,1785041764.823354,177.6629011051302,171.94522056171502,73.6567786121741,11,-0.002838303043972701,2.1055296286940575,0.12163870548829436
1382,0.293131667,1785041765.112471,162.79202855745984,171.91974959528147,93.51084800064564,15,-0.0013312427327036858,1.7037274911999702,0.1312645054422319
1384,0.293131667,1785041765.368808,158.2709541984862,171.8261829369501,98.83450102619827,10,-0.0013938328484073281,1.4986401498317719,0.12695597438141704
1386,0.293131667,1785041765.641981,169.16792347546414,172.03449798230747,88.17417595162988,12,-0.0025256728404201567,1.7900040000677109,0.17287204321473837
1388,0.293131667,1785041765.94888,161.9216851610159,172.38373294311947,95.9238874875009,12,-0.0006585452938452363,0.5869168397039175,0.06668013101443648
1390,0.293131667,1785041766.2505028,149.81289108291418,172.05877864508503,102.50104795396328,13,-0.0015924439649097621,1.5193245932459831,0.13604558631777763
1392,0.293131667,1785041766.525116,155.60625862407508,172.23534103890765,92.34611624479294,10,-0.0013399497838690877,0.8200323916971684,0.12965277023613453
1394,0.293131667,1785041766.805247,176.1432368714468,172.51955829614496,81.40165229514241,11,-0.0056881818163674325,1.3264827579259872,0.15687921922653913
1396,0.293131667,1785041767.06245,164.34277551628819,172.060858526475,89.66963249444962,12,-0.0020625246688723564,2.1309069246053696,0.12246085470542312
1398,0.293131667,1785041767.3443809,173.97000186977422,172.0207707353462,82.5262471549213,10,-0.0021977029682602733,1.1685363613069057,0.14919045940041542
1400,0.293131667,1785041767.615648,177.61722747181307,171.73553173385346,81.31337934173644,13,-0.003612498134316411,2.1888578981161118,0.19838120602071285
1402,0.293131667,1785041767.9055161,180.5515148506269,171.32547952770193,79.60253064706922,10,-0.0010636568476911634,1.2861522249877453,0.14086812362074852
1404,0.293131667,1785041768.184931,169.6455438467427,171.11630293840054,81.43432396650314,11,-0.0007363394106505439,0.733331922441721,0.09855721890926361
1406,0.293131667,1785041768.451364,151.073617043852,169.9985908573447,109.24814619496465,13,-0.0019189984086551704,1.4407641887664795,0.1368037359789014
1408,0.293131667,1785041768.718961,182.67058401858066,170.21188841811752,80.06558578833938,12,-0.002013511817494873,1.8478999584913254,0.17435361072421074
1410,0.293131667,1785041768.993588,181.26572041773983,170.9259315029619,77.45965087413788,12,-0.0018442839427734725,1.348506961017847,0.15554203744977713
1412,0.293131667,1785041769.250019,172.75807396297876,171.08749131226338,83.32811329886317,10,-0.0035639582201838493,2.3514474108815193,0.16362577630206943
1414,0.293131667,1785041769.550957,174.4903716380846,171.3256633504387,87.66361400485039,8,-0.0013745101168751717,2.6201363429427147,0.1034534010104835
1416,0.293131667,1785041769.819838,179.3929510162211,171.3644786112509,75.8289103358984,9,-0.002113612776156515,0.5893615521490574,0.14594341907650232
1418,0.293131667,1785041770.078669,180.9041206825881,172.0514377960664,74.63452457264066,9,-0.0012470235815271735,0.8101369570940733,0.11673572612926364
1420,0.293131667,1785041770.357645,191.14387054500105,171.79388262435376,65.00177460676059,13,-0.0011912177433259785,1.0947133973240852,0.1179912337101996
1422,0.293131667,1785041770.616538,187.78372506001602,171.93935538024164,71.24298863112926,11,-0.002988840511534363,0.9144025072455406,0.13155069155618548
1424,0.293131667,1785041770.881248,161.70271928978335,171.39423535022266,93.73021161719225,14,-0.0017052182229235768,1.0922402776777744,0.1300489674322307
1426,0.293131667,1785041771.182826,169.68595116924558,171.1323825886709,79.3952680490911,10,-0.001453899807529524,0.8401772677898407,0.1242302106693387
1428,0.293131667,1785041771.435693,159.0417724570237,171.25933206562223,94.07163549773395,9,-0.001525788044091314,0.7351877875626087,0.1114475775975734
1430,0.293131667,1785041771.729357,177.51991793840457,171.4468301385097,75.82861135154963,11,-0.0009937182694557123,0.8245430439710617,0.09564124792814255
1432,0.293131667,1785041771.989238,170.50866066964738,171.31150118306175,85.26694212667644,12,-0.0020136677267146297,0.7640797644853592,0.17577636148780584
1434,0.293131667,1785041772.2467258,176.0532028714142,171.59605230012255,75.92847325280309,11,-0.00111141154775396,1.292885646224022,0.12581682531163096
1436,0.293131667,1785041772.525457,165.44520052452458,170.99329287944394,86.96640588901937,11,-0.002045758068561554,0.764455433934927,0.14086655667051673
1438,0.293131667,1785041772.820758,170.74218180739544,171.20672577033022,81.37371800467372,10,-0.001150537864305079,1.1430136859416962,0.12542829336598516
1440,0.293131667,1785041773.082297,145.60260065140952,171.03855165471174,105.53784991428256,14,-0.0008555228705517948,2.151883900165558,0.1541355960071087
1442,0.293131667,1785041773.470051,156.53564434946605,170.83857622955398,97.16258274391294,10,-0.0017935042269527912,1.2608178704977036,0.16161022428423166
1444,0.293131667,1785041774.122734,197.31990162934142,170.96938171750185,66.20324928313494,11,-0.002750350337009877,1.4599086567759514,0.1154228993691504
1446,0.293131667,1785041774.430285,177.42005479532037,171.7971915120665,84.8618462421,10,-0.0014023690018802881,1.2307863309979439,0.15006045391783118
1448,0.293131667,1785041774.689662,188.30379047515794,171.81689462058412,71.05812092125416,11,-0.00110454618697986,0.966122467070818,0.11960361106321216
1450,0.293131667,1785041774.9500601,170.34973503852132,172.09743835980916,86.32849568873644,11,-0.0028439422021619976,1.4273080602288246,0.1527592153288424
1452,0.293131667,1785041775.239014,167.70336233742356,172.15044421198255,90.31062967702746,11,-0.0012176665477454662,2.651546098291874,0.12083777692168951
1454,0.293131667,1785041775.49837,178.67411766220562,172.35362278546327,75.21022475138307,10,-0.0009482870227657259,0.7369516026228666,0.12451312970370054
1456,0.293131667,1785041775.773956,169.24949536799375,172.8259778175642,82.84909125044942,10,-0.0016407232906203717,3.628503918647766,0.15439096558839083
1458,0.293131667,1785041776.062198,174.03051772417936,172.42872740388262,83.23420472070575,12,-0.001976055500563234,1.0459244474768639,0.16469032922759652
1460,0.293131667,1785041776.319691,168.95149413513704,171.5381024180167,93.04563692957163,14,-0.0017488351732026786,1.2137219905853271,0.09899548813700676
1462,0.293131667,1785041776.610327,167.28398120577663,171.17495065617473,91.12277088686824,12,-0.00015079823788255453,2.559339590370655,0.06424068764317781
1464,0.293131667,1785041776.8769999,185.87531787401747,171.28813420593403,74.15193930454552,13,-0.0015707459533587098,1.5810086652636528,0.13787818187847733
1466,0.293131667,1785041777.142315,154.63792964851044,170.6612904237967,99.34336171299219,10,-0.001548011670820415,1.5315360464155674,0.16988144093193114
1468,0.293131667,1785041777.4409049,176.1210992572967,170.64844145298338,85.44377940148115,13,-0.0018964963746839203,2.4828057140111923,0.14069889951497316
1470,0.293131667,1785041777.716442,169.18511004311378,170.4764240765489,94.4679980687797,12,-0.0033015236840583384,4.201904758810997,0.12446571793407202
1472,0.293131667,1785041777.9736729,177.58040907996298,170.67096956560886,82.42346473038197,12,-0.0022078441688790917,1.3056505881249905,0.14394294191151857
1474,0.293131667,1785041778.2764149,164.02779808626795,171.30024274755124,93.01593884266913,11,-0.00287351495353505,1.1226047687232494,0.13475715834647417
1476,0.293131667,1785041778.546443,168.4994100555455,171.70433885200188,82.94277626648545,11,-0.0014067643060116097,1.138405155390501,0.13017400354146957
1478,0.293131667,1785041778.8377652,152.98156729360727,171.7826960162937,108.89475061930716,15,-0.00021698547061532736,4.247245952486992,0.09447367629036307
1480,0.293131667,1785041779.092821,176.6643443674044,171.52562852800315,75.99836371652782,14,-0.002033807715633884,0.8124881498515606,0.1405523088760674
1482,0.293131667,1785041779.349453,162.08160905329032,171.39992410843354,93.69891701731831,15,-0.0008121882565319538,1.9397302865982056,0.09906619600951672
1484,0.293131667,1785041779.6351402,149.09801941374994,170.8188162800446,107.91471288725734,13,-0.0005110629717819393,1.8399337977170944,0.12178750894963741
1486,0.293131667,1785041779.918783,155.04538757841198,171.02073654627043,100.85460275411606,15,-0.0006308769225142896,2.0491236224770546,0.11516131833195686
1488,0.293131667,1785041780.175933,173.32522413648653,170.45273844327636,79.69589832238853,13,-0.0022980824287515134,1.1644108071923256,0.15106715122237802
1490,0.293131667,1785041780.4512372,170.03297703933632,170.3147503873348,89.05348435044289,11,-0.0032535019563511014,2.8675466552376747,0.1399829792790115
1492,0.293131667,1785041780.7042859,168.31800623916533,170.29082957728318,81.45368616655469,13,-0.0010500519128981978,1.605202428996563,0.10134187340736389
1494,0.293131667,1785041780.9850821,168.57792866170382,169.83802802338766,81.65947661176324,12,-0.0006711474852636456,0.8827553875744343,0.06723431893624365
1496,0.293131667,1785041781.2376971,184.6738809380881,169.50832175882732,71.51934375520796,13,-0.002137507195584476,1.4357352815568447,0.15938286436721683
1498,0.293131667,1785041781.513935,167.2292265135856,169.33769738517682,87.13735548965633,12,-0.0013065385865047574,1.6588216163218021,0.15952209429815412
1500,0.293131667,1785041782.140845,149.21436409168862,168.84637742896493,105.27374294027686,15,-0.0006406039465218782,2.2073309496045113,0.0751191230956465
1502,0.293131667,1785041782.426357,187.06233848730025,169.3834308173717,74.1704133041203,11,-0.0023113770876079798,0.9208546690642834,0.17626246577128768
1504,0.293131667,1785041782.70158,171.6463752156638,169.30918988965527,81.1172987781465,12,-0.0011236304271733388,1.3218591175973415,0.20068897027522326
1506,0.293131667,1785041782.9887779,178.99979969377017,169.18224484173166,81.40052048303187,12,-0.002250267891213298,1.4586057215929031,0.20895959436893463
1508,0.293131667,1785041783.281183,156.01143934828704,168.667273048984,92.73746033757925,12,-0.0006747358711436391,1.467508427798748,0.09218062553554773
1510,0.293131667,1785041783.7144608,173.51115256743176,169.6450480956786,83.28565385565162,13,-0.0019206638098694384,3.534896358847618,0.12359889643266797
1512,0.293131667,1785041783.99383,163.32094101280052,169.9068719226087,93.36523427814245,12,-0.0011884919658768922,3.4062081575393677,0.10220895614475012
1514,0.293131667,1785041784.266548,165.6416232748821,170.09752402260565,87.45562086999416,12,-0.001750767492922023,0.8442260585725307,0.17088494542986155
1516,0.293131667,1785041784.5450099,173.00417151301676,170.55602727476145,81.45266800932586,12,-0.0029783278587274253,0.5231098160147667,0.12204316072165966
1518,0.293131667,1785041784.8053162,154.994306015676,169.6483864160353,104.7675101608038,13,-0.002621075604110956,1.2819005325436592,0.11464275047183037
1520,0.293131667,1785041785.0593438,166.29853077870823,169.917098697363,86.85048777237535,12,-0.002715986280236393,0.8538427390158176,0.16126915998756886
1522,0.293131667,1785041785.3838038,176.46336891932577,169.5347653446535,79.6135341860354,11,-0.0015112266992218792,1.7623414918780327,0.14452546276152134
1524,0.293131667,1785041785.640427,168.70342715810065,169.19346686703426,86.42930796742439,9,-0.0011971151252510026,0.91145034506917,0.11779255326837301
1526,0.293131667,1785041785.9161432,164.96516722395046,169.0662810593492,91.49507763795555,12,-0.0017281253822147846,2.469536103308201,0.10486937733367085
1528,0.293131667,1785041786.169085,166.52411206035006,169.03355647676668,87.08691494725645,13,-0.0014044139534235,2.1059167310595512,0.09231740375980735
1530,0.293131667,1785041786.451117,169.37200513178288,169.10253523907414,83.66915036551654,12,-0.00123312184587121,2.541923351585865,0.09955825563520193
1532,0.293131667,1785041786.755247,169.63704685464668,169.117654038144,86.48608948290348,12,-0.0012701907835435122,1.322686418890953,0.11278653936460614
1534,0.293131667,1785041787.062953,178.13282820723734,169.8273584242805,82.21312035247684,11,-0.0020720782267744653,1.0115131698548794,0.16498727165162563
1536,0.293131667,1785041787.335006,151.93060474664296,169.65910548420342,102.08845681324601,14,-0.0021790926984976977,1.2902960181236267,0.16317519545555115
1538,0.293131667,1785041787.6307259,159.2952131922928,169.6456209143269,88.3378487881273,11,-0.0024938670976553112,1.4667652398347855,0.1480677961371839
1540,0.293131667,1785041787.899568,165.0084053521311,170.08256782038006,89.04487191140652,14,-0.0012320816749706864,1.1458994895219803,0.12322152871638536
1542,0.293131667,1785041788.199289,184.8045971124382,170.84579214014553,69.65995338186622,12,-0.0010969173745252192,0.5733608715236187,0.09867639373987913
1544,0.293131667,1785041788.471355,163.98296806992437,170.71230260742814,88.22281679883599,12,-0.001900381175801158,1.1529051810503006,0.13969216123223305
1546,0.293131667,1785041788.7436092,177.89464834846328,170.79339473108809,76.11337505839765,13,-0.0012467196793295443,1.7469736486673355,0.11945836246013641
1548,0.293131667,1785041789.020906,164.46680942636553,170.7952170110832,90.1979189068079,12,-0.0017237808788195252,0.8834965601563454,0.1416126168332994
1550,0.293131667,1785041789.276758,190.09498361491018,171.12684055813222,64.6553118582815,13,-0.0010515612084418535,1.1490435935556889,0.10337144695222378
1552,0.293131667,1785041789.5259361,166.1643713694251,170.3306062282639,88.66624357551336,9,-0.001060029142536223,3.5238173604011536,0.11184010887518525
1554,0.293131667,1785041789.821704,172.54854264698506,170.25682220013593,75.77077588066459,11,-0.0012644747039303184,0.7327765375375748,0.12210119119845331
1556,0.293131667,1785041790.099307,161.52133708183172,170.33207700237963,94.86943984031677,10,-0.0014228057698346674,1.6983889862895012,0.1075079042930156
1558,0.293131667,1785041790.411972,152.9307415521451,170.13060231764953,94.50154038891196,13,-0.003697813270264305,0.7051884829998016,0.13587850658223033
1560,0.293131667,1785041790.739226,167.18191363493054,169.72014900476185,84.63660125806928,10,-0.0009233893360942602,0.8483138903975487,0.13542002625763416
1562,0.293131667,1785041790.9951072,171.73539248358944,169.67842265841955,78.4452860020101,10,-0.0008498948009219021,1.5794448032975197,0.08265858050435781
1564,0.293131667,1785041791.290205,193.65936159502354,170.20284246886087,65.28094164840877,12,-0.001490494585596025,0.971714448183775,0.1304812435992062
1566,0.293131667,1785041791.565266,160.90106303140092,169.9933730263775,88.40892900712788,13,-0.0005221336032263935,1.3099670596420765,0.13593527907505631
1568,0.293131667,1785041791.8371258,158.88435663633393,170.56245450155947,93.47472789883614,11,-0.0036280982894822955,1.3617524988949299,0.14873004890978336
1570,0.293131667,1785041792.126613,173.28362818964573,170.26049226020973,88.82487280666828,11,-0.001601123934960924,1.3327484354376793,0.1403049621731043
1572,0.293131667,1785041792.401768,170.7541754704991,170.60809782728967,82.01991659589112,13,-0.0010570493759587407,1.60115135461092,0.11306344764307141
1574,0.293131667,1785041792.704693,147.83440386352896,170.30579971137766,110.16220820322633,12,-0.000986952829407528,2.0286484882235527,0.11606423696503043
1576,0.293131667,1785041792.966144,186.01893709369133,170.90923310790947,66.65904341451824,12,-0.0020085764408577234,0.9277720153331757,0.1424191715195775
1578,0.293131667,1785041793.2340999,182.406761886079,171.59344274210497,75.4845419563353,11,-0.0019094162271358073,1.610701747238636,0.14477650681510568
1580,0.293131667,1785041793.513916,195.43124609658548,171.79137927243715,63.66546110343188,11,-0.0009227694317814894,0.6765207313001156,0.1285301186144352
1582,0.293131667,1785041793.7885492,172.80824391467542,172.49678207657792,83.83083378151059,12,-0.0013502428773790598,0.6647219974547625,0.12860166560858488
1584,0.293131667,1785041794.0434282,167.57982396548968,171.93936528084345,89.30673150345683,13,-0.0008146972977556288,3.084201827645302,0.11786665068939328
1586,0.293131667,1785041794.318858,166.49219032653195,172.34637799295953,90.57089460315183,14,-0.002517516608349979,4.128512144088745,0.08233937318436801
1588,0.293131667,1785041794.568762,188.09347666719572,172.7268475025511,65.71488897874951,11,-0.0018405877926852554,1.1490428745746613,0.10897688148543239
1590,0.293131667,1785041794.8516932,170.2359445898928,172.94239806158237,82.92719925194979,14,-0.002112346133799292,0.7370478361845016,0.12050932692363858
1592,0.293131667,1785041795.111905,183.08623973440027,173.01059583896122,72.94939769338816,11,-0.0013815516140311956,0.3668837957084179,0.1246886570006609
1594,0.293131667,1785041795.392956,186.75917573641917,172.90894222928983,68.65369052067399,11,-0.0017188333731610328,1.8129656910896301,0.08216023142449558
1596,0.293131667,1785041795.67811,164.55128451661716,172.35879494163552,92.28748178854585,10,-0.0013166608077881392,0.632319001480937,0.12094027316197753
1598,0.293131667,1785041795.933506,170.65969653741172,172.3317284199431,85.25976379215717,13,-0.0009434557287022471,1.3293729647994041,0.0962498807348311
1600,0.293131667,1785041796.1966841,169.2212469248342,172.05116902586687,83.21180376037955,11,-0.0016926828538998961,1.6628201752901077,0.11625176062807441
1602,0.293131667,1785041796.480751,175.28542118671953,172.4190870750985,80.55440924689174,11,-0.001582935219630599,1.1281265243887901,0.12857407378032804
1604,0.293131667,1785041796.7368162,179.62976960493117,172.27878818854578,84.33045752719045,14,2.512522041797638e-05,1.3439704440534115,0.10703214025124907
1606,0.293131667,1785041797.039485,171.32119449943562,172.4573488912807,79.69463075883687,13,-0.0006860545836389065,1.3005623370409012,0.08372063119895756
1608,0.293131667,1785041797.296305,182.80709819610877,173.28386181497055,75.56648584082723,11,-0.0007926478065201081,0.7152753882110119,0.11857014475390315
1610,0.293131667,1785041797.5518541,182.96231456132855,174.03919754360336,72.22947853803635,11,-0.0018960008164867759,1.0277094617486,0.12479085335507989
1612,0.293131667,1785041797.830629,160.00254332632326,173.38948733337762,89.03897101804614,12,-0.0008881744870450348,1.1300051845610142,0.08183543826453388
1614,0.293131667,1785041798.113622,180.52790095940108,172.88159083669728,74.03748953714967,14,-0.00205435385578312,1.2036952897906303,0.1454420336522162
1616,0.293131667,1785041798.388893,177.0614662439518,173.2937572452043,75.97431883215904,11,-0.0019329242641106248,0.5497475657612085,0.17558259796351194
1618,0.293131667,1785041798.711345,160.63117900878137,172.91393871555857,95.20490825176239,14,-0.001713105069939047,0.9804003238677979,0.14288852596655488
1620,0.293131667,1785041798.974218,172.48567222626224,173.1580661480912,79.43308398500085,11,-0.0026339268661104143,1.2543990388512611,0.10091139283031225
1622,0.293131667,1785041799.2650728,195.21265590741652,173.31338888723656,62.581752519123256,12,-0.0006912729004397988,1.013299711048603,0.1060174135491252
1624,0.293131667,1785041799.597131,152.97928128507422,173.4860101096924,100.27902258560061,13,-0.0017626543558435515,0.8761708624660969,0.14657372934743762
1626,0.293131667,1785041799.863382,179.21871709601842,172.7490263681549,77.50632654875517,10,-0.0009106577490456402,1.3301318138837814,0.12208106648176908
1628,0.293131667,1785041800.172833,192.06675408830938,172.7345718703721,67.11002212017775,11,-0.0014594378881156445,1.0921663157641888,0.12736434815451503
1630,0.293131667,1785041800.476896,161.04707582442856,172.11226744634936,93.42313854023814,13,-0.0009452716913074255,2.9884405583143234,0.09555907640606165
1632,0.293131667,1785041800.7517161,171.56902640739375,172.12800870735498,83.98455780372024,11,-0.0026834721793420613,1.476355567574501,0.13842735905200243
1634,0.293131667,1785041801.0542238,161.46403942661553,172.4570888193309,92.82836489100009,16,-0.0019433735869824886,3.2463491186499596,0.12229617964476347
1636,0.293131667,1785041801.315308,178.75853661199275,172.2648823210292,76.91417087242007,11,-0.0004026334499940276,0.751384574919939,0.06415335088968277
1638,0.293131667,1785041801.656158,177.7015296603083,172.3094777288881,84.4482135977596,11,-0.0009810123592615128,1.7048943564295769,0.10978672048076987
1640,0.293131667,1785041801.933738,163.46145116075567,171.96362227880934,96.93830242939293,14,-0.002341104147490114,2.799140438437462,0.15649510407820344
1642,0.293131667,1785041802.2063,168.45340793017738,171.3106058313059,81.35028412938118,12,-0.0023027733550406992,1.0858125649392605,0.15941023780032992
1644,0.293131667,1785041802.4843462,158.39531972299963,171.3297843284297,95.26855201460421,13,-0.000785198004450649,1.5420692190527916,0.07399634760804474
1646,0.293131667,1785041802.737996,177.9149057504895,171.84212999082968,78.57418229803443,12,-0.0014311060076579452,1.2133479714393616,0.13108545867726207
1648,0.293131667,1785041802.990088,173.51572138587608,171.50210051009927,82.87581863254309,11,-0.0028877039439976215,0.7536211237311363,0.19064506329596043
1650,0.293131667,1785041803.273321,190.53213353697532,172.0046099851269,66.09744299203157,12,-0.0013621307734865695,1.1181750893592834,0.14736230298876762
1652,0.293131667,1785041803.5400288,170.1296191753207,171.4980225083271,77.30588208884001,12,-0.00034804633469320834,1.363064881414175,0.10887863114476204
1654,0.293131667,1785041803.839168,170.5640472978657,171.3327970999709,77.83175791986287,12,-0.0007097535417415202,0.880583394318819,0.06539864977821708
1656,0.293131667,1785041804.095378,181.39168545454848,171.26835309968962,74.74465660378337,12,-0.0010951426957035437,0.8195677995681763,0.0951923318207264
1658,0.293131667,1785041804.347997,160.89676834919342,170.94656087685166,93.70600622519851,11,-0.0014477076474577188,0.7153739295899868,0.1360277566127479
1660,0.293131667,1785041804.6232152,157.64664087226183,170.21005203662997,86.04396948684007,13,-0.0021159313182579353,1.1139629185199738,0.1542096519842744
1662,0.293131667,1785041804.8741639,175.0315239857205,170.95172063709498,74.2628053613007,10,-0.0014893918705638498,0.9542210921645164,0.11304698651656508
1664,0.293131667,1785041805.126796,166.16568597582065,170.65541280214381,85.9439333230257,10,-0.0010107157722814009,1.0853500552475452,0.10055345250293612
1666,0.293131667,1785041805.427526,175.8517872542969,170.44786485058782,80.84824980422854,11,-0.002240345536847599,1.2100508026778698,0.2100639846175909
1668,0.293131667,1785041805.682084,179.69927244075558,170.56531602228998,75.71454977989197,13,-0.0010819308990903664,1.3824154771864414,0.10177695518359542
1670,0.293131667,1785041805.960911,177.73738873485422,170.88567463573798,79.25337555631995,11,-0.0016136181075125933,2.567341536283493,0.14960980182513595
1672,0.293131667,1785041806.215766,157.2072222927582,169.70099762999416,93.78767523542047,12,-0.0009711330203572288,1.931617483496666,0.07392275333404541
1674,0.293131667,1785041806.467766,181.04002406401315,170.51628347338806,75.7152198664844,10,-0.0019432510598562658,1.2743816822767258,0.12083567632362247
1676,0.293131667,1785041806.749208,165.77819276793483,170.27397952376919,76.47318781819195,11,-0.0019037641468457878,0.4759200122207403,0.1516631804406643
1678,0.293131667,1785041807.030952,178.0349447392452,169.84703196388662,80.15721237659454,10,-0.001055093016475439,1.026507694274187,0.13835486210882664
1680,0.293131667,1785041807.357732,172.99928735722176,170.4604443652518,83.80200445279479,12,-0.002204056130722165,1.572417825460434,0.14156978717073798
1682,0.293131667,1785041807.635158,178.94220130215277,170.09547895464036,73.31907038763165,13,-0.0005551996582653373,1.5190204232931137,0.10388033464550972
1684,0.293131667,1785041807.886179,174.91528604258096,170.17989010851545,80.37125229090452,10,-0.001430936434189789,1.6202586740255356,0.12275965139269829
1686,0.293131667,1785041808.161464,169.60659443060715,170.46761192915892,82.44918838888407,12,-0.0017736599984345958,0.9178405031561852,0.11663100635632873
1688,0.293131667,1785041808.41607,161.52143062120385,170.1762395049601,99.89563864050433,13,-0.000631675124168396,3.581463858485222,0.11340911220759153
1690,0.293131667,1785041808.694228,165.5841295722053,170.547932653352,88.71220142766833,12,-0.0013129969593137503,0.816496480256319,0.13700400246307254
1692,0.293131667,1785041808.971106,153.13652445559552,170.26355511885973,105.11436299327761,14,-0.0013571353047154844,1.8279969319701195,0.1329146777279675
1694,0.293131667,1785041809.2259772,178.1223525567007,170.47597527947207,77.01988697052002,11,-0.001188273192383349,1.3213050924241543,0.11621474148705602
1696,0.293131667,1785041809.477073,173.3898015343265,170.408439040545,84.44732198119164,12,-0.0010209660977125168,1.4790145307779312,0.09734410373494029
1698,0.293131667,1785041809.7552671,186.21176639272105,170.92955673640455,72.25188454985619,10,-0.0010848861711565405,1.3087184093892574,0.10755170648917556
1700,0.293131667,1785041810.00789,168.47650575809368,170.259018698366,82.90243340283632,11,-0.0014449885347858071,1.8930360674858093,0.06880008126609027
1702,0.293131667,1785041810.307882,180.5960065647874,170.9101045525142,72.95398188009858,10,-0.001694015838438645,1.1999996788799763,0.14233881188556552
1704,0.293131667,1785041810.56034,164.3864810948812,171.18799130631956,86.10489306412637,13,-0.0012506618513725698,3.758338838815689,0.12230834690853953
1706,0.293131667,1785041810.8110971,178.39309150214496,171.0923588620266,80.35014831461012,12,-0.0020540092373266816,1.3057761043310165,0.13456416549161077
1708,0.293131667,1785041811.0874481,176.57158400050568,171.31317225008067,82.0925127081573,11,-0.0009011063375510275,1.6796599216759205,0.07054331689141691
1710,0.293131667,1785041811.342737,170.96967426663073,171.32448657075022,82.85701182391495,13,-0.001866901176981628,1.1914932243525982,0.1146936072036624
1712,0.293131667,1785041811.5986,191.62834640775614,171.87108968593492,66.09139702655375,13,-0.0009579735051374882,1.6009392887353897,0.09857538715004921
1714,0.293131667,1785041811.8788302,186.61150683553672,172.404258667871,68.6780043952167,13,-0.0013997967762406915,1.2290724851191044,0.15330933593213558
1716,0.293131667,1785041812.130514,177.41238456467877,172.90768500870283,77.96790676936507,11,-0.0012003241863567382,1.2643694691359997,0.12983970949426293
1718,0.293131667,1785041812.438165,172.64320689764622,173.36619726650733,82.88350719586015,12,-0.0012958929255546536,2.647777922451496,0.12359130382537842
1720,0.293131667,1785041812.72544,175.3597179555904,172.57300293826717,76.35265832394361,12,-0.0016882190247997642,1.3976008892059326,0.14560467656701803
1722,0.293131667,1785041812.9775722,175.974022791247,173.40823884033907,75.25573969073594,11,-0.0019096759497188032,1.7003904581069946,0.17986003030091524
1724,0.293131667,1785041813.257717,183.9559104635432,172.96189068221693,77.13329392299056,12,-0.001419318956322968,0.936618510633707,0.14733903435990214
1726,0.293131667,1785041813.5119529,164.30561889898863,173.33825525108998,96.9697293965146,13,-0.0010954267927445471,2.0076556280255318,0.10116345575079322
1728,0.293131667,1785041813.7677288,173.43081976562027,173.3598142906951,75.58453604299575,12,-0.0017895306227728724,1.5185058563947678,0.17997540347278118
1730,0.293131667,1785041814.047287,176.3538763129814,172.80144570633158,76.13028184138238,13,-0.0017861651722341776,1.6038472950458527,0.14748372975736856
1732,0.293131667,1785041814.3010712,152.79387206061023,172.21359351957017,100.90807416848838,12,0.000776681350544095,1.7373924553394318,0.07313169003464282
1734,0.293131667,1785041814.575028,185.98309748551023,172.2562767945697,67.79538261890411,11,-0.0013292988005559891,0.6238341610878706,0.12905238615348935
1736,0.293131667,1785041814.826763,176.0814972291462,172.10035260019265,85.02424572594464,12,-0.0010487663676030934,1.2826420217752457,0.13385094609111547
1738,0.293131667,1785041815.082229,164.05099750720623,172.34047801847933,90.06130905635655,11,-0.0017290683754254133,1.8834649473428726,0.14434212818741798
1740,0.293131667,1785041815.360489,156.96836815242807,172.0765267887978,93.15398510172963,13,-0.0018889723578467965,1.4650977775454521,0.14241647813469172
1742,0.293131667,1785041815.615216,159.2736594537297,172.2980852474063,90.99838815629482,13,-0.0033111874654423445,0.8229126036167145,0.15552027989178896
1744,0.293131667,1785041815.8652759,177.46383570974936,172.48322797058805,79.73473482206464,12,-0.0014559773917426355,1.0855374448001385,0.13192430045455694
1746,0.293131667,1785041816.163618,164.56168490207716,172.6023737501589,92.08935545757413,11,-0.001728858653223142,0.7338148094713688,0.13650388084352016
1748,0.293131667,1785041816.418161,142.30748371784122,171.89281368677803,114.27733569964767,14,-0.0011808357812697068,3.1348677426576614,0.0831158421933651
1750,0.293131667,1785041817.042645,183.64959432850608,172.5559596214351,74.20045619830489,12,-0.001062571071088314,0.8352333456277847,0.088510830886662
1752,0.293131667,1785041817.326068,169.37022270825588,172.26652778564522,89.3634355738759,11,-0.0010443278079037555,1.8947964534163475,0.0960611286573112
1754,0.293131667,1785041817.583174,163.46741677383392,171.80564843061086,89.16138620302081,12,-0.0027948867646045983,2.298651233315468,0.19114558957517147
1756,0.293131667,1785041817.885501,177.66542216333173,171.9200804973873,83.31759036704898,11,-0.0011183779570274055,1.55876300111413,0.10636831633746624
1758,0.293131667,1785041818.135235,168.24243645693593,171.56408693393678,87.33642291650176,10,-0.001230297733854968,1.380824752151966,0.126858695410192
1760,0.293131667,1785041818.386488,167.2100334198549,171.81048509368662,91.2300953604281,13,-0.0016043534851633012,1.2611593827605247,0.13847692916169763
1762,0.293131667,1785041818.6631649,152.80379020558092,170.993653196607,113.22266203537583,11,-0.0014726533263456076,1.913091503083706,0.13572761276736856
1764,0.293131667,1785041818.917262,190.2341529996736,170.9005269155705,70.12093533203006,10,-0.0011573996162042022,1.6393483504652977,0.10762512916699052
1766,0.293131667,1785041819.201866,163.8244772352197,170.23990836925987,90.77893472835422,13,-0.0009622307261452079,1.77865581959486,0.11829786654561758
1768,0.293131667,1785041819.468639,170.34051488518404,169.95526187707753,82.39830101653934,14,-0.0027504862227942795,0.733706396073103,0.15459011029452085
1770,0.293131667,1785041819.738938,167.350480451031,170.5301158030595,96.58948578685522,8,-0.002091755799483508,2.4768586307764053,0.16516514401882887
1772,0.293131667,1785041820.0168,165.42429740454173,170.10132081897078,91.40231667459011,14,-0.001107275311369449,1.31243896484375,0.11362611316144466
1774,0.293131667,1785041820.2713668,162.94908672629631,169.8173358930354,88.40549774747342,13,-0.001138433930464089,0.7726554572582245,0.12701799906790257
1776,0.293131667,1785041820.557657,179.11214619950698,169.64642171793173,74.59242005087435,12,-0.003599760355427861,1.965069755911827,0.15026874095201492
1778,0.293131667,1785041820.837187,179.95995514912545,169.60398626911316,73.26008175127208,11,-0.0015348701272159815,1.2159248925745487,0.15399060305207968
1780,0.293131667,1785041821.113832,177.97362349603208,170.3325178372204,78.28243288397789,11,-0.003077168599702418,1.2517275623977184,0.11148373456671834
1782,0.293131667,1785041821.3932989,191.06485723759732,171.33866565737222,72.34057249128819,11,-0.0002903491258621216,0.551613699644804,0.08650149963796139
1784,0.293131667,1785041821.650861,165.53878047334302,170.6661015058397,87.85402343049645,12,-0.0013398751034401357,1.1737462766468525,0.12756407726556063
1786,0.293131667,1785041821.901248,171.16323941416564,170.2266883516085,81.15142897330225,11,-0.004925378947518766,0.8242356013506651,0.16444552689790726
1788,0.293131667,1785041822.1803598,183.38717258964252,170.55106883421587,75.4583714902401,12,-0.0013427083031274378,0.6682122312486172,0.13518456276506186
1790,0.293131667,1785041822.447127,180.30320735530717,170.6000010632898,70.8650510944426,11,-0.0011026466963812709,0.5272519569844007,0.10011909389868379
1792,0.293131667,1785041822.81251,187.20126831728604,171.02992274282292,69.11467823758721,12,-0.0018783605773933232,0.9689464084804058,0.18959130812436342
1794,0.293131667,1785041823.142506,152.4560017567919,170.23304575704122,104.3975415378809,14,-0.0017485101707279682,4.236858129501343,0.14067569468170404
1796,0.293131667,1785041823.407839,167.03967076291656,170.24107173586953,85.94602405279875,11,-0.0013921803329139948,1.001228153705597,0.10616772994399071
1798,0.293131667,1785041823.685442,181.09545254069732,170.96335290787832,70.93836920335889,13,-0.0010025054798461497,0.535412460565567,0.07935020257718861
1800,0.293131667,1785041823.975741,156.14723599919122,170.34580306032126,98.08602719008923,16,-0.001340686110779643,2.550341658294201,0.15486063342541456
1802,0.293131667,1785041824.282592,180.2124233726383,170.76443839989813,73.05039940029383,15,-0.002747397687926423,1.2357981838285923,0.15945782465860248
1804,0.293131667,1785041824.615405,170.3821602475981,170.80148612005672,82.29836039990187,12,-0.0021450381027534604,1.1524632759392262,0.14123485516756773
1806,0.293131667,1785041824.926969,177.10992742462707,170.69241122196553,80.43552520126104,10,-0.0016424551140516996,1.3372226022183895,0.1671684943139553
1808,0.293131667,1785041825.282856,176.83450948534494,171.0129426048627,89.93128219246864,9,-0.0008563142619095743,1.9885775372385979,0.14248973969370127
1810,0.293131667,1785041825.5822752,177.18467230137077,171.08665833480575,87.76461840420961,10,-0.0010920685017481446,1.1481161713600159,0.106538827996701
1812,0.293131667,1785041825.8408508,178.31630831875282,171.25395483231188,80.6251156590879,10,-0.0008297574822790921,2.1714193783700466,0.07913187751546502
1814,0.293131667,1785041826.120069,163.47188225171521,170.83894618838508,97.21386427246034,12,-0.0012566077639348805,1.7890158295631409,0.11120765935629606
1816,0.293131667,1785041826.441262,173.78683409571764,170.86762990508478,80.6159620564431,9,-0.0018647635479283053,0.6835566014051437,0.09301847382448614
1818,0.293131667,1785041826.730134,167.61602477988578,170.48067989548815,82.74783878028393,10,-0.0016362891183234751,2.5449159517884254,0.12422732450067997
1820,0.293131667,1785041827.018664,158.48083119423976,170.3351960852367,92.07980313897133,12,-0.0015049124485813081,1.0275640860199928,0.13975611748173833
1822,0.293131667,1785041827.284248,179.54857709615732,171.0954437924764,75.21547676622868,9,-0.0013604422856587917,1.0402114763855934,0.1186086991801858
1824,0.293131667,1785041827.5679018,162.5411476390686,171.18811038665575,91.87510960921645,12,-0.0008760337077546865,3.300200402736664,0.10446594841778278
1826,0.293131667,1785041827.8913972,160.15824021493603,171.10063184945582,102.18559811450541,15,-0.0013808107760269195,1.226560227572918,0.143740841653198
1828,0.293131667,1785041828.196873,173.7442736452915,171.45590255348884,88.82503916323185,12,-0.0012413329677656293,1.0858277790248394,0.11381850810721517
1830,0.293131667,1785041828.514695,170.0332961920465,171.02036890560777,93.96844229474664,12,-0.0013515905593521893,3.7091636061668396,0.0905794647987932
1832,0.293131667,1785041828.793678,194.84047523090044,171.10820746492755,72.14419881999493,10,-0.0016099390340968966,1.4557427987456322,0.13488491345196962
1834,0.293131667,1785041829.0501518,164.4950219512203,171.43639420411958,89.49962091445923,11,-0.001400638953782618,2.4518729150295258,0.10667537664994597
1836,0.293131667,1785041829.3302772,156.3205013976295,171.72114512623673,96.83614645525813,11,-0.001696480088867247,0.6943008340895176,0.11194928735494614
1838,0.293131667,1785041829.585092,158.69185084268327,171.44859697063504,86.57684930041432,11,-0.0004594072961481288,2.6316656917333603,0.05270635522902012
1840,0.293131667,1785041829.865259,184.120283768527,172.1410572474545,73.30464360490441,10,-0.0011817406630143523,1.112941414117813,0.09402802120894194
1842,0.293131667,1785041830.162176,175.3320072296245,172.02890386260952,83.69413375109434,10,-0.0012846358877141029,2.3401176407933235,0.10690582124516368
1844,0.293131667,1785041830.4123452,175.21602836676252,172.56499413213936,78.6500416956842,9,-0.00168219197075814,1.0823195055127144,0.1474839453585446
1846,0.293131667,1785041830.698067,178.42490777734474,172.90211663700174,75.29400110989809,13,-0.004131855472223833,0.5763047840446234,0.1269565732218325
1848,0.293131667,1785041830.972197,171.4281926248915,172.68010427485868,79.8368921726942,11,-0.0010448727989569306,1.145362600684166,0.11672982759773731
1850,0.293131667,1785041831.232528,171.28269617782576,173.25178363653345,85.38277545198798,11,-0.0015654356102459133,2.221972830593586,0.09664241876453161
1852,0.293131667,1785041831.539593,184.49400532813857,172.9032541988444,69.43776637688279,12,-0.0010976698395097628,0.9825281277298927,0.1008444158360362
1854,0.293131667,1785041831.812568,156.47993010539878,172.80271944477929,92.69664184376597,13,-0.0019388165674172342,2.6712975427508354,0.12208355031907558
1856,0.293131667,1785041832.0651,154.76768606163068,172.37583299839164,104.21419447474182,13,-0.0018944969779113308,1.1961683593690395,0.16948282439261675
1858,0.293131667,1785041832.345757,147.54143774121042,171.83053968896155,114.46215869113803,11,-0.0014043578412383795,1.6581865102052689,0.12726967968046665
1860,0.293131667,1785041832.599811,165.90069766281235,171.49359943954124,85.3448755145073,11,-0.0036052462528459728,0.5954893250018358,0.14444720931351185
1862,0.293131667,1785041832.8793359,182.14226243665905,171.58620750229161,74.91452172026038,10,-0.0010752183770819101,0.510579627007246,0.10736109083518386
1864,0.293131667,1785041833.160705,178.82552711608653,171.23765309205854,77.82436958514154,11,-0.0013983526441734284,1.3958636373281479,0.1405690312385559
1866,0.293131667,1785041833.414521,164.72788436098784,171.19995255066146,94.7473106905818,10,-0.0019023815912078135,3.081971138715744,0.16198971588164568
1868,0.293131667,1785041833.700634,171.92645496885456,172.1111836267424,73.9064581245184,11,-0.0010517783593968488,0.5944841839373112,0.09313486516475677
1870,0.293131667,1785041834.022932,167.0484744522267,172.00340792599567,91.71732342988253,10,-0.001471736264647916,1.0811082236468792,0.12082020146772265
1872,0.293131667,1785041834.3034701,152.5830485888845,171.09060570071762,95.07289718091488,14,-0.0011847642017528415,1.3133480995893478,0.12237191153690219
1874,0.293131667,1785041834.613385,171.7265553643506,171.37994910652858,81.66156326979399,10,-0.0018506780616007745,1.688381515443325,0.14870815770700574
1876,0.293131667,1785041834.8821251,163.34402915144744,171.5909149213202,98.4963972941041,11,-0.0017665806226432323,1.0350213386118412,0.13742093788459897
1878,0.293131667,1785041835.172787,166.03116444906894,170.9893009755222,95.3916029855609,10,-0.0005669390666298568,0.970452070236206,0.07253542169928551
1880,0.293131667,1785041835.4264882,173.13057848992753,171.09707925914665,75.32435440830886,12,-0.001290517277084291,0.875709805637598,0.08792014536447823
1882,0.293131667,1785041835.7054348,181.6112017656435,171.04392892406625,81.21813813596964,9,-0.0017397471237927675,1.5892327576875687,0.1336184460669756
1884,0.293131667,1785041836.035543,183.86254006033363,171.48909290802985,70.32031491026282,10,-0.0006704277475364506,1.1572032533586025,0.07077232166193426
1886,0.293131667,1785041836.343025,172.01287400829784,171.59190009179034,84.53624154254794,16,-0.001150992073235102,1.3500101044774055,0.09805985377170146
1888,0.293131667,1785041836.639053,180.04387308622074,171.40088763094158,85.5443086065352,9,-0.0010169342276640236,2.2412590608000755,0.10519399913027883
1890,0.293131667,1785041836.947615,167.0592578909322,170.89441702134965,88.47479249536991,12,-0.0013165976270101964,0.5885720513761044,0.08737783250398934
1892,0.293131667,1785041837.22864,177.416456442107,171.16512342258258,75.77052626293153,12,-0.001511567403213121,1.5822241008281708,0.1205298863351345
1894,0.293131667,1785041837.5604732,177.74550253522602,171.2809861832231,79.60447189211845,12,-0.0008852035971358418,3.317790985107422,0.10863705584779382
1896,0.293131667,1785041837.8552792,190.85921169686753,171.0954792951188,69.75388963893056,10,-0.0010842944902833551,0.48514523915946484,0.11328001646324992
1898,0.293131667,1785041838.117655,165.03325402944546,170.72271123233998,81.74244843423367,13,-0.002129710221197456,1.1743366979062557,0.17631995864212513
1900,0.293131667,1785041838.398027,180.17112077336728,170.25037778159876,76.83632086589932,10,-0.0017778169130906463,0.49277657084167004,0.12817719439044595
1902,0.293131667,1785041838.663198,169.50601511613797,170.03465363196688,83.48267868719995,10,-0.0011168573691975325,0.9056998491287231,0.09069906547665596
1904,0.293131667,1785041838.914881,185.40648331543338,171.108071444839,80.22070432454348,10,-0.0025536801549606025,1.5374129712581635,0.1610323186032474
1906,0.293131667,1785041839.254346,165.33861582419667,171.209733274466,85.58362742885947,14,-0.0016533233283553272,1.331407155841589,0.16028729965910316
1908,0.293131667,1785041839.506488,190.4918003983547,172.29512753197108,69.52029453590512,10,-0.0008822994423098862,0.8997064754366875,0.08759703673422337
1910,0.293131667,1785041839.788235,169.11770239448924,172.29400488064067,85.99034678190947,11,-0.0015209544872050174,1.4900618866086006,0.1313438219949603
1912,0.293131667,1785041840.0498471,168.50840011883764,172.39159506856603,77.81256192736328,10,-0.0010194352944381535,1.1507976353168488,0.07963832700625062
1914,0.293131667,1785041840.317783,167.29104393461418,172.52850606855162,92.05918277800083,12,-0.001900761912111193,1.4206183031201363,0.1420779158361256
1916,0.293131667,1785041840.598809,160.49076574358767,172.63062929400755,93.58586324006319,12,-0.0016138848150148988,1.4508231431245804,0.14705942617729306
1918,0.293131667,1785041840.854142,183.07615080438512,172.33229116039936,79.88319513946772,10,-0.0015145853976719081,2.289706900715828,0.09483041986823082
1920,0.293131667,1785041841.109233,178.39385701934506,172.86136978499374,80.84480797871947,12,-0.0010221012926194817,1.6591673120856285,0.10270301206037402
1922,0.293131667,1785041841.400088,169.32748416257255,173.48731993200883,91.04106264188886,12,-0.001564296253491193,1.36153444647789,0.182722557336092
1924,0.293131667,1785041841.657821,180.44301389231376,173.32527756128258,72.60898924432695,10,-0.0009722349932417274,0.6901483982801437,0.08549229090567678
1926,0.293131667,1785041841.970122,191.2315566352507,173.67882838203997,66.3009482063353,11,-0.001050900260452181,0.564431294798851,0.06178543367423117
1928,0.293131667,1785041842.2969978,181.65943575465653,174.14880526087794,84.13241213932633,10,-0.0016583559336140752,1.4739480465650558,0.1472808592952788
1930,0.293131667,1785041842.599535,175.41410611889862,173.9016876925313,76.87417518720031,12,-0.0016507846594322473,0.8098987229168415,0.14805818535387516
1932,0.293131667,1785041842.959465,183.226153299563,173.86111152106088,71.10977343469858,11,-0.001379029592499137,0.5875405222177505,0.11321676010265946
1934,0.293131667,1785041843.285325,172.13192637028038,173.3669418008667,83.79863153398037,13,-0.0013497524778358638,0.818612415343523,0.1280489396303892
1936,0.293131667,1785041843.600159,167.91028959974273,173.33936826195838,87.92508332803845,12,-0.0013863827989553101,2.51188001036644,0.12330579059198499
1938,0.293131667,1785041844.0104918,168.67152135394284,173.27316063088657,87.92385227233171,12,-0.0015727662248536944,1.7099398523569107,0.15375162288546562
1940,0.293131667,1785041844.309698,174.503161960992,173.43179401034894,83.90572200156748,12,-0.0013861763873137534,1.5030328370630741,0.11428226390853524
1942,0.293131667,1785041844.626305,188.12379654585237,173.53179561718815,77.02882412821054,9,-0.0008071246993495151,0.8341093007475138,0.08756864629685879
1944,0.293131667,1785041844.8987808,175.5160320815427,173.17648551112563,85.10873915068805,12,-0.0016375050181522965,0.8319477438926697,0.14855283917859197
1946,0.293131667,1785041845.1794,157.56470097114476,172.50852476098152,94.51808520033956,12,-0.00198852080211509,1.1853928305208683,0.14389312686398625
1948,0.293131667,1785041845.4925451,183.401338160451,173.22197613866373,70.15542498417199,12,-0.0010842451447388157,1.0479484647512436,0.09707545908167958
1950,0.293131667,1785041845.782361,192.48004477591874,173.62811543109277,64.24796321243048,11,-0.0012486152409110218,1.360466979444027,0.12016219459474087
1952,0.293131667,1785041846.0727072,164.786022994373,173.3212759523809,92.59113149531186,14,-0.0011785090900957584,2.220805451273918,0.1339240693487227
1954,0.293131667,1785041846.353612,171.8937680764912,172.82283149949595,92.5089854747057,12,-0.0012014881940558553,3.237017184495926,0.10354585433378816
1956,0.293131667,1785041846.608995,181.9931388984294,173.25146992424246,78.27946381550282,11,-0.0011386888509150594,0.9964906834065914,0.09478348586708307
1958,0.293131667,1785041846.8884008,176.3698949651436,172.66837694299383,77.70783991366625,10,-0.0006151269190013409,1.1470218636095524,0.09090432338416576
1960,0.293131667,1785041847.144696,163.32370613465002,172.62675929071713,94.41666212677956,11,-0.00247169635258615,2.171376258134842,0.17675666324794292
1962,0.293131667,1785041847.397685,176.14088803938486,172.23312402998806,84.54549816250801,10,-0.0013132428284734488,0.8619271144270897,0.12155865551903844
1964,0.293131667,1785041847.674197,172.99419143014677,172.68793364149312,83.56098588136956,10,-0.0011259826133027673,0.535024793818593,0.08178822579793632
1966,0.293131667,1785041847.92826,172.88847545995108,173.20107284579296,83.74738139286637,9,-0.0005561544458032586,0.622594365850091,0.06738990545272827
1968,0.293131667,1785041848.184054,178.9168691366662,173.48638599950337,82.14478129148483,12,-0.00248533405829221,1.4437290243804455,0.1574485069140792
1970,0.293131667,1785041848.466311,164.64012896448668,172.79498138056798,87.75245303288102,12,-0.001615148241398856,1.808915764093399,0.15475987643003464
1972,0.293131667,1785041848.721819,180.49337785180663,172.8072069814915,77.09230529516935,13,-0.0013141425588401034,1.5229324698448181,0.07340800808742642
1974,0.293131667,1785041849.026697,181.3485421800826,173.2511013314443,75.86719541624188,12,-0.0008179464311979245,0.6366057526320219,0.07268077693879604
1976,0.293131667,1785041849.339382,161.42731421858002,172.74675228035596,98.94500369019806,13,-0.0015782167320139706,1.3263964504003525,0.14390755398198962
1978,0.293131667,1785041849.619432,163.41718372978806,172.1773303173175,85.28912565112114,11,-0.0012613459257408977,2.3934649378061295,0.12414842005819082
1980,0.293131667,1785041849.9717162,170.18010327435883,172.08374254424783,82.84047505632043,11,-0.0008652778051327914,1.4147181808948517,0.10360380308702588
1982,0.293131667,1785041850.2671318,179.2268460878886,172.00651761674607,83.096086692065,9,-0.0016089394339360297,1.6004025414586067,0.15135582955554128
1984,0.293131667,1785041850.580896,165.41111639794903,172.18954430864568,87.42965260148048,14,-0.0017626016633585095,1.097010102123022,0.1727196704596281
1986,0.293131667,1785041850.927773,172.43041861209323,171.91811882112984,80.36445015203208,14,-0.0009636692702770233,1.08744677901268,0.09812783170491457
1988,0.293131667,1785041851.292119,165.50180341263905,172.2367471310634,85.29896401613951,10,-0.0006765458092559129,1.6708075106143951,0.07518303184770048
1990,0.293131667,1785041851.641849,178.33793767558066,172.11306761663604,80.14406776987016,12,-0.0011887631117133424,1.8033596202731133,0.1044595439452678
1992,0.293131667,1785041851.965483,193.4272060365098,172.33151180980613,63.366099406033754,12,-0.0013196974541642703,1.3401230424642563,0.13852085918188095
1994,0.293131667,1785041852.304319,166.35827241214002,172.44041537560835,91.64637494040653,13,-0.0009706470009405166,1.6376693546772003,0.06811595289036632
1996,0.293131667,1785041852.633408,184.3518965391701,173.40767077612293,73.49703468568623,12,-0.001725620502838865,0.8925281688570976,0.1576133663766086
1998,0.293131667,1785041852.942336,171.1657278101164,173.06395595341786,78.04164353571832,14,-0.002377159835305065,1.5880881771445274,0.11041899491101503
2000,0.347637042,1785041853.612384,179.31470466605074,173.20915645163694,90.33437931165099,11,-0.00204784914967604,0.8614207729697227,0.13977469690144062
2000,0.347637042,1785041853.612384,179.31470466605074,173.20915645163694,90.33437931165099,11,-0.00204784914967604,0.8614207729697227,0.13977469690144062
