_step,_runtime,_timestamp,train/reward,train/reward_rolling_avg,train/distance,train/consumption,train/actor_loss,train/critic_loss,train/entropy
2,0.373709333,1785042332.445291,-4398.541518043812,-4086.80226694235,3086.980316966772,193,-0.0057564191811252385,23347.130004882812,0.626974917948246
4,0.373709333,1785042333.1794932,-4115.854066988642,-3995.5504327554368,3011.8312988579273,196,-0.007057066075503826,21497.76416015625,0.6545711942017078
6,0.373709333,1785042333.936696,-2675.1868307547393,-3805.844157341362,2459.9846106618643,165,-0.006701786653138697,13566.3955078125,0.6876596584916115
8,0.373709333,1785042334.997151,-906.7868403191601,-3269.2411938102814,1454.45754712075,99,-0.00866541056893766,1566.6579284667969,0.6356792338192463
10,0.373709333,1785042335.915231,-437.1983562275372,-2691.983259036809,1034.2270594388247,75,-0.006132362759672105,156.8997621536255,0.5796199813485146
12,0.373709333,1785042336.77825,-201.90103140158382,-2272.386390175387,734.8661283403635,53,-0.00404290299047716,93.72889947891235,0.4339291397482157
14,0.373709333,1785042337.781003,42.958761947112464,-1948.9427065577256,317.1582737956196,24,-0.003599059142288752,17.783700227737427,0.33429617434740067
16,0.373709333,1785042338.0973911,-0.4047222796803767,-1705.2552600448441,355.61515464633703,35,-0.003182050888426602,10.56287568807602,0.4246738627552986
18,0.373709333,1785042338.795288,63.09942397142472,-1513.0137960279944,250.5435954593122,28,-0.004535641404800117,9.763963550329208,0.3063551299273968
20,0.373709333,1785042339.433446,74.38351375585421,-1351.7482453883667,223.36430482193828,20,-0.001930195721797645,6.428981602191925,0.19524768739938736
22,0.373709333,1785042340.09978,127.54894650289307,-1216.263692733613,134.53134541213512,10,-0.0033530720393173397,10.861431002616882,0.14510292746126652
24,0.373709333,1785042340.421746,141.70042459025336,-1103.3532511294604,137.30390698835254,5,-0.004943161504343152,7.942289561033249,0.2000359185039997
26,0.373709333,1785042340.83166,118.32687552711882,-1008.5337880238937,157.8152710646391,21,-0.002369925074162893,13.181837886571884,0.21595989167690277
28,0.373709333,1785042341.128053,69.73133775221599,-930.4297139587134,277.9728201851249,21,-0.002750552295765374,2.795193538069725,0.1766301766037941
30,0.373709333,1785042341.395555,136.3704992137025,-859.6342930550202,124.52958678081632,13,-0.003911775012966245,3.9638534635305405,0.2487032925710082
32,0.373709333,1785042341.703914,116.6075838710098,-798.5098996999284,155.82468858361244,14,-0.0021000626729801297,9.873640686273575,0.16529096476733685
34,0.373709333,1785042342.039713,125.79352232474572,-743.9472012586867,140.76529959589243,13,-0.0025676473742350936,9.775130450725555,0.1526786545291543
36,0.373709333,1785042342.4268732,119.80856923757088,-695.7972658972831,137.0011870227754,12,-0.0021353120973799378,3.4044816493988037,0.13198064360767603
38,0.373709333,1785042342.729183,143.63766304065786,-652.6152697013376,106.41593632102013,8,-0.0013736733453697525,3.805793896317482,0.12568034511059523
40,0.373709333,1785042342.9967308,134.53062904108754,-613.9434916325863,126.56771969422698,11,-0.0019931142451241612,3.756853923201561,0.14388420060276985
42,0.373709333,1785042343.255599,135.0324616151771,-579.150055480459,133.88475612550974,7,-0.0018353593623032793,1.9710892662405968,0.13715282455086708
44,0.373709333,1785042343.5679371,120.38082952191618,-547.7782302172316,142.4936122149229,12,-0.0011331981513649225,0.8685513511300087,0.14771121088415384
46,0.373709333,1785042343.837729,137.08328917621344,-518.3166121820914,114.02531871944666,9,-0.002843143985955976,0.5849271975457668,0.12566369120031595
48,0.373709333,1785042344.134474,146.70210606649533,-491.19405247195226,112.98652221262455,11,-0.0010471694404259324,3.0330219864845276,0.13759607914835215
50,0.373709333,1785042344.767305,154.268704442276,-466.0882631431263,99.40549654141068,10,-0.0021471051732078195,2.3216850832104683,0.17273311968892813
52,0.373709333,1785042345.140481,137.60432968479012,-296.8351808089108,129.6836363747716,11,-0.0038850793498568237,3.0693653225898743,0.13453022670000792
54,0.373709333,1785042345.448856,75.60246103767041,-136.79195361694772,172.0874631255865,8,-0.0015329698799178004,1.5496672540903091,0.11007324419915676
56,0.373709333,1785042345.870262,135.39688057924965,5.308337131474149,134.0784229710698,11,-0.001461033767554909,1.5165704749524593,0.1385405957698822
58,0.373709333,1785042346.1365361,122.77982709317251,76.8868635835803,170.2401096597314,9,-0.0011141769355162978,1.5551157146692276,0.15955664310604334
60,0.373709333,1785042346.462593,130.21597457444798,96.88119133201153,135.8117407783866,15,-0.003701582463691011,2.1891044303774834,0.18170360755175352
62,0.373709333,1785042346.7422342,125.0214533085951,108.72167442131398,159.21760406717658,13,-0.001767992158420384,1.4334885738790035,0.1674420926719904
64,0.373709333,1785042347.01297,134.67563595977296,113.79856401427766,124.95553361997008,12,-0.0016359026776626706,1.9026672169566154,0.19733764044940472
66,0.373709333,1785042347.8887308,121.1693753222202,119.52770252977602,144.31812276691198,10,-0.0026757293671835214,1.123031385242939,0.23161097522825003
68,0.373709333,1785042348.156754,115.79933909171396,123.41431305298114,157.69376275129616,17,-0.0013542974047595635,4.407451584935188,0.22014846745878458
70,0.373709333,1785042348.463924,111.56806446156764,123.93197494949548,175.55626725405455,16,-0.006510593157145195,1.702224388718605,0.2006024895235896
72,0.373709333,1785042348.737,131.40277224420063,123.53548817942254,145.71126889064908,12,-0.003238728968426585,1.489459339529276,0.12523716781288385
74,0.373709333,1785042349.005494,114.36866875799764,123.08550026370516,141.01227198541164,12,-0.0034269578027306125,1.7186207324266434,0.1660878947004676
76,0.373709333,1785042349.3204749,129.72836983493568,123.11185521326357,130.2365790605545,10,-0.0016347076452802867,1.9911991506814957,0.16285109892487526
78,0.373709333,1785042349.581269,142.84106011187225,125.5788233917415,105.16515363752842,10,-0.0014899606467224658,0.7027278151363134,0.12479987321421504
80,0.373709333,1785042349.837843,111.99813760202483,124.95564083712938,146.9176111407578,6,-0.0018428201074129902,3.4460981339216232,0.16257433220744133
82,0.373709333,1785042350.119492,143.2874955628948,125.94003431282188,113.6189673691988,8,-0.0018126843497157097,2.1012570559978485,0.160958519205451
84,0.373709333,1785042350.378586,144.69416215683677,126.73195587008777,107.23699627816677,11,-0.004505446529947221,2.7742661759257317,0.18899137247353792
86,0.373709333,1785042350.665457,123.78979884103124,126.09768151832182,140.38454461470246,12,-0.003841614678094629,1.3653989285230637,0.15771870035678148
88,0.373709333,1785042350.924363,128.7395564092666,126.29869792452226,136.5066465102136,11,-0.0021000561537221074,1.7874801829457283,0.23139315471053123
90,0.373709333,1785042351.1926038,129.4374717915467,126.52628356122415,121.69391668587923,16,-0.00020098561799386516,2.0205140337347984,0.19013882335275412
92,0.373709333,1785042351.4777842,140.67439727749422,127.2908222962232,119.93662197515368,14,-0.0036613194970414042,0.7676940131932497,0.1379609266296029
94,0.373709333,1785042351.7926452,113.50291430865711,127.41700158791444,152.2050630301237,12,-0.001289865147555247,1.5356098115444183,0.13958564400672913
96,0.373709333,1785042352.0590222,137.00341315970283,127.91082460916006,124.28249160945415,8,-0.0019298663828521967,1.454692404717207,0.16912545263767242
98,0.373709333,1785042352.351698,136.63164939832674,127.94379751358827,120.27505304664373,11,-0.006184332014527172,1.3592503741383553,0.2707119630649686
100,0.373709333,1785042352.620208,134.7261044253092,127.59359064482076,135.01925867795944,18,-0.0011607290944084525,1.5117347165942192,0.1718413783237338
102,0.373709333,1785042352.9066,130.27330469970698,127.15767041850587,127.33957653865218,10,-0.0039623572083655745,1.1274779066443443,0.2218369971960783
104,0.373709333,1785042353.167522,139.1361512253227,129.21957042992437,116.5437694285065,16,-0.0015407786704599857,2.489602208137512,0.14483293518424034
106,0.373709333,1785042353.43086,131.18943644237712,129.56415677737294,152.76989766210318,13,-0.003120455439784564,1.564835749566555,0.18751240614801645
108,0.373709333,1785042353.9150772,158.17018736089724,130.08626229748754,108.25976454466581,13,-0.004067669215146452,1.5976103097200394,0.2259432775899768
110,0.373709333,1785042354.272558,157.3562065421796,131.3138766463221,104.0892161168158,8,-0.00022067726240493357,2.2709972709417343,0.18808011710643768
112,0.373709333,1785042354.6138399,104.6512014691838,130.80231096740215,160.7784774042666,11,-0.004259733192157,2.00812778621912,0.24670381471514702
114,0.373709333,1785042354.947076,146.02769275950732,131.8295572444306,117.41109580174088,13,-0.006097619072534144,1.8682691156864166,0.21736706234514713
116,0.373709333,1785042355.239371,139.09869447634557,131.87894977991914,121.10542183741927,10,-0.004371715971501544,3.6771058291196823,0.27223119977861643
118,0.373709333,1785042355.6771798,140.66635463168393,132.51929715304644,132.39679931104183,10,-0.0014640287263318896,0.9135002195835114,0.15132381301373243
120,0.373709333,1785042355.953207,135.5737640876012,133.6451250849922,131.09832480549812,12,-0.003297608142020181,1.3293812796473503,0.21525378245860338
122,0.373709333,1785042356.24976,132.89215242302456,133.771847532038,141.62367388419807,19,-0.0019279185216873884,1.4804566018283367,0.26312117651104927
124,0.373709333,1785042356.5420659,154.49672065985587,134.24922492106526,99.89487509429455,14,-0.003292423440143466,0.6424469035118818,0.20307746715843678
126,0.373709333,1785042356.879214,162.91118450662574,135.27668561448027,101.6344752907753,8,-0.0010859209578484297,2.3115038499236107,0.23348830360919237
128,0.373709333,1785042357.1388679,159.66034803439425,135.48723548658242,92.014863261953,11,-0.0021163164055906236,2.4183428660035133,0.2321123955771327
130,0.373709333,1785042357.476289,154.49385591545501,136.68715733248357,109.34845305234194,13,-0.007471301636542194,2.7344269901514053,0.250082197599113
132,0.373709333,1785042357.791434,147.45794362999914,136.93690517735146,128.6644409224391,11,-0.003055539506021887,2.2964469715952873,0.24618640169501305
134,0.373709333,1785042358.0913012,162.87832785342684,136.7159843026545,98.2574706170708,12,-0.002903373329900205,1.8162521198391914,0.23530561570078135
136,0.373709333,1785042358.3864262,158.28576615323263,138.36739373852157,99.79515989869833,12,-0.0009149296238319948,1.490444216877222,0.2240368314087391
138,0.373709333,1785042358.67432,144.42619644805185,138.85576294066524,108.22992690466344,10,-0.0031826584599912167,1.651890680193901,0.23179703671485186
140,0.373709333,1785042359.013936,140.5174971809663,139.55468256552467,135.32743741199374,15,-0.006031096418155357,4.020039796829224,0.26395923364907503
142,0.373709333,1785042359.303875,159.62072048208427,140.34960781583072,106.15807697921991,13,-0.002570954879047349,0.4646082613617182,0.24945857096463442
144,0.373709333,1785042359.574073,129.66023437806993,141.41566448862167,121.74859235435724,17,-0.002579860796686262,1.2200107760727406,0.28278535045683384
146,0.373709333,1785042359.865974,155.10024887175322,141.21831195233813,101.98854161053896,16,-0.001849604886956513,3.0190475657582283,0.2994355112314224
148,0.373709333,1785042360.12974,128.18211552021577,141.10804153807555,144.09273825585842,13,-0.0047664419980719686,1.43397156894207,0.26208412274718285
150,0.373709333,1785042360.632837,146.60922616567538,141.69195247136545,112.12447706609964,8,-0.0031674745259806514,0.6130276992917061,0.3138288911432028
152,0.373709333,1785042360.916159,125.74766048447557,141.48180880040937,133.71195128560066,15,-0.006769159430405125,0.8051515370607376,0.3743411526083946
154,0.373709333,1785042361.221038,145.35869469342035,141.46125800632865,110.2291638739407,13,-0.0033210424007847905,2.4529831930994987,0.31872188299894333
156,0.373709333,1785042361.5561988,150.58719681302262,141.9546747142489,101.11058669537306,9,-0.00250310888804961,0.6704361662268639,0.30404169112443924
158,0.373709333,1785042361.8341918,125.49238173834313,141.89707492445947,136.51711510121822,16,-0.0029014413012191653,2.013017877936363,0.15063830092549324
160,0.373709333,1785042362.0969112,130.24618318570285,141.21622960530038,122.17871472705156,13,0.00020037067588418722,4.018868938088417,0.18564273230731487
162,0.373709333,1785042362.382049,164.76218428978606,143.10268401381083,91.37506750971079,7,-0.0020426841219887137,2.6126628294587135,0.23596204165369272
164,0.373709333,1785042362.642475,146.39250555424326,143.20234929962203,113.53003376722336,10,-0.0014021295064594597,2.856455758213997,0.22355700470507145
166,0.373709333,1785042362.930721,152.20744373145862,143.09332400778493,110.27179139852524,12,-0.004147764062508941,1.1337213516235352,0.16430306155234575
168,0.373709333,1785042363.196228,155.11554001098713,143.27205071297962,117.68625247478485,13,-0.00473140156827867,2.7950782105326653,0.2844156865030527
170,0.373709333,1785042363.466452,153.72436377724495,143.681534060084,97.89635665342212,9,-0.0021918631391599774,3.9926480874419212,0.17622617445886135
172,0.373709333,1785042363.791479,148.62360189479165,144.24153357475436,105.64747569710016,11,-0.004533167346380651,1.196932327002287,0.32327525317668915
174,0.373709333,1785042364.076101,162.1943288986525,144.1882580589513,107.81121902912855,8,-0.0045846661378163844,1.5894054025411606,0.2906239181756973
176,0.373709333,1785042364.344703,123.10031806746333,143.1903341814465,146.05587574839592,12,-0.0009093332337215543,3.7402867674827576,0.18351098895072937
178,0.373709333,1785042364.641053,135.86334162565126,142.6218358244447,116.07323952391744,11,-0.0022698111133649945,1.7376560717821121,0.3402567394077778
180,0.373709333,1785042364.907737,144.23649495420304,142.31539661905572,126.00573593378067,12,-0.0012052721722284332,4.05649833381176,0.2414619754999876
182,0.373709333,1785042365.2332952,146.4769427604061,142.25565025084353,117.53784770518541,8,-0.0019785939948633313,2.5583513751626015,0.19190473202615976
184,0.373709333,1785042365.493665,157.41927537568026,142.47297313848222,101.59104461595416,13,-0.008062491775490344,0.8170796819031239,0.1980820707976818
186,0.373709333,1785042365.787242,141.33658317158068,142.15175036526546,120.91867042705417,11,-0.006549851736053824,2.2344956547021866,0.32929868437349796
188,0.373709333,1785042366.115364,143.02022738315455,141.83591867509304,119.35121501423419,14,-0.002619281644001603,1.7856625653803349,0.28549994621425867
190,0.373709333,1785042366.4260879,147.60320738751432,142.18122526367816,101.6022126302123,11,-0.002283422101754695,2.5687322318553925,0.18493080884218216
192,0.373709333,1785042366.710175,151.70049331375085,141.3882627606132,104.42393955867738,14,-0.002528244163841009,2.8699778467416763,0.2760263653472066
194,0.373709333,1785042367.394611,167.04917811074705,141.63063765315556,96.55122861079872,13,-0.0024783359840512276,2.443296730518341,0.3194648437201977
196,0.373709333,1785042367.683299,148.1587466793103,141.80958533414235,126.7455415353179,10,-0.0013415544235613197,1.7123837061226368,0.21990832779556513
198,0.373709333,1785042367.967318,127.01462135288683,141.7727611941119,171.78882963582873,10,-0.005811417067889124,3.7567910999059677,0.2408748148009181
200,0.373709333,1785042368.227804,136.0765846092347,141.55626028121856,140.15970593318343,13,-0.005054019624367356,2.605497866868973,0.21338740922510624
202,0.373709333,1785042368.487293,152.4541380703875,142.26548470635223,106.41741875559092,10,-0.0025376114062964916,1.2201594933867455,0.21960017550736666
204,0.373709333,1785042368.7694678,153.92049997971162,142.60879416515579,107.45111978799105,11,-0.00345293506688904,1.533999428153038,0.21986726950854063
206,0.373709333,1785042369.0262809,144.27534687873288,142.9026280054312,104.43008040636778,14,-0.0036846506118308753,1.245486095547676,0.3093578591942787
208,0.373709333,1785042369.316145,145.4060532591187,142.87093285070495,112.91470367833972,11,-0.0009851045906543732,3.8384771794080734,0.241119091399014
210,0.373709333,1785042369.6025212,117.67763179443033,142.58799779569463,139.99151485413313,14,-0.002570567186921835,3.63221038877964,0.23833000101149082
212,0.373709333,1785042369.875844,149.348046169999,142.04501879274085,114.89961854368448,13,-0.002457842347212136,1.8642918840050697,0.2205713801085949
214,0.373709333,1785042370.1621912,141.3307115453667,141.77529317466076,122.15211107209325,14,-0.0026528288144618273,1.327636182308197,0.22451385110616684
216,0.373709333,1785042371.178198,177.50601228916014,143.07201852238532,81.2136206831783,10,-0.0008910167962312698,1.6318577975034714,0.21973718609660864
218,0.373709333,1785042371.4958541,151.36748534561667,143.15215632077917,102.91027931496501,10,-0.005227272136835381,1.7452125325798988,0.37790387496352196
220,0.373709333,1785042371.79825,152.45815916192993,142.78940836184566,101.2677741907537,12,-0.0028494095895439386,1.3172131441533566,0.23570840898901224
222,0.373709333,1785042372.065056,152.45561037242632,142.96062253144845,109.80356875807047,18,-0.0011542414140421897,0.9833127781748772,0.2048026453703642
224,0.373709333,1785042372.331397,161.4708759916863,143.44838820307535,104.90533780492842,12,-0.004278529333532788,3.0150177776813507,0.38869645819067955
226,0.373709333,1785042372.6143491,141.7426339866618,144.1002330021177,128.36198618263006,12,-0.003343700082041323,2.3263692632317543,0.30284772999584675
228,0.373709333,1785042372.880387,140.15458933556624,144.20038643810778,129.07177170738578,16,-0.002558649139245972,4.215035498142242,0.21359537541866302
230,0.373709333,1785042373.1631072,123.21740640883135,143.9393213256387,138.67145204171538,16,-0.006267513817874715,2.8044011369347572,0.2950222808867693
232,0.373709333,1785042373.4614882,120.64262605438047,143.23365857628653,155.87292803823948,14,-0.00040566461393609643,4.8171387910842896,0.21839303150773048
234,0.373709333,1785042373.724252,149.7450534024585,143.32052341820417,109.19537123292685,11,-0.010072188568301499,2.0467169657349586,0.2248895140364766
236,0.373709333,1785042374.014375,160.42428244250843,143.92988926753895,103.29329328238964,6,-0.0015531930839642882,0.7965461649000645,0.2258325070142746
238,0.373709333,1785042374.279375,170.77149817627276,144.70464963253337,80.4586811363697,12,-0.000187062774784863,0.48921150900423527,0.2665554480627179
240,0.373709333,1785042374.562059,154.88602579016796,144.4962882075524,100.48872776515782,14,-0.003237869474105537,1.1847345121204853,0.34579529613256454
242,0.373709333,1785042374.8473952,170.13877548497123,145.40029547821143,98.77351077646017,11,0.0006895427941344678,2.426952011883259,0.3361358791589737
244,0.373709333,1785042375.1101482,135.50774938957107,144.80332407510434,112.48179402947426,13,-0.010269093851093203,1.4744147658348083,0.19488995801657438
246,0.373709333,1785042375.4014452,174.81554260915783,145.64904699217925,83.94048219919205,10,-0.004190804902464151,0.9959029331803322,0.25435445737093687
248,0.373709333,1785042375.708608,137.06026437216389,146.092152170232,116.01061764359474,16,-0.0002709363034227863,1.4332622587680817,0.27513631992042065
250,0.373709333,1785042376.3327072,146.41604899156115,146.65632602000642,123.56951845809817,15,-0.0024226056993938982,2.0207614377141,0.2524443408474326
252,0.373709333,1785042376.642592,155.49611545125134,146.99514265309483,94.0018433816731,13,-0.0015435217064805329,2.617083691060543,0.3257085382938385
254,0.373709333,1785042376.9024692,158.52142172962576,146.82387021938715,102.24763523973525,11,-0.0016901125200092793,0.583190593868494,0.2281484780833125
256,0.373709333,1785042377.159746,159.47834006694333,146.61763096617602,99.72763562202454,12,-0.002781745686661452,1.8178544417023659,0.29152388125658035
258,0.373709333,1785042377.445195,157.7608431244915,147.15147262111802,107.0508447214961,12,-0.004317955346778035,1.5058504305779934,0.29071055725216866
260,0.373709333,1785042377.713855,141.5917561823858,148.4475103130736,118.09000786393881,13,-0.001420855289325118,3.0253308564424515,0.23867851588875055
262,0.373709333,1785042378.038315,163.24952773271974,148.95165335481855,98.18639939278364,12,-0.0017791289137676358,1.121733695268631,0.15522820968180895
264,0.373709333,1785042378.296792,141.91312420240877,149.5710139353811,110.12062186002731,12,-0.006876435742015019,1.0849183686077595,0.10590159660205245
266,0.373709333,1785042378.649575,117.16291991594346,147.8998411617598,142.1485311985016,12,-0.00741185226070229,4.172950059175491,0.21624539233744144
268,0.373709333,1785042378.939647,150.31031181326523,148.18383422584043,101.06769920885563,10,-0.0020653205283451825,1.9885698854923248,0.30962157994508743
270,0.373709333,1785042379.202467,129.66364270153977,148.23322085743564,119.76382682472467,13,-0.002739200455835089,0.8254482187330723,0.2787484973669052
272,0.373709333,1785042379.470346,146.01111107742992,148.37620263713737,114.93446848914027,12,-0.0034305943408980966,2.2711735144257545,0.3345160987228155
274,0.373709333,1785042379.762954,157.48848965562098,148.607781243502,104.18425350636244,15,-0.002961380290798843,1.9376160353422165,0.2284014318138361
276,0.373709333,1785042380.065175,155.8162708945516,148.88012341327286,114.17471389472485,12,-0.0032883702078834176,2.0362557023763657,0.25358131527900696
278,0.373709333,1785042380.355273,138.79180007024215,148.71707330530842,112.39679440483451,15,-0.0032428749254904687,0.6480790134519339,0.2905254503712058
280,0.373709333,1785042380.620675,150.77701686423688,149.43282654318006,114.98147293552756,11,-0.003221006889361888,1.817393235862255,0.2996028009802103
282,0.373709333,1785042380.885204,166.94066807225602,150.63218926669376,98.09405469894409,15,-0.00319483716157265,1.7662214078009129,0.3628850430250168
284,0.373709333,1785042381.171902,137.7819184809755,150.30177414504473,125.15963678061962,15,-0.00390818205778487,1.4679838940501213,0.3028040435165167
286,0.373709333,1785042381.433523,177.3284663491473,150.7149379504057,82.50460785627365,13,-0.0007260073616635054,1.8517689257860184,0.2379431026056409
288,0.373709333,1785042381.6972759,139.28144822876766,150.56629804655802,111.98739980533719,12,-0.0021590241231024265,2.3963547348976135,0.3306894116103649
290,0.373709333,1785042381.9861288,152.32794778497907,150.28566277834952,106.11403085291386,11,-0.004348835384007543,0.932386364787817,0.2162331948056817
292,0.373709333,1785042382.2810829,147.9032851711841,149.5530236166835,102.22880879417062,11,-0.001855074253398925,3.31890669465065,0.2066690633073449
294,0.373709333,1785042382.5668852,159.0847701718234,150.36117060517122,103.97580649703741,11,-0.0038121428806334734,0.6750407069921494,0.19552400056272745
296,0.373709333,1785042382.857098,152.9787504157572,149.4992942471182,95.70172866433859,13,-0.0007073977758409455,1.7802389487624168,0.2687549274414778
298,0.373709333,1785042383.128889,131.2986605612741,149.48849299554414,128.1494488446042,13,-0.00037667941069230437,4.798527747392654,0.18599562998861074
300,0.373709333,1785042383.420913,151.75926958775443,149.61016514993224,103.85244446247816,11,-0.0026568954635877162,1.016468856483698,0.25457426626235247
302,0.373709333,1785042383.682483,159.85706943824522,149.9724752680974,104.52147115021944,10,-0.003191250463714823,1.563710704445839,0.1508886143565178
304,0.373709333,1785042383.944685,149.74499983337824,150.0362303348658,114.49346406757832,13,-0.00200821174075827,1.4666339755058289,0.20215313602238894
306,0.373709333,1785042384.2392151,167.2279369795364,150.62112204560788,95.24434104934335,10,-0.0031362008885480464,0.8107070252299309,0.27277668565511703
308,0.373709333,1785042384.510895,163.3424673140891,150.56464826113344,98.51206970214844,14,-0.0043637294438667595,1.7491014674305916,0.19546889699995518
310,0.373709333,1785042384.803029,152.62856592786167,150.73532901622343,121.0526540465653,12,-0.0009929541847668588,1.129743605852127,0.12334810756146908
312,0.373709333,1785042385.096766,145.3716278671795,150.26789542621336,120.99232549779117,12,-0.003870077198371291,0.9220430515706539,0.33848428912460804
314,0.373709333,1785042385.375082,161.95308209035036,150.11083023169778,110.63914895057678,9,-0.00632591376779601,2.434639111161232,0.2151026800274849
316,0.373709333,1785042385.6656451,138.45144119123452,150.36009186402026,127.69650750607252,14,-0.0030398362287087366,2.5623171851038933,0.24094357900321484
318,0.373709333,1785042385.926253,154.14985639431325,150.18927414015107,102.50572852604091,13,-0.006770062987925485,0.5907663349062204,0.18783696833997965
320,0.373709333,1785042386.183483,163.7953355796713,150.6540496398275,88.11723018437624,9,-0.002152365486836061,2.4261058568954468,0.23796903528273106
322,0.373709333,1785042386.508385,119.9203190792313,149.4062762009701,131.7583525031805,16,-0.004140034085139632,1.5979900360107422,0.3296580519527197
324,0.373709333,1785042386.7717628,129.9699007790241,148.71133472256665,124.42512676678598,13,-0.0009404013107996434,1.6585504785180092,0.15265957778319716
326,0.373709333,1785042387.0926862,150.56627549963628,148.55628171328325,104.8074418567121,13,-0.0028998188936384395,1.9903412461280823,0.20048232283443213
328,0.373709333,1785042387.361525,161.9783914694164,149.77258355536648,106.99010210484266,12,-0.0003609863488236442,0.8165175430476665,0.18858133349567652
330,0.373709333,1785042387.6762722,161.93068987944625,149.61970350832794,95.63742627575994,12,-0.001098554719646927,4.091093823313713,0.13709133863449097
332,0.373709333,1785042387.9840078,163.58888384293635,149.12449175542156,94.8962111659348,15,-0.0032174895313801244,0.8938660994172096,0.2552122622728348
334,0.373709333,1785042388.2473311,136.79708048615217,149.22610985886075,125.85084792226553,9,-0.0006250591613934375,1.1748376078903675,0.16137359663844109
336,0.373709333,1785042388.542681,144.06281199234914,148.9713289611583,106.42800484597683,12,-0.004334926605224609,1.4315041601657867,0.25707918033003807
338,0.373709333,1785042388.835677,153.69532510247112,149.20961527050363,90.26499846577644,14,-0.004505661432631314,2.256959706544876,0.30479666218161583
340,0.373709333,1785042389.102368,163.10684861312794,150.22582726467488,93.66693511791527,11,-0.001251599402166903,1.9425231739878654,0.16930608451366425
342,0.373709333,1785042389.3931022,149.0963477358166,150.33924167364796,106.02941070869565,13,-0.00477601533930283,1.560063946992159,0.1806003311648965
344,0.373709333,1785042389.6622531,155.72588936466212,150.11659338019098,94.28347480297089,12,-0.002384659499512054,0.8181156124919653,0.2421563221141696
346,0.373709333,1785042389.926334,148.2866344000495,150.66229640714408,128.74030363559723,9,-0.003124853305052966,1.8785812333226204,0.2339744120836258
348,0.373709333,1785042390.214128,155.67670935223794,151.68791176213816,107.13318864628673,14,-0.00239686957502272,1.1227474138140678,0.22724047396332026
350,0.373709333,1785042390.529245,131.57709100885444,151.23940731404716,125.01857943087816,17,-0.0009880358120426536,3.860171377658844,0.20047707576304674
352,0.373709333,1785042390.789189,162.8343233294564,151.34170209518126,91.19117188453674,12,-0.003094458079431206,1.2384311445057392,0.26686727069318295
354,0.373709333,1785042391.0814312,147.68330745172594,151.19451462795902,102.17505227774382,13,-0.0030662319768453017,0.4757093284279108,0.30600617825984955
356,0.373709333,1785042391.3447008,148.264364701839,150.41268579466552,106.53964985534549,14,-0.0009757981752045453,1.7653291895985603,0.1894439635798335
358,0.373709333,1785042391.632504,153.99679649274265,150.3778931126098,98.56497137993574,13,-0.002065200242213905,0.4204044882208109,0.29878947138786316
360,0.373709333,1785042391.909835,158.35571103390862,149.5849655754736,109.51643426716328,10,-0.002360514539759606,2.1327911391854286,0.3110954035073519
362,0.373709333,1785042392.197881,153.78132201017658,149.68645240678816,115.78740173205733,9,-0.002123715472407639,2.7593071088194847,0.22596339508891106
364,0.373709333,1785042392.9061592,184.17314377961682,150.65355477026054,74.05574381351471,12,-0.002438743438688107,1.21652053296566,0.20669004507362843
366,0.373709333,1785042393.197902,158.06085071433944,151.6239280388701,107.45618236809969,10,-0.0034158394701080397,1.0099442899227142,0.20647655241191387
368,0.373709333,1785042393.491277,166.33069438634212,151.89518641525402,99.11640391498804,11,-0.001387678348692134,3.5960733890533447,0.1644948022440076
370,0.373709333,1785042393.8245518,155.01976926450368,151.76452901462574,103.30574700422585,16,-0.0048274308210238814,1.6691481471061707,0.21711305808275938
372,0.373709333,1785042394.091027,154.80563378458453,153.41255363002037,111.23923662491143,16,-0.0014318100875243545,1.8855313882231712,0.23752913624048233
374,0.373709333,1785042394.386875,168.57796301243772,154.40815498060576,96.09971668105572,12,-0.0021097295684739947,1.8895390555262566,0.24857772327959538
376,0.373709333,1785042394.657004,172.3283931793896,154.9221130646099,84.01325106993318,11,-0.0017339350306428969,0.9647574163973331,0.2461560871452093
378,0.373709333,1785042394.9237251,146.53725838568738,154.01170182191706,111.29829094931483,15,-0.004065909888595343,3.484809532761574,0.24368083104491234
380,0.373709333,1785042395.2126489,148.81571539288822,154.08337894548558,101.54780985787511,16,-0.0026886998093687,1.325946819037199,0.2317923828959465
382,0.373709333,1785042395.477609,147.21134960083344,154.1010719653935,115.48783351108432,11,-0.002575092250481248,0.6184526048600674,0.18975592404603958
384,0.373709333,1785042395.778305,157.0718270190914,154.81892451455118,92.56171859614551,14,-0.0018746006535366178,1.56575658172369,0.2169412337243557
386,0.373709333,1785042396.069205,145.1236547487717,154.3180054359912,112.0877886954695,16,-0.0060411753511289135,0.9937922395765781,0.3425087071955204
388,0.373709333,1785042396.334364,139.91765715792562,153.7051387084372,123.00527247413993,15,-0.0050499747740104795,1.2199782952666283,0.23957093060016632
390,0.373709333,1785042396.640248,141.7413246497038,153.21949230365152,107.8531504496932,10,-0.003690227575134486,1.244102243334055,0.2717659343034029
392,0.373709333,1785042396.905847,167.6658816365765,153.88033296094275,86.9286156706512,13,-0.00408754323143512,1.1061452589929104,0.27315118070691824
394,0.373709333,1785042397.1718342,149.49085658364012,154.00159080403716,95.42540635541081,11,-0.00349610106786713,2.7772314250469208,0.2691744854673743
396,0.373709333,1785042397.4584162,153.85751439346603,153.6506486891909,107.36526982858777,11,-0.0021540122688747942,2.8888491690158844,0.2407376328483224
398,0.373709333,1785042397.7546299,145.78890510506267,152.69014083888075,118.95738588646054,10,-0.0019346217741258442,0.6705331634730101,0.21638728585094213
400,0.373709333,1785042398.026261,171.05193860412112,153.44225036429907,87.83832499757409,14,-0.0024268682464025915,2.729919970035553,0.24239930883049965
402,0.373709333,1785042398.316272,155.92456535504942,152.902338079376,100.05671303346753,9,-0.0019613452022895217,1.4576556198298931,0.22337193880230188
404,0.373709333,1785042398.583572,153.45854223690526,152.66510790812242,104.29852751269937,12,-0.0014629801153205335,1.6485419794917107,0.18926863372325897
406,0.373709333,1785042398.874231,163.47641783795962,153.30651238826744,89.80927174538374,10,-0.0017644772306084633,1.4197607636451721,0.24808282684534788
408,0.373709333,1785042399.141808,149.12200254160152,153.34281634129127,111.58281944692135,14,-0.0025875837891362607,1.550795964896679,0.2575541166588664
410,0.373709333,1785042399.436799,164.26819857881722,154.12005673657953,103.97864855825901,9,-0.003586636041291058,2.0759455040097237,0.2726809736341238
412,0.373709333,1785042399.725235,166.92968903937336,154.65966985167938,102.07071929425001,15,-0.010100494953803718,1.252055436372757,0.2880354132503271
414,0.373709333,1785042399.987346,168.4744703488005,154.38273844327927,100.90681631863117,10,-0.0031443823463632725,0.8512185141444206,0.16918857116252184
416,0.373709333,1785042400.2539608,145.25957561133097,153.81979370112745,115.88841642066836,14,-0.0028853542171418667,2.2435379326343536,0.261775785125792
418,0.373709333,1785042400.546945,141.25336424366475,153.37408004475378,105.51658755540848,11,-0.001668084747507237,1.5591254718601704,0.14532779902219772
420,0.373709333,1785042400.810071,148.22882322104064,153.16566222963544,123.82849068939686,15,-0.0016875918809091672,1.8504554405808449,0.17463120818138123
422,0.373709333,1785042401.094978,152.43240003654037,152.59646260538173,119.32933428883553,10,-0.0036674406146630645,0.8954068757593632,0.2030378058552742
424,0.373709333,1785042401.390296,164.27043415200865,152.56790923959406,103.97979700937867,9,-0.0014886136050336063,4.8635468780994415,0.14634877303615212
426,0.373709333,1785042401.662669,159.65382382537948,152.45768200986103,90.86041038669646,13,-0.003275331517215818,1.3994715735316277,0.2808494521304965
428,0.373709333,1785042401.951942,128.5526071416678,152.58423189746162,132.8009286299348,15,-0.004588539712131023,1.0479659736156464,0.32047662511467934
430,0.373709333,1785042402.225991,144.42466167320077,152.84953466649978,118.48023304343224,12,-0.0030140867602312937,1.8208931051194668,0.2595331687480211
432,0.373709333,1785042402.496418,141.32123286947822,152.51477353959515,133.80173505097628,12,0.000461261544842273,5.199079737067223,0.22222529724240303
434,0.373709333,1785042402.7900732,145.375447191267,152.1500955958867,110.28250736370683,13,-0.004010603995993733,1.7169804126024246,0.25227065943181515
436,0.373709333,1785042403.050173,154.1017002353476,152.664942264604,97.10709866508842,13,-0.002649324800586328,2.230089746415615,0.15163297858089209
438,0.373709333,1785042403.369212,135.1052017906581,152.6940978940535,125.73775530233979,13,0.002377768949372694,4.302297115325928,0.11462341574952006
440,0.373709333,1785042403.630274,153.90715650619876,152.47258292819876,118.1300533786416,10,-0.003975198575062677,2.427968055009842,0.23782501369714737
442,0.373709333,1785042403.897483,155.9466818555093,152.50347814178826,107.87339876033366,9,-0.007965277880430222,1.8428155779838562,0.22794347070157528
444,0.373709333,1785042404.189368,148.32248395298853,152.86222372794356,114.09996075183153,15,-0.0019677761010825634,0.7896972354501486,0.1324440874159336
446,0.373709333,1785042404.4525938,144.35285713694066,153.11788190987576,102.5158681422472,13,-0.0021677169715985656,1.3137707747519016,0.18752350378781557
448,0.373709333,1785042404.716125,172.7082006908641,153.6602095521093,84.01413574442267,11,-0.004060011793626472,3.147285968065262,0.24127398617565632
450,0.373709333,1785042405.000972,147.03526709685076,153.0715036452867,104.54153112694621,12,-0.005326188344042748,1.0480593740940094,0.3013808038085699
452,0.373709333,1785042405.265413,147.0436462805649,153.4371839711608,106.15031937137246,15,-0.000710712862201035,1.3672451600432396,0.22912094090133905
454,0.373709333,1785042405.58817,144.39606541770775,153.30263501472638,118.5671090693213,20,-0.004006169561762363,1.5049718171358109,0.24646548088639975
456,0.373709333,1785042405.8527172,146.7086454113142,152.77122403565306,109.51369282230735,12,-0.0032274031545966864,1.5305331870913506,0.2616491010412574
458,0.373709333,1785042406.1171079,144.65946306497273,152.99546017355078,115.68677097186446,16,-0.0023456604685634375,2.6325848400592804,0.2448869850486517
460,0.373709333,1785042406.406369,153.14924566322316,153.03386552458738,104.61378128826618,10,-0.0025676992954686284,1.4314824603497982,0.17972054984420538
462,0.373709333,1785042406.673524,157.66622839846391,153.13999432799685,103.98638753965497,12,-0.0038935192860662937,2.0397694259881973,0.18365836795419455
464,0.373709333,1785042406.935634,161.27225266996226,152.90923663161055,95.77087514102459,10,-0.004324262379668653,1.7936978787183762,0.28740466572344303
466,0.373709333,1785042407.245436,177.3160051711186,153.40155026023783,88.75412233918905,10,-0.0038719112635590136,0.9985992424190044,0.3172022271901369
468,0.373709333,1785042407.5623648,149.9711390223686,153.86419482539156,103.15023726876825,16,-0.0004657799145206809,3.680886760354042,0.18493490852415562
470,0.373709333,1785042407.872559,136.8225095396357,153.65034778698572,114.0018681883812,15,-0.0031376732513308525,1.3049597591161728,0.2186460429802537
472,0.373709333,1785042408.15001,143.13633981768277,153.6014977974752,121.83107720687985,10,-0.001995398080907762,2.185703858733177,0.23885244596749544
474,0.373709333,1785042408.427294,156.02788129971674,153.15725809584367,101.46457412093878,13,-0.003002351033501327,2.3465094566345215,0.30623860098421574
476,0.373709333,1785042408.767875,170.08416496856523,152.93305219034175,85.49642169103026,12,-0.003208479145541787,1.1813202798366547,0.20884672179818153
478,0.373709333,1785042409.03334,172.0246741665124,153.76522625275925,76.48742619901896,11,-0.004696796648204327,0.818680677562952,0.3146050125360489
480,0.373709333,1785042409.300906,163.28342644040669,154.0865971446883,93.4654767177999,13,-0.001640722737647593,5.10773466527462,0.24141205288469791
482,0.373709333,1785042409.584807,162.0372284977505,155.3117466671464,97.91464202851057,12,-0.0011016244534403086,1.0108955577015877,0.2757819788530469
484,0.373709333,1785042409.845684,148.0954356258538,155.06193103625228,109.91217218339443,12,-0.004616984399035573,1.3406586088240147,0.16838810592889786
486,0.373709333,1785042410.218428,156.7327933110367,154.76663451011575,99.05771443247795,12,-0.0032273814431391656,0.9061146266758442,0.2544762287288904
488,0.373709333,1785042410.48895,161.9820082431839,155.62032586529125,93.13698402419686,10,-0.0023981091799214482,1.2537126243114471,0.22543420922011137
490,0.373709333,1785042410.7591739,147.28037641820606,155.9861473398256,114.55155800655484,15,-0.0030343617836479098,2.963697612285614,0.2547491183504462
492,0.373709333,1785042411.059011,143.4482498345313,155.37332331596795,113.17277428507805,16,-0.0030738607165403664,0.767944760620594,0.3323482573032379
494,0.373709333,1785042411.325561,167.99811173638653,155.3167495470936,91.93974669091403,12,-0.004480518487980589,1.706768125295639,0.2324438914656639
496,0.373709333,1785042411.597586,132.4750967425162,155.4770591747295,148.38891641795635,11,-0.003292276058346033,1.9504468739032745,0.28630627505481243
498,0.373709333,1785042411.9410691,141.04277754346535,155.7298992457847,117.76724557578564,14,-0.00209421462204773,2.5962627455592155,0.23456987738609314
500,0.373709333,1785042412.5583382,135.25593894719762,156.02223900196014,113.2285920381546,14,-0.004678192606661469,2.9451871067285538,0.23244944214820862
502,0.373709333,1785042412.976744,157.3452114388095,155.79083921154222,97.45914437621832,10,-0.0019971771398559213,1.169357929378748,0.18334375601261854
504,0.373709333,1785042413.3080819,150.70394444445049,156.24544433143748,110.32797521352768,15,-0.0005284255312290043,1.546332411468029,0.2268491555005312
506,0.373709333,1785042413.572285,160.22225750004844,156.8482959956708,88.18052320927382,11,-0.003710746532306075,1.363849252462387,0.278234607540071
508,0.373709333,1785042413.8620641,161.795490137853,157.2089689245837,91.37119436264038,13,-0.001820339821279049,1.5065576061606407,0.22927656210958958
510,0.373709333,1785042414.160164,143.1223800821071,156.81583530685504,108.5882571246475,12,-0.00623104115948081,1.9161292538046837,0.2596135549247265
512,0.373709333,1785042414.424459,159.91867735906615,156.95383125615558,100.53481942415237,13,-0.007847254863008857,1.7482825219631195,0.3252041023224592
514,0.373709333,1785042414.715786,167.51607870199103,156.78919824069922,90.5854169279337,13,-0.0021725945989601314,0.9948006346821785,0.31981744803488255
516,0.373709333,1785042414.977087,175.85000325156292,157.09908693574627,74.33756210282445,12,-0.005409906036220491,1.3782725483179092,0.23405871633440256
518,0.373709333,1785042415.266607,138.78972674233327,156.55125613958157,113.94066040217876,16,-0.00263984058983624,1.2250022254884243,0.18271310906857252
520,0.373709333,1785042415.5319529,157.07688826568761,157.11893339458243,94.89528646320105,11,-0.0030009679176146165,1.1528980508446693,0.26913180481642485
522,0.373709333,1785042415.799638,139.5590969258406,157.56827518492207,115.83269529417157,14,-0.0027591631514951587,3.508579596877098,0.24213324021548033
524,0.373709333,1785042416.122337,179.94804234853004,158.44189539152455,83.35320715233684,10,-0.004104443360120058,2.2890265956521034,0.2663470795378089
526,0.373709333,1785042416.3843179,147.7069463442655,158.8314800526601,112.78098168969154,15,-0.0017715977737680078,2.11433008313179,0.20166530087590218
528,0.373709333,1785042416.6466749,165.30387405079156,158.51624360751438,88.19194893166423,12,-0.0007702999282628298,2.082015745341778,0.29795354045927525
530,0.373709333,1785042416.933515,161.18040703963018,158.28253821199124,89.61620121076703,11,-0.003605540274293162,1.8947801515460014,0.3083181455731392
532,0.373709333,1785042417.195961,154.8916418506469,157.39339954569743,106.38759743049741,14,-0.001045278477249667,1.711067583411932,0.3108027558773756
534,0.373709333,1785042417.484024,160.25057256842794,157.9522138154747,100.98739238083363,14,-0.0033370258170180023,1.2609097361564636,0.19018025044351816
536,0.373709333,1785042417.749779,160.37988780429984,158.47363390943678,87.14574111625552,16,-0.0044718926947098225,0.9569338969886303,0.290123731829226
538,0.373709333,1785042418.0475252,170.33875956554448,158.4167862239362,86.19767763465643,12,-0.004260045359842479,1.8760260790586472,0.3016960434615612
540,0.373709333,1785042418.355798,166.85966294339457,158.65829718053217,86.10759957879782,12,-0.002242790476884693,1.351115521043539,0.20843908563256264
542,0.373709333,1785042418.884046,148.84532809161038,159.15537530975925,107.16830645501614,11,-0.004991844718460925,1.6156475692987442,0.2703356323763728
544,0.373709333,1785042419.1834822,161.97981597455674,159.33609393698887,102.6549079194665,13,-0.004119667166378349,1.6600834727287292,0.2850332921370864
546,0.373709333,1785042419.555923,172.5909543419179,159.73051798959526,93.36105532571673,11,-0.0031197326024994254,1.718914933502674,0.24370632506906986
548,0.373709333,1785042419.845449,136.40491052623378,159.32673137803985,132.75569145474583,14,-0.0007043692748993635,5.395845174789429,0.21170911472290754
550,0.373709333,1785042420.218154,178.5454071096776,159.9928652198195,81.33020493760705,10,-0.005369967955630273,0.7477311119437218,0.2382310163229704
552,0.373709333,1785042420.5219278,168.85413261631672,160.51926852715158,83.32109509035945,10,-0.0027101109735667706,2.2022267878055573,0.24088959395885468
554,0.373709333,1785042420.894885,162.78204818365364,160.51878615367272,100.98139779269695,10,-0.002911783187300898,1.0188849288970232,0.28760630916804075
556,0.373709333,1785042421.183756,183.2283070298519,160.72114928483975,78.74805623292923,12,-0.0017454012704547495,1.688770741224289,0.271211476996541
558,0.373709333,1785042421.524758,152.83633677690895,160.11571736906012,100.8777593486011,14,-0.003144740709103644,0.6368949580937624,0.2162058725953102
560,0.373709333,1785042421.859387,144.78872862405112,160.36234507780696,127.96344044432044,14,0.0007463264046236873,2.067751593887806,0.2591111967340112
562,0.373709333,1785042422.1592388,153.7284770857461,160.102061237427,93.56613087654114,10,-0.002390787922195159,0.9198290891945362,0.20214353129267693
564,0.373709333,1785042422.450557,146.03087425787328,159.8473368525234,123.23135875165462,10,0.0007961434166645631,3.953912004828453,0.10655305907130241
566,0.373709333,1785042422.733342,166.39402521604796,159.38955281767375,93.22211542353034,12,-0.0023033603210933506,1.5960967168211937,0.21084541082382202
568,0.373709333,1785042423.027487,173.91236450423102,160.41700787168466,85.81320154294372,11,-0.0034714999492280185,1.9320426061749458,0.31660512275993824
570,0.373709333,1785042423.316951,164.06936353297027,161.053299562483,101.3489317074418,13,-0.0019374787661945447,2.434965044260025,0.21232250798493624
572,0.373709333,1785042423.5975301,167.0133306162525,161.63608331448916,93.82817408256233,12,-0.0017830948199843988,1.897306464612484,0.1710593281313777
574,0.373709333,1785042423.8536162,163.38654691448488,161.17921364496866,92.29750498756766,11,-0.0012779354583472013,1.5595455393195152,0.1870722509920597
576,0.373709333,1785042424.138613,143.98205186568362,160.5928212072176,106.88615253940225,16,-0.0039618887240067124,2.344429835677147,0.3209345042705536
578,0.373709333,1785042424.418669,165.7188165186431,160.42021676663802,88.41015317291021,11,0.0037362602597568184,1.2938410975039005,0.2308912267908454
580,0.373709333,1785042424.671576,149.90273354367167,160.6045864561062,110.57397501170635,11,-0.006448839441873133,1.5709123834967613,0.23110439907759428
582,0.373709333,1785042425.340131,150.9696701401061,161.43722003875322,100.82025216519833,12,-0.0016230965047725476,1.507681392133236,0.16312145348638296
584,0.373709333,1785042425.5942268,158.07038057721573,161.50157896196768,95.86466884613037,10,-0.0019208156445529312,0.9561658315360546,0.2030143765732646
586,0.373709333,1785042425.846981,166.5755736624487,161.33361923730584,93.5500894933939,12,-0.0034760439302772284,3.4679353088140488,0.2748839659616351
588,0.373709333,1785042426.153318,180.61195229055448,161.84521492758446,76.60860047582537,12,-0.002371288603171706,1.840813122689724,0.20893830433487892
590,0.373709333,1785042426.407426,159.32928812124337,161.80093139524624,93.57123528048396,11,-0.004547182586975396,1.7096353471279144,0.2556272763758898
592,0.373709333,1785042426.658992,154.579371113419,161.6042246048615,104.99196490645409,10,-0.003876893824781291,1.8176422864198685,0.23262642323970795
594,0.373709333,1785042426.936388,168.9497320507383,161.8812563176135,91.19682398438454,11,-0.0027623704954748973,3.188880518078804,0.22482782695442438
596,0.373709333,1785042427.225309,172.4087693230782,161.9121465364799,80.94536393135786,15,-0.0023966188891790807,2.022507779300213,0.2587339300662279
598,0.373709333,1785042427.500854,150.06200637636456,161.96866807850276,120.80470030754805,10,-0.0028000743041047826,2.682540826499462,0.21918383054435253
600,0.373709333,1785042427.7515252,164.9993986211027,161.9462661602305,79.40707106795162,13,-0.0029004360985709354,0.975530318915844,0.257603345438838
602,0.373709333,1785042428.001388,167.84323387617377,162.03373757068692,81.69381110370159,13,-0.0037736648228019476,1.7297812886536121,0.2657693726941943
604,0.373709333,1785042428.311071,149.9447192190855,162.18953089038544,105.5825610384345,11,-0.0003871767839882523,1.489182248711586,0.1116311363875866
606,0.373709333,1785042428.565235,179.36228719593936,162.32029672939183,82.39327207393944,10,-0.002217980974819511,1.1053057983517647,0.26834647078067064
608,0.373709333,1785042428.8163,169.94230597899883,162.62340668848518,85.36256435513496,9,-0.006604224268812686,1.7243548408150673,0.24332130793482065
610,0.373709333,1785042429.122551,175.71713623507577,162.7334796171372,82.97784574329853,10,-0.0036647062515839934,1.3706438355147839,0.23078096192330122
612,0.373709333,1785042429.378505,164.57748120132712,163.21669264514503,103.18437421321869,12,-0.007315952228964306,1.2958899401128292,0.23361543379724026
614,0.373709333,1785042429.658728,162.89143555307868,163.59773938707832,92.85623946785927,12,-0.0025813644751906395,1.243185542523861,0.22960724588483572
616,0.373709333,1785042429.947839,149.47935243880306,163.47923621742436,106.07027927041054,12,-0.004489193466724828,0.9940375350415707,0.2973075248301029
618,0.373709333,1785042430.1997068,168.17977538620286,163.84151988848964,89.8702499717474,11,-0.0002656604629009962,1.6840014532208443,0.24923095759004354
620,0.373709333,1785042430.4794428,169.75984741626905,163.60206502579672,88.17027058824897,12,-0.0010178821394219995,1.36685149371624,0.28148085810244083
622,0.373709333,1785042430.76802,157.8727200158802,163.17695904351177,88.99601506441832,14,-0.002808267789077945,0.8979609571397305,0.25610917434096336
624,0.373709333,1785042431.041489,163.42694404625212,163.28176290347034,87.39930278994143,13,-0.005690709687769413,2.1402547657489777,0.2649317402392626
626,0.373709333,1785042431.3190742,178.58311571764594,164.02642810484187,77.1004067659378,13,-0.005483364220708609,0.7684250120073557,0.18344101589173079
628,0.373709333,1785042431.96734,188.95672731309932,165.14320302980923,63.68743609264493,11,-0.003391726058907807,1.701831340789795,0.21883083041757345
630,0.373709333,1785042432.274047,186.02331010785247,166.0879141375651,71.39739474654198,11,-0.0025160414952551946,0.628772247582674,0.18742164131253958
632,0.373709333,1785042432.5328379,164.04190730267854,165.8034752128705,96.37518140301108,11,-0.004208667844068259,0.9596145413815975,0.2626418825238943
634,0.373709333,1785042432.799734,160.08045856001627,165.63089708184415,96.34478685073555,10,-0.002809120691381395,1.092025987803936,0.2355266697704792
636,0.373709333,1785042433.0786932,162.96051824366805,165.91376288099735,89.59213819541037,12,-0.0018242880469188094,1.519125085324049,0.1840392742305994
638,0.373709333,1785042433.3679879,152.6287028741039,165.30331879550505,101.4440224096179,12,-0.0060472590557765216,1.6555399373173714,0.1599799543619156
640,0.373709333,1785042433.6217148,182.39477858050242,165.71035744760331,78.50569094717503,10,-0.005331604086677544,1.3186506889760494,0.28841507341712713
642,0.373709333,1785042433.9010649,186.64801293355754,166.60238223527205,74.00394517928362,12,-0.0028514862788142636,2.197642996907234,0.26820696983486414
644,0.373709333,1785042434.185359,151.77188878224453,165.87499126937956,101.56856367737055,13,-0.0017956526717171073,2.6725381165742874,0.18575753271579742
646,0.373709333,1785042434.467328,158.1107943874042,165.27990757516153,96.63843396678567,13,-0.00334407074842602,1.5903259962797165,0.21763564087450504
648,0.373709333,1785042434.723094,128.71032864031127,165.1661698186104,135.12025808542967,15,-0.006293480342719704,2.051476016640663,0.18078508134931326
650,0.373709333,1785042434.980949,163.42099372861216,164.93228178519843,85.6011110842228,10,0.00018993346020579338,1.798223476856947,0.19162798952311277
652,0.373709333,1785042435.319628,185.25208121529258,165.25607237315486,71.14923753961921,10,-0.0003297172370366752,1.4829823300242424,0.17964433133602142
654,0.373709333,1785042435.583172,159.53628416789314,165.24536228203263,96.78984873369336,12,-0.0026947832957375795,1.7972996979951859,0.19805702101439238
656,0.373709333,1785042435.8378,156.24870816658813,164.7206610648965,98.99061120674014,13,-0.0011604486498981714,1.6540496796369553,0.22926614433526993
658,0.373709333,1785042436.115704,164.682466383106,165.13258400615518,83.87260156869888,10,-0.002700075536267832,1.9147870428860188,0.2147690961137414
660,0.373709333,1785042436.433828,168.11423172693006,165.58341710852108,93.7369123827666,10,-0.0011713279236573726,2.9516711235046387,0.10575035493820906
662,0.373709333,1785042436.721785,169.11871801427787,165.5661108192007,84.71792762354016,10,-0.003402637114049867,1.4020447693765163,0.1342703029513359
664,0.373709333,1785042436.9768882,173.36359653258313,165.6376777353544,83.91885795816779,11,-0.001347096149402205,1.4666882827877998,0.18502487614750862
666,0.373709333,1785042437.264595,172.5751386838958,166.33755046663725,81.12800827622414,11,-0.002766887773759663,1.912971779704094,0.24977913219481707
668,0.373709333,1785042437.544659,160.84402833430272,166.00631043929326,95.57426619529724,10,-0.002094749012030661,0.8004464842379093,0.18112765811383724
670,0.373709333,1785042437.8042722,153.68292947310405,165.9446440897105,109.23898797482252,9,-0.00300508551299572,0.5527908932417631,0.27215866185724735
672,0.373709333,1785042438.161224,168.92020053547483,166.25131116921858,91.49600530788302,11,-0.003926709294319153,1.1657192073762417,0.22218483686447144
674,0.373709333,1785042438.446742,179.50618608003688,166.4070552762751,81.45199147053063,13,-0.004167508668615483,1.0567041635513306,0.2179627576842904
676,0.373709333,1785042438.703126,165.3911633630636,166.70334148973427,93.51934293657541,10,-0.0024588138330727816,1.6397913619875908,0.1922282399609685
678,0.373709333,1785042439.015737,154.17237829300112,166.0823406433322,97.32028963416815,10,-0.0007896634051576257,1.997594140470028,0.16563808266073465
680,0.373709333,1785042439.290708,169.8593985255587,165.27930294768038,87.8608266916126,14,-0.003781000166782178,1.9161922633647919,0.2546091377735138
682,0.373709333,1785042439.5519822,186.76769217523614,166.0405989663386,78.21676485985518,10,-0.007121051545254886,1.5741967409849167,0.21693376544862986
684,0.373709333,1785042439.861276,176.5123148172949,166.74597518425412,81.46624761074781,11,-0.0017844985704869032,0.9154910184442997,0.19092201068997383
686,0.373709333,1785042440.113431,157.2050529918187,166.54075930414365,106.74039025232196,12,-0.0011054904898628592,3.080221163108945,0.20065985526889563
688,0.373709333,1785042440.368192,161.08007001383416,166.57484758209227,82.27972721867263,13,-0.0025887965166475624,2.478483125567436,0.2533476799726486
690,0.373709333,1785042440.673922,149.74902647330862,166.32962976320493,119.42140110954642,11,-0.008567788536311127,1.7501005083322525,0.23042180575430393
692,0.373709333,1785042440.929693,174.1498467645182,166.16952767886852,82.12622190825641,12,-0.003012098022736609,1.5502641126513481,0.1886314144358039
694,0.373709333,1785042441.207807,174.54027106440708,167.10313572948039,86.38821510784328,13,-0.0008306402014568448,1.0614508539438248,0.22910906001925468
696,0.373709333,1785042441.497031,162.16483231674982,167.34078059131437,88.71139188483357,10,-0.004200213705189526,2.501766823232174,0.21591175068169832
698,0.373709333,1785042441.749134,188.79442714547892,168.19105142181058,82.15181353129447,9,-0.00600330310408026,2.184885710477829,0.24534763861447573
700,0.373709333,1785042442.026005,148.08119743243483,168.11501612148228,108.14242736250162,11,-0.004079185193404555,4.233721658587456,0.16335953399538994
702,0.373709333,1785042442.3101718,183.13958029480793,168.11711105373928,77.63825515285134,10,-0.0030820266692899168,0.8600506298244,0.19254280161112547
704,0.373709333,1785042442.563173,172.33546152851855,169.04226335493394,78.32293094880879,9,-0.002795441512716934,1.5056552328169346,0.27069809287786484
706,0.373709333,1785042442.84182,161.61698936678948,169.4162520557653,97.37478414922953,10,-0.000926355212868657,1.31604528054595,0.13612584490329027
708,0.373709333,1785042443.109379,159.46689059612356,169.14800627381518,94.95654029585421,11,-0.0012372831188258715,2.4354976266622543,0.1421807836741209
710,0.373709333,1785042443.472352,161.8549306697033,168.72644614282189,98.73900596983731,11,-0.001800278841983527,2.6963838636875153,0.12381657073274255
712,0.373709333,1785042443.829814,168.92739209656793,168.88271212496332,88.87279765680432,11,-0.0048825901467353106,1.0661564841866493,0.257080071605742
714,0.373709333,1785042444.103067,160.34041570188725,169.04814513016984,100.52974000573158,11,-0.0007246120367199183,2.1486387476325035,0.19185249228030443
716,0.373709333,1785042444.3809931,140.4283772377613,168.4989570792433,107.38218921422958,13,-0.002481397707015276,1.1385616958141327,0.17429497372359037
718,0.373709333,1785042444.7352839,164.3695225368766,168.5167754863179,90.21241848915815,11,-0.0016738887497922406,1.0467079319059849,0.1792766572907567
720,0.373709333,1785042444.999239,177.53848842784635,168.68824467888663,82.96142223477364,10,-0.0022973131854087114,1.5322028025984764,0.1907238494604826
722,0.373709333,1785042445.276109,157.06054556060846,168.22619186204204,104.64510116353631,9,-0.0021735645132139325,1.1159969009459019,0.1974444380030036
724,0.373709333,1785042445.532736,134.60963077928025,167.40008744300238,112.53902956936508,15,-0.0027824128337670118,2.1464303880929947,0.16966479551047087
726,0.373709333,1785042445.811497,150.08411741575975,166.1484569044941,108.79455243423581,12,-0.002260618261061609,2.5349306911230087,0.1164028737694025
728,0.373709333,1785042446.07108,161.6012107911735,166.18289127199674,91.82767939567566,12,-0.003023846773430705,1.3687447793781757,0.1439673318527639
730,0.373709333,1785042446.33366,176.17943123161555,166.42001309685654,80.26486766897142,11,-0.002191739054978825,2.2526842281222343,0.2280866475775838
732,0.373709333,1785042446.621873,182.8273650973165,166.40290612807846,76.55018133297563,12,-0.002176463181967847,1.2136634066700935,0.1945711737498641
734,0.373709333,1785042446.909975,159.01414204355655,165.75968016958169,92.50219801813364,13,-0.0026938838709611446,0.8742850869894028,0.21383418422192335
736,0.373709333,1785042447.1629949,152.1686378635036,165.87281460698307,100.57242504693568,16,-0.0038842848007334396,1.294499833136797,0.21177610289305449
738,0.373709333,1785042447.44092,156.32738313340604,165.67731181722635,113.65222162380815,15,-0.00904982624342665,1.2962472923099995,0.19063108507543802
740,0.373709333,1785042447.729631,173.38557167423124,165.82758124449145,86.60303198546171,15,-0.0005681533366441727,1.3900359869003296,0.1856550108641386
742,0.373709333,1785042448.0056682,161.98632731983022,165.89715340194942,108.02665415406227,16,0.00013026350643485785,2.3562380485236645,0.1205223728902638
744,0.373709333,1785042448.260854,169.09431847672494,165.64930610314784,90.14850576408207,13,-0.005235915188677609,0.3005364052951336,0.22396956384181976
746,0.373709333,1785042448.5454981,165.04683041259068,166.0957205751913,89.4076577462256,13,-0.0020662384340539575,1.7447617873549461,0.18845199048519135
748,0.373709333,1785042448.824414,176.0993917075341,165.68412074046552,80.92706042155623,10,-0.005490296054631472,1.1540830470621586,0.17317403759807348
750,0.373709333,1785042449.422642,171.18101468814874,165.40283253505578,88.29500264674425,13,0.002437893650494516,1.3756374344229698,0.1889804983511567
752,0.373709333,1785042449.733269,166.52990693980553,164.76117162670707,91.91313825920224,13,-0.002275836654007435,1.9972883015871048,0.2193707600235939
754,0.373709333,1785042450.0110028,150.5686776878038,163.79865835108146,106.55307682603598,13,-0.0038348708767443895,2.941329911351204,0.25684535037726164
756,0.373709333,1785042450.264291,151.65791209976715,163.41979522910293,105.73250276595354,14,-0.0016412273398600519,2.0647573471069336,0.15105580259114504
758,0.373709333,1785042450.575871,171.27838197050173,163.7161551754113,81.14204443246126,10,-0.007435139734297991,0.9499912187457085,0.21930779609829187
760,0.373709333,1785042450.918719,160.74741225395871,163.973028280115,94.02154931798577,12,-0.004438599746208638,1.0100047290325165,0.25765868555754423
762,0.373709333,1785042451.1744158,160.19969934894124,162.9362227996135,94.26451320201159,11,-0.0012938185245729983,2.4730396196246147,0.13619471713900566
764,0.373709333,1785042451.484389,166.04572508788766,162.9979148491253,89.25543673336506,10,-0.0038251003716140985,0.9928166009485722,0.20128540974110365
766,0.373709333,1785042451.739079,167.57914287053975,163.45788430018484,81.02724316902459,13,-0.00126811140216887,2.129391945898533,0.1506595192477107
768,0.373709333,1785042451.992382,167.74152146721988,162.92672053681744,84.6596487686038,10,-0.0025383715401403606,1.349254198372364,0.1947416802868247
770,0.373709333,1785042452.658672,189.94449669987995,162.8459806561906,72.06761746294796,11,-0.002561375731602311,2.885075055062771,0.19651373755186796
772,0.373709333,1785042452.939292,160.45961099503907,163.0152576478232,92.29224779643118,11,-0.00203767663333565,3.17860908806324,0.09191888244822621
774,0.373709333,1785042453.253664,166.43834857634462,163.95834398222698,88.29542642459273,10,-0.00315953153767623,1.0119898468255997,0.20507506653666496
776,0.373709333,1785042453.5107222,167.09200787726476,165.06926199231424,81.8581738206558,13,-0.003056047484278679,1.3901763930916786,0.25749009288847446
778,0.373709333,1785042453.762805,174.89910242857,165.36447658600798,78.90153446048498,11,-0.001473560812883079,1.7596534229815006,0.15969111677259207
780,0.373709333,1785042454.04235,172.30865517914185,165.2717613071773,91.73424550890923,11,-0.004049487135489471,0.9001083038747311,0.2221214110031724
782,0.373709333,1785042454.3403242,175.16177624016325,165.0462453674342,82.89288014173508,14,-0.0010210276523139328,1.5972679033875465,0.16716939769685268
784,0.373709333,1785042454.608619,135.74289624927414,164.33375038922154,120.23131313174963,16,-0.0028718202374875546,2.429747760295868,0.17954214103519917
786,0.373709333,1785042454.911938,148.90399849273427,163.91004517449358,112.05290072783828,12,0.0006504036718979478,4.098695024847984,0.13709418661892414
788,0.373709333,1785042455.231648,170.94748774409774,164.876892086605,80.56744919903576,14,-0.0024772148462943733,1.5748692229390144,0.14268570207059383
790,0.373709333,1785042455.523416,166.9976681231334,164.67783416763635,76.8366005718708,10,-0.0015395023219753057,0.9853377789258957,0.17413961794227362
792,0.373709333,1785042455.840517,176.61756285827252,164.4004297581462,80.73797337338328,10,-0.001489534552092664,1.2658923752605915,0.14255480095744133
794,0.373709333,1785042456.125057,182.38119404783185,164.68431997217016,73.74995037168264,10,-0.0038584526046179235,1.495274055749178,0.19063707813620567
796,0.373709333,1785042456.4029472,153.6681566149047,163.94529127380554,98.72941029444337,14,-0.004059199709445238,1.1421657837927341,0.18832410220056772
798,0.373709333,1785042456.655753,168.5954847643041,164.28800081127739,90.05555770918727,12,-0.002290824893862009,0.6696936748921871,0.2052925555035472
800,0.373709333,1785042456.940654,146.81583372884782,164.4805600580626,121.72712504118681,17,-0.00627325422829017,2.30877735465765,0.14314377354457974
802,0.373709333,1785042457.220084,167.94270778930544,164.73760615187672,94.58617981150746,15,-0.004081827355548739,1.982408806681633,0.19432196021080017
804,0.373709333,1785042457.476297,173.0451838755249,165.4112991470585,86.50929796695709,11,-0.0029672360979020596,1.5554623045027256,0.14809999195858836
806,0.373709333,1785042457.785541,171.82867581954167,166.32793477593748,83.62887373194098,9,-0.004487066886213142,1.1315905787050724,0.19640688877552748
808,0.373709333,1785042458.0402439,179.878897028208,166.45080087707788,78.46373166888952,10,-0.002419901604298502,1.4335272163152695,0.1741965003311634
810,0.373709333,1785042458.2934778,162.45350842714865,166.31891164745647,94.86956530064344,13,-0.0024543601903133094,1.5649940967559814,0.13191264867782593
812,0.373709333,1785042458.570215,163.22177997709824,166.7792810942288,97.54610098525882,11,-0.0038216839529923163,0.4614335484802723,0.1189960390329361
814,0.373709333,1785042458.8283782,178.4715180655631,166.85336691192708,77.83764688670635,11,-0.0019306372851133347,1.2105750739574432,0.22417179495096207
816,0.373709333,1785042459.098512,146.3869052927809,166.1944320904972,100.22900737822056,14,-0.0013667315361090004,1.407320722937584,0.1909279585815966
818,0.373709333,1785042459.37934,154.67444954438065,166.0066433916289,94.75305381789804,17,0.001037058827932924,1.3847859613597393,0.24593502841889858
820,0.373709333,1785042459.632298,179.3525233089017,166.2275419146677,74.33466408029199,14,-0.003008953688549809,2.41480004042387,0.19167091604322195
822,0.373709333,1785042459.9389079,178.52173645937498,166.7667748369786,76.00085088983178,14,-0.002380724938120693,0.701522957533598,0.17933481093496084
824,0.373709333,1785042460.193624,166.27237436085986,166.58111308189288,84.31112178042531,17,-0.003599881019908935,1.4860362112522125,0.1843272903934121
826,0.373709333,1785042460.446979,146.50210997951686,165.6608868733087,108.0593689987436,14,-0.0024646049132570624,2.369054362177849,0.18757375236600637
828,0.373709333,1785042460.727623,173.4464328206411,165.11242933501086,85.79527581483126,14,-0.0013065750390524045,1.016105193644762,0.16634883312508464
830,0.373709333,1785042461.0033228,167.10014862273934,164.7021249509627,88.94287590309978,13,-0.0017906689317896962,0.9883842281997204,0.13677514623850584
832,0.373709333,1785042461.268882,147.844718336528,163.8859291482034,112.14006914198399,14,-0.00258133583702147,7.167581290006638,0.1440198365598917
834,0.373709333,1785042461.554228,164.28873017457042,164.98242338988402,87.39205138012767,12,0.003522819490171969,1.8290356397628784,0.14900128729641438
836,0.373709333,1785042461.8079948,168.40919875336297,165.59597859751233,91.49726953357458,10,-0.002202474686782807,1.804943211376667,0.1865353686735034
838,0.373709333,1785042462.1143832,175.16149252548053,165.25886390536354,80.63778285682201,10,-0.0024700796202523634,0.9875243678689003,0.18915436323732138
840,0.373709333,1785042462.3691342,171.65469648783372,165.58342729168456,83.08475885912776,12,-0.0033841281838249415,1.2608199939131737,0.1946116453036666
842,0.373709333,1785042462.624042,172.24415106596908,165.92782539786208,82.77267968282104,12,-0.002537768566980958,1.1432196758687496,0.2429411318153143
844,0.373709333,1785042462.934738,173.6602405344971,165.61914129257292,86.02057798951864,13,-0.0057192937238141894,0.9255134575068951,0.15396416606381536
846,0.373709333,1785042463.1860921,154.78488483778952,166.25068202389517,102.64999297633767,14,-0.003224399610189721,3.322546735405922,0.13377306144684553
848,0.373709333,1785042463.440355,166.10761559497703,166.51019065600758,87.85092724859715,14,-0.002292635850608349,2.819654703140259,0.1307916329242289
850,0.373709333,1785042463.7476401,185.57999289614443,167.28722250357015,69.23573241010308,11,-0.002238524262793362,1.4073758199810982,0.19172582495957613
852,0.373709333,1785042464.0009558,167.4528949305592,167.255591980026,79.13597061857581,14,-0.002415530994767323,0.8377132453024387,0.17138783354312181
854,0.373709333,1785042464.277118,168.36937464469383,167.28048472047388,87.29503800533712,13,-0.0017138460534624755,1.4346205815672874,0.16049357689917088
856,0.373709333,1785042464.56747,163.11907548952286,166.60330118735538,98.05578305199742,14,-0.003483043285086751,1.4503300189971924,0.22937966044992208
858,0.373709333,1785042464.819711,164.01950647154734,165.8113970800984,91.24420751165599,15,-0.0028511419659480453,1.3366920202970505,0.19239517068490386
860,0.373709333,1785042465.101172,159.1256592833677,165.7516211338629,90.72722103819251,12,-0.0032673493842594326,1.7173198126256466,0.1891493508592248
862,0.373709333,1785042465.388736,159.07836691096068,165.6550081918874,86.31568827852607,14,-0.004411023517604917,1.2151680886745453,0.21223638858646154
864,0.373709333,1785042465.6448488,158.75333793633357,165.35829759458454,101.5867899376899,16,-0.0033237349707633257,2.8131395280361176,0.16695581004023552
866,0.373709333,1785042465.9215,155.35010411072562,165.54789863112688,109.38007226586342,15,-0.0017670667730271816,2.5397046729922295,0.1470092860981822
868,0.373709333,1785042466.205714,173.03524773279355,166.08580041028785,86.87428359128535,16,-0.0023051068419590592,1.6341932490468025,0.1807585023343563
870,0.373709333,1785042466.4841988,160.89939863442376,165.45256687998824,92.20854867622256,11,-0.001838546828366816,1.5534597411751747,0.16586123313754797
872,0.373709333,1785042466.737411,150.21547940214666,164.46725283225996,105.04951745271683,12,-0.0007016975432634354,2.339692000299692,0.16378141287714243
874,0.373709333,1785042467.019456,155.13789305390029,163.77031227390435,101.19691716879606,13,-0.00247523128928151,1.387678362429142,0.25217617955058813
876,0.373709333,1785042467.353958,164.6016468425679,164.12651969048093,94.61258421093225,12,-0.0030095005640760064,2.23819949477911,0.2170738698914647
878,0.373709333,1785042467.610541,174.1913271960742,164.1266949056336,80.45409197360277,11,-0.002314763347385451,1.2080487348139286,0.20954849291592836
880,0.373709333,1785042467.909715,162.74784028622466,164.55092806681785,97.13769687339664,11,-0.0004736828268505633,3.082020863890648,0.2080555222928524
882,0.373709333,1785042468.18901,183.1258733777605,165.74731854105127,70.11269891634583,13,-0.0023597460094606504,0.47004637494683266,0.2280958043411374
884,0.373709333,1785042468.4439192,175.78403925199433,165.51265076217314,78.83114372007549,13,-0.0057856319908751175,2.7795496582984924,0.1996621759608388
886,0.373709333,1785042468.750156,172.0474251337487,165.44001764586338,81.64136174321175,10,-0.0022860291064716876,0.9293201677501202,0.19107409939169884
888,0.373709333,1785042469.002188,187.8353356400227,165.79388348860067,67.82462133467197,12,-0.00268018405768089,1.08628773316741,0.19723866786807775
890,0.373709333,1785042469.254909,178.65702024098078,166.1655692842488,84.88149074092507,11,-0.0028630429005715996,2.0562939941883087,0.20361930038779974
892,0.373709333,1785042469.567162,179.4966968992672,166.08555502683157,80.18925454467535,11,-0.0024438879918307066,1.4839402586221695,0.1656818212941289
894,0.373709333,1785042469.822856,188.97212685754266,166.76727072490962,66.86803199723363,10,-0.0021217029716353863,0.6166495736688375,0.20819667633622885
896,0.373709333,1785042470.0737228,172.74302898653139,166.90445116822875,74.2622826937586,12,-0.001810168701922521,1.1294323429465294,0.1821222770959139
898,0.373709333,1785042470.384376,166.35015005921463,166.098011217911,86.92089478671551,14,-0.0018640464986674488,0.9517015069723129,0.20638586208224297
900,0.373709333,1785042470.640073,179.83259437624957,165.82120167095968,84.97697291523218,10,-0.002185604265832808,1.9071658998727798,0.1930871643126011
902,0.373709333,1785042470.9191291,162.7480779800499,165.81070847913776,103.52305003255606,14,-0.001759206410497427,1.9047313183546066,0.1402945169247687
904,0.373709333,1785042471.55161,160.5665439528719,165.97741286387884,92.96894499659538,10,-0.0017376345349475741,1.0317263342440128,0.13216873165220022
906,0.373709333,1785042471.8095949,171.94649299420516,166.44862761766646,81.61823401134461,13,-0.001527413711301051,1.3097733594477177,0.16350891813635826
908,0.373709333,1785042472.08755,154.15179784020975,166.92459064946357,103.03289395198226,11,-0.0012671729200519621,1.7864582240581512,0.13674937328323722
910,0.373709333,1785042472.373431,182.15092124120247,167.42954123441044,77.26248531974852,11,-0.0009203249792335555,1.3341486379504204,0.20318137854337692
912,0.373709333,1785042472.629877,151.6611640594816,167.47814021958192,110.61828926578164,14,-0.00098430085927248,2.976142704486847,0.15221911016851664
914,0.373709333,1785042472.906668,175.67692494494557,167.7562340698783,78.92618258856237,13,-0.0021274106111377478,1.260986041277647,0.19253641180694103
916,0.373709333,1785042473.539379,192.40652915454677,168.34716708360702,72.73106878623366,12,-0.001865159450971987,1.174297608435154,0.1696651615202427
918,0.373709333,1785042473.84575,152.37833619703218,168.17468773146263,97.43865772150457,13,-0.0014298574533313513,1.6879689544439316,0.13476476864889264
920,0.373709333,1785042474.099245,157.69126784157874,168.75425843347747,100.67257342487574,14,-0.0025347938062623143,1.0202417373657227,0.2102528205141425
922,0.373709333,1785042474.38371,160.79512676803782,168.7640393250131,89.89446564391255,12,-0.0033253448200412095,0.8878788091242313,0.23887555487453938
924,0.373709333,1785042474.6607108,160.51584376979986,169.70399008937963,97.35397225990891,12,-0.003592575518268859,1.8538238257169724,0.10195577424019575
926,0.373709333,1785042474.913553,164.29082376501086,170.17937341215497,92.92076222598553,10,-0.001077863504178822,1.6962797418236732,0.16414778120815754
928,0.373709333,1785042475.196556,175.10466086916648,170.38676715877284,74.86014987155795,11,-0.00247516471426934,1.604494258761406,0.21418133098632097
930,0.373709333,1785042475.475196,169.13291724140817,170.58298121379426,86.6866822456941,12,-0.006769036175683141,2.837735742330551,0.17641051579266787
932,0.373709333,1785042475.727515,172.22159882140048,169.96103408555027,80.11876266077161,11,-0.0013345663392101415,1.9495477974414825,0.17069808021187782
934,0.373709333,1785042476.034404,156.18219676796213,169.87056473564834,96.07351579517126,13,-0.005669855745509267,0.8298367001116276,0.17174934968352318
936,0.373709333,1785042476.290347,167.0094951048676,169.74117021127634,86.90107804909348,13,-0.002121249111951329,0.6968909744173288,0.1842691618949175
938,0.373709333,1785042476.5443058,165.93006442503392,169.11129798558562,89.98482678830624,16,-0.002182312833610922,3.1813284009695053,0.22005038987845182
940,0.373709333,1785042476.891476,144.53903029185116,167.79501093792146,115.7624905668199,14,-0.0008203870384022593,2.822422370314598,0.13811933854594827
942,0.373709333,1785042477.149065,167.35953483062798,167.71724101243058,84.9773957170546,15,-0.0019447412778390571,0.7262349873781204,0.19366189558058977
944,0.373709333,1785042477.406739,159.98396555229627,167.01811373800777,92.31453725043684,15,-0.0028408372891135514,1.5690779238939285,0.22105488367378712
946,0.373709333,1785042477.746955,169.84281537827366,166.87591806183224,88.83084175735712,12,-0.0016440284671261907,0.9254620745778084,0.17625858634710312
948,0.373709333,1785042478.006357,178.79640429249454,167.7495227266336,73.87988394498825,9,-0.0035928102442994714,1.1579113341867924,0.1689840480685234
950,0.373709333,1785042478.28601,168.79915711558198,167.71027831717976,84.06973719596863,12,-0.0012755029165418819,0.712643563747406,0.1246360745280981
952,0.373709333,1785042478.699231,165.7089113733532,167.55335994900554,83.97714642435312,11,-0.0036307336122263223,1.5545041933655739,0.23430361412465572
954,0.373709333,1785042478.984097,173.04875690036891,167.16622546189438,78.39941746741533,12,-0.00516373009304516,1.006693497300148,0.23706955276429653
956,0.373709333,1785042479.2914739,150.23131895894977,166.36770260162265,95.13801460713148,13,-0.004407301836181432,0.7911653034389019,0.21590334363281727
958,0.373709333,1785042479.599515,168.26967800107113,166.06568948921296,83.86809586640447,15,-0.002725524187553674,1.361293613910675,0.15693943202495575
960,0.373709333,1785042479.8638232,153.75184760582172,165.316302721094,107.80935601145029,12,-0.0023168951738625765,2.697673872113228,0.1973215788602829
962,0.373709333,1785042480.147252,174.16644380429835,165.50563120404178,91.61992549151182,13,-0.002550131524913013,1.9787376672029495,0.22844168450683355
964,0.373709333,1785042480.409102,163.7030874824929,164.93458520437838,86.45232438668609,12,-0.0027794853085651994,1.2358703128993511,0.16226132726296782
966,0.373709333,1785042480.693281,158.52267771052306,164.61256167816634,95.74773477949202,15,-0.0018514774274080992,0.90366255864501,0.1494842143729329
968,0.373709333,1785042480.954158,171.48867312919288,164.49163145727016,80.82791989669204,14,-0.00351071753539145,1.7185614854097366,0.23028558772057295
970,0.373709333,1785042481.213856,170.4067752964835,164.75690447557866,85.23213144019246,11,-0.004691821755841374,2.306722193956375,0.23224469926208258
972,0.373709333,1785042481.498552,174.71370315876266,165.4712938006044,87.59581360965967,12,-0.0023541808768641204,0.5336135420948267,0.18638245295733213
974,0.373709333,1785042481.7565272,169.44019199315812,165.15702830255628,85.47394819930196,10,-0.0015674715978093445,0.615462513640523,0.2058774856850505
976,0.373709333,1785042482.0460951,160.60905634737247,164.6012165372167,97.32196613959968,12,-0.0032024901738623157,1.7333874851465225,0.1867682533338666
978,0.373709333,1785042482.330812,154.419518248713,164.10865447669335,108.14543938264251,14,-0.002345503424294293,1.3570188768208027,0.18797502852976322
980,0.373709333,1785042482.5928,164.39353539224652,163.83749682951398,84.6332090869546,13,-0.006125768210040405,1.0053134188055992,0.1812404990196228
982,0.373709333,1785042482.911629,139.46844641553918,163.17838495195465,126.50522653199732,15,-0.0015128891973290592,1.1950917541980743,0.118483514059335
984,0.373709333,1785042483.173792,183.9056689926411,163.97442923406376,66.50351006630808,14,-0.0005012454930692911,1.1183242984116077,0.19324990920722485
986,0.373709333,1785042483.464766,162.42355164919866,163.61334098262546,86.39451142400503,12,-0.0028510544361779466,1.5165169760584831,0.2363676456734538
988,0.373709333,1785042483.801379,167.54763794257772,163.91910552110713,85.49026009812951,11,-0.0016750204376876354,1.2737741135060787,0.18427749164402485
990,0.373709333,1785042484.0605052,151.18350901849877,164.48855470430763,97.43406084924936,12,-0.0010316058760508895,1.2431578449904919,0.21830392815172672
992,0.373709333,1785042484.3201861,168.8410524594395,164.2002586970767,87.81818604655564,13,-0.0017817809712141752,1.3745296373963356,0.16008836636319757
994,0.373709333,1785042484.603657,181.58218644541267,164.59280807251255,75.64118757471442,12,-0.0023917274083942175,1.5441748648881912,0.2010611593723297
996,0.373709333,1785042484.868295,159.801279289915,164.39296941265357,93.98024689033628,10,-0.0019434020505286753,1.8599835261702538,0.16437295265495777
998,0.373709333,1785042485.1523788,169.36347799612926,164.2773941795526,86.10674406588078,11,-0.002577172126621008,1.026727482676506,0.15571456030011177
1000,0.373709333,1785042485.836738,177.30726649418338,164.3957789823518,80.1759381107986,13,-0.0017130413907580078,1.2548830471932888,0.22526922263205051
1000,0.373709333,1785042485.836738,177.30726649418338,164.3957789823518,80.1759381107986,13,-0.0017130413907580078,1.2548830471932888,0.22526922263205051
1002,0.373709333,1785042486.110633,179.6018444156133,164.9215979701665,73.26005586981773,11,-0.0021403785794973373,1.255773402750492,0.2560124984011054
1004,0.373709333,1785042486.39446,172.10818264887448,165.1755162275819,86.37257416546345,12,-0.002671670663403347,1.035071361809969,0.21276766434311867
1006,0.373709333,1785042486.6529138,164.85011111534428,165.61478550312512,85.61286424472928,11,-0.002443023957312107,1.2610230445861816,0.17861514817923307
1008,0.373709333,1785042486.910908,181.60958129400856,165.88937645672763,73.46544677764177,12,-0.0015277551719918847,1.1194955483078957,0.17722229659557343
1010,0.373709333,1785042487.194567,171.21324140834875,166.68002934810488,83.1365886181593,10,-0.001846985163865611,0.9762895368039608,0.17159496247768402
1012,0.373709333,1785042487.486364,176.3211015724761,167.2884825016986,77.89722606865689,13,-0.0012262904783710837,1.7524738535284996,0.1474588462151587
1014,0.373709333,1785042487.76689,165.65012969737893,167.65561552471593,93.1835270486772,14,-0.0010557162604527548,2.1415639892220497,0.12470002332702279
1016,0.373709333,1785042488.030854,156.19955308248055,167.4263039422046,97.07396860793233,9,-0.002429780608508736,1.165202908217907,0.1758950985968113
1018,0.373709333,1785042488.308514,150.92733957787502,167.59840191825725,97.4187687151134,14,-0.0009132858831435442,0.8402335308492184,0.09997195936739445
1020,0.373709333,1785042488.591017,182.56132263717052,167.3143073522582,78.66970764286816,13,-0.00136985482822638,2.999809093773365,0.14666917966678739
1022,0.373709333,1785042488.852876,163.7253183778128,167.19889974825276,90.03351081628352,12,-0.0021265196846798062,1.7164996936917305,0.16256687510758638
1024,0.373709333,1785042489.146475,167.161742192954,167.03562282682236,88.73474473878741,12,-0.002833775943145156,2.2391380220651627,0.1990466509014368
1026,0.373709333,1785042489.433296,163.19438166911291,167.56932344527087,91.36344625428319,10,-0.003148620016872883,0.980386957526207,0.1999055976048112
1028,0.373709333,1785042489.709142,160.2158519306065,168.30741206559745,105.65565961785614,17,-0.00265445961849764,1.8249154463410378,0.15342961205169559
1030,0.373709333,1785042490.000583,177.89513097551185,168.59022384631078,82.16109058260918,12,-0.0026314015267416835,1.0642590578645468,0.15951577574014664
1032,0.373709333,1785042490.280489,175.16925729353758,169.55017088626704,77.59951643459499,9,-0.0028396162088029087,0.9163114614784718,0.20464645233005285
1034,0.373709333,1785042490.562328,146.38370574052897,168.9772965517918,101.02857222221792,13,-0.00179710250813514,2.480282723903656,0.17325927037745714
1036,0.373709333,1785042490.9185228,172.3801149623284,169.25639282026722,85.38235764577985,10,-0.0026498849038034678,1.6005340069532394,0.23045798018574715
1038,0.373709333,1785042491.1881359,173.81598747728296,169.36070673333185,74.52577923238277,11,-0.0016845312202349305,0.7879299446940422,0.20377162843942642
1040,0.373709333,1785042491.450907,179.07606588952737,169.9107589869274,72.6702839024365,11,-0.005248727276921272,1.1578412987291813,0.19109724462032318
1042,0.373709333,1785042491.746871,166.4018735358575,169.83632070442167,83.78227607905865,13,-0.001024395227432251,1.4118774607777596,0.1310803284868598
1044,0.373709333,1785042492.045025,170.34620369256277,169.4781217010057,85.72310906648636,10,-0.0012662701919907704,2.134574942290783,0.16770942136645317
1046,0.373709333,1785042492.3403258,165.0665171970398,169.71583355220068,88.32630336284637,14,-0.0007677485700696707,1.6624016016721725,0.12685709400102496
1048,0.373709333,1785042492.61624,174.68857362751305,169.73500531335603,85.34762985631824,10,-0.002089138492010534,0.7709989659488201,0.18644271045923233
1050,0.373709333,1785042492.8977861,154.63231272852073,169.11163639151175,111.79491186887026,12,-0.0011028299923054874,1.3083221539855003,0.1536709633655846
1052,0.373709333,1785042493.187119,162.72628323646728,168.51805359928738,86.66317664459348,13,-0.0017193286621477455,0.8952447138726711,0.1518755629658699
1054,0.373709333,1785042493.517758,150.70031237598968,167.67621710887138,97.0855144970119,11,-0.002172991109546274,1.4402600601315498,0.16252653067931533
1056,0.373709333,1785042493.944014,181.92022601783623,168.13842620853072,71.8321000225842,11,-0.000563035428058356,1.8998371288180351,0.17233278881758451
1058,0.373709333,1785042494.235948,148.63407456726293,167.45853359309328,101.1852088496089,12,-0.002243383147288114,1.6628901958465576,0.18789416085928679
1060,0.373709333,1785042494.49974,167.20058551925985,167.2277252007042,77.39124235510826,11,-0.005051809857832268,1.2763692773878574,0.17565438337624073
1062,0.373709333,1785042494.784866,151.98368594853642,166.76443050904544,99.72447822894901,13,-0.0013849905226379633,0.8092590309679508,0.13065937953069806
1064,0.373709333,1785042495.046339,158.62002924628615,166.93798911205505,95.72085216268897,12,-0.0018885702884290367,1.777800865471363,0.17643664125353098
1066,0.373709333,1785042495.308309,171.99409210160752,167.62338742308552,86.08696855977178,13,-0.002057178455288522,1.066108901053667,0.18475113157182932
1068,0.373709333,1785042495.5937421,162.86533620455214,168.18540244228606,97.20648967288435,10,-0.002163454861147329,1.5121772661805153,0.13071255199611187
1070,0.373709333,1785042495.8520892,166.36208499578723,168.0195379897624,80.22788536548615,12,-0.0022909932013135403,1.406569667160511,0.18670183047652245
1072,0.373709333,1785042496.113961,157.82481719121427,167.78841375923253,105.84368688985705,11,-0.0004966679189237766,2.7400908321142197,0.18564511183649302
1074,0.373709333,1785042496.429069,165.18415235992276,168.23865923691707,93.10119996219873,14,-0.0018600837793201208,1.3453618362545967,0.186546110548079
1076,0.373709333,1785042496.697076,164.4297619617086,168.1182856143965,95.85877846553922,13,-0.0016517758485861123,1.625512756407261,0.11875768704339862
1078,0.373709333,1785042496.981385,173.81669654945154,167.9877300551377,82.74263727664948,13,-0.002171815314795822,0.8965932205319405,0.18176649697124958
1080,0.373709333,1785042497.243526,168.30218557262938,167.58840482689098,100.12695624120533,9,-0.00259066722355783,2.660062052309513,0.17032528296113014
1082,0.373709333,1785042497.499358,178.53096549691963,167.74677954631414,80.537218041718,12,-0.002756258429144509,1.6285510957241058,0.232255008071661
1084,0.373709333,1785042497.784426,150.48982558600065,167.36176012693545,106.85114614665508,14,-0.0020542205311357975,0.9491404145956039,0.1486858851276338
1086,0.373709333,1785042498.084772,186.11946070926896,167.78387473764,68.38662073202431,11,-0.000918847945285961,1.1126401275396347,0.16408062353730202
1088,0.373709333,1785042498.343477,166.70555490190537,167.79796456667904,94.86845827102661,9,-0.004925831221044064,1.7606310546398163,0.19767150469124317
1090,0.373709333,1785042498.626745,160.60050118225388,167.11554055092736,92.88293190300465,12,-0.0029052039681118913,2.182834632694721,0.16993606742471457
1092,0.373709333,1785042498.8858151,166.14623826850803,167.57831442034615,83.81738669611514,13,-0.006777571456041187,2.1085580736398697,0.09971219580620527
1094,0.373709333,1785042499.1690738,161.00926465214505,167.3801140116097,85.57390529289842,13,-0.002100125595461577,1.4478515684604645,0.18063968606293201
1096,0.373709333,1785042499.4308858,149.08652128327128,167.23267801485807,100.04549501463771,14,-0.0016180161837837659,3.1762825548648834,0.18393633887171745
1098,0.373709333,1785042499.691495,140.5412979012055,166.25540243879942,113.23501753807068,11,-0.0011664129560813308,2.1206303611397743,0.12247306853532791
1100,0.373709333,1785042500.030024,150.63152312815987,166.02018548300623,99.40188022889197,12,-0.003085608856054023,1.0148263536393642,0.18242062628269196
1102,0.373709333,1785042500.295104,178.1002931689171,166.62707681466043,80.27424895018339,13,-0.0023914757184684277,1.160735160112381,0.19740171916782856
1104,0.373709333,1785042500.5537632,168.93513380326877,167.25673541672674,81.75771778076887,13,-0.001420898683136329,3.353099375963211,0.17534862644970417
1106,0.373709333,1785042500.8372018,159.2407938560877,166.8986221501097,101.76939404010773,13,-0.0023333669523708522,3.265685960650444,0.09359076246619225
1108,0.373709333,1785042501.098637,169.91744656965616,167.93744760757522,85.51666782796383,12,-0.004394760704599321,1.0128770172595978,0.11943598464131355
1110,0.373709333,1785042501.3838751,151.53647028113215,167.5501831617372,108.71908056735992,12,-0.0008322519133798778,2.0413587167859077,0.16210026759654284
1112,0.373709333,1785042501.641203,169.40643172505878,167.70122433075164,80.42827293649316,10,-0.0037130688288016245,0.705778094008565,0.23232794553041458
1114,0.373709333,1785042501.8993359,163.68735375517895,167.31156776702903,88.05740177258849,13,-0.0035535558563424274,1.3396943658590317,0.20633302722126245
1116,0.373709333,1785042502.21167,160.95072008759396,166.8324844817732,100.2292749863118,12,-0.0017119096301030368,0.9352895393967628,0.1473720371723175
1118,0.373709333,1785042502.4693508,146.98020340491328,165.7458789972576,105.29725290834904,12,-0.002244318136945367,1.207010231912136,0.11829073401167989
1120,0.373709333,1785042502.728241,177.9388699441823,166.4077868499372,80.87318268045783,14,0.0008530844934284687,1.9739509150385857,0.22685103956609964
1122,0.373709333,1785042503.0116491,153.67037184123836,166.6588900109792,98.61556572839618,14,-0.001801326172426343,1.4096335247159004,0.20567372348159552
1124,0.373709333,1785042503.270549,158.54134213809294,165.74083635540632,100.49918901361525,12,-0.001339144364465028,1.3985212408006191,0.09046908374875784
1126,0.373709333,1785042503.550943,162.64653308415083,165.65068959072153,97.18206894770265,13,7.284036837518215e-05,3.3445424884557724,0.14972358057275414
1128,0.373709333,1785042503.81121,172.77235077329354,165.36905695916906,79.8580189011991,12,-0.002049898525001481,1.7155720442533493,0.2039295295253396
1130,0.373709333,1785042504.068928,183.19799518186147,165.63383056768984,75.01025340333581,13,-0.003675339976325631,1.408480130136013,0.14375178376212716
1132,0.373709333,1785042504.3851929,158.120210309407,165.21031399082224,93.10261940956116,16,-0.0024540191516280174,0.8242049068212509,0.1839399253949523
1134,0.373709333,1785042504.6549702,156.35287905040423,165.40478934181988,103.98840491101146,16,-0.003390308585949242,3.5500307828187943,0.1521199457347393
1136,0.373709333,1785042504.922155,179.4393179394054,164.99408188577144,87.56854890659451,15,-0.003631695406511426,1.9808286875486374,0.18565344251692295
1138,0.373709333,1785042505.221118,183.71421159928593,165.40070094025634,69.95292264595628,12,-0.0024351092288270593,1.002682901918888,0.19182456471025944
1140,0.373709333,1785042505.488278,174.63313314606958,165.59261673252993,83.43194936215878,14,-0.002310408861376345,1.4399124681949615,0.17772166058421135
1142,0.373709333,1785042505.776174,168.700945084626,165.3287507724236,86.98992569372058,11,-0.002267435469548218,0.5054116621613503,0.12256097514182329
1144,0.373709333,1785042506.040394,173.97524288957842,165.86795698379348,89.2176332063973,9,-0.002488542115315795,1.063484650105238,0.2048128992319107
1146,0.373709333,1785042506.302361,165.90159851504617,166.03126305799958,84.59901739656925,13,-0.002736558730248362,0.8675677590072155,0.196773000061512
1148,0.373709333,1785042506.622041,150.8740597247381,166.20957533716134,113.8109626956284,14,-0.002140975062502548,2.040463052690029,0.11243199510499835
1150,0.373709333,1785042506.889409,175.545479329917,166.9243180343096,78.12458775937557,12,-0.003831391193671152,0.43240196630358696,0.1726445173844695
1152,0.373709333,1785042507.1567318,164.72091877848928,166.227218680773,83.63772918377072,12,-0.0065094479359686375,1.3040163926780224,0.19244463834911585
1154,0.373709333,1785042507.447833,159.57056394273786,166.01904783153716,90.49850006587803,12,-0.004213862877804786,1.6475765705108643,0.18499123118817806
1156,0.373709333,1785042507.713622,177.1787713800587,166.22784111675406,87.48519906774163,8,-0.0025552262231940404,1.2466817647218704,0.16819735150784254
1158,0.373709333,1785042507.996999,172.9336315676765,165.9461715956049,83.23621525615454,11,-0.0028844759799540043,0.4774970021098852,0.17408215953037143
1160,0.373709333,1785042508.254842,171.21570613044577,166.62503939024901,79.91861877031624,11,-0.0027835721120936796,0.5850653983652592,0.19197034370154142
1162,0.373709333,1785042508.516669,174.61656817882547,166.89351025714063,83.27849635854363,12,-0.003460674255620688,2.0008322820067406,0.15998306311666965
1164,0.373709333,1785042508.835194,165.7356465168644,166.90601240850216,91.01717160269618,12,-0.001643626659642905,0.8041464239358902,0.10991821112111211
1166,0.373709333,1785042509.096843,185.27711592496615,167.37992904618739,76.18552291020751,10,-0.003071864601224661,2.1062013506889343,0.19742893241345882
1168,0.373709333,1785042509.364827,171.61561370008596,168.50261115567727,83.25095585547388,13,-0.0035998470266349614,1.8181885480880737,0.23188233748078346
1170,0.373709333,1785042509.653518,161.77477012464578,168.00846943461434,94.96035703644156,14,-0.0034908678208012134,1.6711489483714104,0.24409339018166065
1172,0.373709333,1785042509.920966,160.81326457693717,167.78319823639032,92.48230379074812,11,-0.003906930753146298,1.2425679676234722,0.11669581802561879
1174,0.373709333,1785042510.207288,176.02672433519476,168.87130385433778,84.60762168467045,13,-0.0017398203199263662,1.2889122068881989,0.1543215522542596
1176,0.373709333,1785042510.468221,168.9327487418801,168.85984352693401,87.96485707163811,11,-0.0017216930573340505,2.9213220179080963,0.16985036805272102
1178,0.373709333,1785042510.773953,172.11435489024572,168.868405837427,84.5685276389122,14,-0.002743533957982436,1.5577922873198986,0.1851529087871313
1180,0.373709333,1785042511.1285288,187.1601614777028,168.9047765773785,72.2152211740613,13,-0.0025413198163732886,1.3559985607862473,0.19565742183476686
1182,0.373709333,1785042511.413013,164.583657695592,168.68091248605265,94.41423110663891,10,-0.006161411409266293,1.0333518609404564,0.10695011215284467
1184,0.373709333,1785042511.693931,182.16115700880624,168.78538588025512,81.42717081308365,9,-0.0017762579955160618,3.1518368422985077,0.17457766365259886
1186,0.373709333,1785042512.043066,179.00190648964963,169.18355190807827,73.65492215566337,13,-0.0019961101934313774,1.3782570213079453,0.2217679275199771
1188,0.373709333,1785042512.3132942,169.2454243989078,168.6780382278083,96.47742498666048,13,0.0004301315639168024,1.44639415666461,0.11814067512750626
1190,0.373709333,1785042512.6127858,163.13155834531955,168.5546044271763,91.4164300460834,11,-0.002856449456885457,2.4257080405950546,0.15066001936793327
1192,0.373709333,1785042512.886538,184.19676481217653,169.1533765877324,72.79882382974029,10,-0.0012120356113882735,0.9420225396752357,0.17402642965316772
1194,0.373709333,1785042513.160757,174.7716915245668,168.96466598771573,82.20702757872641,12,-0.004213163279928267,0.750589057803154,0.20124089065939188
1196,0.373709333,1785042513.456419,176.37618847567356,168.83559352812054,79.48996470496058,12,-0.0013517000479623675,1.7532029673457146,0.15527127031236887
1198,0.373709333,1785042513.751831,175.17935030490295,169.42555308545886,85.78714814409614,13,-0.0011727676028385758,2.566012054681778,0.12087285332381725
1200,0.373709333,1785042514.401417,194.18617805454537,169.6856796453036,60.40091986488551,11,-0.0031895056454231963,1.5564255341887474,0.19445754308253527
1202,0.373709333,1785042514.7099981,153.7921705190755,169.80746583243126,96.87397715449333,13,-0.0015298121143132448,1.6807487830519676,0.19061968848109245
1204,0.373709333,1785042514.9771142,157.40013232085377,169.52949069361773,91.33744392544031,10,-0.0012635606108233333,1.1216950863599777,0.08583251759409904
1206,0.373709333,1785042515.264608,169.68805124861348,169.45066718136903,90.9184523448348,11,-0.0009743057889863849,3.239211305975914,0.1495671970769763
1208,0.373709333,1785042515.5265942,185.63962538199354,169.87495922797126,78.8642137683928,9,-0.0023344953660853207,1.4305442236363888,0.2106602005660534
1210,0.373709333,1785042515.843949,166.6124887214904,169.5811525875119,86.99869636073709,13,-0.004626507521606982,1.0203351229429245,0.20317547675222158
1212,0.373709333,1785042516.320008,181.8218859401029,169.71868175703628,70.55745830014348,12,-0.0015039619320305064,1.0159501358866692,0.16900527942925692
1214,0.373709333,1785042516.587862,166.17896359518528,169.77507059724948,93.58632181212306,11,-0.0011517662205733359,3.113317519426346,0.12109378213062882
1216,0.373709333,1785042516.850832,161.67463684659324,169.42108532057432,88.41521520540118,13,-0.0032473204119014554,1.461745724081993,0.20804506354033947
1218,0.373709333,1785042517.1362,175.13974201076488,169.3578521003806,75.05666712671518,11,-0.0012747236905852333,1.3040266260504723,0.21732014045119286
1220,0.373709333,1785042517.39955,154.16004341811276,168.9007248990916,93.62402047216892,13,-0.000542067748028785,2.0404136665165424,0.12431385461241007
1222,0.373709333,1785042517.686091,170.00476786699295,169.24601490164648,88.1082003377378,13,-0.0018554169218987226,1.6339696571230888,0.16935240849852562
1224,0.373709333,1785042517.946341,162.1963988650937,168.79993428853606,82.80619904771447,11,-0.0016895957960514352,1.8429972529411316,0.2225865600630641
1226,0.373709333,1785042518.2067468,170.39257355499936,168.72465743456513,81.50533034652472,13,-0.001921739982208237,2.8977958634495735,0.20326469372957945
1228,0.373709333,1785042518.493539,160.41000217516697,168.8099909655438,95.185532130301,14,-0.0017696155482553877,1.0023371800780296,0.1569803045131266
1230,0.373709333,1785042518.756778,158.98822787283473,168.65519922037376,94.55864380672574,11,-0.002563915797509253,1.003960594534874,0.15573963802307844
1232,0.373709333,1785042519.0201821,155.36668619724307,168.62006897836736,99.61964572966099,13,-0.001820638426579535,1.5850315913558006,0.15249826991930604
1234,0.373709333,1785042519.304977,179.15766281735182,168.83077186895704,77.17320408858359,14,0.00036524434108287096,1.410452350974083,0.18839088920503855
1236,0.373709333,1785042519.622012,159.64072801475885,168.37924380837433,95.0657690372318,15,-0.0019501492060953751,2.009098745882511,0.15622342145070434
1238,0.373709333,1785042520.137742,186.48289080943272,168.28465855365056,80.24982912279665,15,-0.0010573312174528837,3.47763392329216,0.15412812493741512
1240,0.373709333,1785042520.427957,179.375604023341,168.57137283323758,75.06463346257806,12,-0.0023194588720798492,1.4464411064982414,0.22746874205768108
1242,0.373709333,1785042520.7176452,171.11360019518204,168.04839960070439,90.72878305613995,11,-0.003102398943156004,3.1579542607069016,0.1497201407328248
1244,0.373709333,1785042521.291442,182.37898712646034,168.37363267980453,73.02743456885219,12,-0.002286485061631538,0.6945104263722897,0.21120057255029678
1246,0.373709333,1785042521.5515158,172.44166630982807,168.4265149348672,82.1937352605164,12,-0.0024134966224664822,0.8095908239483833,0.20129955187439919
1248,0.373709333,1785042521.810231,161.72048909298286,167.9388505700407,90.93525268696249,13,-0.0018961266614496708,1.1971207559108734,0.21250655967742205
1250,0.373709333,1785042522.477538,175.94716734727905,167.88667663513982,81.1811989992857,12,-0.0036526487674564123,0.9699504636228085,0.22144510969519615
1252,0.373709333,1785042522.759247,179.62646769472695,168.16890947970987,81.76416376233101,13,-0.001434569014236331,1.8800444304943085,0.13609198154881597
1254,0.373709333,1785042523.049356,157.61751374421868,168.61376509332354,103.71321118995547,12,-0.002620184124680236,2.0519821271300316,0.15349057922139764
1256,0.373709333,1785042523.336294,182.71701827642937,168.8350917423808,71.0071035400033,10,-0.0011864288826473057,1.1642629392445087,0.21637250110507011
1258,0.373709333,1785042523.5953112,177.1631892054341,168.69038757349463,81.82276472076774,11,-0.002142788842320442,2.084445782005787,0.1285801944322884
1260,0.373709333,1785042523.871583,158.1867260585044,168.62326880893804,95.77618347853422,12,-0.0019788614299613982,1.7686335146427155,0.19632801972329617
1262,0.373709333,1785042524.1255639,186.62757810979423,168.4478364300312,75.2088367883116,11,-0.0015231131110340357,1.161290556192398,0.14685094729065895
1264,0.373709333,1785042524.378606,181.9312150087624,168.8288254643165,72.72459402307868,12,-0.0020503768464550376,2.0254238173365593,0.19765689596533775
1266,0.373709333,1785042524.672728,159.14487216991364,168.68806422165383,98.37600527703762,12,-0.0011578224366530776,1.6595524996519089,0.13708657585084438
1268,0.373709333,1785042524.9282079,169.50412709422653,168.57752092350785,88.59027924388647,10,-0.0014988173788879067,1.4713191762566566,0.1671502823010087
1270,0.373709333,1785042525.210495,182.91090660782388,169.06313195015184,74.11545545607805,10,-0.0013774907565675676,0.793892128393054,0.16851738933473825
1272,0.373709333,1785042525.4634619,164.38711890907305,168.87984852599527,90.67493892461061,10,-0.00034825487819034606,1.6432241722941399,0.19969829358160496
1274,0.373709333,1785042525.7510982,162.73950705943943,168.93712102240704,97.26862889528275,14,-0.001596319954842329,1.5126391276717186,0.08278098329901695
1276,0.373709333,1785042526.0296488,182.9530690857425,169.3735353026282,71.97693048603833,11,-0.0018716113991104066,1.6130418330430984,0.21481757145375013
1278,0.373709333,1785042526.281954,177.71603341317086,169.8295125910403,78.87532272562385,10,-0.002755820387392305,1.7868946492671967,0.18442435283213854
1280,0.373709333,1785042526.532932,153.3021296923973,169.57364043600236,92.04783391393721,13,-0.002382074948400259,1.8209620416164398,0.2060053339228034
1282,0.373709333,1785042526.8418381,159.17124652796664,169.3982659172239,95.15273990482092,14,-0.0018073714745696634,1.1937194354832172,0.16586511908099055
1284,0.373709333,1785042527.095339,125.00833670628668,168.28526898932822,138.65669771656394,17,-0.0015194281149888411,2.8525937646627426,0.15846135094761848
1286,0.373709333,1785042527.373868,170.33617184597318,168.56196558613,95.00100529193878,12,-0.0007687471807003021,2.2852876111865044,0.17475696559995413
1288,0.373709333,1785042527.677723,186.8767996739485,168.98634768947144,74.47922572307289,10,-0.0025729311746545136,1.1527530401945114,0.20655975677073002
1290,0.373709333,1785042527.9300532,171.83666607921086,169.1685557421271,79.35574678331614,12,-0.001775479642674327,1.942627165466547,0.19277144316583872
1292,0.373709333,1785042528.208695,167.167882553289,169.17087457477112,89.15337178483605,13,-0.0025998210621764883,2.1018835306167603,0.21708186995238066
1294,0.373709333,1785042528.543596,180.29120484635973,168.88214031522253,74.7437919229269,11,-0.0017754816290107556,1.912790983915329,0.15957966446876526
1296,0.373709333,1785042528.798315,191.62348959725173,169.5695083910987,71.30601398646832,10,-0.004247987002599984,1.2507485672831535,0.2155263712629676
1298,0.373709333,1785042529.4569228,194.39678376899116,170.52108286448478,63.67481072060764,12,-0.0022322577860904858,0.7649492807686329,0.22157888300716877
1300,0.373709333,1785042529.769931,170.33002059450325,170.36067862733023,89.07669506967068,10,-0.0021079113939777017,0.9683017022907734,0.16987773030996323
1302,0.373709333,1785042530.048967,187.18615021377934,170.69033408602832,79.37885988131166,10,-0.002386535081313923,1.3113361112773418,0.15858948230743408
1304,0.373709333,1785042530.3029828,180.38964941177298,170.87059806416062,82.26367461122572,10,-0.0031940795306582004,1.6323238834738731,0.2104628486558795
1306,0.373709333,1785042530.589866,168.39927782126202,170.68140112774813,84.9110567830503,11,-0.002695514151128009,1.1308333240449429,0.14068036153912544
1308,0.373709333,1785042530.8684852,161.54760752374432,170.3888696834179,83.63375142775476,13,-0.0003509811358526349,1.1882511787116528,0.1458602538332343
1310,0.373709333,1785042531.123248,172.0687885794107,170.64586676548947,83.81138786673546,13,-0.001670238678343594,0.6408366058021784,0.17283605970442295
1312,0.373709333,1785042531.405396,152.30597350852779,170.1075032325511,97.88645234331489,13,-0.0002525153468013741,3.4197205305099487,0.10863944236189127
1314,0.373709333,1785042531.6814048,165.98029311080427,169.91354916067422,91.56742545217276,13,-0.0015509181612287648,2.0076209902763367,0.11390082444995642
1316,0.373709333,1785042531.939486,164.56224020510015,170.35577864500613,84.39112194254994,14,-0.0025083194341277704,1.819004975259304,0.19571565464138985
1318,0.373709333,1785042532.26295,156.42258481536138,170.22798435453234,99.64767176657915,11,-0.0008810034487396479,1.6481351479887962,0.09207536559551954
1320,0.373709333,1785042532.519996,189.5739736167281,170.64824168053138,75.75121711008251,11,-0.0019306694157421589,1.333419319242239,0.19945399928838015
1322,0.373709333,1785042532.777513,176.56345551182883,170.72779407304435,79.11176179349422,12,-0.002996670315042138,0.919150535017252,0.21116335038095713
1324,0.373709333,1785042533.1316748,163.58709170610814,170.73777153811355,96.13885180652142,12,-0.0015277631464414299,1.1335075534880161,0.13596487184986472
1326,0.373709333,1785042533.387896,174.6119980157988,170.52281513394502,83.7670621369034,12,-0.0017025447596097365,1.9856136366724968,0.17514870828017592
1328,0.373709333,1785042533.6421099,188.77308962533047,170.7820881374183,69.08916755020618,11,-0.00298380758613348,1.8092476278543472,0.24092813022434711
1330,0.373709333,1785042533.957025,165.43336298763512,170.81521854679175,90.91617783904076,9,-0.001590959494933486,1.428967397660017,0.17801520135253668
1332,0.373709333,1785042534.2083461,173.33015476326463,171.44374041625582,79.77063394710422,12,-0.0014904375129844993,1.6557679176330566,0.12271614279597998
1334,0.373709333,1785042534.486358,168.10703580583524,172.26729255025532,91.40352930128574,13,-0.001301028998568654,1.832572028040886,0.13387838331982493
1336,0.373709333,1785042534.7732859,160.70405106552644,172.06816059935488,94.68519920296967,13,-0.0013204887800384313,1.4750680476427078,0.12086163414642215
1338,0.373709333,1785042535.027904,165.7631954676353,171.76594160552176,93.76806522533298,12,-0.002122642705217004,1.1365413144230843,0.20498105324804783
1340,0.373709333,1785042535.3039832,148.5790900597998,171.2498075417643,104.2624977864325,11,-0.0011283754938631319,1.5482907742261887,0.10268799681216478
1342,0.373709333,1785042535.5899231,167.39967680279887,171.58388569798993,96.33401794731617,14,-0.0015986559446901083,2.154024712741375,0.17102357232943177
1344,0.373709333,1785042535.845044,174.03386371590418,171.22592869168736,81.03157504275441,12,-0.006234471220523119,2.8539298325777054,0.15648010652512312
1346,0.373709333,1785042536.12397,162.9600048472937,170.07263774452437,86.23339685797691,12,-0.0021640998020302504,0.825720626860857,0.16529520135372877
1348,0.373709333,1785042536.37781,175.28907624001744,169.82513925953387,76.00913744792342,12,-0.0018398746906314045,1.1488135308027267,0.16010404005646706
1350,0.373709333,1785042536.690742,163.2762743449239,169.81919335978847,97.76993514411151,13,-0.0014322538627311587,2.547635145485401,0.08153941156342626
1352,0.373709333,1785042536.943576,178.1778315386774,169.18592748978247,81.66168055124581,12,-0.0034006554924417287,2.2613341882824898,0.1773137440904975
1354,0.373709333,1785042537.200861,170.48717175713202,168.91277234652236,81.82468397542834,14,-0.004421735357027501,0.8565492704510689,0.20596152171492577
1356,0.373709333,1785042537.49005,169.41171425862467,168.87158611457133,80.07286459952593,13,-0.0015984832716640085,1.1972259543836117,0.14611977525055408
1358,0.373709333,1785042537.746591,159.59675506014628,168.7078902637068,87.66832186002284,13,-0.002008221228606999,1.986104041337967,0.17170872911810875
1360,0.373709333,1785042538.0299132,174.3089272686233,168.15262624177015,80.15110099874437,13,-0.0028687671292573214,3.5600375682115555,0.1969915833324194
1362,0.373709333,1785042538.307413,173.95637020237592,168.41477430760034,78.7213320992887,12,-0.001197018485981971,0.8842522613704205,0.13864444522187114
1364,0.373709333,1785042538.560826,165.21456366059195,168.55813090545314,93.53490691725165,11,-0.0026578812394291162,1.9107496067881584,0.18694646749645472
1366,0.373709333,1785042538.872996,160.6658456359593,168.1563448852464,102.77480349503458,15,-0.003060245333472267,2.905306078493595,0.15167346689850092
1368,0.373709333,1785042539.129836,176.5788160621308,168.76082770173056,75.99971882998943,9,-0.0024561338359490037,0.7738286480307579,0.19846186507493258
1370,0.373709333,1785042539.3826618,164.51930267275836,168.09244505303704,86.69850743561983,10,-0.0019325821194797754,0.8645728714764118,0.1731897247955203
1372,0.373709333,1785042539.697379,173.26838093592053,168.40923327884485,77.98064072988927,13,-0.0023355218581855297,1.5200409069657326,0.17287951242178679
1374,0.373709333,1785042539.951935,172.08677879265701,168.31880585553503,86.03599389642477,11,-0.0014639333821833134,2.2167760506272316,0.12049273145385087
1376,0.373709333,1785042540.206997,165.5560285298584,168.19469407978326,82.78593873605132,11,-0.004559989392873831,0.871043000370264,0.22002180200070143
1378,0.373709333,1785042540.515517,175.79180657568196,167.46376093657204,85.05197145044804,11,-0.0017349660047329962,1.5457067713141441,0.18498056288808584
1380,0.373709333,1785042540.771283,168.00416614798144,167.6862687535955,98.0073414966464,10,-0.0014068259624764323,1.0312566496431828,0.10703982319682837
1382,0.373709333,1785042541.046217,142.01001131590823,166.9089863058701,113.36732309870422,15,-0.0013062988873571157,2.952340841293335,0.08052923576906323
1384,0.373709333,1785042541.331807,183.453406876171,167.25007745375058,73.28872812050395,12,-0.0019349721551407129,1.6217112690210342,0.17342307418584824
1386,0.373709333,1785042541.589298,174.04360647386616,167.57740141280658,83.62253008410335,11,-0.0029382002539932728,1.9316547363996506,0.1625095922499895
1388,0.373709333,1785042541.906553,173.43535114634903,167.58601356565015,83.27367256581783,11,-0.0015947078354656696,1.1097204610705376,0.1732242964208126
1390,0.373709333,1785042542.200011,154.05595304871161,167.28638965463102,102.56778413057327,15,-0.002621126208396163,1.7468577101826668,0.12774722697213292
1392,0.373709333,1785042542.4539049,163.79044757867456,166.7346534000091,85.48527926206589,12,-0.0018709365976974368,1.8568341508507729,0.2085945475846529
1394,0.373709333,1785042542.730453,150.38942073516228,166.75436166965548,107.5323975160718,12,-0.0011253131669946015,1.869676060974598,0.14927351893857121
1396,0.373709333,1785042543.017641,176.3188938939586,167.19240098346268,76.17333136312664,12,-0.0010320755463908426,1.2292062863707542,0.14189687930047512
1398,0.373709333,1785042543.297515,162.62854134552643,166.51259864046474,96.65486629679799,13,-0.001965644769370556,1.129099141806364,0.14882535906508565
1400,0.373709333,1785042543.55197,176.55869357032378,166.153565545125,78.18719458952546,10,-0.0015214086743071675,1.5197953581809998,0.18594480585306883
1402,0.373709333,1785042543.876083,163.66823135174096,166.22961823325357,92.76241777651012,12,-0.002022421220317483,1.4836145862936974,0.18011202290654182
1404,0.373709333,1785042544.154903,178.61353036915813,166.5838492920193,75.74033353105187,13,-0.001907614408992231,1.8548726737499237,0.14804373402148485
1406,0.373709333,1785042544.437272,189.63807213009602,166.6783671151485,67.01322036422789,12,-0.0022214626660570502,1.1984948255121708,0.13931444892659783
1408,0.373709333,1785042544.732926,173.768347226054,166.97203322450844,87.58446137979627,12,-0.00255754915997386,1.4535363987088203,0.11765929032117128
1410,0.373709333,1785042545.0300548,155.57791967675567,167.38476327527778,108.78616196662188,12,-0.0023163374280557036,4.372201845049858,0.16314280219376087
1412,0.373709333,1785042545.285515,183.41070817185252,167.55955012108032,71.87027231603861,12,-0.006281600333750248,1.1200160421431065,0.13697665045037866
1414,0.373709333,1785042545.595813,172.116027929943,167.75314579582584,82.39654577337205,13,-0.0020844716345891356,1.4324273616075516,0.15638887882232666
1416,0.373709333,1785042545.848438,175.76962399632177,168.04506613098053,82.12515160813928,10,-0.002061937819235027,1.0409606993198395,0.12354497238993645
1418,0.373709333,1785042546.101213,179.76554569461362,168.01792211730609,73.48629153519869,11,-0.0023637404665350914,1.2597936540842056,0.21766444575041533
1420,0.373709333,1785042546.41274,180.1999016893252,168.51452744878944,84.1504161991179,9,-0.0013879154139431193,0.44002627208828926,0.15917231841012836
1422,0.373709333,1785042546.668104,165.60017648569158,168.33816233230363,84.97435844969004,14,-0.001846414859755896,2.0395550280809402,0.1128057730384171
1424,0.373709333,1785042546.920526,170.8600943693245,168.56674770907864,85.57642032578588,9,-0.0012635264938580804,0.9596783556044102,0.14984139380976558
1426,0.373709333,1785042547.201632,157.08945947585772,168.55160657499212,92.28838144801557,12,-0.0028413033214746974,0.7108792718499899,0.16078079817816615
1428,0.373709333,1785042547.470247,165.18845540848275,168.59859090107744,92.96847070753574,13,-0.0023510512546636164,2.321552149951458,0.14841901417821646
1430,0.373709333,1785042547.7481961,186.0822441649849,168.64345487986856,70.65150543302298,12,-0.000639287056401372,1.1575639136135578,0.09990555280819535
1432,0.373709333,1785042548.0296261,177.53756507984187,169.47416880577632,76.13186400197446,12,-0.0025925487861968577,0.9936441443860531,0.1684159324504435
1434,0.373709333,1785042548.286287,167.16335135088386,169.24590619100167,83.02930565085262,15,-0.0014726626686751842,0.8793758321553469,0.13285703491419554
1436,0.373709333,1785042548.565875,185.48878457754688,169.29221447659256,71.86469494365156,12,-0.00030120444716885686,1.353552009910345,0.18523916509002447
1438,0.373709333,1785042548.82206,168.9264910726117,168.964164844378,90.7618670873344,9,-0.002508241683244705,1.392872091382742,0.15110728004947305
1440,0.373709333,1785042549.090379,159.79838208554827,169.50272987854922,91.21642781607807,11,-0.0020150241907685995,0.9517596252262592,0.20262022595852613
1442,0.373709333,1785042549.366335,178.45409361534675,169.9168037716514,80.91795793175697,11,-0.00238814132171683,0.5971721354871988,0.20126970205456018
1444,0.373709333,1785042549.652046,174.84905048955386,170.25770125515487,81.9871631115675,13,-0.00028196680796099827,1.88295466452837,0.09294092538766563
1446,0.373709333,1785042549.928565,165.12133911972046,170.12684775538372,86.26152718253434,9,-0.0018686472321860492,0.528240280225873,0.1294709350913763
1448,0.373709333,1785042550.181909,157.96210050371337,170.43778088822984,91.3993989340961,13,-0.0032695490517653525,0.5664438828825951,0.17446997947990894
1450,0.373709333,1785042550.466064,178.0273145816906,170.27308071358675,80.04535492882133,10,-0.0011305491789244115,1.334474340081215,0.07956205843947828
1452,0.373709333,1785042550.741041,182.3248840387211,170.77374817252934,66.96629032492638,12,-0.001315753674134612,0.9275968316942453,0.1699353465810418
1454,0.373709333,1785042550.9958909,178.45262124763062,171.17234602257196,77.89488034695387,10,-0.002023584092967212,0.608128160238266,0.13499016594141722
1456,0.373709333,1785042551.28159,149.11121839831404,170.40711449761469,102.7412096913904,13,-0.0016261801938526332,1.839840941131115,0.13129891781136394
1458,0.373709333,1785042551.572961,177.48846290996238,170.7588962161659,79.50051793456078,12,-0.0017721429467201233,1.6287206262350082,0.18047240655869246
1460,0.373709333,1785042551.827378,163.59331866783728,170.90057446739445,88.17171251401305,11,-0.0026607158361002803,1.0799223333597183,0.15434100897982717
1462,0.373709333,1785042552.144381,178.87366862160576,170.91395268591336,81.68453117832541,10,-0.0019100544304819778,2.051126629114151,0.14727940317243338
1464,0.373709333,1785042552.400324,182.33853648134198,171.12177765013766,75.94776926375926,11,-0.0017923896084539592,1.227977715432644,0.17954301927238703
1466,0.373709333,1785042552.656621,171.52284348611053,171.26609072887916,89.25068289041519,11,-0.0026578318793326616,1.1252960488200188,0.2165459357202053
1468,0.373709333,1785042552.966049,171.98871172207154,170.93403403883596,90.97163786366582,10,-0.0013203112757764757,0.5387969557195902,0.16405622754245996
1470,0.373709333,1785042553.227027,171.3878537076057,170.51914782637036,84.23914312571287,11,-0.0018345997668802738,0.8281861841678619,0.13068348914384842
1472,0.373709333,1785042553.4814458,172.95816678429588,170.32699585779068,80.18544428236783,14,-0.0015906734624877572,1.378573790192604,0.12793583795428276
1474,0.373709333,1785042553.793239,169.3255189915923,170.31891248161247,88.04753990285099,11,-0.002721476834267378,1.6731302663683891,0.20590592827647924
1476,0.373709333,1785042554.0443509,180.50928926492637,170.9206104747097,78.87296785414219,10,-0.001594391738763079,0.9019954353570938,0.17767431680113077
1478,0.373709333,1785042554.329074,170.44005475650675,171.04747507495387,79.374979166314,11,-0.001034831366268918,0.342785507440567,0.14155619218945503
1480,0.373709333,1785042554.620946,167.38669133629352,170.6393332008837,88.40208343043923,14,-0.0017702036420814693,1.8662171587347984,0.16260819137096405
1482,0.373709333,1785042554.877129,142.65315911653178,169.7547168709044,107.5518620274961,16,-0.0017345737433061004,3.131892666220665,0.18032850045710802
1484,0.373709333,1785042555.158321,147.71599338722132,169.39345455732763,101.7418472841382,13,-0.001590011059306562,1.2448149025440216,0.17579036112874746
1486,0.373709333,1785042555.439929,161.60046732165193,168.53546124047173,99.1374978646636,13,-0.0024160498869605362,1.061921838670969,0.15662600984796882
1488,0.373709333,1785042555.692327,177.73811083878633,168.85470372556046,76.21714124456048,11,-0.0018319777445867658,1.4789643697440624,0.16137173119932413
1490,0.373709333,1785042555.968128,177.25888665280308,169.06766840035422,86.21574435848743,13,-0.001276052207686007,1.7513811960816383,0.13673360459506512
1492,0.373709333,1785042556.259694,186.9514235994363,169.21373376020878,74.90062160417438,11,-0.0013632220798172057,1.6649662405252457,0.1552631431259215
1494,0.373709333,1785042556.6274729,176.7238308569747,169.05199050760683,73.09576113894582,11,-0.001984176371479407,1.4145068526268005,0.09306005295366049
1496,0.373709333,1785042556.881611,134.44909643534797,168.56872063292099,119.86852630227804,12,-0.0009293834518757649,1.6596015617251396,0.12237136950716376
1498,0.373709333,1785042557.1814778,166.86638240298274,168.66503822969418,95.044836435467,11,-0.0015355365176219493,2.317839093506336,0.17677690088748932
1500,0.373709333,1785042557.8164759,172.9822865892153,169.24284680153963,86.71244259178638,10,-0.0027189531247131526,0.3024795614182949,0.15151057485491037
1502,0.373709333,1785042558.0989041,179.3647670351717,169.36142849219,74.58440144732594,11,-0.0029029379365965724,1.107208151370287,0.19215482007712126
1504,0.373709333,1785042558.3838542,167.5887185822881,169.0662525069177,81.8179632909596,12,-0.002484280412318185,1.2149181813001633,0.21003481466323137
1506,0.373709333,1785042558.6648178,173.14045621194663,169.31828581996393,85.05688560940325,11,-0.0028634490590775385,1.3584026619791985,0.16071491781622171
1508,0.373709333,1785042558.922051,173.0524631186751,169.01434703646214,79.55763709545135,12,-0.003888166887918487,2.686861962080002,0.1572367986664176
1510,0.373709333,1785042559.200453,185.3630449031359,168.93118661301068,73.4227604791522,12,-0.0016847586666699499,0.6678140833973885,0.17115133069455624
1512,0.373709333,1785042559.493218,157.24358318310914,168.527188574538,98.9159389026463,15,-0.0016277098329737782,2.0227291136980057,0.13348423596471548
1514,0.373709333,1785042559.748669,165.63137755588897,168.1998196505855,88.65086076036096,15,-0.002030087838647887,0.6703997850418091,0.1801643967628479
1516,0.373709333,1785042560.0258088,186.11486199318358,168.31029392091824,68.96782530471683,12,-0.001358195615466684,1.4740753471851349,0.12690725596621633
1518,0.373709333,1785042560.341543,169.55284701163055,168.1831323225567,76.36004799045622,13,-0.0019072768627665937,0.8154256790876389,0.19058422651141882
1520,0.373709333,1785042560.596979,172.86017929810797,168.47507014311793,76.05549989640713,13,-0.0023916706268209964,1.6737525314092636,0.19429306592792273
1522,0.373709333,1785042560.909834,174.5189424468885,168.55423930313333,84.25997477769852,11,-0.0019851675897371024,2.413990341126919,0.19502787105739117
1524,0.373709333,1785042561.166039,156.7179008080603,168.13923039863937,105.23051508516073,16,-0.0020654755826399196,1.7380952462553978,0.06707042432390153
1526,0.373709333,1785042561.443987,160.84611473184424,167.5117285664328,87.54218761995435,16,-0.0015009374401415698,1.623126044869423,0.1255942853167653
1528,0.373709333,1785042561.731661,147.60194696993597,167.1961314588139,105.35449303500354,12,-0.0023760333424434066,1.0548494681715965,0.18318637367337942
1530,0.373709333,1785042561.9894242,149.0766309213366,166.86845850800196,103.44466231763363,14,-0.0022195983910933137,1.0928426943719387,0.1909318808466196
1532,0.373709333,1785042562.266423,173.92013295578167,167.67945133920125,80.91974380612373,12,-0.0033380185486748815,0.6530064325779676,0.15063487505540252
1534,0.373709333,1785042562.5511,182.27547938904718,168.46479760947346,72.06394354999065,13,-0.0016200272657442838,0.4982024356722832,0.17202888103201985
1536,0.373709333,1785042562.8072488,143.33663746898895,168.8266690456869,109.50501505844295,14,-0.001994282240048051,1.7407288029789925,0.18064713012427092
1538,0.373709333,1785042563.084269,157.42686129263967,168.7587587961277,101.11094481870532,14,-0.0009669276478234679,1.681917741894722,0.1218450996093452
1540,0.373709333,1785042563.374038,163.59138574138575,168.58791791043416,89.61482333391905,16,-0.0021318160579539835,1.3571379967033863,0.16679173335433006
1542,0.373709333,1785042563.655348,167.64864318444947,168.27659360988778,88.09297411888838,12,-0.0021034539095126092,0.7884372100234032,0.16209194716066122
1544,0.373709333,1785042563.908659,187.41998164059427,168.82955605200345,67.25737316533923,10,-0.0020613016677089036,1.086502194404602,0.2090472001582384
1546,0.373709333,1785042564.191523,157.91777465129266,169.4397841790344,87.36196862906218,11,-0.0014174841344356537,1.256727833300829,0.16940265614539385
1548,0.373709333,1785042564.471186,177.03519936544893,169.5465567546854,77.59467808715999,10,-0.0018604069628054276,1.4064273200929165,0.16851086635142565
1550,0.373709333,1785042564.7270038,170.16886218012436,169.22069796703414,81.0675075724721,11,-0.0019359085708856583,0.7843821607530117,0.15701298601925373
1552,0.373709333,1785042565.010348,175.9212790002766,168.9626315975881,79.39395014196634,13,-0.0029499803204089403,1.197690550237894,0.20796799007803202
1554,0.373709333,1785042565.288741,173.03454416206992,169.05874873331763,77.82534395158291,11,-0.0029725154308835045,2.063811108469963,0.14109070086851716
1556,0.373709333,1785042565.5731032,152.372300929134,168.86316999415314,102.01483727805316,13,-0.001287329308979679,2.4329277500510216,0.12537490762770176
1558,0.373709333,1785042565.88378,158.76447985482187,168.57017200265997,93.04037820547819,13,-0.0011691107065416873,2.144421637058258,0.13005051901564002
1560,0.373709333,1785042566.139719,161.7564335152937,167.99846611612827,93.51679634489119,14,-0.0013245707377791405,1.7479186952114105,0.12415968952700496
1562,0.373709333,1785042566.3972301,155.0621763064658,167.80706052792445,105.47765637561679,12,-0.0020102158887311816,1.6591787040233612,0.15360841993242502
1564,0.373709333,1785042566.719197,159.0138779705442,167.63989841659858,102.7109903730452,13,-0.002907908405177295,1.985777661204338,0.1758644189685583
1566,0.373709333,1785042566.974829,160.9770463470008,167.13673232086057,93.13958274200559,14,-0.0017669199733063579,2.704765558242798,0.1043628454208374
1568,0.373709333,1785042567.2286851,168.23935489730084,167.140922115075,92.11442129686475,11,-0.004533786734100431,2.205501474440098,0.19218325149267912
1570,0.373709333,1785042567.54052,192.83452180133082,167.2951463188136,66.35631748661399,12,0.0003514401032589376,2.095826767385006,0.20018406864255667
1572,0.373709333,1785042567.792829,188.11180167152074,167.91587844249634,78.48045675456524,10,-0.0034358281118329614,1.5716299191117287,0.13027910981327295
1574,0.373709333,1785042568.417692,195.0525440540098,168.8269673738309,71.89831883832812,8,-0.001466824091039598,0.8212488573044538,0.16559463553130627
1576,0.373709333,1785042568.738403,177.74802418864792,169.12417750691972,86.37367539666593,13,-0.0018002025317400694,1.3977081179618835,0.1695764809846878
1578,0.373709333,1785042568.995233,173.12256999856365,169.54847769395204,82.9755335059017,13,-0.0022521304490510374,1.2356807887554169,0.1481697717681527
1580,0.373709333,1785042569.333942,148.49066035971234,169.79788647126207,102.31385545060039,14,-0.0024350676976609975,3.96120448410511,0.1175636937841773
1582,0.373709333,1785042569.62463,175.668156653605,169.69017349617508,78.22515669837594,11,-0.001789203379303217,1.4659384340047836,0.18385494500398636
1584,0.373709333,1785042569.8768058,178.47233801865605,169.71696921031355,83.15380748361349,13,-0.005183990579098463,1.4258252307772636,0.2188463220372796
1586,0.373709333,1785042570.155602,171.9896884354321,169.82702350720874,89.75437098555267,12,-0.0011523383291205391,2.9682668149471283,0.1168504012748599
1588,0.373709333,1785042570.443957,184.12945084221693,170.1410081092063,76.82959638163447,10,-0.0028421878814697266,1.0876999832689762,0.1815923321992159
1590,0.373709333,1785042570.722348,174.93055339310766,170.12698398419641,75.83343036286533,12,-0.0016879406321095303,1.7015811502933502,0.12914219172671437
1592,0.373709333,1785042570.97555,165.41797390257267,170.19465478261245,85.695610627532,12,-0.002582062821602449,0.6299937143921852,0.18523519951850176
1594,0.373709333,1785042571.2568069,175.9127666679736,170.03935774270204,84.1036853119731,10,-0.0018463698797859251,0.7645263671875,0.19818477239459753
1596,0.373709333,1785042571.534878,161.76900767475956,170.22234250128412,90.31403719075024,13,-0.0008657124562887475,1.9961728006601334,0.1309559578076005
1598,0.373709333,1785042571.788936,179.75509555063616,170.21726894832358,73.86955767124891,12,-0.0015625339874532074,0.9627913534641266,0.1267030700109899
1600,0.373709333,1785042572.0716538,165.27888354047562,170.40568116580184,83.17894903942943,13,-0.0008623297471785918,1.9238689690828323,0.08965842192992568
1602,0.373709333,1785042572.351409,174.5229759993601,170.14861138534812,80.2254893630743,13,-0.0020701587200164795,1.7408648803830147,0.18627043813467026
1604,0.373709333,1785042572.606842,184.51734920606614,169.95111522881206,71.5052346130833,12,-0.0016560849035158753,1.0822677575051785,0.17630083858966827
1606,0.373709333,1785042572.91604,175.69540954126782,170.723812131682,87.39538900181651,10,-0.0020809352572541684,0.9151862151920795,0.16759672202169895
1608,0.373709333,1785042573.1720939,162.7225175935235,170.9565212854293,93.52800155058503,12,-0.0021987471554894,1.3115978352725506,0.16921004839241505
1610,0.373709333,1785042573.428923,171.3274019320329,171.17665738961855,81.91376553848386,12,-0.004759795127029065,1.7139318734407425,0.15459748543798923
1612,0.373709333,1785042573.7420092,173.68036722086708,171.5196395473733,84.7354341018945,13,-0.0019018036837223917,1.5030905306339264,0.1611450188793242
1614,0.373709333,1785042573.997758,163.00979141463304,171.73786185281966,83.37300537899137,12,-0.0021690783760277554,0.933844119310379,0.17154564335942268
1616,0.373709333,1785042574.250266,186.12610381765901,172.53022769309106,77.27884155604988,10,-0.0023260061570908874,1.882829338312149,0.19283819198608398
1618,0.373709333,1785042574.527801,170.9698424783705,172.70837072225038,81.02481466904283,11,-0.0010713597730500624,0.8921143338084221,0.20740671176463366
1620,0.373709333,1785042574.816907,147.16898070231005,171.691010305391,110.59281517751515,14,-0.0006789725448470563,3.998423248529434,0.11784001439809799
1622,0.373709333,1785042575.097176,178.34937886217514,171.19288932009363,79.13637140765786,11,-0.001859228708781302,1.1036799997091293,0.13272818783298135
1624,0.373709333,1785042575.351815,163.72307580197176,170.50208507429085,93.03469181060791,14,-0.001766211491485592,2.2107302621006966,0.12721855333074927
1626,0.373709333,1785042575.605943,169.21290446524043,170.40575527084596,93.19239879958332,12,-0.0021258973283693194,1.1953081227838993,0.2058420954272151
1628,0.373709333,1785042575.9174662,175.9728527855853,170.38202565023582,73.25197724625468,11,-0.0019156633643433452,1.0822693929076195,0.13555508526042104
1630,0.373709333,1785042576.172535,178.50979068305992,171.48054557666998,77.1981290280819,12,-0.0013734494568780065,0.5596628319472075,0.12910827016457915
1632,0.373709333,1785042576.424427,163.28777279330268,171.1114011972253,90.02622755430639,13,-0.0013672851346200332,1.3015879802405834,0.19978162925690413
1634,0.373709333,1785042576.736234,179.19270229714448,171.0137594876898,76.2068590670824,12,-0.0018748869188129902,1.7169704660773277,0.18968289345502853
1636,0.373709333,1785042576.990069,168.93940381308963,171.09837085310505,86.20882703736424,13,-0.0018026417528744787,1.1978426240384579,0.11518251895904541
1638,0.373709333,1785042577.26833,182.21597565627704,170.49054499636443,75.91033865883946,11,-0.001096096180845052,0.7450638972222805,0.17176070529967546
1640,0.373709333,1785042577.561022,185.1729741960727,170.5043147659464,71.08736201003194,11,-0.0015942014288157225,1.7958480641245842,0.2041849121451378
1642,0.373709333,1785042577.8188128,162.59332678200886,170.2043231977628,82.04942095279694,12,-0.001084611751139164,3.4728339314460754,0.16750907618552446
1644,0.373709333,1785042578.099392,182.05467554568753,170.45433042797833,75.08023007959127,14,-0.0015005850873421878,2.0477165281772614,0.14504351001232862
1646,0.373709333,1785042578.3894882,174.66768038460611,170.37383215807972,80.58677584305406,11,-0.001506190572399646,0.768795782700181,0.12669949186965823
1648,0.373709333,1785042578.6451688,180.64203238684757,170.4838081305512,79.96601118519902,12,-0.0015909865032881498,1.4816312193870544,0.11865926254540682
1650,0.373709333,1785042578.923328,176.94231538201808,170.4752134015809,73.05863350443542,11,-0.002615380857605487,1.4405503273010254,0.169824724085629
1652,0.373709333,1785042579.211164,167.4034750526113,170.6441992324208,84.71705162711442,13,6.759801181033254e-05,3.017214983701706,0.12279236502945423
1654,0.373709333,1785042579.530528,173.4905078280959,170.62267624409614,84.03703539073467,10,-0.0010658384999260306,1.060392539948225,0.09507195930927992
1656,0.373709333,1785042579.7860749,175.78767485919226,170.6418207753304,79.94737914949656,13,-0.001971758436411619,1.2088300287723541,0.17679146956652403
1658,0.373709333,1785042580.074204,178.3602764373704,170.88037925811693,79.66327525861561,12,-0.001713570993160829,1.1230289451777935,0.13803047593683004
1660,0.373709333,1785042580.353506,156.60624708098234,171.18160188770946,93.14045034535229,12,-0.0009754716884344816,1.5602950379252434,0.11382593493908644
1662,0.373709333,1785042580.8111072,143.52814731091445,170.38338448700807,119.07478529587388,17,-0.002448245126288384,1.285591408610344,0.11582383280619979
1664,0.373709333,1785042581.1193368,142.54207715521247,169.52979503422614,121.97045945376158,12,-0.0020860466174781322,1.573439598083496,0.2003120081499219
1666,0.373709333,1785042581.406003,173.3796411162021,169.1280233629678,75.02094416413456,14,-0.0011320254998281598,1.4556083679199219,0.14547843858599663
1668,0.373709333,1785042581.674547,167.73364561725742,168.20484924222725,87.61085467785597,13,-0.0010474534283275716,2.82703173160553,0.14923428231850266
1670,0.373709333,1785042581.996093,158.27978248930745,168.527127134852,104.12152352929115,15,-0.0022299704141914845,2.4254608154296875,0.08306184341199696
1672,0.373709333,1785042582.2563999,177.40488351596306,168.73979411674063,77.04739270918071,13,-0.0013925096864113584,0.8477391675114632,0.154895662330091
1674,0.373709333,1785042582.514766,175.86031696331895,168.930271021737,84.32610023766756,10,-0.0015924948966130614,0.7203028053045273,0.14182356093078852
1676,0.373709333,1785042582.89857,169.96601867090226,169.19269732769695,87.26683343946934,9,-0.0017640564765315503,1.1094340905547142,0.15086020715534687
1678,0.373709333,1785042583.1629162,152.16902866283596,168.91783330805552,102.09937852621078,13,-0.0007250267663039267,2.1309078820049763,0.08047483093105257
1680,0.373709333,1785042583.432207,172.90956575079082,168.41766101631956,87.50606979802251,11,-0.0016691387281753123,1.4168187081813812,0.16776839829981327
1682,0.373709333,1785042583.79437,158.5662664315169,168.40198328478243,97.70710509642959,11,-0.0004582437395583838,1.8875086680054665,0.12008866108953953
1684,0.373709333,1785042584.053547,165.79010597849285,168.02712910138715,89.77067186869681,12,-0.00276521232444793,1.6517853438854218,0.12387930369004607
1686,0.373709333,1785042584.366709,168.61299480780852,168.0415127743334,98.6571722459048,12,-0.0011465059651527554,1.6550457179546356,0.1346916942857206
1688,0.373709333,1785042584.793194,178.66203072205624,168.59800997984482,87.17446402646601,10,-0.0029612958896905184,2.284244529902935,0.15514702629297972
1690,0.373709333,1785042585.068002,168.2062214318668,168.6317422401978,83.96050557307899,13,-0.002298533567227423,2.0396023243665695,0.15082042524591088
1692,0.373709333,1785042585.3531678,171.24578550349082,168.76733195058975,86.30526100844145,9,-0.0018170238909078762,0.7462911941111088,0.11038399348035455
1694,0.373709333,1785042585.643112,176.7169552573556,168.24189725602278,82.89499677252024,10,-0.0016289049381157383,1.0176095981150866,0.1514070169068873
1696,0.373709333,1785042585.901294,185.76651799269325,168.1773913170155,74.50306013226509,11,-0.002274044352816418,2.1685697361826897,0.17755863722413778
1698,0.373709333,1785042586.179103,162.27461542659606,167.9892971732503,97.00171395391226,11,-0.002000793785555288,2.527339033782482,0.12660607742145658
1700,0.373709333,1785042586.465316,162.08267622195675,167.38479118209708,84.3813747651875,12,-0.0020822776277782395,0.7449754308909178,0.129664677195251
1702,0.373709333,1785042586.744278,166.43481369772695,167.11450136447445,89.3436211720109,12,-0.0018681586079765111,1.2032532654702663,0.12583938147872686
1704,0.373709333,1785042586.997559,175.04229212071448,166.918759501159,82.03215491399169,12,-0.0014610127836931497,1.8731704875826836,0.1364951329305768
1706,0.373709333,1785042587.283867,160.05114232164266,166.41176361248137,97.01136475428939,14,-0.0014359260676428676,2.9948280826210976,0.13258008938282728
1708,0.373709333,1785042587.5580668,159.86272079277975,166.0926469432982,96.02418021671474,13,-0.0012062051173415966,1.1161915585398674,0.1134410984814167
1710,0.373709333,1785042587.813785,168.61048315969637,165.98374063896227,84.56391158886254,13,-0.00148060338688083,2.7375009283423424,0.13444467540830374
1712,0.373709333,1785042588.095372,180.11403074536943,167.08948681710265,70.12768888100982,12,-0.0014011639868840575,0.8435754589736462,0.1279240413568914
1714,0.373709333,1785042588.373386,177.51537221811023,167.80229819987136,78.6129445657134,10,-0.002228522193036042,0.9428298398852348,0.1955786505714059
1716,0.373709333,1785042588.627436,159.7028492152712,167.3137834345385,94.25774583220482,14,-0.0030034207738935947,1.3165247775614262,0.15716596180573106
1718,0.373709333,1785042588.941592,176.4978169608256,168.00854872258722,77.48890269733965,11,-0.0015855527017265558,1.3819046877324581,0.14361402485519648
1720,0.373709333,1785042589.19838,171.78740317897436,168.83577577493006,88.9232934601605,13,-0.0015885191824054345,1.6804370880126953,0.12692481093108654
1722,0.373709333,1785042589.454087,179.59402158643087,169.0080826862322,78.8339324761182,13,-0.0023609319468960166,1.2208061814308167,0.16304217046126723
1724,0.373709333,1785042589.728738,167.44494737003203,169.09939947700562,83.81628883630037,9,-0.003830103494692594,0.5040629711002111,0.1558733736164868
1726,0.373709333,1785042590.036512,179.93391350144012,169.24166173084544,75.50654973834753,12,-0.002053729345789179,0.93429184705019,0.12775052851065993
1728,0.373709333,1785042590.294301,177.22319874542998,169.44025506720712,74.49616902694106,12,-0.0012999379687244073,2.1591086611151695,0.16033855732530355
1730,0.373709333,1785042590.576042,169.53244350554564,169.17599196472875,87.69057068228722,11,-0.0018716680715442635,2.3751861080527306,0.1760012973099947
1732,0.373709333,1785042590.868372,161.63069428933414,169.2034992349817,89.3390887696296,13,-0.0015143064083531499,1.5964020639657974,0.1317690135911107
1734,0.373709333,1785042591.1472452,167.54752208138535,169.4355717464092,85.90009567514062,14,-0.0014735321456100792,1.7825757637619972,0.11923988442867994
1736,0.373709333,1785042591.402278,175.60528283121707,169.65360359560532,82.48170705512166,13,-0.002174483030103147,0.9504373483359814,0.17795169726014137
1738,0.373709333,1785042591.688926,164.67845193685648,169.4481777947402,81.1658284291625,14,-0.0018272212182637304,1.436761450022459,0.1802881257608533
1740,0.373709333,1785042591.996788,170.103286800132,169.56274083293908,87.53577421046793,15,-0.001711822987999767,1.7679006531834602,0.12507648114115
1742,0.373709333,1785042592.255533,163.78435078580884,169.5287771290042,90.94257948547602,12,-0.0015757068758830428,1.0843152403831482,0.13646455761045218
1744,0.373709333,1785042592.5503738,178.88195719980686,169.3666593523777,78.92751458659768,15,-0.0018659253328223713,1.4439807943999767,0.17311612609773874
1746,0.373709333,1785042592.8362482,172.60454243142766,169.73968014674946,82.77311267703772,11,-0.0017139965493697673,0.4143360648304224,0.1565994657576084
1748,0.373709333,1785042593.178132,187.76913358079278,170.1606897710565,68.63364493846893,12,-0.0015409614497912116,1.27984669059515,0.14531375002115965
1750,0.373709333,1785042593.895916,166.03776870422865,170.63768621977073,88.3534287288785,13,-0.0013767810887657106,2.1182186752557755,0.1614615605212748
1752,0.373709333,1785042594.177421,163.27651188801553,170.9081474927287,91.00021818093956,12,-0.0015309223672375083,2.3594867810606956,0.09944882104173303
1754,0.373709333,1785042594.435478,181.85407342665786,171.47206617518987,73.34592036902905,13,-0.002646689536049962,1.1275322772562504,0.16368191875517368
1756,0.373709333,1785042594.747455,177.27657828471877,171.97166837975058,75.7623809184879,13,-0.0009554058196954429,1.0946171768009663,0.14639742812141776
1758,0.373709333,1785042595.00051,165.28016515152112,172.09495007606643,83.35079260542989,11,-0.0016554270405322313,1.2698618322610855,0.14436227409169078
1760,0.373709333,1785042595.254594,164.4446535988454,171.66042911986176,89.29855554550886,12,-0.0009459198918193579,1.8447940722107887,0.09889161959290504
1762,0.373709333,1785042595.565502,177.68462568520283,171.81795823521415,75.70139417424798,10,-0.0015147686426644213,0.7593802586197853,0.12581337476149201
1764,0.373709333,1785042595.8185349,167.75043106694224,171.4004116075167,83.94174858182669,12,-0.0017092391135520302,1.6007428243756294,0.1530908844433725
1766,0.373709333,1785042596.098815,178.5274328435638,171.5605775079371,74.38051974866539,10,-0.0010586876960587688,1.2412991747260094,0.10057225078344345
1768,0.373709333,1785042596.389398,179.64410986091244,172.15282916043685,73.67751375678927,13,-0.0006702692480757833,0.7280468977987766,0.15862864023074508
1770,0.373709333,1785042596.6433039,185.44508455704695,171.87919927507758,73.45724769681692,13,-0.0024883363730623387,1.7595777288079262,0.16283089108765125
1772,0.373709333,1785042596.9229388,181.20602556370662,171.69312660206367,77.72817450016737,11,-0.0009404050433658995,0.6023691277951002,0.15499231405556202
1774,0.373709333,1785042597.215349,154.65622623923628,171.2627771415774,106.73823223635554,10,-0.003423016663873568,2.8018140867352486,0.11916692135855556
1776,0.373709333,1785042597.501465,149.6580246305641,170.64652000601333,92.7431505471468,11,-0.0012564387870952487,1.644048385322094,0.13647151459008455
1778,0.373709333,1785042597.779061,185.54357114304636,171.37890856610227,74.45236403122544,10,-0.004233443658449687,1.4871025271713734,0.19095558673143387
1780,0.373709333,1785042598.064478,167.82165329514052,171.3341616152304,78.81567689403892,10,-0.0011347440304234624,0.7712902892380953,0.10550899803638458
1782,0.373709333,1785042598.342808,165.72065942016803,171.87872487026794,80.38711873814464,12,-0.0027673417644109577,1.5555811300873756,0.15580310206860304
1784,0.373709333,1785042598.608126,154.81356551908445,171.4857666535228,91.77773991599679,14,-0.0015250021242536604,1.2766361124813557,0.15082520060241222
1786,0.373709333,1785042598.8910751,134.5590889179247,171.13613496572324,110.81456207111478,14,-0.001063579402398318,2.6909437403082848,0.10754567151889205
1788,0.373709333,1785042599.173439,169.3338431033444,170.73902298650344,82.87616311013699,10,-0.001745546978781931,1.6555208563804626,0.12395227048546076
1790,0.373709333,1785042599.433696,158.3151669692776,170.5841478851912,109.24705079011619,13,-0.0012674869867623784,2.474302291870117,0.1142122857272625
1792,0.373709333,1785042599.703555,179.16978824144482,170.58059718776533,80.48356357589364,11,-0.0009918968426063657,1.2681436613202095,0.11458576051518321
1794,0.373709333,1785042600.015106,175.91681568994997,170.99553049120905,85.57730558514595,11,-0.00115521956468001,1.7914916798472404,0.11314153904095292
1796,0.373709333,1785042600.304137,186.00463684538425,171.27041199826851,71.0969171077013,11,-0.003486133908154443,1.1690669357776642,0.11439672578126192
1798,0.373709333,1785042600.5837271,179.3578848908782,170.68066736891083,74.86707816272974,11,-0.0016105561517179012,1.6665930449962616,0.14741970505565405
1800,0.373709333,1785042600.837954,185.8330903410453,171.1617059363479,75.30829109996557,9,-0.0011219699954381213,0.6664643753319979,0.16958509013056755
1802,0.373709333,1785042601.117318,146.84215739600447,170.8455094619236,114.4764395840466,11,-0.0023244744807016104,2.1923388987779617,0.19309154199436307
1804,0.373709333,1785042601.398056,182.98415369727923,170.52578884684718,73.35757463611662,12,-0.0013067033723928034,1.4603397399187088,0.12958934670314193
1806,0.373709333,1785042601.655881,175.06329275883138,170.26034427017396,78.68429424986243,12,-0.002384204766713083,1.1137238517403603,0.17129989620298147
1808,0.373709333,1785042601.942917,154.5666497538333,170.07461471060967,92.29220975749195,11,-0.000214165891520679,1.7004739716649055,0.14312144089490175
1810,0.373709333,1785042602.221845,178.25665644454645,170.6158233770679,76.6321190726012,13,-0.003010669955983758,1.1386564038693905,0.16745236795395613
1812,0.373709333,1785042602.47861,191.1404365675861,170.52756124903274,67.71520500257611,11,-0.001575568225234747,1.2796683125197887,0.15467574261128902
1814,0.373709333,1785042602.828317,167.99045359952427,170.91825437356948,88.26027004420757,14,-0.00016035110456869006,3.4710542112588882,0.10014425916597247
1816,0.373709333,1785042603.092,158.16198731483138,170.56333128811173,94.56500435434282,13,-0.0024452931247651577,1.573316752910614,0.10107718082144856
1818,0.373709333,1785042603.350241,164.15750379918217,169.87572880500946,88.80272075161338,12,-0.0012523126788437366,1.3974271416664124,0.148155287373811
1820,0.373709333,1785042603.664882,186.80933682904904,170.1967547041587,71.43416008260101,12,-0.001386950258165598,1.118801336735487,0.14057229598984122
1822,0.373709333,1785042603.922923,177.01887411974002,169.9350678172254,80.1386420596391,14,-0.0010889181576203555,0.5608239360153675,0.11217903019860387
1824,0.373709333,1785042604.23571,169.62062818640203,170.0327948939701,80.39182759355754,14,-0.0017126270322478376,1.5400573015213013,0.15551209263503551
1826,0.373709333,1785042604.585092,159.4675229387434,170.20354922684265,91.2169710509479,11,-0.0039487932226620615,1.0525267533957958,0.1634210292249918
1828,0.373709333,1785042604.858006,154.04152098285,168.76733589387598,93.6998643539846,12,-0.0013390860331128351,1.863787017762661,0.14940937282517552
1830,0.373709333,1785042605.137627,157.15023251231918,168.63850036048268,86.56213295832276,13,-0.00018085900228470564,1.6846316903829575,0.13766158325597644
1832,0.373709333,1785042605.4306922,151.81594681222515,167.91705294429573,94.95866013877094,13,-0.0005421569512691349,2.049896515905857,0.16015251725912094
1834,0.373709333,1785042605.686777,178.21743984478488,168.51298282644163,74.97118265926838,13,-0.0013829339586663991,2.1254325956106186,0.10357640986330807
1836,0.373709333,1785042605.9678879,163.29069083677348,168.31582591113443,102.54075494594872,17,-0.001347843266557902,1.41194536536932,0.07936783600598574
1838,0.373709333,1785042606.25602,157.37324934471448,168.1500609270444,99.684341724962,15,-0.0015130576211959124,2.5046837255358696,0.15024425834417343
1840,0.373709333,1785042606.510677,175.87656523835844,168.51130930741235,70.81409555487335,13,-0.002444101221044548,1.3430961109697819,0.21032443176954985
1842,0.373709333,1785042606.787821,167.2653633095759,168.72694549708118,88.80539482459426,13,-0.0012640869244933128,1.9522776752710342,0.1695611458271742
1844,0.373709333,1785042607.0780969,160.18458320323163,168.25573410195716,90.29594749491662,12,-0.0014725597575306892,1.8253966122865677,0.08059966028667986
1846,0.373709333,1785042607.35774,169.3905552228709,167.68084873938147,91.75090961530805,14,-0.0006095627541071735,1.0460193566977978,0.085410560015589
1848,0.373709333,1785042607.6140091,162.34048641171756,167.6242838475726,87.93154866620898,13,-0.0020264353370293975,1.1720902137458324,0.1790465135127306
1850,0.373709333,1785042607.900819,165.7715221594592,167.26828533477533,85.16934706270695,11,-0.0009559595491737127,1.4383120760321617,0.11410519480705261
1852,0.373709333,1785042608.182148,144.68236586192222,166.55528836499775,100.7816301472485,10,-0.00205320815439336,1.0059278644621372,0.15075178444385529
1854,0.373709333,1785042608.4390888,171.02599998577926,166.826963308213,79.21968679875135,10,-0.0013068267435301095,0.999902606010437,0.15495727164670825
1856,0.373709333,1785042608.7261188,179.08209759152024,166.72114136218997,80.37048452720046,12,-0.0016124426620081067,1.3505049087107182,0.14526232797652483
1858,0.373709333,1785042609.0053592,179.49312095833628,167.10109142447527,73.30088839679956,11,-0.001921110088005662,1.2272844314575195,0.19192930031567812
1860,0.373709333,1785042609.2605739,177.69838961124333,167.1870671535826,74.80290216207504,12,-0.002114754664944485,1.063911359757185,0.0944409822113812
1862,0.373709333,1785042609.5687191,183.64431678524892,167.0138887503642,72.6819653250277,10,-0.0015899529826128855,0.552515834569931,0.12189096678048372
1864,0.373709333,1785042609.82198,147.73962338361292,166.82245388157088,103.44327954854816,11,-0.00016329839127138257,2.9750631004571915,0.13436843594536185
1866,0.373709333,1785042610.499692,177.53305809088533,167.96496535894966,76.13112325966358,11,-0.001903512340504676,1.3013131618499756,0.1784935314208269
1868,0.373709333,1785042610.83582,176.12587372715265,168.64750579495558,83.05525156110525,8,-0.0018734607147052884,0.8038266077637672,0.15262184897437692
1870,0.373709333,1785042611.096118,169.65196900430885,167.77409239258148,91.65725293383002,13,-0.001209371053846553,0.8947663120925426,0.11211391305550933
1872,0.373709333,1785042611.353069,178.53878691945943,168.20706266885026,79.41761960601434,12,-0.0019676166702993214,1.1931093707680702,0.1267892261967063
1874,0.373709333,1785042611.701677,164.98923439439986,168.41510904650488,85.59395114332438,11,-0.001584103039931506,0.9272472374141216,0.14171496778726578
1876,0.373709333,1785042612.012367,152.4394187178885,168.35026058887098,94.32386879995465,15,-0.001158331986516714,1.0478035174310207,0.0813846590463072
1878,0.373709333,1785042612.338454,177.73618748760154,169.40853834754765,81.14655556157231,12,-0.0014086976880207658,0.7029107175767422,0.12785540474578738
1880,0.373709333,1785042612.633801,133.4054117468415,168.80491471724181,136.06351776979864,17,-0.00030830048490315676,6.314498662948608,0.07171107875183225
1882,0.373709333,1785042612.892013,169.94072022535462,168.9440447469736,86.79767660796642,14,-0.0015979888048605062,0.9069283232092857,0.15710256062448025
1884,0.373709333,1785042613.2977972,165.6248359871384,168.8141274506612,84.38652091473341,13,-0.0012585038784891367,0.7052415534853935,0.13274209387600422
1886,0.373709333,1785042613.797793,169.65433469336176,169.33942154983833,86.22390509024262,11,-0.0015321133541874588,1.5301608890295029,0.13705267012119293
1888,0.373709333,1785042614.094147,157.76845246556692,169.30367304419843,93.07291527837515,13,-0.00073765230627032,3.6062122136354446,0.0816718798596412
1890,0.373709333,1785042614.46806,167.9555917087664,169.0264730158841,86.94276562333107,13,-0.0012767307052854449,1.1311017759144306,0.1197357652708888
1892,0.373709333,1785042614.800163,173.8938128745025,169.1425644815411,89.09921012446284,11,-0.0010935323152807541,2.3298661187291145,0.10517501458525658
1894,0.373709333,1785042615.104147,166.05557560286428,169.24921748653193,86.03420211747289,14,-0.0011499139363877475,0.5126111432909966,0.10088777705095708
1896,0.373709333,1785042615.3637462,181.18925220509945,169.82536782721192,71.36967943795025,14,-0.0019459616305539384,0.6282424628734589,0.16055892501026392
1898,0.373709333,1785042615.653499,174.45400937512002,169.74242829861794,82.91914677806199,12,-0.0013876148586859927,2.4476491287350655,0.17730054073035717
1900,0.373709333,1785042615.946104,171.38946054322736,169.40009175327046,83.00287378579378,11,-0.0014974878067732789,0.667128823697567,0.15343054803088307
1902,0.373709333,1785042616.202538,158.37252576252013,170.4972539357037,103.81730988994241,13,-0.0017840139917097986,0.7126568779349327,0.16693086363375187
1904,0.373709333,1785042616.506515,154.55088789881987,169.58731989550762,126.22708071768284,14,-0.002053398100542836,4.310034766793251,0.16685251099988818
1906,0.373709333,1785042616.812244,184.84459132131852,170.27010017551467,72.05038066394627,12,-0.0023060216335579753,1.0085418559610844,0.1798717537894845
1908,0.373709333,1785042617.067213,161.0655633689024,169.97623716065206,87.63956344872713,11,-0.0015327171422541142,3.0162060111761093,0.12072915304452181
1910,0.373709333,1785042617.402022,162.58182387286993,169.7337982396982,94.24159947782755,14,-0.00133231608197093,2.5264201164245605,0.12115112459287047
1912,0.373709333,1785042617.664602,179.91279346550763,169.5111716952549,77.39342538267374,10,-0.0011996121029369533,2.088538348674774,0.15901937196031213
1914,0.373709333,1785042617.919223,178.28816475195745,170.23688384482665,79.67424386553466,9,-0.0018606478115543723,1.3744084611535072,0.20275735016912222
1916,0.373709333,1785042618.2287428,179.77942330379324,169.7523906185756,73.16502287983894,12,-0.0015929096844047308,0.5708472393453121,0.1615404337644577
1918,0.373709333,1785042618.484879,154.90059288956803,168.937836566249,106.7668905891478,14,-0.0026811729185283184,0.9171922281384468,0.13085855450481176
1920,0.373709333,1785042618.7434518,152.02805821165234,168.7356772059043,107.2234706748277,14,-0.0006463393219746649,2.268374726176262,0.08593830093741417
1922,0.373709333,1785042619.1075861,154.62218786655208,167.91367975987635,86.17702431883663,12,-0.001880265073850751,0.9217465817928314,0.16244587488472462
1924,0.373709333,1785042619.4023192,165.9524744626589,167.8827634264895,89.82335834857076,12,-0.0012724762491416186,1.3946362063288689,0.08684816118329763
1926,0.373709333,1785042619.716031,168.00698953254994,168.10165834604834,88.62597962282598,13,-0.002390161855146289,1.2069640383124352,0.1299154656007886
1928,0.373709333,1785042620.009065,171.68608518568183,167.81386386934827,83.64681018516421,12,-0.001724939327687025,1.484826184809208,0.14204526552930474
1930,0.373709333,1785042620.262723,173.01215246269405,169.1410484994706,84.22180102393031,10,-0.0023142002755776048,1.4181320406496525,0.1975083677098155
1932,0.373709333,1785042620.6114318,162.2169196990591,169.28216684954984,90.84421431273222,13,-0.0010989597358275205,1.24375369399786,0.06727123586460948
1934,0.373709333,1785042620.940567,179.84654598703375,169.5572418441229,78.80912303179502,12,-0.0013469670011545531,1.2581734359264374,0.159600127954036
1936,0.373709333,1785042621.2187788,185.68030398881203,169.9040091395444,69.57389158383012,11,-0.0015282283420674503,0.7836745195090771,0.17732429038733244
1938,0.373709333,1785042621.501656,173.60053281363727,170.46822546129158,85.91200142726302,11,-0.001477281140978448,1.2930914536118507,0.13569534989073873
1940,0.373709333,1785042621.805314,168.81372339639321,170.73815055892928,78.9877066463232,11,-0.0035756528086494654,1.2267008684575558,0.1502414532005787
1942,0.373709333,1785042622.251488,187.2430490540673,170.78782937498795,69.46760662645102,11,-0.0007653669817955233,1.0299215242266655,0.14188336674124002
1944,0.373709333,1785042622.569912,154.42606559257104,170.4178018841419,94.67743477411568,13,-0.0013890790796722285,0.8111577071249485,0.10972413327544928
1946,0.373709333,1785042622.867435,166.04736932268145,169.52779582822626,85.59938265569508,10,-0.00031315971864387393,2.280132159590721,0.1336715710349381
1948,0.373709333,1785042623.2408268,170.768457809963,169.74070562354066,81.1837249584496,10,-0.0009750842291396111,0.5030650831758976,0.11660679010674357
1950,0.373709333,1785042623.553014,177.35382633254446,170.57576017367242,79.94301579147577,12,-0.002131578396074474,1.6832471415400505,0.16030297568067908
1952,0.373709333,1785042623.8543859,168.50582705068567,170.2792390210833,83.90011963993311,14,-0.001403954331181012,2.733539879322052,0.11569147324189544
1954,0.373709333,1785042624.161412,160.51986764280858,170.42987251754298,89.79165456444025,13,-0.0016629742458462715,0.7256158962845802,0.0935772922821343
1956,0.373709333,1785042624.474153,158.94145641109998,169.4933690124634,98.8061882480979,12,-0.0018099566223099828,1.8076812773942947,0.1451202966272831
1958,0.373709333,1785042624.7698328,171.23548739929763,169.58192837474078,83.73894774541259,14,-0.0017736644367687404,1.462950974702835,0.16908103041350842
1960,0.373709333,1785042625.036848,159.84995704767175,169.65406356390906,93.64039447531104,13,-0.0014589598213206045,1.2472334131598473,0.12103808205574751
1962,0.373709333,1785042625.343769,185.82800251903714,170.29783653302675,71.94628567621112,11,-0.0021283862442942336,1.396844133734703,0.17139488738030195
1964,0.373709333,1785042625.648157,175.28690426795941,170.2061465066484,83.10951447114348,11,-0.0013632334594149143,0.4622255936264992,0.13744304282590747
1966,0.373709333,1785042625.9205241,174.72180495258343,170.11036908920246,80.69652712345123,11,-0.0005636490823235363,2.0539844408631325,0.1593834962695837
1968,0.373709333,1785042626.189352,168.3553563660652,170.1290809279727,91.05696390382946,13,-0.0014979900879552588,1.119633886963129,0.1513313902541995
1970,0.373709333,1785042626.522295,165.614955200211,170.91951930059,94.37653762474656,11,-0.001051372935762629,2.437706045806408,0.08618253096938133
1972,0.373709333,1785042626.791605,153.57517377236934,170.93006382700491,102.54162212461233,12,-0.0013047635948169045,1.7740779295563698,0.1496166051365435
1974,0.373709333,1785042627.092566,169.0226982815529,171.17038822531347,80.1963638626039,11,-0.0016906004748307168,2.0006467700004578,0.15497063705697656
1976,0.373709333,1785042627.365083,186.32698673755107,171.7500906034411,73.49696889519691,11,-0.0015647158725187182,0.8237250968813896,0.16250273026525974
1978,0.373709333,1785042627.6743581,155.45012614721492,171.71989042696615,97.39568914473057,9,-0.002235985710285604,3.449594661593437,0.16511377226561308
1980,0.373709333,1785042627.977319,168.78614916551746,171.60852798544136,79.01383874565363,12,-0.002229767997050658,1.176620777696371,0.14719148818403482
1982,0.373709333,1785042628.2509289,174.7387855625194,172.08235930770897,80.27684334665537,12,-0.0011586385080590844,1.1862283945083618,0.13092916971072555
1984,0.373709333,1785042628.52798,170.48559738571825,171.8491906114101,82.4485260695219,15,-0.0022449992829933763,1.3361752033233643,0.19741563871502876
1986,0.373709333,1785042628.878478,178.31785458299555,171.47501969807138,79.1714961156249,10,-0.0016654904320603237,1.610699474811554,0.16213826928287745
1988,0.373709333,1785042629.151953,172.1016887335612,171.2982248887546,84.21724722906947,14,-0.0012720177983283065,2.1207599341869354,0.10159094957634807
1990,0.373709333,1785042629.471731,173.73535021171344,170.8718152193063,80.32028675824404,9,-0.0007697325781919062,1.2929711565375328,0.09953477326780558
1992,0.373709333,1785042629.853767,165.2548925860971,170.5901970070408,85.14487580396235,11,-0.0011516076774569228,1.2857309356331825,0.09968666452914476
1994,0.373709333,1785042630.162532,178.24282324526678,171.26483648268098,75.49903683364391,12,-0.0016003764030756429,0.5993272997438908,0.14008106803521514
1996,0.373709333,1785042630.4687831,161.62227933262346,171.6476220545236,87.72824914194643,13,-0.001641330156417098,0.5049319211393595,0.12809187965467572
1998,0.373709333,1785042630.740117,186.33821719831127,172.04289117512576,72.54143086820841,12,-0.002402546291705221,0.9803049508482218,0.15918493270874023
2000,0.453236041,1785042631.388491,167.7096669369166,171.24799167230142,88.78820852562785,13,-0.0016886524390429258,2.595514588057995,0.15583897195756435
2000,0.453236041,1785042631.388491,167.7096669369166,171.24799167230142,88.78820852562785,13,-0.0016886524390429258,2.595514588057995,0.15583897195756435
