_step,_runtime,_timestamp,train/reward,train/reward_rolling_avg,train/distance,train/consumption,train/actor_loss,train/critic_loss,train/entropy
2,0.247813749,1785044909.473954,-844.3871824044148,-1278.0017179360193,1373.4946557432413,105,-0.012744067789753899,1667.0093688964844,0.6557382084429264
4,0.247813749,1785044910.634861,-507.9442199651659,-896.2871870095632,1073.410866856575,73,-0.013005131360841915,413.8578586578369,0.5450851246714592
6,0.247813749,1785044911.858216,-15.24534796435495,-611.4075686159267,406.39146979153156,37,-0.008464674581773579,8.784166246652603,0.4203674755990505
8,0.247813749,1785044912.530105,-6.206738147643004,-465.98385891069313,369.26488567888737,33,-0.011599980411119759,6.149622395634651,0.29174911230802536
10,0.247813749,1785044913.1629188,-62.74595785803493,-366.6214584677818,501.6727564036846,39,-0.004452553694136441,12.44803249835968,0.427173875272274
12,0.247813749,1785044913.5043032,33.14055853568838,-302.607843438017,318.6353040933609,31,-0.01386731349339243,3.740565061569214,0.29413159377872944
14,0.247813749,1785044914.125175,126.80937339732574,-244.11193836314732,122.9691199734807,15,-0.003732803335878998,14.654435276985168,0.2620195532217622
16,0.247813749,1785044914.8901901,125.3901111302607,-197.19514100878538,151.13777640461922,11,-0.0015948727959766984,19.408015847206116,0.18118975963443518
18,0.247813749,1785044915.203969,132.92165713766713,-161.09089033000615,129.52677117660642,8,-0.0016410686075687408,8.18852561712265,0.16153070144355297
20,0.247813749,1785044915.681154,84.098734785653,-134.92358208663612,149.57368391752243,5,-0.0019307170368847437,7.995525538921356,0.1816460257396102
22,0.247813749,1785044916.4619489,140.2246373720529,-110.57946380258078,134.0818740874529,11,-0.0016226386651396751,7.559141635894775,0.1277823941782117
24,0.247813749,1785044916.7392051,116.20466294339954,-91.39476216228415,186.10401153564453,11,-0.0005930421757511795,3.292841985821724,0.20114082749933004
26,0.247813749,1785044917.622408,108.11179260527217,-74.34286507963431,154.01004160940647,12,-0.0042880032560788095,11.434230238199234,0.20668625086545944
28,0.247813749,1785044917.929775,126.15936779414326,-60.27630167156009,160.34347154572606,19,-0.002196936373366043,6.903372138738632,0.2438937947154045
30,0.247813749,1785044918.2615418,112.84433209021199,-48.34047199493643,159.07394907251,18,-0.0036567409988492727,2.097709357738495,0.2160037625581026
32,0.247813749,1785044918.558484,118.98821287516662,-38.38302901593407,157.0222354233265,15,-0.0024540493614040315,17.796434938907623,0.23524047527462244
34,0.247813749,1785044918.886413,130.0569980378186,-28.88959203008106,140.2616560012102,12,-0.002606398658826947,7.388086318969727,0.23856038879603148
36,0.247813749,1785044919.1591308,103.41746356662011,-20.986977492088155,164.62344755977392,10,-0.002682138394447975,11.204153776168823,0.2165410127490759
38,0.247813749,1785044919.49697,129.57403552587232,-13.142619025162452,125.84701281413436,17,-0.0027212402783334255,3.7618761360645294,0.25390953198075294
40,0.247813749,1785044919.787195,106.57065297176325,-6.572841867362877,148.67736154049635,20,-0.008513780834618956,1.8814954534173012,0.32464779913425446
42,0.247813749,1785044920.055182,129.24207172449835,0.02053363054842602,142.96598390489817,16,-0.0038164093857631087,18.002204179763794,0.32852521166205406
44,0.247813749,1785044920.355016,126.5266748589858,5.68355268432607,149.3688381537795,16,-0.003742200307897292,1.9714470729231834,0.3499831985682249
46,0.247813749,1785044920.636158,127.6576890049768,11.063941706226213,135.4557099454105,18,-0.0035133816418237984,2.429791085422039,0.33861533366143703
48,0.247813749,1785044920.947027,47.03343469848028,13.06556880412638,285.4607846811414,21,-0.0022429804084822536,24.08524614572525,0.30934449285268784
50,0.247813749,1785044921.274158,114.42370284422022,17.293379721213284,182.01275491341949,18,-0.005694226827472448,3.3358482271432877,0.32705421186983585
52,0.247813749,1785044921.548348,101.1453172245553,72.67365355618104,191.0373650379479,18,-0.0037530669942498207,15.28482672572136,0.28161397762596607
54,0.247813749,1785044921.887681,110.04866465127644,97.67729084046282,169.3581941984594,16,-0.005050056730397046,3.2911380231380463,0.20968286134302616
56,0.247813749,1785044922.197286,137.60299205982045,104.40347008308672,118.0038250759244,12,-0.003382250783033669,4.780358523130417,0.328488165512681
58,0.247813749,1785044922.49688,135.6167688591599,111.13793596736896,131.92679546494037,14,-0.00441834086086601,17.05348175764084,0.3388948570936918
60,0.247813749,1785044922.808328,52.10648179307191,113.23730799435444,299.66943342611194,24,0.010502939490834251,10.312398463487625,0.39956328086555004
62,0.247813749,1785044923.1215749,-15.718276401351996,111.66814720108279,381.2807116135955,33,0.0038096080534160137,7.8759550005197525,0.4844464212656021
64,0.247813749,1785044923.417013,3.8550216566636557,106.17816062002848,371.3027267232537,32,0.004874959966400638,9.043279320001602,0.4517878331243992
66,0.247813749,1785044923.719219,44.82127927597903,102.21783551278357,296.9438423886895,26,-0.002585807756986469,2.979915529489517,0.3871809411793947
68,0.247813749,1785044923.9893608,89.48272033377347,100.38051150011148,212.47605197131634,18,-0.007321028970181942,2.355753257870674,0.3274780958890915
70,0.247813749,1785044924.287052,130.28016746428506,101.30695661242484,140.50397739559412,18,-0.0020033163455082104,4.760183647274971,0.3769890256226063
72,0.247813749,1785044924.556416,-4.1493614051690155,98.03268211063804,355.34486808627844,30,-0.01090587250655517,11.159484475851059,0.41883622854948044
74,0.247813749,1785044924.855001,94.14476819985184,95.59581025171956,219.36209290474653,21,-0.008097147569060326,2.354438066482544,0.37562689930200577
76,0.247813749,1785044925.15052,97.43048768796514,95.08947906133233,184.24397467076778,14,-0.005278310592984781,2.1451693028211594,0.3286719713360071
78,0.247813749,1785044925.415333,115.48282500349306,94.22607436666885,170.81039710901678,21,-0.01062793587334454,2.204977236688137,0.330237302929163
80,0.247813749,1785044925.692385,126.46110517994906,94.17813806924231,144.01724349707365,16,-0.003908389538992196,3.2142633870244026,0.4079288002103567
82,0.247813749,1785044926.005377,129.5383860949886,94.84281771493534,138.06243809312582,14,-0.0032630410278216004,1.8286728337407112,0.30583613365888596
84,0.247813749,1785044926.282024,82.51890404570764,94.50307320016816,197.17052710801363,15,-0.004520334710832685,2.2497200444340706,0.33033292926847935
86,0.247813749,1785044926.5901241,75.20792362358839,93.15745211030608,218.73882351443172,18,-0.0005438869120553136,2.6169446110725403,0.32933202013373375
88,0.247813749,1785044926.8733912,125.39544311743306,92.39594629598818,164.4855784587562,21,-0.009174774517305195,4.899384796619415,0.4092084523290396
90,0.247813749,1785044927.1403441,146.28649973079897,92.88882349864302,122.07107350416481,16,-0.004802541108801961,6.208922386169434,0.3916470594704151
92,0.247813749,1785044927.431415,139.6657456683449,92.71187884630281,116.7584209293127,10,-0.006492251646704972,2.6088927015662193,0.3069625496864319
94,0.247813749,1785044927.709764,135.80058278532871,92.73546099508594,136.04528565332294,17,-0.0003279346274212003,1.6588803678750992,0.24193177744746208
96,0.247813749,1785044927.984084,145.53381980409347,92.94670329003164,128.97190974652767,13,-0.003508260764647275,3.456299215555191,0.31593448854982853
98,0.247813749,1785044928.276445,127.25234359577811,95.51468821640572,137.42933045327663,8,-0.006305621238425374,1.574306845664978,0.34507192485034466
100,0.247813749,1785044928.5457861,115.17121092454889,95.44398128976867,164.74544667452574,11,-0.0022513939038617536,3.3960998952388763,0.23159038741141558
102,0.247813749,1785044928.879223,100.84147085937295,95.56323450789989,170.0458967909217,16,-0.0035024692624574527,1.0464638583362103,0.2864008750766516
104,0.247813749,1785044929.146209,126.50643186523595,96.50244589498251,126.03793851286173,10,-0.005255146941635758,1.1220302917063236,0.3426896892488003
106,0.247813749,1785044929.4233239,116.2873929029101,96.18023580985191,153.8664322346449,19,-0.006824431126005948,5.620267480611801,0.3308591805398464
108,0.247813749,1785044929.739441,132.52193901717433,94.94404329508274,161.55087880790234,17,-0.0033054579980671406,7.625587090849876,0.3388251308351755
110,0.247813749,1785044930.0032582,139.2748618502456,96.59877767336832,108.76390020549297,12,-0.004432403889950365,3.4805181473493576,0.3552105464041233
112,0.247813749,1785044930.266881,94.48419919480666,100.61056268107848,183.1969359740615,17,-0.002481309638824314,7.602021157741547,0.2988090477883816
114,0.247813749,1785044930.558882,85.74974901410191,105.91380784386727,220.09666684269905,22,-0.0024356662179343402,4.807276055216789,0.34371349960565567
116,0.247813749,1785044930.8266098,93.38578134761472,108.64255938768596,191.59710594266653,21,-0.0030261980718933046,5.160503193736076,0.2613258259370923
118,0.247813749,1785044931.119929,121.48815632668045,110.61847982461761,136.7993704751134,12,-0.0024395260552410036,1.9607160165905952,0.17403172701597214
120,0.247813749,1785044931.38607,121.1791305538246,110.83044885444465,138.72382954880595,11,-0.00418203097069636,1.4315908886492252,0.15474778972566128
122,0.247813749,1785044931.6536782,120.79194292400783,114.12865893500326,152.5580851212144,6,-0.0022058795439079404,0.8984441012144089,0.17609674204140902
124,0.247813749,1785044931.983691,140.85777661278482,117.00448158071441,118.39157772809267,10,-0.0022803172760177404,2.6068441569805145,0.18121890351176262
126,0.247813749,1785044932.251214,135.4446756019147,117.21320880256917,137.1596863269806,8,-0.0025898758322000504,1.816679947078228,0.24224973004311323
128,0.247813749,1785044932.521406,125.84992949839831,118.41375389925243,127.18025840818882,11,-0.0033991403033724055,1.113593678921461,0.26892552711069584
130,0.247813749,1785044932.8201869,96.86433604537685,118.38538594020963,189.83424899727106,19,0.0024199242470785975,2.616372972726822,0.27600581757724285
132,0.247813749,1785044933.0898151,118.54038473163696,117.91626278484554,156.40390316396952,17,-0.0046487723011523485,2.684139847755432,0.2849181182682514
134,0.247813749,1785044933.3957891,107.54586464344361,117.9815540156314,164.02572299540043,16,-0.004847895237617195,1.3525719195604324,0.23287364654242992
136,0.247813749,1785044933.667837,130.2244673973322,120.17829767097041,117.55632635951042,10,-0.0016534270835109055,1.7842127904295921,0.187748147174716
138,0.247813749,1785044933.93093,108.00882818136805,120.44085377328554,171.37417370080948,9,-0.00421895703766495,2.1633329018950462,0.3064663391560316
140,0.247813749,1785044934.24614,130.11379817021248,120.61251135335638,137.59538895636797,15,-0.002698041032999754,2.9954180270433426,0.2996715232729912
142,0.247813749,1785044934.511352,131.97705143238116,120.69598557797222,158.23506446555257,11,-0.005248576635494828,2.5617249980568886,0.24583735410124063
144,0.247813749,1785044934.7763782,131.33049379223823,121.21389450911006,118.98789432644844,9,-0.002122583784512244,3.7692820131778717,0.2424074811860919
146,0.247813749,1785044935.068838,127.9226036539417,121.19462568796258,147.2352319136262,6,-0.003067370504140854,1.7698090076446533,0.2666848348453641
148,0.247813749,1785044935.704415,152.3843751535392,122.44038611672245,108.80055106803775,8,-0.0017388100968673825,2.7711771205067635,0.17409994546324015
150,0.247813749,1785044936.000062,129.8521636918295,123.04718369760901,131.30717485398054,10,-0.0015855588135309517,2.4557483717799187,0.23189273849129677
152,0.247813749,1785044936.638425,140.7461299953562,124.6526518777423,122.27273502200842,14,-0.002429027415928431,1.1950010880827904,0.29556564800441265
154,0.247813749,1785044936.908417,123.17947476710948,124.27745271724139,137.69761876016855,15,-0.0032538890081923455,2.1583619192242622,0.24004335887730122
156,0.247813749,1785044937.207227,139.9016878161171,125.3350536555197,120.9480427801609,12,-0.0021331177558749914,0.9216576628386974,0.20886648446321487
158,0.247813749,1785044937.5166311,124.70397686112334,125.30377559609082,134.59479166567326,10,-0.0034611593291629106,1.2319374904036522,0.314546724781394
160,0.247813749,1785044937.81725,133.33035844981285,125.67587742816956,121.83357799053192,12,-0.0042814473126782104,1.4914369098842144,0.2814211491495371
162,0.247813749,1785044938.114114,146.76770018685673,128.25939335892264,110.11390885338187,9,-0.001925701173604466,1.5457830727100372,0.24307458847761154
164,0.247813749,1785044938.384038,146.01332525456743,129.54022512903174,132.88180930912495,9,-0.001445084111765027,1.8092534691095352,0.22060065623372793
166,0.247813749,1785044938.685334,125.53010161696086,130.77023293219239,127.19865862093866,13,-0.003354373460751958,2.0655238777399063,0.28495013155043125
168,0.247813749,1785044938.958699,117.24316679807752,130.1084795885868,160.09478075429797,18,-0.0017741513438522816,3.9412127882242203,0.23747100587934256
170,0.247813749,1785044939.227461,120.42262586427196,130.16204071341025,146.2932459115982,11,-0.002788316924124956,2.534062348306179,0.23802292440086603
172,0.247813749,1785044939.5212789,121.85546341627008,129.9831118607289,134.96285488456488,11,-0.0016701971035217866,1.3489150255918503,0.2047848291695118
174,0.247813749,1785044939.795733,138.06282062890062,130.18153071814476,124.87093640118837,8,-0.0039024768339004368,1.8218621462583542,0.28241283260285854
176,0.247813749,1785044940.0652428,133.0733242773924,130.7690677802129,154.0979221239686,13,-0.0031503584614256397,2.975137233734131,0.3227616399526596
178,0.247813749,1785044940.360408,152.27213796196568,131.03160445488902,108.45094655826688,11,-0.0024479551939293742,1.6317231506109238,0.23759753163903952
180,0.247813749,1785044940.65222,146.48818111431697,131.86878222478114,110.40401888638735,13,-0.004587586910929531,1.6521028354763985,0.298758827149868
182,0.247813749,1785044940.9470599,127.30161125802206,132.29622227958598,136.2126440703869,13,-0.0028102361829951406,1.278921090066433,0.28196727856993675
184,0.247813749,1785044941.213036,123.05387042750539,132.67955464792175,117.06349040195346,11,-0.002701317600440234,1.897287294268608,0.25350916385650635
186,0.247813749,1785044941.484742,124.59726645484339,132.72441214818474,131.3487425222993,14,-0.004298703803215176,1.6371922865509987,0.3359895423054695
188,0.247813749,1785044941.782094,148.52454945065224,133.47905673100652,103.00493662431836,14,-0.0024802406696835533,3.320082448422909,0.2621085159480572
190,0.247813749,1785044942.052309,119.68932026601492,132.94627694132075,143.9150778502226,17,-0.0030758449138375,1.955811768770218,0.322385486215353
192,0.247813749,1785044942.319309,91.93144611604289,132.33228640070013,178.5319289267063,17,-0.0022297768882708624,3.1265081614255905,0.2564196242019534
194,0.247813749,1785044942.6189811,145.35391641655085,132.5893310220681,100.36057691648602,13,-0.0018360460380790755,1.5018820762634277,0.21201512310653925
196,0.247813749,1785044943.01191,145.4716125853178,132.33456106939596,126.53393716178834,13,-0.0004886297974735498,2.09842736274004,0.2414617082104087
198,0.247813749,1785044943.316779,126.84279420520065,131.35045047917902,126.92264788970351,9,-0.0017822871377575211,2.1319305077195168,0.19546076655387878
200,0.247813749,1785044943.605951,135.87212963750568,131.56645634107798,140.61967051774263,10,-0.0034164402750320733,1.494228035211563,0.1569368802011013
202,0.247813749,1785044943.876265,138.1154355038748,131.0288375670555,124.84623231366277,12,-0.0026871057343669236,2.0861816853284836,0.2424391396343708
204,0.247813749,1785044944.183212,146.61206726008228,131.9093895593797,106.84233322925866,10,-0.003342605210491456,1.2335725352168083,0.23945856094360352
206,0.247813749,1785044944.4528608,111.7153858120376,131.42527113831878,155.41095368005335,15,-0.0023892729659564793,1.249546192586422,0.22636547684669495
208,0.247813749,1785044944.727117,142.25872122204436,132.775309853694,118.59141269139946,13,-0.0032547994633205235,2.0516357123851776,0.2986350152641535
210,0.247813749,1785044945.0355241,135.25292598304696,132.50564488267176,138.45881155319512,17,-0.00283133183256723,2.07272482663393,0.2701232051476836
212,0.247813749,1785044945.31416,134.4974591207195,132.21298102748105,111.82775966078043,12,-0.0036642745253629982,2.084473691880703,0.2726012170314789
214,0.247813749,1785044945.61835,151.68226190943705,132.19217700015665,105.32253545150161,10,-0.0031424774788320065,2.0363191217184067,0.2837504157796502
216,0.247813749,1785044945.888465,156.55966631348662,132.54875296307983,100.05562862753868,10,-0.003143958456348628,0.9942616038024426,0.26900571677833796
218,0.247813749,1785044946.161942,143.44637016384866,133.81932401413442,121.50703304260969,10,-0.0021538895671255887,1.1417289301753044,0.2366697732359171
220,0.247813749,1785044946.4533162,140.76710898769096,133.5418279184274,107.86207765713334,13,-0.0023208218335639685,1.1185481324791908,0.2721183458343148
222,0.247813749,1785044946.7158232,118.27540379583142,133.61076878228278,163.38096386939287,11,-0.0025757175171747804,1.6310564167797565,0.21911703702062368
224,0.247813749,1785044947.5322628,167.1903474153091,134.02775869119256,100.00795240141451,11,-0.0021557254949584603,1.1948724947869778,0.29514228738844395
226,0.247813749,1785044948.336239,125.21069388808576,134.39662504346003,130.46937191300094,13,-0.002479468908859417,1.2422578372061253,0.22700432315468788
228,0.247813749,1785044948.604636,154.97064174233643,134.9357813622521,112.97759772837162,8,-0.0041556559735909104,1.4989356808364391,0.16563221160322428
230,0.247813749,1785044948.9122381,127.52501629415656,135.07566077355793,129.15966203808784,12,-0.00208522065076977,1.815918616950512,0.17334141302853823
232,0.247813749,1785044949.1908329,129.0166873414269,135.55437054900176,134.57781091332436,12,-0.0021637871250277385,1.4101467952132225,0.21847936417907476
234,0.247813749,1785044949.463373,141.78973766649008,136.2662936967138,115.3999084783718,10,-0.00345623871544376,1.4233207516372204,0.30232274904847145
236,0.247813749,1785044949.7633998,161.12996002872254,136.79124800433786,98.27279884181917,17,0.002849791315384209,2.1060560196638107,0.2576185865327716
238,0.247813749,1785044950.031805,148.09244703904227,137.11966366264832,108.7345051150769,19,-0.002090565860271454,0.6731958538293839,0.2256259461864829
240,0.247813749,1785044950.309758,157.57289396156503,138.265987471662,103.76721218507737,14,-0.006874229031382129,2.4858419969677925,0.2608018983155489
242,0.247813749,1785044950.6043541,121.71296658100545,139.09057433095873,155.046205624938,16,-0.004016544029582292,2.0290379375219345,0.2394139552488923
244,0.247813749,1785044951.305273,123.15558036397968,139.23624757707321,142.5144976451993,8,-0.0034181112714577466,2.1187271252274513,0.21965543553233147
246,0.247813749,1785044951.616089,148.53657804280255,139.0532212956219,105.87012162804604,7,-0.0033747480483725667,0.8621164113283157,0.24678657855838537
248,0.247813749,1785044951.881831,118.24616153041971,139.0516823484104,141.70125893875957,14,-0.0032482821261510253,0.8819362409412861,0.2909718509763479
250,0.247813749,1785044952.667336,118.50058406024199,138.43158760397998,159.9480556063354,12,-0.0007052945147734135,2.715600460767746,0.25582207180559635
252,0.247813749,1785044952.980615,165.2973412180709,138.7171680914967,106.2608268558979,12,-0.004299942665966228,2.066224232316017,0.21434075012803078
254,0.247813749,1785044953.251144,164.1119003127845,139.02887702178924,102.74235033243895,7,-0.0028682835400104523,2.48407119512558,0.19967766385525465
256,0.247813749,1785044953.529449,142.55406085631802,138.76854292119103,109.03604709357023,12,-0.0018836403032764792,3.802024185657501,0.21088219434022903
258,0.247813749,1785044953.841505,126.71120361951917,138.9327171750474,133.72652557864785,10,-0.012146362802013755,2.3477918952703476,0.4061185512691736
260,0.247813749,1785044954.1197162,125.57821551653616,139.0929944767095,138.5581282824278,16,-0.004684308893047273,1.8900307044386864,0.2129435632377863
262,0.247813749,1785044954.4280121,123.17529586269971,138.81766704445053,139.48976418748498,15,-0.0030639400356449187,1.154967699199915,0.23108346201479435
264,0.247813749,1785044954.703498,120.26376298427701,138.69676415990912,148.27782164141536,14,-0.0043137839529663324,0.5143719539046288,0.3059434648603201
266,0.247813749,1785044954.9752152,145.77956133574975,138.5031894776415,126.62932012230158,12,-0.011497698549646884,0.6959004998207092,0.393172699958086
268,0.247813749,1785044955.275601,129.9711431072708,137.89456553917057,136.93289590254426,13,-0.0029296446591615677,1.0400010757148266,0.27125667687505484
270,0.247813749,1785044955.578072,112.27867246551575,138.09735208910402,145.9609478674829,16,-0.004033349687233567,1.6054805368185043,0.34368268586695194
272,0.247813749,1785044955.854767,156.30404264612747,138.4364384306902,100.33790337666869,11,-0.0028753033111570403,2.565283514559269,0.31684389896690845
274,0.247813749,1785044956.152509,135.20913859313933,137.6709904051817,113.410669606179,12,-0.01496451607090421,1.9906602874398232,0.3931841757148504
276,0.247813749,1785044956.4539788,147.2565338045986,137.72425522829923,101.12695134431124,10,-0.0029667632188647985,1.7189993225038052,0.2527217837050557
278,0.247813749,1785044956.8151119,135.53207634085274,137.42693213578337,126.65457182377577,13,-0.003033178800251335,1.0264957807958126,0.2695638630539179
280,0.247813749,1785044957.115776,120.70336158126206,136.60191975523162,143.82851350679994,16,-0.005700354347936809,1.5522296950221062,0.29664913285523653
282,0.247813749,1785044957.417846,149.6079683501328,136.5468451577415,109.86352550983429,15,-0.004178260045591742,1.9003366753458977,0.36824884079396725
284,0.247813749,1785044957.75987,136.68257185613265,136.45811586547953,131.0303039215505,13,-0.007947613019496202,2.9958224296569824,0.3163350708782673
286,0.247813749,1785044958.0829399,143.9491917292203,135.82830847886478,121.95366923883557,15,-0.004316385224228725,0.8032571468502283,0.2998469900339842
288,0.247813749,1785044958.363866,140.2926639073427,136.1955509090601,117.93025530129671,13,-0.002109888009727001,2.8767107278108597,0.2448558183386922
290,0.247813749,1785044958.681078,162.57118452254858,136.5914442712517,105.56147808209062,11,-0.0046679951483383775,1.4527225941419601,0.33678250201046467
292,0.247813749,1785044958.973344,142.2848246289605,137.31935014968462,116.57241424173117,8,-0.002707797320908867,1.5146088674664497,0.3340353537350893
294,0.247813749,1785044959.3023412,134.69227043134157,136.68435801232354,137.291592374444,10,-0.001499531586887315,2.0341724827885628,0.2742586228996515
296,0.247813749,1785044959.572812,129.58836829771795,137.33803086303243,128.57453852891922,16,-0.003391526057384908,2.4840408489108086,0.34458043798804283
298,0.247813749,1785044959.8452349,142.0101779453901,138.01642738475414,120.35640930384398,14,-0.004872225516010076,1.9935045763850212,0.34823078103363514
300,0.247813749,1785044960.1639621,144.58704431023628,138.81586076595465,111.18012913316488,11,-0.0031929876131471246,1.529992125928402,0.32052285596728325
302,0.247813749,1785044960.535093,150.20699776600821,139.0271900381454,115.79921051114798,14,-0.0009440596622880548,2.1905341744422913,0.3175488021224737
304,0.247813749,1785044960.971377,134.21702397357626,138.5593357524386,144.63948626816273,11,0.0012701414379989728,2.8484078645706177,0.27511065173894167
306,0.247813749,1785044961.3437178,154.0121677103092,139.5318258865249,96.81447372958064,14,-0.0010977608035318553,1.457568496465683,0.28635997511446476
308,0.247813749,1785044962.115152,152.22918653523112,140.2568520932946,108.43912946805358,16,-0.0032207382755586877,1.6234608069062233,0.2694552019238472
310,0.247813749,1785044962.409122,168.54304840704503,141.3031747797927,89.09786661714315,12,-0.008449754968751222,1.6319358050823212,0.27059945557266474
312,0.247813749,1785044962.668654,140.61415229923753,142.17436344142098,111.9250996503979,15,-0.0021017027320340276,1.2968896441161633,0.28007892053574324
314,0.247813749,1785044962.928781,123.54082475627834,142.61470449494547,118.23774401843548,15,-0.0007393863488687202,1.3879567384719849,0.34051585011184216
316,0.247813749,1785044963.215852,107.72547869559588,142.30402132798645,159.23508801311255,18,-0.00028421657043509185,4.245242714881897,0.22777927480638027
318,0.247813749,1785044963.476565,142.6184123575949,142.8539342197407,105.65636472031474,13,-0.0028645105776377022,0.8680672086775303,0.25586655363440514
320,0.247813749,1785044963.7363122,168.0462127234051,143.9405773053221,80.4440945610404,12,-0.004917667552945204,1.8765646368265152,0.33606608398258686
322,0.247813749,1785044964.016458,148.147538572797,144.44688652539162,103.69210821762681,13,-0.005426920746685937,0.72219343110919,0.3550391737371683
324,0.247813749,1785044964.2819421,139.6978817380683,145.11099763152075,126.80409323051572,13,-0.0020126551971770823,3.590964913368225,0.2129241991788149
326,0.247813749,1785044964.616514,145.4510430965495,144.89781560504852,104.73584054782987,12,-0.0049863585154525936,2.6856217458844185,0.27110335882753134
328,0.247813749,1785044964.880215,149.22206238136064,145.18016624768165,113.61065765842795,15,-0.005019681426347233,0.6498112436383963,0.3132387734949589
330,0.247813749,1785044965.14173,116.03769179873753,145.56645882737294,152.9925137385726,17,-0.0019195365166524425,1.3007787130773067,0.30246158689260483
332,0.247813749,1785044965.428789,147.1481828581058,146.28197082933815,111.20458585396409,17,-0.007104413234628737,2.7143196910619736,0.29663457348942757
334,0.247813749,1785044965.742961,147.8881944132435,146.58120981052582,101.35816352069378,13,-0.002919324266258627,1.1078587621450424,0.28804342821240425
336,0.247813749,1785044966.005151,147.9900065039922,147.3933842152778,112.6803384386003,11,-0.003475694276858121,1.0678681544959545,0.3145105093717575
338,0.247813749,1785044966.291291,144.82867840644116,146.75231506991406,118.67064828798175,13,-0.005892567278351635,2.322103224694729,0.33892019651830196
340,0.247813749,1785044966.5512938,155.30112631299326,146.40298992433034,103.6788368485868,14,-0.002889186260290444,1.208801031112671,0.2714867489412427
342,0.247813749,1785044966.862201,134.79428804937984,145.81884911292917,119.84293022938073,13,-0.003640317576355301,2.908901125192642,0.2535649612545967
344,0.247813749,1785044967.121769,155.47850844419062,146.86700573050607,94.34927636757493,16,-0.007488420116715133,0.940406359732151,0.36077476665377617
346,0.247813749,1785044967.385969,167.14410833425435,147.7199336550273,101.59076790697873,13,-0.0022168024734128267,1.194198727607727,0.2948039285838604
348,0.247813749,1785044967.676401,144.3774801320859,147.7589112787104,101.93453621119261,14,-0.003771444666199386,1.2182742767035961,0.32715657353401184
350,0.247813749,1785044967.968386,143.7943677853038,147.69458064074,121.30936598218977,15,-0.007484474161174148,2.2140876725316048,0.2936696633696556
352,0.247813749,1785044968.232638,152.50023609151103,147.60807775498682,95.8918689340353,12,-0.0031759896082803607,1.6000767648220062,0.3250917550176382
354,0.247813749,1785044968.519541,156.44646740675262,148.22497974146262,99.44448807090521,13,-0.003238115430576727,0.9279647842049599,0.3244216162711382
356,0.247813749,1785044968.7827399,131.80231769416042,147.50768587667397,127.82395243644714,11,-0.0006186397367855534,0.7774250879883766,0.2504906002432108
358,0.247813749,1785044969.095262,142.68663849345714,146.50709031782736,106.48493103682995,15,-0.0032262789318338037,0.6351574175059795,0.25829344522207975
360,0.247813749,1785044969.358065,149.36840978617272,146.40554920822254,103.9012162424624,14,-0.008487109575071372,1.0001450404524803,0.2478462466970086
362,0.247813749,1785044969.61904,146.72287543451748,146.00389643727968,109.37795168533921,12,-0.005050744817708619,2.039895884692669,0.33901759795844555
364,0.247813749,1785044969.907711,144.83057227247681,146.1615087797199,109.14262302964926,11,-0.0048175568954320624,0.4777557794004679,0.3684133645147085
366,0.247813749,1785044970.195201,145.68993304157576,147.2196369442726,116.1133261397481,15,-0.003909349907189608,1.4281387105584145,0.2549256235361099
368,0.247813749,1785044970.8361359,174.3283361856669,147.69771812599987,84.59184869751334,13,-0.001863144338130951,2.8954156637191772,0.22468479350209236
370,0.247813749,1785044971.152677,140.04687044291546,147.0955182033427,118.50922553613782,13,-0.0031261102412827313,1.2210368178784847,0.2817078838124871
372,0.247813749,1785044971.411937,165.68795659685014,147.47461016718862,95.63472209870815,11,-0.002171169122448191,1.3190334774553776,0.2475075190886855
374,0.247813749,1785044971.718734,142.65813663217062,147.57315341613094,120.17996988072991,13,-0.0042990193323930725,1.4969778507947922,0.192509850487113
376,0.247813749,1785044971.977328,167.47732732764808,148.04871398003104,97.74315544217825,10,-0.0036698182084364817,2.1989513859152794,0.23457854893058538
378,0.247813749,1785044972.235682,128.78672189442713,147.23867502135434,122.40546353906393,11,-0.0012492190580815077,2.486050855368376,0.2727677095681429
380,0.247813749,1785044972.522825,145.537823495456,148.1631604380385,112.80393645912409,13,-0.004430406028404832,1.3376170881092548,0.28312756307423115
382,0.247813749,1785044972.812365,166.8941873253819,148.35753205229457,93.06767098605633,11,-0.0032302703184541315,0.8159547001123428,0.23741950746625662
384,0.247813749,1785044973.0691998,139.47681396716467,148.3162124102434,128.0988827869296,13,-0.0045755455939797685,1.8712017089128494,0.31568798795342445
386,0.247813749,1785044973.356926,161.93478116486025,148.4075051936135,95.57000110670924,17,-0.0031322798458859324,0.8004870563745499,0.30836339481174946
388,0.247813749,1785044973.618382,150.42527306154233,149.2977652488012,90.22208489663899,16,-0.001451656105928123,2.1749165430665016,0.2544820476323366
390,0.247813749,1785044973.929528,156.30890252502155,149.65416226684385,96.22988321632147,16,-0.0011594101088121533,0.7726338990032673,0.2339331554248929
392,0.247813749,1785044974.189696,140.37031915407658,149.79564129956918,123.24878591671586,17,-0.003231994458474219,2.2715009450912476,0.355000801384449
394,0.247813749,1785044974.4478238,132.62359057857137,148.49182240015242,128.97852715104818,13,-0.002393991278950125,1.6698776967823505,0.28310952335596085
396,0.247813749,1785044974.7340832,145.88595147292799,147.97475250123347,119.76830595731735,15,-0.00311924796551466,1.369683787226677,0.2306374218314886
398,0.247813749,1785044975.024776,158.9774674276314,148.18159944181477,101.92875263094902,9,0.00021680042846128345,1.8059754744172096,0.2908529518172145
400,0.247813749,1785044975.286247,154.54632447957127,148.56923064442185,110.13505562022328,13,-0.0016043706564232707,1.8241199925541878,0.282753549516201
402,0.247813749,1785044975.569843,141.63275500677494,148.36473060011005,125.42894729226828,12,-0.005536574637517333,1.0528470538556576,0.2529366910457611
404,0.247813749,1785044975.8306282,138.31974722807902,148.11962833815554,121.10223225317895,16,-0.001598197326529771,2.534618116915226,0.19961177557706833
406,0.247813749,1785044976.117166,139.53971143994323,148.5752433637567,122.91974895820022,12,0.002410974135273136,3.3794432878494263,0.17575440928339958
408,0.247813749,1785044976.3824692,135.8196311621837,148.6275294154389,119.57817401364446,14,-0.0012113542325096205,3.0382502526044846,0.3207188844680786
410,0.247813749,1785044976.635585,152.1415754139803,148.52568688482526,100.76447302103043,10,-0.0029908253345638514,1.5727288164198399,0.3400038033723831
412,0.247813749,1785044976.9222121,139.96327205760738,149.10575068221686,115.89650433510542,11,-0.0022350966464728117,1.6672045588493347,0.2033004742115736
414,0.247813749,1785044977.214201,155.89986696364727,149.19285312213322,102.43483341298997,10,-0.00013114005560055375,1.9082156643271446,0.23588318936526775
416,0.247813749,1785044977.476234,132.4217058051059,148.62654594483735,124.59434219449759,13,-0.0029578006360679865,1.822480782866478,0.2855062345042825
418,0.247813749,1785044977.758375,162.24597730693324,148.80192014770182,105.15926482528448,10,-0.002295123224030249,1.7923820838332176,0.27855885587632656
420,0.247813749,1785044978.018966,157.05086898108937,148.5333369860064,97.50958473980427,14,-0.004326424968894571,1.7043670490384102,0.2505370108410716
422,0.247813749,1785044978.333588,172.2038266946733,148.20990558390176,86.17458461225033,9,-0.0014814791356911883,1.4889290556311607,0.23235778976231813
424,0.247813749,1785044978.591774,170.76518872957965,149.00153489963307,87.6508329436183,10,0.0012474889372242615,1.7638549730181694,0.2531846547499299
426,0.247813749,1785044978.8503208,156.49444833625242,149.0187583959028,97.68774369545281,12,-0.0031661081593483686,1.4235833622515202,0.31621246971189976
428,0.247813749,1785044979.13457,143.3105600849863,149.68561396874168,121.48832327127457,13,-0.002570722150267102,2.4122720062732697,0.2465370036661625
430,0.247813749,1785044979.42662,147.33195174464632,149.91816522595155,102.84803473763168,15,-0.004283568589016795,1.0705907456576824,0.2801772281527519
432,0.247813749,1785044979.685597,122.893043666956,148.8452711350689,144.78213830664754,15,-0.007430049954564311,2.2407816499471664,0.285996999591589
434,0.247813749,1785044979.9693592,167.03356703129614,149.49020481754727,83.472945086658,14,-0.006683463405352086,2.3463878110051155,0.30463940743356943
436,0.247813749,1785044980.228568,169.2005345152501,149.25851746201226,86.28488112986088,9,-0.0015806771261850372,2.640377052128315,0.21633453760296106
438,0.247813749,1785044980.53805,150.71560046076328,148.90530428303774,108.63597694039345,14,-0.003275613547884859,1.370278224349022,0.2536915047094226
440,0.247813749,1785044980.884654,141.76038865210208,148.6117871094877,108.39486015215516,13,-0.007828735164366663,1.3999234437942505,0.36643013171851635
442,0.247813749,1785044981.142528,170.08910782977765,149.32474492672247,96.39294016174972,12,-0.003753239056095481,1.8139770179986954,0.32719291746616364
444,0.247813749,1785044981.459265,161.32468005868498,150.45055445733485,91.54117508046329,11,-0.0027204547950532287,0.9624534957110882,0.28314696345478296
446,0.247813749,1785044981.7212071,149.13528703834317,150.557826590444,96.19838553667068,13,-0.004156029288424179,0.8491055928170681,0.2946118339896202
448,0.247813749,1785044981.9789498,162.35834654707324,150.4442869411964,99.92227406799793,9,-0.003887116108671762,1.7822797857224941,0.3209433639422059
450,0.247813749,1785044982.297367,153.2395239070027,150.70182107150148,110.84197594970465,13,-0.0005315401940606534,1.6218570619821548,0.206386704929173
452,0.247813749,1785044982.650891,130.74313618689902,150.5430168316053,126.02736783772707,16,-0.0034718871174845845,1.6973859295248985,0.31450047716498375
454,0.247813749,1785044983.042953,168.26911778789255,150.87173447074056,98.96837451681495,15,-0.001042773190420121,2.0265222638845444,0.2168856579810381
456,0.247813749,1785044983.357733,161.94264646704121,151.33327850431166,93.51692152395844,13,-0.00020274869166314602,1.3211440667510033,0.3251137398183346
458,0.247813749,1785044983.673704,139.6761165831591,151.97797139986156,133.150989882648,16,-0.005098101784824394,1.2155586518347263,0.3206888046115637
460,0.247813749,1785044984.0476549,134.47734030834582,151.80780266210593,130.5659112855792,13,-0.00031297351233661175,1.8696672320365906,0.25234551914036274
462,0.247813749,1785044984.3626912,143.71785556943857,151.32487402765267,113.68531381338835,13,-0.005137678701430559,2.109798312187195,0.24834296014159918
464,0.247813749,1785044984.7996821,141.4796404259489,151.1443315116491,120.10976983606815,18,-0.0033130147494375706,1.1558568961918354,0.3137365523725748
466,0.247813749,1785044985.1683671,153.3454399487203,151.84794355029737,112.97242755070329,12,-0.006963158317375928,1.7137700617313385,0.28072008304297924
468,0.247813749,1785044985.492586,161.84352707741095,151.71401761716328,90.26464428473264,11,-0.003734303143573925,2.2757980823516846,0.20273003727197647
470,0.247813749,1785044985.853374,166.70098101296443,152.7574978883217,91.87167898565531,12,-0.004465108722797595,1.279546994715929,0.23203983809798956
472,0.247813749,1785044986.150954,142.07298160241868,151.98528350758633,118.54776997864246,14,-0.00734993745572865,1.746827892959118,0.2692454503849149
474,0.247813749,1785044986.4398909,152.69112840833444,151.660637836345,103.80391147360206,16,-0.003223051709937863,1.5529035478830338,0.284297252073884
476,0.247813749,1785044986.7624269,153.0842949947172,151.40840871348377,101.74462337046862,15,-0.005693347891792655,1.5582212135195732,0.25984696857631207
478,0.247813749,1785044987.0797608,145.07640001909886,151.48028180831392,106.31649570725858,14,-0.0012953761033713818,1.546027772128582,0.2545379027724266
480,0.247813749,1785044987.372242,145.17611825410498,151.22839520430938,105.4284742064774,14,-0.004790945211425424,1.1360307820141315,0.28208227548748255
482,0.247813749,1785044987.6735601,142.34601671610807,151.60054360174647,121.18084739148617,14,-0.007709939294727519,1.6085760183632374,0.31677994690835476
484,0.247813749,1785044987.948292,151.54380223738835,151.36736940733599,90.64727192744613,13,-0.0034941681660711765,3.020711623132229,0.26144837960600853
486,0.247813749,1785044988.2875352,154.75444622282308,151.8141521389975,108.37128549814224,11,-0.0031933081190800294,1.1574792973697186,0.22201624047011137
488,0.247813749,1785044988.556583,155.31894997067212,152.13931558680613,95.78334163688123,13,-0.005484890192747116,0.7458459921181202,0.28662679716944695
490,0.247813749,1785044988.8552809,161.59307088408275,152.27754660044423,96.61010150238872,11,-0.003517232689773664,1.9280135929584503,0.3345849011093378
492,0.247813749,1785044989.162198,150.61474136681267,152.19291347143536,111.89651737362146,16,-0.0022094332380220294,1.068854745477438,0.2310207597911358
494,0.247813749,1785044989.436026,156.81050291733317,151.6784589566935,100.33428494259715,11,-0.003423626418225467,1.8461867272853851,0.30629196390509605
496,0.247813749,1785044989.701499,167.09424713611065,151.56497141007043,102.07392822951078,14,-0.00417836953420192,2.439388796687126,0.2977332901209593
498,0.247813749,1785044990.031264,137.53209967259025,151.21830298853646,118.64680283516645,16,-0.0018595566507428885,1.7357668727636337,0.27059259079396725
500,0.247813749,1785044991.089369,166.0913309947108,151.44257766945498,88.07686013542116,11,-0.0017786500975489616,2.2907208874821663,0.18558841291815042
502,0.247813749,1785044991.411092,134.25436765530162,151.30900400056512,109.75087799876928,14,-0.0013117775088176131,2.1373681500554085,0.2690606005489826
504,0.247813749,1785044991.687474,147.86074774734462,151.06924037687224,105.47024822235107,13,-0.004100423102499917,0.6000970155000687,0.2846185676753521
506,0.247813749,1785044991.956291,139.4590365158791,150.70246704197115,113.77109768241644,12,-0.004347756083006971,2.6000819876790047,0.27115894947201014
508,0.247813749,1785044992.2540438,162.11691473581908,150.59614758801493,106.35411347448826,10,-0.005139741653692909,2.934658259153366,0.2454437492415309
510,0.247813749,1785044992.527818,151.07459179709835,151.04063969271337,106.21224098652601,12,-0.002137431176379323,1.2607812583446503,0.19135582819581032
512,0.247813749,1785044992.789415,160.1223943883985,151.3901553313986,99.81126906350255,10,-0.0025800137082114816,2.968295246362686,0.22679976280778646
514,0.247813749,1785044993.167469,150.156477310466,151.84893021063326,98.1683757789433,13,-0.0027621534100035205,1.4698563478887081,0.2756462609395385
516,0.247813749,1785044993.467772,138.41375956443042,151.30112665005564,118.40964541956782,9,-0.0008898544692783616,2.3008405044674873,0.12264844728633761
518,0.247813749,1785044993.786227,168.17073964548018,151.3894908938766,83.24065828323364,13,-0.002895251935115084,0.7852428704500198,0.2600584179162979
520,0.247813749,1785044994.0764601,145.9869717876525,150.9437066017463,113.06548137962818,13,-0.0029992207419127226,1.4275063201785088,0.3317054621875286
522,0.247813749,1785044994.364025,135.01337622130802,151.14759497708485,118.91427299007773,14,-0.0024994444684125483,1.1481275744736195,0.2941474299877882
524,0.247813749,1785044994.68558,148.60571882926288,150.86295870407787,98.49276672303677,13,-0.002968141750898212,0.6734976824373007,0.20013665687292814
526,0.247813749,1785044994.965013,149.02404963746062,151.32509292918772,119.59769865125418,12,-0.0021465865283971652,1.7540898099541664,0.25320018269121647
528,0.247813749,1785044995.248661,165.32855137856637,152.15482776215984,88.32201307360083,9,-0.0023510439496021718,2.815741039812565,0.2579539231956005
530,0.247813749,1785044995.5553868,161.5994747684701,152.3236819075569,86.37465336639434,9,-0.0018032914958894253,1.7892700135707855,0.1646477710455656
532,0.247813749,1785044995.834433,152.64904149172227,152.5934909684488,112.41208148002625,9,-0.002998468349687755,1.5349273681640625,0.19272814877331257
534,0.247813749,1785044996.589141,159.84170564728643,153.01112493466297,92.15036967583,15,-0.0011013923212885857,1.0398692041635513,0.23851552698761225
536,0.247813749,1785044996.866902,159.2786333585761,153.0268569416133,94.5096431337297,13,-0.0035043254756601527,1.0116546414792538,0.25269762706011534
538,0.247813749,1785044997.152128,155.71219569293362,153.1907453908246,89.53311332315207,14,-0.0021297611674526706,3.2700541764497757,0.16608419176191092
540,0.247813749,1785044997.51197,148.1541138429691,152.65367104038495,100.4354196600616,14,-0.003997466992586851,1.2142917811870575,0.3143505249172449
542,0.247813749,1785044997.784744,158.85366933341552,152.45851971104616,90.9666307438165,14,-0.001459169405279681,1.7532573491334915,0.2448597252368927
544,0.247813749,1785044998.0526989,154.7499183374302,153.0343510546036,101.07218868285418,12,-0.0017630121728871018,1.5841252990067005,0.1988243730738759
546,0.247813749,1785044998.348308,161.53108533373808,153.6591745559887,99.02082833647728,13,-0.0037611310835927725,2.306315340101719,0.29242480732500553
548,0.247813749,1785044998.6255429,173.40741119586903,154.61742801980614,91.21992427483201,11,-0.002854109974578023,1.0589471869170666,0.21626512799412012
550,0.247813749,1785044998.955874,156.3097557726842,154.37700819918675,87.42908731475472,13,-0.0026274106348864734,1.7670064270496368,0.2213130807504058
552,0.247813749,1785044999.2261178,161.98047844666556,155.4029637380822,97.07751689478755,13,-0.002001483167987317,0.44346639700233936,0.2538861334323883
554,0.247813749,1785044999.492008,145.5024905710366,155.2609201577849,108.80619763024151,18,-0.0029304279014468193,1.2841840535402298,0.2264749715104699
556,0.247813749,1785044999.7858932,165.75287133751624,156.0677973900999,85.65735134296119,10,-0.0017878277867566794,1.8358424603939056,0.18718082644045353
558,0.247813749,1785045000.05184,156.97336494047218,156.2535080431904,95.40251385420561,12,-0.003786081913858652,1.1528416946530342,0.3118277210742235
560,0.247813749,1785045000.3419662,152.97661073320225,156.12848566173133,96.35353492200375,10,-0.005194985307753086,0.6877218671143055,0.2677982049062848
562,0.247813749,1785045000.714445,153.46012696115548,155.95570564197632,104.46359808370471,11,-0.0019711924251168966,1.860862135887146,0.2449498325586319
564,0.247813749,1785045000.979756,162.1673543763196,156.02643092534353,98.36931836791337,13,-0.00276082381606102,3.1046920865774155,0.21716078836470842
566,0.247813749,1785045001.269412,169.054716321467,156.62325697915188,93.17328141257167,13,-0.0018119567830581218,1.3171627968549728,0.23380974680185318
568,0.247813749,1785045001.549526,149.80694412410998,156.17058418342333,106.30997258424759,12,-0.002490813087206334,1.6321504637598991,0.2439893987029791
570,0.247813749,1785045001.819166,169.767649696217,156.52674609782966,94.11369622126222,12,-0.002779803005978465,0.9760514721274376,0.23866545036435127
572,0.247813749,1785045002.116975,151.37750716665374,157.3832619365615,106.48817627131939,12,-0.0021676269243471324,0.9139083661139011,0.2790067493915558
574,0.247813749,1785045002.3821099,150.73107298569647,157.39117594021778,92.90201621502638,13,-0.005964550538919866,0.7624181173741817,0.2797925788909197
576,0.247813749,1785045002.649097,158.74189863113912,157.31253079196233,95.78028715401888,14,-0.0034658103832043707,1.3127997517585754,0.26996749825775623
578,0.247813749,1785045002.9413671,131.08104653670046,156.08362390446203,122.45071860402822,16,-0.0023130885092541575,1.3026658482849598,0.23439166229218245
580,0.247813749,1785045003.210164,161.29636409588562,156.08141068308655,80.62538524344563,12,-0.0028787796618416905,0.9477827996015549,0.1757658403366804
582,0.247813749,1785045003.524111,153.8885209796549,156.20096999307233,102.74830415844917,12,-0.00248224324604962,0.8392118960618973,0.18794099241495132
584,0.247813749,1785045004.249446,182.25314331338348,156.10555014534447,67.42498756572604,11,-0.0009747123112902045,1.5151427052915096,0.22291242703795433
586,0.247813749,1785045004.54795,152.94839282461623,155.77924137950248,104.38784355670214,12,-0.00010525072138989344,1.7182199731469154,0.1569820074364543
588,0.247813749,1785045004.88919,141.98146139206293,155.37581677259092,122.1037261672318,13,-0.0002774987297016196,1.723200798034668,0.13385909190401435
590,0.247813749,1785045005.176115,153.70571862560203,155.8192404132072,109.45612483844161,15,-0.002544811286497861,1.6570786759257317,0.19873783271759748
592,0.247813749,1785045005.455465,135.71355940285036,155.50968992704145,132.35807153955102,13,-0.0036142167809884995,3.2567373514175415,0.27835169434547424
594,0.247813749,1785045005.750292,125.56436148942636,155.08025127385292,138.16331378743052,12,0.0033113935496658087,1.5670346543192863,0.19932655338197947
596,0.247813749,1785045006.0431192,162.53969710318484,154.65463818557063,95.1027613133192,13,-0.004942804109305143,1.3807201348245144,0.19935639947652817
598,0.247813749,1785045006.3820748,142.85646998089712,154.1171765439455,102.50316176749766,14,-0.0024793473130557686,1.316894307732582,0.18726391065865755
600,0.247813749,1785045006.657258,139.17457160762578,153.7150299558057,120.14623480290174,16,-0.0022067235549911857,1.6630711033940315,0.21757103595882654
602,0.247813749,1785045006.948075,146.86445048068583,153.54747481633933,99.53248320147395,14,-0.004618392500560731,1.199935920536518,0.3150722049176693
604,0.247813749,1785045007.2474189,153.2107373787363,153.4539692861112,102.82449550926685,11,-0.0021450064377859235,2.1135022193193436,0.24335583206266165
606,0.247813749,1785045007.51171,167.6710609505198,153.1915742898787,96.26122575625777,11,-0.004181761818472296,0.8783128596842289,0.17595506738871336
608,0.247813749,1785045007.778961,164.01953357677334,153.35541066576877,93.13352720811963,14,-0.0029331001569516957,2.393826700747013,0.28208201564848423
610,0.247813749,1785045008.076884,146.8744671514485,153.23856994217167,105.1306429579854,12,-0.005191954434849322,1.716399971395731,0.29140258952975273
612,0.247813749,1785045008.348238,159.14175718189662,153.60795112497547,90.78224381431937,11,-0.002835105173289776,1.783619225025177,0.18487074505537748
614,0.247813749,1785045008.637604,150.69438498612803,153.53034209349153,90.90910875424743,11,-0.005459578242152929,0.6793036162853241,0.2863685190677643
616,0.247813749,1785045008.898821,160.4144345535091,153.83196139471104,91.59458409249783,14,-0.0028575876203831285,1.6040707156062126,0.2844687756150961
618,0.247813749,1785045009.159918,177.51864522706384,154.48941150686878,84.45595301315188,11,-0.002210517122875899,1.5077302642166615,0.16845919471234083
620,0.247813749,1785045009.44825,162.408352451935,154.6133639580411,97.84609316289425,12,-0.001986361399758607,0.9015244171023369,0.2152115125209093
622,0.247813749,1785045009.745168,166.1116175490766,155.06827572282378,81.85178598202765,13,-0.002478885813616216,0.4218359496444464,0.20716091059148312
624,0.247813749,1785045010.007061,141.31293102320626,154.92459062171326,105.29818586446345,14,-0.012717774196062237,1.562376968562603,0.2969469930976629
626,0.247813749,1785045010.323508,154.46369452142363,154.83233546292965,105.53071169555187,12,-0.0030418150417972356,1.5334889143705368,0.28114621713757515
628,0.247813749,1785045010.5900521,142.22562102826197,155.0830411819262,120.57649193331599,18,-0.004626376670785248,2.1501412838697433,0.20841016434133053
630,0.247813749,1785045010.8816051,148.60400736743966,154.91997629819937,105.19413851574063,13,-0.006911304255481809,1.0421409457921982,0.16605895571410656
632,0.247813749,1785045011.149848,147.56967583880254,154.71958397113704,107.90418322011828,16,-0.004305199894588441,1.7062252014875412,0.2822126355022192
634,0.247813749,1785045011.411881,158.38131216817095,153.95814798608941,98.84057511016726,12,-0.001227824599482119,4.719394996762276,0.12480248231440783
636,0.247813749,1785045011.700476,163.33490366105352,154.40440418001697,93.97125245630741,12,-0.00418740336317569,0.6567045375704765,0.2818666063249111
638,0.247813749,1785045011.9648151,161.2239555223172,154.9517286726622,97.93126274459064,16,0.0004454510781215504,2.4674077928066254,0.20660884026437998
640,0.247813749,1785045012.2284899,140.25286043276122,154.3933473251193,113.72930636443198,15,-0.0010211700791842304,4.062391355633736,0.1562862815335393
642,0.247813749,1785045012.522629,166.48226593533383,154.58454675807934,87.83403332345188,13,-0.0033813253685366362,2.234669491648674,0.20612790435552597
644,0.247813749,1785045012.788254,174.4291023396118,155.43170921622766,89.8445034250617,12,-0.0014793010195717216,2.673368752002716,0.22452880069613457
646,0.247813749,1785045013.072712,167.6930036113367,155.2125850707889,83.33768912870437,13,-0.0052365143346833065,1.5512330308556557,0.23251610435545444
648,0.247813749,1785045013.340127,158.5527353977452,155.14932190588627,92.2448330745101,12,-0.003610451123677194,1.2220688611268997,0.28671202901750803
650,0.247813749,1785045013.603667,125.78882586670288,155.26002485031088,133.2774250395596,16,-0.004971713162376545,1.0843401532620192,0.2514205817133188
652,0.247813749,1785045013.938729,161.24053946343776,155.7756616071809,97.5205993168056,14,-0.005980526679195464,2.6633268147706985,0.2777515649795532
654,0.247813749,1785045014.299258,162.5636539815599,156.41670814063568,97.15852662175894,9,-0.002314597979420796,0.9546509087085724,0.18956044502556324
656,0.247813749,1785045014.578453,165.23882493114576,156.27572675564844,97.68417010456324,12,-0.0003436629776842892,2.4433667436242104,0.2020880589261651
658,0.247813749,1785045014.884021,146.28761002537422,155.77227631659554,107.72392798773944,10,-0.0007772843528073281,1.1121002100408077,0.14272781368345022
660,0.247813749,1785045015.167812,166.4409607551491,156.1930768130792,90.97475092858076,12,-0.001490047317929566,1.3690643906593323,0.20656780432909727
662,0.247813749,1785045015.482578,156.11325511961945,156.15730834851325,106.49846708029509,14,-0.0009624270023778081,2.3159650936722755,0.15046457760035992
664,0.247813749,1785045015.750377,164.10808946965864,156.58812247705868,91.73513279482722,13,-0.002368054207181558,1.3878341987729073,0.2701944578438997
666,0.247813749,1785045016.021607,160.35924542977773,156.44494602267383,93.42931250110269,12,-0.0012406566529534757,0.8596780374646187,0.25840466376394033
668,0.247813749,1785045016.434968,155.30412017953563,155.87146447548014,103.2678342871368,18,-0.005917604663409293,2.001359462738037,0.21121201757341623
670,0.247813749,1785045016.740084,165.44160748327806,156.06318239784096,90.71177351474762,13,0.00010895280865952373,1.389573760330677,0.2311741728335619
672,0.247813749,1785045017.016691,149.59611690099277,155.31307224255116,116.4312010332942,9,0.00011103658471256495,6.879525274038315,0.1362759587354958
674,0.247813749,1785045017.328727,139.8135411204114,155.48060305861245,115.49922667443752,15,0.0031019207672216,1.971368707716465,0.2233400084078312
676,0.247813749,1785045017.601793,147.27725136050933,155.46275825736257,111.07713779062033,15,-0.002780620561679825,1.240795824676752,0.26397235691547394
678,0.247813749,1785045017.894774,142.44381333482252,155.8781589463217,116.5696224309504,13,-0.001994985097553581,1.2075958028435707,0.11912340391427279
680,0.247813749,1785045018.1588311,167.6013860733424,156.14978662232446,91.56665408238769,11,-0.006148950975330081,1.4096717983484268,0.19930343981832266
682,0.247813749,1785045018.4200199,142.1811540318137,156.1958686270625,104.07477691397071,11,-0.007820609520422295,2.2165315002202988,0.24774696584790945
684,0.247813749,1785045018.7750158,147.2961074706574,156.3212171452754,108.3312978129834,13,-0.0037880513118579984,0.8538521900773048,0.20363543089479208
686,0.247813749,1785045019.086014,160.0722899047797,156.02040430075272,90.64868065714836,12,-0.0035538032825570554,1.8561964258551598,0.2316844630986452
688,0.247813749,1785045019.374751,178.7314191126324,155.99908450351884,74.93519774451852,12,-0.0014546477468684316,4.549647361040115,0.18391215149313211
690,0.247813749,1785045019.667294,139.6610077658446,156.7180584639375,113.0224254829809,14,-0.003926541714463383,2.671752780675888,0.20231183245778084
692,0.247813749,1785045019.955384,164.12710705657355,157.4989114356206,97.29592995531857,13,-0.00266425684094429,0.9354644306004047,0.205272126942873
694,0.247813749,1785045020.25457,163.11119004434133,156.93266164915454,100.0280063599348,10,-0.0024402611888945103,3.137080878019333,0.2533622654154897
696,0.247813749,1785045020.533694,143.27104049621667,157.06875784293388,112.73237340524793,10,-0.001232948518008925,2.1206182315945625,0.1784581085667014
698,0.247813749,1785045021.274972,182.57787964900862,158.07113266785444,70.71019380353391,14,-0.0022247610613703728,1.6283360533416271,0.2861791914328933
700,0.247813749,1785045021.591937,169.07752318617108,158.67661539016697,85.90997989848256,12,-0.00464802079659421,1.588413156569004,0.2695939848199487
702,0.247813749,1785045021.879078,179.31729098735067,158.447705716983,89.1881508231163,12,-0.0026272087852703407,1.0606810450553894,0.21098345145583153
704,0.247813749,1785045022.2075222,174.05826211827883,158.5424707843255,75.76991000398993,15,-0.0027197609160793945,2.613236680626869,0.23867411445826292
706,0.247813749,1785045022.569369,174.74603584499437,159.25721206405788,81.57560997456312,10,-0.002671487512998283,1.0015520602464676,0.2218510638922453
708,0.247813749,1785045022.860447,153.459066017974,159.63166731445972,99.18633010238409,12,-0.002841342648025602,1.6336893141269684,0.1926956744864583
710,0.247813749,1785045023.34229,143.62316093956466,159.2765293298827,107.42341765016317,13,-0.0015202815411612391,1.6768920943140984,0.21058126725256443
712,0.247813749,1785045023.730945,137.35357365921303,158.67112425763054,109.38973462954164,16,-0.0020135396043770015,1.255135603249073,0.20273571740835905
714,0.247813749,1785045024.021783,166.41299211604348,158.34052479654795,89.4940062686801,17,-0.0021689368586521596,1.2763187736272812,0.255121405236423
716,0.247813749,1785045024.345006,173.90175438558992,158.65787017911796,84.03426993265748,13,-0.0006789781618863344,1.3905032835900784,0.18700519297271967
718,0.247813749,1785045024.697491,144.5217141310622,158.92023276349119,102.93218477070332,13,-0.0013047897955402732,1.396399810910225,0.18221611715853214
720,0.247813749,1785045025.0172958,152.0174697008628,158.408183670917,112.5996696408838,13,-0.0031430235248990357,1.4952651113271713,0.24576708115637302
722,0.247813749,1785045025.333644,161.56796111862468,158.83026077603049,92.8835288118571,13,-0.0026572379283607006,1.2815063782036304,0.23718738835304976
724,0.247813749,1785045025.6124392,178.3162236695748,159.91445865246234,77.59014108777046,12,-0.002073998679406941,1.324620209634304,0.1630819272249937
726,0.247813749,1785045025.917331,153.63215996383593,160.18297623166245,104.24982205033302,15,-0.006530704427859746,1.9541156440973282,0.19469826202839613
728,0.247813749,1785045026.186731,157.85589464310632,160.31606996033278,100.48202344402671,13,-0.0025573601596988738,1.3052145466208458,0.2472940506413579
730,0.247813749,1785045026.4624178,161.34415533761026,160.31952658698626,98.87348618730903,16,-0.0010947655537165701,1.3057986460626125,0.29757213592529297
732,0.247813749,1785045026.763148,144.15728637996025,160.17996966909013,109.67736615426838,16,-0.004115702060516924,2.4825562983751297,0.24642152432352304
734,0.247813749,1785045027.0355158,146.9387935920205,160.20138818461567,114.85884456709027,14,-0.0021069843787699938,1.332236785441637,0.19769854564219713
736,0.247813749,1785045027.3052852,170.05189215637174,160.67331230697823,85.03977386746556,15,-0.0029514168854802847,2.191670350730419,0.25121099688112736
738,0.247813749,1785045027.688808,179.27416026844801,160.99252351938412,81.86237736232579,12,-0.004329827963374555,1.4737978428602219,0.22805200889706612
740,0.247813749,1785045027.9584389,177.26915885233663,161.38981216683604,81.60524421930313,9,-0.0026335454313084483,1.9191459082067013,0.2522446718066931
742,0.247813749,1785045028.2728362,181.13624500356997,161.7319373860175,73.96850010380149,10,-0.0028705761942546815,1.3108685910701752,0.1867294292896986
744,0.247813749,1785045028.559104,161.46315434064175,162.11791351142105,97.25256227701902,13,-0.0037176607438595966,0.9358048625290394,0.2547912821173668
746,0.247813749,1785045028.834986,162.60349387409642,162.78055766785977,101.6275334507227,11,-0.007089744787663221,0.5462433360517025,0.2819694774225354
748,0.247813749,1785045029.130479,142.53643518303682,161.76953398818827,102.641506832093,13,-0.0018876575632020831,0.9021738953888416,0.12607410503551364
750,0.247813749,1785045029.96431,173.20123254155402,161.79692866121428,84.36391895636916,16,-0.0018589674727991223,1.5518964976072311,0.22801811806857586
752,0.247813749,1785045030.260799,160.36357393352182,161.58353546700528,92.38834809884429,13,-0.006210060280864127,1.3603190407156944,0.2308784807100892
754,0.247813749,1785045030.552502,152.2392130671575,161.05018087243064,110.94839695841074,16,-0.0013384632766246796,2.065176099538803,0.14251056592911482
756,0.247813749,1785045030.819463,158.44810709275274,160.89207000846795,97.83282878622413,13,-0.002024613379035145,2.3603805750608444,0.20712749753147364
758,0.247813749,1785045031.1068869,159.06399156177108,160.79598692061455,112.9414282888174,8,-0.0011283193889539689,1.6464037373661995,0.141190264839679
760,0.247813749,1785045031.369057,153.45277751158528,161.21378502511212,101.3212780430913,11,-0.00208021180878859,1.5979295372962952,0.21857730485498905
762,0.247813749,1785045031.640939,154.1752629221301,161.93743617183435,111.8814290985465,13,-0.0050567792350193486,2.59294193983078,0.22686071880161762
764,0.247813749,1785045031.987787,156.62712036504243,162.0995798691225,95.7621693611145,13,-0.0027583979244809598,0.6161156632006168,0.21548984199762344
766,0.247813749,1785045032.271931,158.8875584972776,161.3309618901976,94.46505727991462,12,-0.002546156174503267,1.782733827829361,0.18804682232439518
768,0.247813749,1785045032.5407512,166.5761945440741,161.72830368742657,83.20307684317231,13,-0.0027149786183144897,1.9941204637289047,0.23015214782208204
770,0.247813749,1785045032.832733,174.12078606322248,162.26401273386014,75.00259938836098,15,-0.0017029319424182177,0.9668057076632977,0.23164694756269455
772,0.247813749,1785045033.108178,161.58903099516624,162.29887822634868,101.65527494624257,12,-0.0013886448869016021,1.9650327414274216,0.21701362915337086
774,0.247813749,1785045033.412256,166.44512405442842,161.7495784161315,91.64669620990753,13,-0.001169264898635447,0.6896119955927134,0.14691307488828897
776,0.247813749,1785045033.740405,165.16729461330257,161.87393736761825,87.4583147764206,12,-0.0022376931738108397,0.5531748365610838,0.204767563380301
778,0.247813749,1785045034.030038,167.80547321118988,162.31297918814752,87.69155678898096,12,-0.0028711471532005817,2.165331184864044,0.24088083859533072
780,0.247813749,1785045034.332744,151.48943004048698,162.06756665806574,99.89945019129664,14,-0.0028584856336237863,1.021423526108265,0.21755110193043947
782,0.247813749,1785045034.600725,159.01750468732845,162.44462049922078,98.2049068659544,12,-0.003714937178301625,1.44161107391119,0.2382566723972559
784,0.247813749,1785045034.903178,162.5707983220015,163.06245142199322,84.38924579881132,15,-0.0015542522305622697,1.7175421342253685,0.19628825597465038
786,0.247813749,1785045035.2009118,149.0336909952113,162.336945751123,103.08780144155025,16,-0.003193626063875854,2.3417843729257584,0.20966054499149323
788,0.247813749,1785045035.470596,175.8922871232055,162.12279497970468,74.60450656432658,14,-0.0028341325523797423,1.9378694221377373,0.22322198655456305
790,0.247813749,1785045035.778722,169.29988568577468,161.89867193784255,92.56504222005606,14,3.059394657611847e-07,0.8719983659684658,0.142120152246207
792,0.247813749,1785045036.049323,167.47181098771173,161.55762308619768,90.18840185366571,13,-0.0010067399707622826,1.1870695650577545,0.21139389649033546
794,0.247813749,1785045036.362817,139.7165774278833,161.33763595731776,115.1028117313981,12,-0.0024544536281609908,2.170500546693802,0.22653689794242382
796,0.247813749,1785045036.872515,155.377685730881,160.75447177275453,101.28763245791197,16,-0.0031778853153809905,2.0411349311470985,0.1369598964229226
798,0.247813749,1785045037.267731,171.14135621302967,161.3858909197291,98.25508207082748,10,-0.004847378004342318,1.581761173903942,0.19945103581994772
800,0.247813749,1785045037.568866,172.0445174803742,161.2485618605857,85.29262813925743,13,-0.00345795089378953,1.7875604927539825,0.25841208454221487
802,0.247813749,1785045037.913391,129.7430768642082,160.9899577136963,113.82937717065215,14,0.0027410000693635084,1.6209136098623276,0.12880374770611525
804,0.247813749,1785045038.185008,147.5123514466791,161.0232256588433,114.19677519798279,13,-0.005125336989294738,0.6039013881236315,0.14619157277047634
806,0.247813749,1785045038.5004969,158.01332260376475,160.5495796162205,103.08965353295207,11,-0.0023920303356135264,0.8855707980692387,0.19428591802716255
808,0.247813749,1785045038.759003,157.19569692668372,160.54558172566152,97.29829849675298,10,-0.0030894267838448286,0.8005547821521759,0.23799943272024393
810,0.247813749,1785045039.020176,135.32069734099048,160.09249579646095,122.70148867368698,17,-0.0018632494029588997,1.715995892882347,0.22063162084668875
812,0.247813749,1785045039.302879,146.70119475529916,159.8473813017156,117.54864693433046,15,-0.0022453837445937097,0.8598393611609936,0.10525961080566049
814,0.247813749,1785045039.5625238,157.9398345020997,159.90894008345734,98.88228598609567,12,-0.0012661260552704334,0.9453505538403988,0.12306556385010481
816,0.247813749,1785045039.818308,162.66994722056285,160.36879899441388,92.96944086998701,11,-0.00323842914076522,1.1221913807094097,0.2455029021948576
818,0.247813749,1785045040.106142,143.92581845427426,159.97277277128515,105.37982850149274,14,-0.0019412367837503552,1.1423645317554474,0.21701642405241728
820,0.247813749,1785045040.375565,153.74103911834936,159.31618778868165,103.6979637183249,12,-0.004144996113609523,1.5014552772045135,0.13684862945228815
822,0.247813749,1785045040.655932,150.58666402001072,158.93779460998212,103.23974607558921,10,-0.0012974218698218465,0.7919588163495064,0.09778106305748224
824,0.247813749,1785045041.314821,183.435388973889,159.17810897045817,79.97400281298906,11,-0.002702566562220454,2.1596721187233925,0.1849335264414549
826,0.247813749,1785045041.6508238,164.61148005339658,158.76826629097295,83.02742089703679,13,-0.004545498406514525,1.2878594994544983,0.2949623093008995
828,0.247813749,1785045041.983365,165.16011820075184,158.4763481066211,87.77634140476584,12,-0.0029762463527731597,2.495599865913391,0.25948082376271486
830,0.247813749,1785045042.7020721,186.19234563548858,159.28013513360108,66.87807958107442,13,-0.0004656364908441901,1.4086284302175045,0.16761078033596277
832,0.247813749,1785045043.141572,169.02539045534493,159.98547058136293,89.12132265418768,11,-0.004099404541193508,2.792423188686371,0.21620500832796097
834,0.247813749,1785045043.447629,167.57841104325377,159.86879515629064,88.05797920376062,11,-0.0009685984696261585,1.255968026816845,0.15793201886117458
836,0.247813749,1785045043.741805,162.43465560904187,160.60257428776362,86.89506157487631,12,-0.0012650909047806635,2.1089035272598267,0.16298530995845795
838,0.247813749,1785045044.10974,181.02282604520823,160.83006967132997,70.97235528938472,13,-0.002057917808997445,0.7255576476454735,0.14413736388087273
840,0.247813749,1785045044.4139872,172.83530452263716,161.21500789520053,83.85476212203503,12,-0.002488014637492597,1.9814632534980774,0.2373378062620759
842,0.247813749,1785045044.6881049,151.115153917208,160.98170656188336,115.11112465336919,15,-0.0018271776498295367,2.1221264749765396,0.21280293725430965
844,0.247813749,1785045045.326248,170.54402916218748,161.87672824050347,82.46814046986401,12,-0.0036917511897627264,1.6607087478041649,0.22332283481955528
846,0.247813749,1785045045.59814,150.30057311128616,161.88601815715995,110.48164593055844,16,-0.0015779623645357788,2.178637035191059,0.15169937536120415
848,0.247813749,1785045045.8696709,170.19803340943844,162.10508632487551,77.47318921983242,16,-0.002045362925855443,1.0361611731350422,0.17400741763412952
850,0.247813749,1785045046.168674,178.97619139593448,162.1398786058336,74.34884537383914,11,-0.004386150423670188,1.2449064441025257,0.2089767288416624
852,0.247813749,1785045046.4801579,140.2518014700595,161.8526002081,112.98875521868467,14,-0.00495467935979832,1.9091896638274193,0.22120336908847094
854,0.247813749,1785045046.8036091,157.25097544387938,162.09164219630486,98.13410405442119,14,-0.0012200377605040558,1.7684370949864388,0.13040909357368946
856,0.247813749,1785045047.0825999,145.2237567974703,162.11485884763403,105.30260042101145,15,-0.0030182274131220765,2.5650446340441704,0.1357819801196456
858,0.247813749,1785045047.3544772,168.53514177209559,162.14809632282598,78.18327698484063,15,-0.003949177422327921,1.029668316245079,0.19769020471721888
860,0.247813749,1785045047.6546571,167.84706142617617,162.30824286808175,86.11794587597251,14,-0.0009222849912475795,1.2787523940205574,0.136049491353333
862,0.247813749,1785045047.919897,161.48542413418227,162.5510755091357,84.8410764746368,12,-0.0028391319792717695,0.8587879203259945,0.20078257657587528
864,0.247813749,1785045048.190547,161.02509972304682,162.67271305050838,92.37800727970898,11,-0.006087364730774425,1.5259424522519112,0.25805487390607595
866,0.247813749,1785045048.478913,177.36299628031298,162.8143927137287,81.5500373300165,12,-0.0025462080957368016,0.8812971822917461,0.19921144004911184
868,0.247813749,1785045048.741746,165.75801852204285,162.71208874344435,96.37956332415342,13,-0.00031793114612810314,2.4977587163448334,0.15327384788542986
870,0.247813749,1785045049.040689,143.35703569430106,163.2911684654828,112.78001624159515,14,-0.002253557810036,1.6353165209293365,0.16864832676947117
872,0.247813749,1785045049.311112,160.40749565365888,163.5716530887879,91.9780009817332,11,-0.0014439289225265384,1.0212598480284214,0.1261378894560039
874,0.247813749,1785045049.580467,166.43428081979653,163.06909377952934,88.14692547917366,10,-0.0010494260350242257,1.8043823763728142,0.07945378497242928
876,0.247813749,1785045049.8695948,151.77057731787858,163.33487270830562,107.31866160407662,13,-0.0037881553289480507,0.7705659531056881,0.12584593566134572
878,0.247813749,1785045050.1415548,171.2639486739946,163.30897098176766,88.3581113293767,11,-0.0034920085963676684,1.4631834626197815,0.15313406381756067
880,0.247813749,1785045050.4108758,145.01755434499245,162.21928972478298,117.18840749375522,14,-0.002157025533961132,3.1182402223348618,0.16319700796157122
882,0.247813749,1785045050.6983879,152.4246592080653,161.68566494617613,94.39008552301675,14,-0.0025964751257561147,1.5062555521726608,0.23334281891584396
884,0.247813749,1785045050.96636,153.509481337563,161.7165345033964,95.23278309218585,13,-0.0009988447418436408,1.684447955340147,0.17311518732458353
886,0.247813749,1785045051.291109,173.07209535999056,161.48999631986024,77.75842677615583,9,-0.002901409170590341,0.5794894304126501,0.1944381771609187
888,0.247813749,1785045051.567819,148.3367927954044,160.26295302875707,105.17707545310259,15,-0.0015553744960925542,2.046989880502224,0.15772419329732656
890,0.247813749,1785045051.8369422,160.35435112843123,159.56962462931008,90.06798439472914,12,-0.0013341218582354486,2.611824110150337,0.10980975488200784
892,0.247813749,1785045052.13184,140.00816678525274,159.03315238793573,109.08383955806494,15,-0.002245984214823693,0.6733606830239296,0.204521918669343
894,0.247813749,1785045052.40095,145.28067043677254,157.462953291275,121.07618238031864,18,-0.001737482838507276,0.9136711806058884,0.1845212271437049
896,0.247813749,1785045052.67011,142.02307463633693,157.0497907726218,118.14472165191546,12,-0.00103834113542689,2.324838638305664,0.11347122583538294
898,0.247813749,1785045052.9935,175.48643746786624,156.98877644422404,82.46374708320946,12,-0.0023659580037929118,1.3048465922474861,0.23158772382885218
900,0.247813749,1785045053.256723,161.34357999439678,156.97286800139398,95.86219935119152,14,-0.004193408378341701,2.459967292845249,0.20873415749520063
902,0.247813749,1785045053.548918,180.61749697268047,158.2601698531129,71.30849359929562,12,-0.0022453688725363463,0.49007557705044746,0.15685525443404913
904,0.247813749,1785045053.81241,176.91767022021614,158.56248726010662,74.86389562860131,13,-0.0027785668353317305,1.761286899447441,0.2296724459156394
906,0.247813749,1785045054.214726,137.23293008927004,157.81139227041766,116.23718760535121,14,-0.00047895347233861685,2.463613413274288,0.1574604045599699
908,0.247813749,1785045054.510195,172.41069020814874,158.46947267670578,79.36563489586115,14,-0.0015865449095144868,1.2415514662861824,0.21799482312053442
910,0.247813749,1785045054.7938402,168.88104540516315,158.76210144913256,87.99678475223482,14,-0.003576775488909334,1.2803165689110756,0.1487604626454413
912,0.247813749,1785045055.0633678,171.2680244833452,158.89878434894047,86.66419609356672,12,-0.0021889027702854946,2.073263593018055,0.19364698883146048
914,0.247813749,1785045055.389626,176.43686607920813,159.35033653446698,76.10449699312449,13,-0.0021478667622432113,0.4501141142100096,0.1484381314367056
916,0.247813749,1785045055.704309,169.51471393742557,159.31046295432228,90.6752140596509,11,-0.003168256545905024,1.461488425731659,0.14021369768306613
918,0.247813749,1785045056.003503,166.7058858629303,159.50412897333166,87.72372097708285,12,-0.0034265137219335884,1.772717922925949,0.16764981672167778
920,0.247813749,1785045056.2709289,170.38426164349386,159.83052391459557,86.66935731843114,10,-0.00302096112864092,0.7213018499314785,0.14791354816406965
922,0.247813749,1785045056.540301,174.59549014185714,160.10287979711154,89.04598001390696,12,-0.0019113524977001362,1.3723552152514458,0.1453127688728273
924,0.247813749,1785045056.8342762,182.1732775644105,160.6164546292899,71.27467239275575,12,-0.0029655213584192097,0.9656569249927998,0.19079595804214478
926,0.247813749,1785045057.134536,170.84549657764964,160.7008405982571,90.02939838916063,11,-0.0024915036628954113,1.1104849502444267,0.14825690351426601
928,0.247813749,1785045057.446499,165.8046574905964,160.6314741201096,88.90049728751183,14,0.0008989907510112971,1.009919885545969,0.19229281786829233
930,0.247813749,1785045057.744992,167.07740364704287,161.59064508702772,87.44556928426027,11,-0.005244939122349024,2.2909889221191406,0.18763434421271086
932,0.247813749,1785045058.010901,160.28358445407332,161.13827037417545,98.66141027957201,11,-0.0024928429775172845,1.1345926858484745,0.17718372866511345
934,0.247813749,1785045058.3057878,154.4336251053926,161.0697285067346,99.55790330842137,13,-0.001647294091526419,0.8100793771445751,0.08983049704693258
936,0.247813749,1785045058.571648,165.20092380016143,161.35725674042203,90.71794783510268,14,-0.0035071203019469976,0.8736273013055325,0.23343677446246147
938,0.247813749,1785045058.8369558,164.5736901371367,162.33305191458894,92.97713090851903,12,-0.004267738782800734,1.4950370863080025,0.22111575491726398
940,0.247813749,1785045059.127258,177.41085653923005,163.08536122499086,87.95086416602135,9,-0.0017974332586163655,2.2774857208132744,0.19967371877282858
942,0.247813749,1785045059.393932,162.09616220879502,163.56101971512754,83.3612084724009,12,9.419560228707269e-05,1.0028697028756142,0.08890136983245611
944,0.247813749,1785045059.665855,180.16966207294766,164.856248459806,71.15103197935969,12,-0.003764782100915909,1.7765785083174706,0.19428782910108566
946,0.247813749,1785045059.9605372,167.7101670277208,166.01720306428055,85.49661225825548,11,-0.0012414206867106259,0.8629273027181625,0.11719493614509702
948,0.247813749,1785045060.2295759,179.2126618617162,166.11441066092215,82.89809705503285,11,0.0007015958253759891,1.1916828081011772,0.13077045138925314
950,0.247813749,1785045060.519837,143.57547485340177,165.21222510480865,111.61231469362974,16,-0.0012504688929766417,3.1454966366291046,0.09820103645324707
952,0.247813749,1785045060.812618,165.962874459267,164.80081135584828,88.71989615634084,12,-0.0025068586255656555,1.3470985442399979,0.1934174783527851
954,0.247813749,1785045061.0849652,169.96372990908444,164.91140058698065,93.34617403056473,11,-0.005567329717450775,1.5566693432629108,0.23005745187401772
956,0.247813749,1785045061.387275,176.78271549297233,166.2796647693459,79.81719963252544,13,-0.0018147196533391252,0.49638859927654266,0.14586970349773765
958,0.247813749,1785045061.6601331,177.98086650327224,166.35094932965717,75.28178728371859,13,-0.0011633268513833173,0.5538355968892574,0.13398321298882365
960,0.247813749,1785045061.9267452,175.80405256313557,166.7862725680715,71.23538573645055,12,-0.003171636948536616,1.078999675810337,0.18344617635011673
962,0.247813749,1785045062.215424,175.04856518256005,167.02247112807956,86.57885624840856,13,0.0002127564512193203,1.346440888941288,0.1930648097768426
964,0.247813749,1785045062.4781282,178.93123662250113,167.17128423066538,77.42324050143361,15,-0.002025218796916306,1.341416522860527,0.13684016466140747
966,0.247813749,1785045062.773491,184.40327864887232,167.6398717142981,70.63798707351089,12,-0.0014815406175330281,0.7713683098554611,0.10062192473560572
968,0.247813749,1785045063.04247,144.2501526264447,167.7929809262618,108.96317557618022,14,-0.0012562526680994779,2.634644702076912,0.142728412989527
970,0.247813749,1785045063.31151,173.44999322688892,167.24731288112613,88.65721607580781,16,-0.00245051016099751,1.8908102065324783,0.16563437972217798
972,0.247813749,1785045063.6010392,171.22372257807766,167.3791207414195,84.13993595354259,12,7.691089558647946e-05,1.257937926799059,0.15669910702854395
974,0.247813749,1785045063.860526,178.1589664049245,167.37340750111784,76.11192813515663,12,-0.003054977103602141,1.9275775328278542,0.14973833737894893
976,0.247813749,1785045064.1217222,153.18049478172057,167.2099978464503,99.09694707021117,14,-0.0011629188957158476,1.5199395045638084,0.11438442207872868
978,0.247813749,1785045064.439787,158.91741741479785,167.13909473647652,86.31813225895166,11,-0.0019643933046609163,1.065932735800743,0.17243293952196836
980,0.247813749,1785045064.7115579,166.62186149009435,166.83611288705688,94.76773583889008,12,-0.0013381907774601132,1.4670402258634567,0.11501144524663687
982,0.247813749,1785045065.010135,175.95288040635722,167.8770056648898,81.43296694383025,10,-0.0013301229919306934,0.7499259002506733,0.1275988374836743
984,0.247813749,1785045065.2844002,173.4497802650159,168.5618083117024,77.3078179974109,10,-0.0016579362345510162,0.8429994769394398,0.09909720113500953
986,0.247813749,1785045065.54916,180.92765465085773,168.6544925299475,77.87173011340201,12,-0.0029707647918257862,1.5326633751392365,0.24222768004983664
988,0.247813749,1785045065.84015,170.387296571782,168.88422454162645,83.42895144596696,12,-0.0020588295010384172,0.5756539106369019,0.15964581817388535
990,0.247813749,1785045066.107083,180.2806827994337,168.95367643673336,74.61468923464417,10,-0.0016389917582273483,0.6465013325214386,0.16594421118497849
992,0.247813749,1785045066.3736582,163.35314130352157,169.03268536172834,86.81623305939138,10,-0.0024388734018430114,2.9641456604003906,0.24290585238486528
994,0.247813749,1785045066.6640818,157.11498407200855,168.73949472112068,100.62958675995469,14,-0.002616634279547725,2.570937506854534,0.20088783279061317
996,0.247813749,1785045066.926641,157.22559207301552,168.2977036131445,102.76597585342824,12,-0.0005568683554884046,3.0481212586164474,0.08135441062040627
998,0.247813749,1785045067.220992,160.9100730857485,168.22597026739885,97.39174643345177,16,0.0003279320735600777,1.7109707966446877,0.142242225818336
1000,0.247813749,1785045067.9203148,150.53682337883868,168.94552940540623,105.714543774724,14,5.983815935906023e-05,1.928923912346363,0.13548763561993837
1000,0.247813749,1785045067.9203148,150.53682337883868,168.94552940540623,105.714543774724,14,5.983815935906023e-05,1.928923912346363,0.13548763561993837
1002,0.247813749,1785045068.236135,155.33424289262427,168.76248031661916,95.85736254509538,13,-0.0026601530553307384,1.8565773367881775,0.11034742090851068
1004,0.247813749,1785045068.527298,162.32901687058757,168.7196559140729,89.23125618696213,13,-0.0025271244812756777,1.6032852083444595,0.13827342074364424
1006,0.247813749,1785045068.789749,168.99147074173928,168.49225223303148,82.25585013255477,11,-0.002330439194338396,0.7931040227413177,0.10324615752324462
1008,0.247813749,1785045069.052276,178.93722182481963,168.44137598603945,82.81862578168511,11,-0.0032853768207132816,1.3438920937478542,0.215595880523324
1010,0.247813749,1785045069.344894,178.21699544852171,168.0404824072953,85.76976434607059,11,-0.0018768550362437963,2.678710922598839,0.20132767595350742
1012,0.247813749,1785045069.619949,180.86052410723158,168.35240960603707,76.78876249492168,12,-0.0027626035225694068,1.950408212840557,0.11757610784843564
1014,0.247813749,1785045070.137366,169.7010741394722,167.63588949103982,85.01746613718569,9,-0.003532420319970697,0.7393659166991711,0.22823202051222324
1016,0.247813749,1785045070.403944,175.46083793522487,167.29060168811867,85.32366104051471,9,-0.0016418229351984337,0.6625293958932161,0.15267352480441332
1018,0.247813749,1785045071.011095,187.15205109041145,168.2049811435908,68.16276405006647,11,-0.0006918674625921994,0.9902611039578915,0.12463525217026472
1020,0.247813749,1785045071.330785,161.08238159672004,168.5137296814903,94.66609751805663,11,-0.002857019964721985,1.7132939919829369,0.22563055623322725
1022,0.247813749,1785045071.594613,154.20844078813022,168.09330013558576,101.01611463725567,17,-0.001756162178935483,2.4134912192821503,0.13515722379088402
1024,0.247813749,1785045071.859782,161.39780973013694,167.82244354325653,95.70354413241148,14,-0.0015205509844236076,1.2046571150422096,0.1362616796977818
1026,0.247813749,1785045072.149424,173.96550048706013,168.18226613499664,76.54107298702002,12,-0.0007403336348943412,0.8449969477951527,0.10318526066839695
1028,0.247813749,1785045072.41539,154.23864607326416,168.3748770829982,92.51810752227902,12,-0.0018830545159289613,1.2150176279246807,0.1849194746464491
1030,0.247813749,1785045072.706593,173.14877413659863,168.33441428808743,84.7331369984895,14,-0.0025221232208423316,0.704085435718298,0.1756588569842279
1032,0.247813749,1785045073.0102122,169.0082074015399,167.62118045961154,89.7033208552748,11,-0.0003171446151100099,1.380413979291916,0.1731381881982088
1034,0.247813749,1785045073.281186,183.77141584433357,167.73343077123485,71.88993875309825,10,-0.0016840551397763193,1.0918041728436947,0.1502524926327169
1036,0.247813749,1785045073.577111,166.18151590479425,167.32323709848026,85.85723376087844,12,-0.0018150804098695517,0.8194147683680058,0.1917841425165534
1038,0.247813749,1785045073.8570461,178.58876648817403,167.59478466654735,73.26949377823621,14,-0.0024960798327811062,1.1477452516555786,0.17277244292199612
1040,0.247813749,1785045074.1280708,162.5074075749791,166.57934561134877,99.03569823130965,12,-0.003383976989425719,1.791724219918251,0.220835505053401
1042,0.247813749,1785045074.41806,168.92003196084943,166.75875061427251,85.06930165924132,12,-0.001230748115631286,2.4803209975361824,0.0960301582235843
1044,0.247813749,1785045074.772546,170.83212013428644,166.76590297612313,79.10150417126715,14,-0.002064780710497871,1.1734429821372032,0.18034282512962818
1046,0.247813749,1785045075.1714969,176.43936410274586,166.99420565093172,83.79655707627535,11,-0.000803428833023645,2.146471805870533,0.11034779553301632
1048,0.247813749,1785045075.5064461,167.01655657095785,167.09152093879308,98.32335256785154,14,-0.004742618853924796,0.9653928838670254,0.23216850403696299
1050,0.247813749,1785045075.8251562,153.6466945913423,167.19601448996153,101.38703266531229,15,-0.002248681092169136,1.1546193435788155,0.20736454520374537
1052,0.247813749,1785045076.124546,157.65925991775876,167.3651979147161,94.64971224963665,13,-0.003978447406552732,0.8320527635514736,0.1692269230261445
1054,0.247813749,1785045076.396888,176.8622017992796,167.47891745442178,78.93421836569905,12,-0.0009747555013746023,0.8594354018568993,0.12057918682694435
1056,0.247813749,1785045076.6672761,158.73145743354047,167.21521821757497,95.5409602895379,10,-0.0010766256018541753,1.956728145480156,0.1283557340502739
1058,0.247813749,1785045076.960651,158.613451635188,167.12522003169997,101.14115002378821,14,-0.0017611974326428026,1.9747261479496956,0.17949789017438889
1060,0.247813749,1785045077.243613,161.2212884272443,167.00037406609397,93.47097127325833,14,-0.001579594041686505,1.9393205717206001,0.15634421817958355
1062,0.247813749,1785045077.558667,166.3747684818389,166.40993696906702,87.30632615834475,12,-0.0018491554073989391,1.7838977202773094,0.13684826204553246
1064,0.247813749,1785045077.895232,166.8784221417617,166.41455108880066,83.70904360339046,12,-0.0014987395115895197,1.805482842028141,0.20735586900264025
1066,0.247813749,1785045078.17968,176.53408205290847,166.6972231930734,82.85020769201219,10,-0.0010622384725138545,2.2000300362706184,0.1739515569061041
1068,0.247813749,1785045078.4806678,154.9157913110334,165.36641147696312,98.02743264660239,12,-0.0024660477647557855,2.855955019593239,0.1830172212794423
1070,0.247813749,1785045078.762221,157.85467649494447,165.1398588643703,90.76970478892326,12,-0.0012207834515720606,1.3275041319429874,0.10673891706392169
1072,0.247813749,1785045079.033153,165.05856790472632,165.07031083704925,84.24824286438525,14,-0.003547133441315964,0.8450676687061787,0.21903577353805304
1074,0.247813749,1785045079.335775,160.9282224631756,164.88547191419374,92.35459236428142,11,-0.00311713496921584,1.387826133519411,0.15013114642351866
1076,0.247813749,1785045079.606501,157.3088423139877,164.68576647347294,93.71978917066008,14,-0.0012940181186422706,2.8394269198179245,0.11930590961128473
1078,0.247813749,1785045079.933556,186.76610607869608,164.95293019708618,68.43150622490793,14,0.002029603099799715,1.2415191233158112,0.15655050054192543
1080,0.247813749,1785045080.206164,177.6987590600689,165.23688944138578,79.90245799347758,12,-4.5667067752219737e-05,1.2739202380180359,0.1202706303447485
1082,0.247813749,1785045080.8084779,193.1804434792699,166.44468264901963,64.75387231446803,13,-0.0027469647902762517,1.452249936759472,0.14862248487770557
1084,0.247813749,1785045081.156501,167.81814053492735,165.64450727983123,83.03006291203201,11,-0.0022952257495489903,0.9928272441029549,0.15673335548490286
1086,0.247813749,1785045081.435807,180.47126256945154,166.06934159192198,83.12841654196382,12,-0.0014887567958794534,1.4736805967986584,0.13039173558354378
1088,0.247813749,1785045081.7204962,158.02320940990555,165.13720176389543,97.27266415953636,13,-0.0023957631492521614,0.9668546617031097,0.1439457619562745
1090,0.247813749,1785045082.0310988,135.2043682518566,165.18288513020443,131.3295408077538,14,-0.0013429468672256917,3.2168212831020355,0.1259412942454219
1092,0.247813749,1785045082.350362,164.5452857839828,165.17831130775735,90.6514851693064,13,-0.0013339985744096339,1.94175573438406,0.13025527400895953
1094,0.247813749,1785045082.65431,157.5826583417097,164.6614046269677,91.85745020769536,15,-0.0012980184401385486,1.2603472657501698,0.1336834914982319
1096,0.247813749,1785045082.927893,172.32208874407243,165.2380613130366,79.89471420273185,14,-0.002052357594948262,1.2187850214540958,0.19494722317904234
1098,0.247813749,1785045083.199074,176.40603515863614,164.96432529255173,74.32605197839439,13,-0.002234112471342087,1.2319435328245163,0.1570062506943941
1100,0.247813749,1785045083.5173278,165.0388320438661,165.27253540417055,90.02687416598201,13,-0.0018006240934482776,1.4780686162412167,0.19622518122196198
1102,0.247813749,1785045083.7996879,170.51016519142473,165.6553873092086,95.672945946455,12,-0.0020203442400088534,0.8204274103045464,0.17812750488519669
1104,0.247813749,1785045084.1463108,159.9836308281477,165.41837910252758,88.7759580668062,13,-0.001630003855098039,1.5693915039300919,0.1577348094433546
1106,0.247813749,1785045084.482126,162.15142124171683,165.1641032953751,99.79533423855901,14,-0.0019775661639869213,2.0093147233128548,0.13981062127277255
1108,0.247813749,1785045084.7785048,178.10392595785572,165.02051624709952,77.88780371844769,11,-0.000677624368108809,2.16526248306036,0.1217686403542757
1110,0.247813749,1785045085.088042,179.27638998256668,165.3963808013979,80.74036111310124,11,0.00012388639152050018,1.2212580367922783,0.10762341320514679
1112,0.247813749,1785045085.385121,140.72560664900814,164.8818152514963,119.68642896413803,17,-0.0004956293269060552,2.4237343966960907,0.12474597385153174
1114,0.247813749,1785045085.655736,184.04838459945964,165.424282637254,73.0402757897973,15,-0.002391812566202134,1.0691311955451965,0.1944323256611824
1116,0.247813749,1785045085.94702,184.89813735385823,165.6596551468479,67.3847177978605,12,-0.0019914987569791265,1.3153373301029205,0.18789753690361977
1118,0.247813749,1785045086.213027,166.7409784241612,165.93242888030596,90.49306699633598,12,-0.002304751193150878,1.1403231732547283,0.14590146951377392
1120,0.247813749,1785045086.551475,154.92180674478902,166.10246190770846,106.0385322868824,13,-0.0026882709935307503,1.5457260981202126,0.17509540356695652
1122,0.247813749,1785045086.92363,186.75224501203513,166.93099788139708,71.5416403170675,12,-0.0018458043923601508,1.0716556906700134,0.1656977804377675
1124,0.247813749,1785045087.197331,146.3763726163808,166.52333144904094,109.07961845770478,9,0.0002509310652385466,2.0117781311273575,0.10206483956426382
1126,0.247813749,1785045087.499994,162.7453612637599,166.78742130295893,95.03070969041437,13,-0.0011466966388979927,1.9277039244771004,0.16477042622864246
1128,0.247813749,1785045087.769254,169.32650957602445,166.56093933545426,95.40858292020857,11,-0.000771644408814609,0.886305570602417,0.1404898902401328
1130,0.247813749,1785045088.03591,175.18945731040623,166.3132404179372,87.8336231559515,13,-0.0015641759091522545,1.6635130643844604,0.09369094576686621
1132,0.247813749,1785045088.332312,162.80065250565266,165.5899910238849,94.82486052066088,12,-0.0010634002392180264,0.9332900382578373,0.11006020428612828
1134,0.247813749,1785045088.5973,162.5434492522036,165.5681347078423,98.86058343201876,12,-0.0009224833484040573,2.7885605469346046,0.15250764647498727
1136,0.247813749,1785045088.862636,168.07351184755413,165.47157754377884,83.24406017363071,12,-0.0033228819083888084,1.6236334964632988,0.22911433596163988
1138,0.247813749,1785045089.158853,174.0256574518378,166.20595140724808,75.72621996607631,13,-0.0025220775278285146,0.7107463516294956,0.19281707052141428
1140,0.247813749,1785045089.428362,183.26355560467513,167.31854847692125,76.84395365230739,13,-0.0020955594955012202,0.9125315807759762,0.14615870965644717
1142,0.247813749,1785045089.720374,169.25363674050342,167.3586619748822,83.38563957903534,14,-0.0006894120015203953,2.239715538918972,0.0760293232742697
1144,0.247813749,1785045089.981256,162.5947384121504,168.13672455218563,86.90271839126945,11,-0.0015247721457853913,1.2535512447357178,0.1130884662270546
1146,0.247813749,1785045090.2890399,184.42741135401096,167.90634961714815,69.9448626730591,12,-0.002143904799595475,1.4685801714658737,0.19313885271549225
1148,0.247813749,1785045090.6013818,164.85855775573702,168.2400092857192,84.42073669284582,13,-0.0015068779466673732,1.4948492348194122,0.13813471561297774
1150,0.247813749,1785045090.8788831,174.44153468074714,168.71065134018158,86.99464940279722,13,-0.0013466203527059406,2.385490335524082,0.12470254907384515
1152,0.247813749,1785045091.160219,176.80001273445123,168.60256855757686,76.5697858966887,12,-0.001171292387880385,1.708261575549841,0.18024819996207952
1154,0.247813749,1785045091.565164,158.67793304077975,168.55879356991744,100.22658933699131,13,-0.0016664803188177757,1.9035823792219162,0.14411782659590244
1156,0.247813749,1785045091.830435,170.81620673851324,168.93021473093518,81.67523147538304,13,-0.0012749521993100643,1.9219192266464233,0.12611159356310964
1158,0.247813749,1785045092.1507552,179.79728196988023,169.19105362204192,85.2306267246604,9,-0.002392281632637605,1.7567944005131721,0.13345305249094963
1160,0.247813749,1785045092.46189,177.96151918991598,169.45920262998408,77.29167965985835,12,-0.0015917187556624413,0.676814790815115,0.17523639323189855
1162,0.247813749,1785045092.732252,152.71380375220133,169.68142884141392,100.21566541492939,12,-0.001561018347274512,1.174555353820324,0.19028418604284525
1164,0.247813749,1785045093.0206668,167.130531098127,169.30184385863933,96.58027922362089,9,-0.0021344220731407404,1.8737922981381416,0.17182215303182602
1166,0.247813749,1785045093.288151,168.4490939432156,168.96846518219706,88.57706119678915,13,-0.0012893335078842938,1.595116563141346,0.08992168237455189
1168,0.247813749,1785045093.55269,167.51217187259851,169.21955904118246,94.42686556279659,13,-0.0018476639525033534,0.8997937142848969,0.10316356411203742
1170,0.247813749,1785045093.858248,166.2930308212169,169.39524206656628,83.1347506288439,15,-0.0024263757513836026,2.262954019010067,0.20798575598746538
1172,0.247813749,1785045094.120928,149.68652667391882,168.59004925831331,105.04498434998095,12,-0.0021986917417962104,1.9505834355950356,0.16347614582628012
1174,0.247813749,1785045094.449857,158.15262403426985,169.3085834027164,92.92518072202802,13,-0.003551604415406473,1.0763660073280334,0.1355118565261364
1176,0.247813749,1785045094.7141278,168.81118186608938,169.3626160632489,91.12922042608261,16,-0.003237318764149677,1.9591324478387833,0.1022356569301337
1178,0.247813749,1785045094.980482,163.24897661811661,169.39201364498322,89.2869139239192,12,-0.0009884199243970215,1.5456652268767357,0.08970657084137201
1180,0.247813749,1785045095.26735,167.27818008408175,169.44648078294813,90.23775356821716,11,-0.0014324731600936502,1.1785074472427368,0.10818146308884025
1182,0.247813749,1785045095.547495,179.0879455799628,169.58603939737023,78.76480456441641,11,-0.0017579608247615397,1.2158325426280499,0.15636921860277653
1184,0.247813749,1785045095.826551,164.2947679754466,169.80170535594914,91.46266185119748,14,-0.0017285292269662023,1.6478250697255135,0.1530438312329352
1186,0.247813749,1785045096.118567,174.18533340872142,169.80839256868992,77.23491502925754,11,-0.0015058647841215134,1.3225761987268925,0.15588723262771964
1188,0.247813749,1785045096.3810802,173.61852357680218,170.01741742647908,84.47897716239095,12,-0.0013341670273803174,0.7339188884943724,0.1328646200709045
1190,0.247813749,1785045096.702703,145.54715435754648,169.55417342675327,102.18660385999829,13,0.000247337797190994,1.4658620059490204,0.13075675861909986
1192,0.247813749,1785045096.966103,164.1718698444641,169.36873779631685,87.49675064906478,13,-0.0007850297261029482,1.2394452393054962,0.10045695258304477
1194,0.247813749,1785045097.229589,153.29521065528,168.845587324342,100.10723182372749,14,-0.0032190171550610103,0.9152083285152912,0.14138898951932788
1196,0.247813749,1785045097.5892968,174.45872044821044,168.9984421032436,80.64293452911079,15,-0.0017722992488415912,1.0285349860787392,0.11272868886590004
1198,0.247813749,1785045097.9027252,173.22237194292262,169.0540539322725,80.64952176064253,10,-0.001288114050112199,0.7834892012178898,0.11264701513573527
1200,0.247813749,1785045098.223246,171.92344492461157,168.63084356778165,83.46499505639076,13,-0.0018341997638344765,1.5859029293060303,0.17064175195991993
1202,0.247813749,1785045098.531317,172.23174851621746,168.57475284127398,75.75200219452381,12,-0.0002992221707245335,0.9695029705762863,0.1481866161338985
1204,0.247813749,1785045098.7961578,169.63051783803184,168.56502047898837,88.24465616233647,14,-0.0007073496817611158,1.8447739109396935,0.12096818815916777
1206,0.247813749,1785045099.113822,164.26882482051036,168.51295611677267,86.49301409721375,11,-0.0001458482292946428,1.1279574260115623,0.08467470714822412
1208,0.247813749,1785045099.3957372,159.0964720658761,167.81525498971237,84.82085156813264,14,-0.0017172474472317845,0.9293531104922295,0.14162159012630582
1210,0.247813749,1785045099.675264,174.5862789034195,167.32173779589309,80.25738374330103,11,-0.0021136689465492964,0.7053426839411259,0.12918713595718145
1212,0.247813749,1785045099.972105,156.93899518054224,167.42091067500505,108.40707774274051,14,-0.002194453845731914,2.2580482959747314,0.15258045867085457
1214,0.247813749,1785045100.586988,161.05649177440696,167.91227976157552,90.77973139472306,13,-0.0020174646488158032,3.8994052708148956,0.1095294919796288
1216,0.247813749,1785045100.849578,176.16506242327634,167.9247983143113,79.07856289949268,12,-0.002099289653415326,2.3715302646160126,0.17081630043685436
1218,0.247813749,1785045101.1452758,178.57290069026652,168.27118901991022,73.36459522042423,15,-0.0026218975544907153,1.5888900980353355,0.19012883864343166
1220,0.247813749,1785045101.411188,164.93665157332322,168.21790977937704,88.12826115638018,12,-0.0016902041606954299,1.319711722433567,0.12265155790373683
1222,0.247813749,1785045101.699349,162.68949981458545,168.38763993843185,89.03553456626832,10,-0.0020206095214234665,0.6038928739726543,0.14470062870532274
1224,0.247813749,1785045101.963294,156.77915531683442,168.13983348529928,101.44091668352485,13,-0.0017760701011866331,2.2168094366788864,0.15707466565072536
1226,0.247813749,1785045102.2249448,169.87493107041323,168.06095912174283,86.65141520649195,12,-0.0005436846986413002,1.2761225439608097,0.12655108189210296
1228,0.247813749,1785045102.516601,173.18088393190936,168.46633156359766,91.77787301689386,15,-0.0018554545240476727,0.5730121284723282,0.1871782522648573
1230,0.247813749,1785045102.781944,171.50724316898444,168.61020503477906,78.54816916584969,13,-0.0022597684364882298,0.6301548052579165,0.12078657560050488
1232,0.247813749,1785045103.067515,173.62575273285898,168.6931612077737,79.20871079340577,12,-0.0011899818782694638,1.9815459698438644,0.16480817832052708
1234,0.247813749,1785045103.356029,184.85564842320525,169.18107596486044,68.31971529126167,13,-0.0011524283909238875,1.533689633011818,0.11093317810446024
1236,0.247813749,1785045103.6286662,148.5397968514878,168.83169031713962,110.47568250074983,14,-0.0007746609626337886,4.26554562151432,0.08776415791362524
1238,0.247813749,1785045103.918554,149.78234165646077,167.6166272334441,106.25101440399885,10,-0.0029977708181831986,1.5736201852560043,0.13982727844268084
1240,0.247813749,1785045104.18429,159.53087292614728,167.4932520861122,96.92848099581897,13,-0.0017023651162162423,0.5373557098209858,0.12682056752964854
1242,0.247813749,1785045104.446406,152.12032848847542,167.48476670661395,104.08236844092607,11,-0.002531222977268044,0.523263955488801,0.15286366874352098
1244,0.247813749,1785045104.734517,174.68439037461943,168.14612329293993,79.76212147250772,11,-0.0013364336336962879,1.2135632634162903,0.13634731248021126
1246,0.247813749,1785045104.996503,155.01601727222902,167.63813487941218,97.54704646021128,12,0.0003314359928481281,2.43862097710371,0.08142984216101468
1248,0.247813749,1785045105.270099,159.50407016658846,167.21183569920737,87.59560745302588,12,-0.0018331664614379406,1.2612402066588402,0.11297141527757049
1250,0.247813749,1785045105.9057338,160.245337157394,166.77106912543414,92.39239897951484,12,-0.001012627843010705,1.443291038274765,0.10352690145373344
1252,0.247813749,1785045106.195607,180.60368066625935,166.31808033601916,76.86589389294386,9,-0.0012063435278832912,2.7978623062372208,0.10664385138079524
1254,0.247813749,1785045106.486024,194.006731747283,166.95062966699504,71.03509262949228,9,-0.0006841153081040829,0.69642174243927,0.10912619438022375
1256,0.247813749,1785045106.7512372,172.75848307136678,167.60274588851317,85.23130754753947,9,-0.001346005912637338,0.7763847429305315,0.14310723496600986
1258,0.247813749,1785045107.050236,185.4012050442179,167.95728418561148,74.71655097790062,10,-0.00153148960089311,0.594127781689167,0.12985548609867692
1260,0.247813749,1785045107.3397398,173.60083467061276,168.5213948434156,81.23006404004991,10,-0.0012184196384623647,0.46510764956474304,0.11102871596813202
1262,0.247813749,1785045107.602248,181.77292548574317,169.19919044953335,76.39699959009886,10,-0.0022071937564760447,1.1261590234935284,0.14694648887962103
1264,0.247813749,1785045107.8623638,163.30491986794084,168.42151202508998,92.31548639573157,10,-0.0019312535296194255,1.5660440251231194,0.17561581637710333
1266,0.247813749,1785045108.148862,152.91524635683206,168.04740865481668,112.6136041469872,15,2.9133225325495005e-05,3.4881660118699074,0.09764835936948657
1268,0.247813749,1785045108.410478,182.80186087207173,168.0443117246815,70.74261328950524,12,-0.0013376144925132394,1.6875351592898369,0.14709188975393772
1270,0.247813749,1785045108.696576,168.3930379669843,168.21107368101949,80.42975699156523,12,-0.0009575846779625863,0.6245857179164886,0.09431683551520109
1272,0.247813749,1785045108.960084,176.7108762586113,168.29054976109575,78.19983769580722,10,-0.0009319104428868741,0.8733186684548855,0.11640884447842836
1274,0.247813749,1785045109.220317,178.17042267764,168.59978945061795,84.40825082361698,10,-0.0022658667294308543,2.2725652903318405,0.14893964398652315
1276,0.247813749,1785045109.506836,154.04972941945837,168.5708509085239,102.0043062530458,11,-0.0014625247567892075,0.8196510337293148,0.13822141708806157
1278,0.247813749,1785045109.769737,151.28113238931476,167.7948337458336,109.98474633321166,14,-0.003890013147611171,2.3891148939728737,0.14006198942661285
1280,0.247813749,1785045110.031897,168.21314912739214,167.6883538062046,87.52414514496922,11,-0.0021765089477412403,1.4967850372195244,0.1326655400916934
1282,0.247813749,1785045110.317749,161.89133829744023,167.48024025508755,91.02899567782879,12,-0.0012132342380937189,1.6530990824103355,0.1414137864485383
1284,0.247813749,1785045110.605385,170.5318198952984,167.2155200560887,83.51612693443894,12,-0.0007396359578706324,1.2097528502345085,0.07573517062701285
1286,0.247813749,1785045110.890801,170.00660856554026,167.5514126475663,81.91559088788927,10,-0.0022918145696166903,1.04099215939641,0.14577187085524201
1288,0.247813749,1785045111.151175,174.79553668247164,168.5857919348499,81.46748086996377,13,-0.0022942054783925414,1.0053102001547813,0.1618745969608426
1290,0.247813749,1785045111.410701,175.09682620069114,169.2813696030431,79.73310306668282,12,-0.0023608786723343655,0.9480053950101137,0.1810675421729684
1292,0.247813749,1785045111.6963992,165.73910060047808,169.64532917474523,83.51200388371944,10,-0.0009177502724924125,0.9124431349337101,0.07113818940706551
1294,0.247813749,1785045111.958127,166.35417569068326,169.71101003498256,87.02674936503172,11,-0.0018960213055834174,0.4489594139158726,0.10931672062724829
1296,0.247813749,1785045112.223711,177.39672470084784,169.49804999199515,77.61458388343453,12,-0.00228322135808412,3.361520931124687,0.0802123979665339
1298,0.247813749,1785045112.512317,166.18886824445275,169.25245750741595,85.99199280608445,12,-0.0024147240619640797,1.6061745062470436,0.1405219156295061
1300,0.247813749,1785045112.776482,163.84892616125762,169.41215411250116,84.98894973658025,12,-0.001438344675989356,1.4545177221298218,0.12852558633312583
1302,0.247813749,1785045113.063735,181.14774225908195,169.95261940326822,70.32773265615106,11,-0.001538443029858172,0.6967030502855778,0.14470352418720722
1304,0.247813749,1785045113.3221068,162.10350623777623,169.4832782013209,93.26263154670596,11,-0.0014704285422340035,1.9894335120916367,0.0803454655688256
1306,0.247813749,1785045113.58547,167.0534327640179,168.74268330825112,92.54171627014875,11,-0.001055162400007248,2.3667359203100204,0.10779301915317774
1308,0.247813749,1785045113.8711748,175.41437545931274,169.02696174747612,86.32255819439888,10,-0.0013274839875521138,0.9714219905436039,0.11364402389153838
1310,0.247813749,1785045114.165571,155.93168361788787,168.62054223905773,102.87432401999831,12,-0.0008546129101887345,1.5797730050981045,0.11902276566252112
1312,0.247813749,1785045114.428871,175.45595657032868,168.4269022704778,74.4572201706469,13,-0.0019931609858758748,2.0744355469942093,0.17449963837862015
1314,0.247813749,1785045114.716116,170.1821453805374,168.84843904102257,85.26975960843265,12,-0.001589739134942647,2.7161147594451904,0.09886910440400243
1316,0.247813749,1785045114.979933,170.65613366063369,169.1482402573811,81.45167368650436,11,-0.005098291032481939,0.7815513461828232,0.13114465167745948
1318,0.247813749,1785045115.266637,186.09492527741975,169.02719019925803,72.74680197052658,13,-0.0011503475834615529,1.2019434794783592,0.15935906115919352
1320,0.247813749,1785045115.533639,160.11293585048523,168.63536129529638,104.00328654050827,14,-0.001984619826544076,2.6320874616503716,0.12484855158254504
1322,0.247813749,1785045115.8091671,174.33552010748278,168.90028443703358,80.16197456791997,15,-0.0011406451230868697,1.1159379109740257,0.12572972057387233
1324,0.247813749,1785045116.105879,165.69346929823615,169.1133718548074,97.76011549588293,15,-0.0015305241104215384,0.6604802664369345,0.1323505900800228
1326,0.247813749,1785045116.369945,155.9887429538388,168.85333926587427,101.32065335847437,12,-0.0019753380038309842,2.4683046266436577,0.13092463836073875
1328,0.247813749,1785045116.6354702,145.62860456326592,168.97642667940744,105.98304085433483,12,-0.0013165533309802413,2.095550127327442,0.14207331323996186
1330,0.247813749,1785045116.9396648,163.14697095312604,168.74707074345986,89.24831787496805,15,-0.0036278125480748713,0.8909970298409462,0.15610605292022228
1332,0.247813749,1785045117.2064042,154.78806906805585,168.62072032591382,106.60344482958317,11,-0.002705637307371944,1.8385400474071503,0.10760158812627196
1334,0.247813749,1785045117.547198,171.93523673221964,168.3667917202656,75.74680615030229,13,-0.00034701867843978107,0.9050562717020512,0.07891452964395285
1336,0.247813749,1785045117.844108,168.22171463981698,168.11160749401733,81.26721772179008,13,-0.0011495641083456576,0.9470349103212357,0.12944820756092668
1338,0.247813749,1785045118.1120698,183.73347017616877,168.3072165333758,70.09807355888188,13,-0.002327047972357832,1.127614215016365,0.12898321077227592
1340,0.247813749,1785045118.403546,171.38245790328577,168.17752173632638,83.14080016314983,11,-0.0019946248503401875,0.6366682574152946,0.15699465991929173
1342,0.247813749,1785045118.6745222,157.4829857089072,167.64273577730035,94.49160683527589,16,-0.0009949323793989606,1.2955862656235695,0.11624893406406045
1344,0.247813749,1785045118.96828,165.4249448276994,167.23530528201664,95.86025577876717,14,-0.0015926125342957675,2.3887198120355606,0.1254649986512959
1346,0.247813749,1785045119.317564,171.94908517693383,167.6195797910045,76.93632478546351,14,-0.0012758664088323712,1.1122597604990005,0.14809234580025077
1348,0.247813749,1785045119.619457,162.9359558723194,167.7422023036995,90.65806802362204,12,-0.002240703790448606,0.578094020485878,0.13541806861758232
1350,0.247813749,1785045119.9438632,168.1665240079934,168.05940764116312,88.32456423342228,12,-0.0017808671036618762,1.3466187678277493,0.1208805562928319
1352,0.247813749,1785045120.400646,175.0092096635449,168.2260906880996,73.95182371139526,14,-0.0008607781492173672,1.098129317164421,0.13352976785972714
1354,0.247813749,1785045120.7211058,177.50797383575585,168.13741092535278,83.47633270174265,11,-0.0014371731667779386,1.3416492007672787,0.14529270213097334
1356,0.247813749,1785045121.100715,167.68121474834922,168.44501592249554,85.05660140328109,12,-0.002596923295641318,0.5466277655214071,0.10524102672934532
1358,0.247813749,1785045121.38799,157.57656451688248,168.5596113248316,88.5217963103205,13,-0.0025210630265064538,1.8142904937267303,0.16168776899576187
1360,0.247813749,1785045121.6715121,176.42845952530672,168.62671446485223,84.80756705254316,11,-0.002188681479310617,1.6091885045170784,0.16903690993785858
1362,0.247813749,1785045121.952362,176.14601889417776,168.88330077536764,82.81612457148731,13,-0.0005675235879607499,2.114804320037365,0.07638137019239366
1364,0.247813749,1785045122.2123342,157.5915268768716,168.3513041598357,100.89480250328779,14,-0.0015423220029333606,1.2840066440403461,0.1339832921512425
1366,0.247813749,1785045122.49487,155.25367870904577,168.00541026780138,109.43601392162964,12,-0.0015377324889414012,1.13453970849514,0.1031189407221973
1368,0.247813749,1785045122.800452,163.60233348331354,167.701851764466,77.26547069847584,13,-0.0019890388939529657,0.5806443281471729,0.13183617452159524
1370,0.247813749,1785045123.060241,179.81308567728846,168.65281161536174,73.2545541152358,10,-0.001084441853890894,1.0467912554740906,0.10367765510454774
1372,0.247813749,1785045123.3447008,156.80483826197454,168.2188330818334,99.61751413717866,11,-0.0018575773865450174,1.838693492114544,0.0988409100100398
1374,0.247813749,1785045123.632938,179.16955130617515,168.31970262512814,84.96066031605005,12,-0.0015991029795259237,1.1864310167729855,0.14408082468435168
1376,0.247813749,1785045123.888316,192.20667147363898,169.29381505032703,71.51796838641167,10,-0.0013540272484533489,3.0062503963708878,0.17284424789249897
1378,0.247813749,1785045124.1702452,164.9715590704312,169.8535382199454,86.9339560540393,11,-0.0013584320004156325,1.4997652508318424,0.08650538884103298
1380,0.247813749,1785045124.426443,177.8746390792971,170.4479405035016,82.34164414927363,12,0.0003782567800953984,2.6377167850732803,0.12995632831007242
1382,0.247813749,1785045124.732348,176.5592811824566,170.84203351413228,78.25842593424022,14,-0.0011993813386652619,1.1943872831761837,0.08901612414047122
1384,0.247813749,1785045124.9911969,169.9399450576167,170.71484750738517,83.31284715048969,14,-0.0019158951472491026,1.1642980687320232,0.16385050397366285
1386,0.247813749,1785045125.2462258,151.61710165248894,170.99090817248762,102.10076320171356,15,-0.0011715246946550906,2.476156882941723,0.12878066254779696
1388,0.247813749,1785045125.528803,175.85994542844455,170.94405812932692,72.0442953184247,13,-0.005851704394444823,0.49822675436735153,0.1735948696732521
1390,0.247813749,1785045125.816467,163.4818827718093,170.56289480516088,96.47807869873941,16,-0.0024038229312282056,0.617875387892127,0.14027793146669865
1392,0.247813749,1785045126.0757298,177.0081986834901,171.17093345091035,80.220867164433,11,-0.0017804048184189014,1.7405039630830288,0.11721192393451929
1394,0.247813749,1785045126.357667,180.22010165305443,171.5001295428754,77.19172391667962,11,-0.002380803052801639,0.914993342012167,0.194185521453619
1396,0.247813749,1785045126.6150668,162.2355850024553,171.41130377746182,99.35968458652496,12,-0.0015931015514070168,1.9686837047338486,0.12062546890228987
1398,0.247813749,1785045126.895359,170.79092778106494,171.67455477975793,82.90277591347694,11,-0.00032610933703836054,0.8847765475511551,0.10786087764427066
1400,0.247813749,1785045127.154519,172.62136058166885,172.00668402449327,82.1968904659152,12,-0.00141348791657947,2.020709812641144,0.13595676328986883
1402,0.247813749,1785045127.4380631,189.61393218223859,172.02284083119147,66.79575991630554,13,-0.0012217798503115773,1.448907010257244,0.11387783754616976
1404,0.247813749,1785045127.719868,173.68627812342945,171.9536578259084,72.28965916857123,12,-0.0018831408233381808,0.7237960956990719,0.17150207608938217
1406,0.247813749,1785045127.9766998,151.3450797263236,171.55093205533666,102.32391167618334,15,-0.002936971803137567,0.7889270670711994,0.14180390909314156
1408,0.247813749,1785045128.305762,165.93557769138818,171.04253970359906,94.19205487519503,13,-0.0012832976644858718,0.7606947310268879,0.1729594934731722
1410,0.247813749,1785045128.5920482,167.4326260562069,170.90372852216052,87.98171737417579,12,-0.002238233559182845,1.6679488494992256,0.1630741716362536
1412,0.247813749,1785045128.857388,177.18167637915008,171.18962371842667,79.45770009607077,10,-0.0009770561591722071,1.1054731085896492,0.1177003444172442
1414,0.247813749,1785045129.1399438,173.5169172858269,171.38820249878802,84.0979171320796,10,-0.0018995208374690264,0.9293023906648159,0.11104329396039248
1416,0.247813749,1785045129.394163,166.91260593554188,171.60324126486697,88.77138130832464,11,-0.0009122487681452185,1.034231573343277,0.11270915437489748
1418,0.247813749,1785045129.677398,172.61873081105213,171.74991878611345,77.4641083739698,12,-0.0025175807531923056,1.4165321290493011,0.19057538639754057
1420,0.247813749,1785045129.961416,180.8497341856471,171.3504406109477,78.4841778613627,12,-0.0016790066147223115,1.4577042907476425,0.1703304066322744
1422,0.247813749,1785045130.218115,182.27761615454284,172.33901764905022,76.33329418022186,9,-0.00173147302120924,0.6099053584039211,0.1471465970389545
1424,0.247813749,1785045130.475874,178.56437538534587,172.7508617442726,81.0561918951571,9,0.0003362006973475218,1.3112966232001781,0.1522297807969153
1426,0.247813749,1785045130.786619,170.83236693676193,172.28064947293072,79.36597057245672,10,-0.001888324346509762,0.6640529166907072,0.1360087231732905
1428,0.247813749,1785045131.044169,176.9621428726559,172.3604020542623,83.28537187725306,10,-0.0010575302003417164,1.1978060156106949,0.09613147005438805
1430,0.247813749,1785045131.3233962,156.96719943764415,172.0235026050713,92.1560245193541,11,-0.003919595037586987,0.9142658449709415,0.12351568834856153
1432,0.247813749,1785045131.5808089,169.76064934261174,171.63363231958397,86.08662781491876,13,-0.001227600616402924,1.3542664162814617,0.13649768056347966
1434,0.247813749,1785045131.8636281,165.5269661503386,172.1461560888687,86.2140418663621,10,-0.0015154275024542585,1.1537733785808086,0.13107621623203158
1436,0.247813749,1785045132.1441112,167.60598635228365,171.79708478581375,82.08883159607649,13,-0.0021816769731231034,0.5538978856056929,0.19020326249301434
1438,0.247813749,1785045132.4042299,165.27966781797883,171.33256382224278,87.02290154993534,13,-0.0013186767318984494,0.8838077522814274,0.10166536783799529
1440,0.247813749,1785045132.6599302,158.40810363651306,170.79589150974087,89.42580679059029,12,-0.0011831257434096187,1.2858545556664467,0.092777508078143
1442,0.247813749,1785045132.967263,175.50001658991542,170.65934438409442,78.57634136453271,12,-0.002626304281875491,2.038003548979759,0.19715750496834517
1444,0.247813749,1785045133.2230778,172.68208956461223,170.44517588539958,84.98872280865908,11,-0.0019386269559618086,1.9299505203962326,0.11746349185705185
1446,0.247813749,1785045133.502371,167.7242190023592,170.60384193159388,75.13338515907526,10,-0.0006863623857498169,0.9732308275997639,0.06795198237523437
1448,0.247813749,1785045133.760427,150.3202303160534,170.39143484195625,99.2189582362771,15,-0.0012354523641988635,2.6466227024793625,0.12657007342204452
1450,0.247813749,1785045134.040858,175.98614349510052,170.2384327465545,77.5645405575633,10,-0.0026656860136426985,1.2967153638601303,0.21095471922308207
1452,0.247813749,1785045134.32273,158.8817225724082,169.87832909026704,92.30716520920396,9,-0.0011894643103005365,0.8819328993558884,0.08186797890812159
1454,0.247813749,1785045134.581054,181.05433147010945,170.2710765134987,72.44285102747381,12,-0.0013957475493953098,0.6394837349653244,0.09693903103470802
1456,0.247813749,1785045134.838474,174.63329586981638,170.45770369216396,80.89323896169662,12,0.0009365188598167151,2.8291938453912735,0.1096650268882513
1458,0.247813749,1785045135.142323,182.5745581867933,170.76387352356312,69.85831500589848,12,-0.001716878468869254,0.7480216473340988,0.15922008454799652
1460,0.247813749,1785045135.398777,164.19534472123885,171.0137326346352,83.90112203732133,11,-0.0011431599268689752,1.1437143608927727,0.09484313987195492
1462,0.247813749,1785045135.681858,163.91990124341655,170.43882166509167,92.13002883270383,12,-0.0019235685758758336,1.077624388039112,0.12690355395898223
1464,0.247813749,1785045135.9393868,170.11035536616302,170.8533085493065,81.94406409561634,12,-0.004070605296874419,0.5002867355942726,0.15513933822512627
1466,0.247813749,1785045136.225612,180.3336345128005,170.86164964180819,69.43386130966246,13,-0.0022122534865047783,0.9455639645457268,0.19919365923851728
1468,0.247813749,1785045136.504673,160.5800861914229,170.77646649350874,86.39730819035321,13,-0.0015893415547907352,0.7862182185053825,0.1374237248674035
1470,0.247813749,1785045136.7616482,169.1188063830803,170.2071141925796,86.13164832815528,11,-0.0015204416122287512,1.915717475116253,0.13401042576879263
1472,0.247813749,1785045137.02048,176.18638671404042,169.567789230161,75.8513585748151,11,-0.002238842862425372,1.8131918534636497,0.18640124518424273
1474,0.247813749,1785045137.3305228,179.59749906220526,168.7803390692519,79.72938609495759,12,-0.0014646455529145896,2.338995084166527,0.1651865318417549
1476,0.247813749,1785045137.587362,166.43795530978497,168.37598255461634,87.17836847342551,14,-0.002328507776837796,1.8689617365598679,0.12982214195653796
1478,0.247813749,1785045137.86931,158.73115688286782,167.98077241438853,96.46079422906041,11,-0.0009504417539574206,0.8926423750817776,0.11560898227617145
1480,0.247813749,1785045138.12605,143.0973546462063,167.69846926254297,113.3973376788199,11,-0.0007807508372934535,1.1100788675248623,0.09011729178018868
1482,0.247813749,1785045138.412004,166.34464141740187,168.0079505594909,83.77653247769922,12,-0.002740398827882018,1.0313334129750729,0.14376393426209688
1484,0.247813749,1785045138.697192,177.106281725139,167.7591746552875,78.31646369025111,13,-0.0018324219272471964,0.5819674879312515,0.1633160151541233
1486,0.247813749,1785045138.9560661,168.02084796380794,168.0353952598572,85.60208300687373,14,-0.0012269155704416335,0.6864582039415836,0.10690531972795725
1488,0.247813749,1785045139.212476,172.56613968049248,168.4334973864375,74.87263889983296,12,-0.0017490387690486386,1.5404748171567917,0.17488277750089765
1490,0.247813749,1785045139.523096,165.73688429666052,168.88667913561355,83.60639918316156,11,-0.004920522915199399,0.41627821512520313,0.2125506829470396
1492,0.247813749,1785045139.781408,168.05316725455032,168.78111234969154,82.13702163565904,12,-0.0023255160776898265,0.7787499018013477,0.1348691638559103
1494,0.247813749,1785045140.064246,160.2841151221621,168.6676381407456,92.56976615823805,11,-0.0007356694841291755,1.4467877857387066,0.09552105329930782
1496,0.247813749,1785045140.32161,168.73016660499462,168.76060028245087,82.23893835768104,11,-0.0020456110796658322,0.5817375723272562,0.16245752200484276
1498,0.247813749,1785045140.6019719,169.14266100981845,168.97589911764186,88.30063937976956,11,-0.001081726688425988,2.058863580226898,0.07452684012241662
1500,0.247813749,1785045141.213542,185.57639697173036,169.2683398700931,75.69179914146662,11,-0.0018227982800453901,0.9224568717181683,0.17009183438494802
1502,0.247813749,1785045141.497685,163.0170165597723,168.7534575359142,90.527861058712,13,-0.0013368151558097452,1.3337235115468502,0.10453733266331255
1504,0.247813749,1785045141.755358,154.51557878034103,168.1094567421665,98.47231821343303,11,-0.003437020059209317,1.598111230880022,0.12817613314837217
1506,0.247813749,1785045142.068579,160.63826607234324,167.91618959653107,88.72620963305235,13,-0.0012337298394413665,0.674461156129837,0.10364717617630959
1508,0.247813749,1785045142.3283079,178.84750183874948,168.14636930678597,73.90621487796307,11,-0.00306958268629387,0.7889057211577892,0.14443235518410802
1510,0.247813749,1785045142.95297,197.74003442914878,168.20861399836724,70.9926972631365,10,-0.001533235248643905,1.7929668948054314,0.11215771362185478
1512,0.247813749,1785045143.236374,185.1030647040223,168.22205166640964,70.35236055403948,10,-0.0016989607102004811,1.831968404352665,0.16583073418587446
1514,0.247813749,1785045143.527336,162.53219302967398,167.9014615767133,104.39985429495573,10,-0.0014916250511305407,2.075571581721306,0.15515206288546324
1516,0.247813749,1785045143.810653,179.498988444315,168.41905023592756,73.92872483283281,10,-0.003299286589026451,0.8371305018663406,0.16807627119123936
1518,0.247813749,1785045144.0682821,172.60670047876542,168.73662697425672,81.66763622313738,13,-0.0012792455381713808,0.8600629642605782,0.12531472742557526
1520,0.247813749,1785045144.327245,161.8082860385589,168.56050566672442,95.34661413356662,12,-0.002269679360324517,1.1498600915074348,0.15089378273114562
1522,0.247813749,1785045144.6374772,183.64086807683563,168.93342589703286,73.19923896715045,10,-0.0015870404313318431,1.1940636150538921,0.13364999927580357
1524,0.247813749,1785045144.896209,170.31427478287375,168.63495818557715,81.82718174532056,11,-0.0010372753749834374,1.6891277730464935,0.0874707626644522
1526,0.247813749,1785045145.177998,176.5912687148154,169.10424987690863,82.46198574826121,13,-0.0016296401154249907,0.7387648522853851,0.14504469744861126
1528,0.247813749,1785045145.4374342,185.22015565298076,169.76498269234682,71.85626547783613,12,-0.0022001853212714195,2.1395929232239723,0.15643807034939528
1530,0.247813749,1785045145.719754,164.80003754760162,170.06328845896903,91.68636774271727,12,-0.0006965764914639294,2.8901489600539207,0.058421306777745485
1532,0.247813749,1785045146.003536,162.12573929109013,169.84404108754964,91.96366086229682,12,-0.0011142523580929264,0.7819746509194374,0.130293233320117
1534,0.247813749,1785045146.262364,159.86429957677186,169.64887947621892,93.69185409508646,11,-0.001466239511501044,1.268420822918415,0.1384436283260584
1536,0.247813749,1785045146.519477,173.8700826206409,169.91356112881812,81.9217196404934,11,-0.0014871974562993273,1.0955033786594868,0.14082514867186546
1538,0.247813749,1785045146.832818,165.17152462820601,169.40567475636465,83.40283674746752,11,-0.0022693000501021743,1.4124001264572144,0.20298069482669234
1540,0.247813749,1785045147.093754,191.09234990138333,170.39097241824416,65.36992128193378,12,-0.0013377511058934033,1.0166921056807041,0.13687749719247222
1542,0.247813749,1785045147.380587,170.9708043225009,170.41841019246687,77.66401605587453,12,-0.003027222686796449,1.0799233727157116,0.1699550561606884
1544,0.247813749,1785045147.639894,160.51059906578843,170.6240400039474,107.17192812636495,13,-0.0023809212652849965,3.0495473593473434,0.11686300346627831
1546,0.247813749,1785045147.922406,196.07668587202497,171.16513926616489,71.93132165446877,9,-0.0006555553409270942,1.1789678856730461,0.1363279027864337
1548,0.247813749,1785045148.204727,179.28949043641393,171.7210373426068,79.02809659019113,10,-0.001427177427103743,0.5207816455513239,0.14958442421630025
1550,0.247813749,1785045148.464063,178.5545331474054,171.54095148518326,81.28220143914223,9,-0.0013067813124507666,1.6619629114866257,0.126057387329638
1552,0.247813749,1785045148.7217011,169.72660619252082,171.95739798547112,84.6320555433631,11,-0.0017120569536928087,2.143421970307827,0.10370690049603581
1554,0.247813749,1785045149.0265138,169.17003526796768,172.67965709009968,82.95981833338737,14,-0.0021752703469246626,0.5849988516420126,0.13874110113829374
1556,0.247813749,1785045149.3219461,159.45805264240636,172.8087609784625,93.22581635788083,13,-0.0014597331755794585,1.9469919726252556,0.11769027495756745
1558,0.247813749,1785045149.620397,180.15517834505863,172.85350548189373,80.66223245114088,13,-0.001271761255338788,0.7582329511642456,0.11763885337859392
1560,0.247813749,1785045149.9271429,149.4730146050372,172.44990129350452,107.6448872461915,11,-0.0006857702392153442,1.1674181520938873,0.07512830290943384
1562,0.247813749,1785045150.224951,167.84335803970396,172.0365217818124,90.35379089042544,13,0.0008833956962917,3.0525168776512146,0.0946429269388318
1564,0.247813749,1785045150.518771,172.79447497634573,172.33767494901412,83.77665567025542,11,-0.0019773286767303944,1.8769102469086647,0.1509383525699377
1566,0.247813749,1785045150.779284,176.90488455257164,171.84920216907113,84.54782086983323,11,-0.0007528075948357582,1.4090953655540943,0.11484328052029014
1568,0.247813749,1785045151.126473,182.6664327109173,171.77810091102816,70.59952480345964,10,-0.0003481953463051468,2.9229812920093536,0.1354089747183025
1570,0.247813749,1785045151.464742,158.4035302047218,172.27617319401736,108.84769807197154,14,0.0003540052712196484,1.9542666375637054,0.12849784409627318
1572,0.247813749,1785045151.726996,170.79155397769617,171.82953942831028,91.06825574114919,14,-0.0006477818824350834,2.849234774708748,0.07578046480193734
1574,0.247813749,1785045152.00913,180.35306649150513,172.13150397177048,74.47131115198135,10,-0.0009829970076680183,1.1552817486226559,0.10759748658165336
1576,0.247813749,1785045152.268681,151.93067999545636,171.507081208042,98.83052022010088,11,-0.0010102911037392914,1.1790385209023952,0.11145445331931114
1578,0.247813749,1785045152.550318,166.06241909703505,170.97251586863638,82.42503880616277,13,-0.00312290622969158,1.754935897886753,0.13286762591451406
1580,0.247813749,1785045152.8366709,173.83715611508592,170.7469534939238,78.57210939191282,13,-0.0016952739752014168,0.707713421434164,0.15024513052776456
1582,0.247813749,1785045153.145625,169.26182563655573,170.92232874370592,83.9542317353189,11,-0.0011597918346524239,1.0337069742381573,0.06743734469637275
1584,0.247813749,1785045153.442898,160.62833039247877,170.62249432232858,95.23858034797013,12,-0.0010967764537781477,1.2063616402447224,0.13300793943926692
1586,0.247813749,1785045153.8147242,179.4644812200968,170.59414831257854,74.86680947802961,13,-0.0022750108400941826,1.5660467073321342,0.128283126745373
1588,0.247813749,1785045154.079766,176.02906647919298,171.10539520494314,82.96611919812858,13,-0.001693199563305825,1.3201508894562721,0.1118135389406234
1590,0.247813749,1785045154.367289,181.7320750211775,170.60785024465918,74.50436456687748,13,-0.001091121113859117,0.8756759278476238,0.12786288396455348
1592,0.247813749,1785045154.63555,169.87886590948855,170.58005088387264,78.21114090457559,12,-0.0017112765926867723,1.2549238055944443,0.11941004917025566
1594,0.247813749,1785045155.009961,175.59073695091288,170.73764769820008,77.48924962431192,11,-0.001817443291656673,0.5666436031460762,0.16490871785208583
1596,0.247813749,1785045155.301535,174.0497090913404,169.98742691065559,80.76509395241737,11,-0.001636236032936722,0.6450014542788267,0.15267820935696363
1598,0.247813749,1785045155.569278,162.79191941777157,169.43983986168007,82.63622166775167,11,-0.0019603201071731746,0.817487683147192,0.10425324412062764
1600,0.247813749,1785045155.842685,169.63948027960063,169.1390998242532,91.54050920158625,13,-0.0006642449297942221,5.13242307305336,0.07762793218716979
1602,0.247813749,1785045156.134163,176.2202377275256,169.45333897096327,77.26982983015478,12,-0.001223155704792589,1.8043938726186752,0.20659090392291546
1604,0.247813749,1785045156.4036422,182.42181218050456,169.4765599518444,75.46446043998003,9,-0.001554588641738519,1.3558719269931316,0.13524503260850906
1606,0.247813749,1785045156.72088,171.20820767059297,169.87725402148652,88.82227657549083,11,-0.0013294704331201501,0.8374013155698776,0.13520186254754663
1608,0.247813749,1785045157.0243468,162.24546190982886,169.3481036823397,85.93446587026119,12,-0.0017605603788979352,0.8222555257380009,0.10133050149306655
1610,0.247813749,1785045157.295271,177.25813956303878,169.29512804679095,80.47853310592473,12,-0.0010702660074457526,0.5217161756008863,0.12055763648822904
1612,0.247813749,1785045157.5897658,167.3443532367649,169.26317745152872,89.44777294714004,14,-0.0007489280105801299,2.442453868687153,0.09390450362116098
1614,0.247813749,1785045157.8911061,149.70105859847504,168.8529376837886,106.37752550840378,13,-0.0016631310718366876,1.397486049681902,0.09527271753177047
1616,0.247813749,1785045158.18434,177.0289733223693,168.81615142648076,76.15908495895565,13,-0.002737503848038614,1.640425018966198,0.16647593583911657
1618,0.247813749,1785045158.517951,175.06906196264896,168.7247514369788,80.71318836137652,11,-0.0004778022994287312,1.232074361294508,0.0818855834659189
1620,0.247813749,1785045158.83435,160.3828567766178,168.43246281370818,86.56232704594731,12,-0.0012718371581286192,1.4250320456922054,0.08833182323724031
1622,0.247813749,1785045159.151181,175.39275474181198,168.41508005285766,79.32708285748959,11,-0.0028381000374793075,0.8832695074379444,0.11224919836968184
1624,0.247813749,1785045159.437331,157.49405403519495,168.39360637427828,93.4789083302021,15,0.00020191038493067026,1.1687052324414253,0.116887460462749
1626,0.247813749,1785045159.708701,162.23609144801154,168.07870110292592,100.5533964857459,12,-0.001551510242279619,2.1632251515984535,0.13554582791402936
1628,0.247813749,1785045160.000042,169.45617081171028,168.4344898548757,81.28121023625135,13,-0.001429189411283005,0.3178291078656912,0.12031635828316212
1630,0.247813749,1785045160.26411,171.45598661391946,169.0838759747624,89.56664047017694,11,-0.0012304084448260255,0.8285514898598194,0.1091585704125464
1632,0.247813749,1785045160.527025,178.82594080540287,169.16090510278454,76.65649465844035,11,-0.0014075118233449757,1.3226729929447174,0.13349665002897382
1634,0.247813749,1785045160.8228061,164.6663533698349,169.2739340039601,90.56001849286258,12,-0.0014967863098718226,1.2225934490561485,0.09595760703086853
1636,0.247813749,1785045161.097651,169.63772373730149,169.52234119452157,85.62003052979708,13,-0.0025305470917373896,1.1684123314917088,0.09989557741209865
1638,0.247813749,1785045161.424448,170.05225013908162,169.23158275510875,84.97825527563691,14,-0.0013559993240050972,0.9996219351887703,0.10755514726042747
1640,0.247813749,1785045161.704968,170.10595988140423,168.93532828849183,86.67525167390704,11,-0.0014774066512472928,0.5090655982494354,0.14993571443483233
1642,0.247813749,1785045161.980397,181.40370442700504,169.21260887605067,68.60925629548728,14,-0.0017142012657132,1.2853447943925858,0.14096369268372655
1644,0.247813749,1785045162.276268,163.43762259162892,168.92191505207742,90.6074229106307,10,-0.001483791958889924,0.9661835469305515,0.15236611384898424
1646,0.247813749,1785045162.573199,151.52612163724154,168.70573181407636,109.11737680062652,15,-0.001720022497465834,1.6285114660859108,0.12334431614726782
1648,0.247813749,1785045162.8402739,164.06763320995935,168.52166830398653,90.73385502398014,14,-0.0021069384092697874,0.7949182949960232,0.14046441577374935
1650,0.247813749,1785045163.1315851,175.88651607238907,168.84898569602646,81.26436922233552,13,-0.0020587831968441606,2.054162472486496,0.15884832572191954
1652,0.247813749,1785045163.3937762,167.48867756525215,168.9573681824881,83.57178456149995,15,-0.0015233851154334843,1.8324034363031387,0.11759289214387536
1654,0.247813749,1785045163.682275,167.25703263677687,168.5853574353355,83.48945673927665,12,-0.0007204819994512945,1.1068570017814636,0.06140986364334822
1656,0.247813749,1785045163.9536908,177.1782899988893,168.65604912480433,80.1853204369545,10,-0.0015554082347080112,1.3441089019179344,0.15104835759848356
1658,0.247813749,1785045164.221726,178.12429987438122,168.97921965268867,78.54984467104077,11,-0.0015799339162185788,1.3682676777243614,0.14495379198342562
1660,0.247813749,1785045164.514681,173.54164366634987,169.27317405671926,85.58688472956419,11,-0.0015667406260035932,0.5823625698685646,0.12815490551292896
1662,0.247813749,1785045164.78246,175.99121257912597,170.03277228619416,82.67371578142047,12,-0.0009727226715767756,0.8454941958189011,0.11178077850490808
1664,0.247813749,1785045165.044279,183.93882091340902,170.6360547913622,77.31250217556953,8,-0.0025512473002891056,1.4167879298329353,0.17488497868180275
1666,0.247813749,1785045165.331569,189.18165576462874,171.07483933046234,73.33846183866262,9,-0.0021292516103130765,0.771918423473835,0.1900429092347622
1668,0.247813749,1785045165.65727,184.4108365331986,171.16164823786139,76.38052957318723,12,-0.001025633595418185,0.8744362704455853,0.09958924166858196
1670,0.247813749,1785045165.945354,156.94850821647398,171.31822146075257,95.84776411578059,14,0.000503260176628828,6.097781106829643,0.08088283543474972
1672,0.247813749,1785045166.23953,177.4521851194103,171.53038064742762,82.46970031782985,13,-0.0016186762950383127,1.1945806965231895,0.15181280812248588
1674,0.247813749,1785045166.50206,181.96950233925733,172.01969892167605,78.10152342356741,12,-0.0017226189374923706,1.718948781490326,0.15329454792663455
1676,0.247813749,1785045166.792904,160.25501201922359,172.48458448890247,85.45338233187795,10,-0.0018759967060759664,0.3580310121178627,0.1491209133528173
1678,0.247813749,1785045167.055797,169.94480741589146,172.2703398441544,90.73806846514344,11,-0.0021087697823531926,0.8609431609511375,0.1120603047311306
1680,0.247813749,1785045167.318882,178.40101154734836,172.37965525252912,81.03849364072084,13,-0.0012366895098239183,0.7209917046129704,0.13546402985230088
1682,0.247813749,1785045167.6222038,173.91324610819723,172.01830955609387,77.82826288416982,10,-0.0010291020007571205,1.623928926885128,0.11731831030920148
1684,0.247813749,1785045167.8870552,173.7587747652421,172.57139318858387,85.3237166274339,12,-0.0011696511937770993,1.1799119487404823,0.11316440533846617
1686,0.247813749,1785045168.1792572,192.26265969887925,172.52647245892646,72.33421787619591,9,-0.001201448729261756,0.6523729786276817,0.12501828419044614
1688,0.247813749,1785045168.4442089,169.51020011541956,172.8044182329344,80.26859252527356,12,-0.0007960401999298483,0.7687880247831345,0.10766622144728899
1690,0.247813749,1785045168.714459,156.80572605651238,172.58265592676608,98.24172416888177,13,-0.0018743211403489113,1.2379106096923351,0.175353916361928
1692,0.247813749,1785045169.0110521,178.6465477306682,172.84868678844632,80.1866661645472,10,-0.0016057250904850662,0.418071361258626,0.12903221603482962
1694,0.247813749,1785045169.2788868,178.01958390491643,172.81373689711359,76.25626961141825,11,-0.0018138425657525659,0.732201598584652,0.11675008106976748
1696,0.247813749,1785045169.548877,178.8470767339087,173.0494486083634,80.2048721741885,13,-0.0009997452143579721,1.987673006951809,0.10090183932334185
1698,0.247813749,1785045169.8611069,156.67870902765384,173.31548194168474,100.97990576922894,9,-0.000958112592343241,0.45761712826788425,0.09034996689297259
1700,0.247813749,1785045170.121163,180.2092749335627,173.47116637065318,75.54846931993961,14,-0.0016517550684511662,0.987185675650835,0.15611387230455875
1702,0.247813749,1785045170.4064798,182.60385330356874,173.5970834536175,72.35454449057579,10,-0.0010273828665958717,0.5272255446761847,0.08995449123904109
1704,0.247813749,1785045170.670553,179.7752176080372,174.05642041805638,77.6643513776362,13,-0.0011153896048199385,0.7123350575566292,0.1607315973378718
1706,0.247813749,1785045170.933019,164.6370626147299,173.9771453227145,89.04628576338291,11,-0.0014150477945804596,1.8019342795014381,0.15666992729529738
1708,0.247813749,1785045171.358735,190.9546685805125,174.48056383957632,73.9382877536118,9,-0.0016363809700123966,0.6157358419150114,0.14928328385576606
1710,0.247813749,1785045171.743808,157.90529181684047,174.30566898772955,92.32579063344747,14,-0.00042067486356245354,2.379280112683773,0.11554894503206015
1712,0.247813749,1785045172.0796669,186.5860483676412,174.1891218512634,70.88756746798754,11,-0.002183488861192018,1.2451305463910103,0.1890330109745264
1714,0.247813749,1785045172.3959858,165.39952317118244,174.08871356684529,85.95678259432316,13,-0.0028939061448909342,0.4728391654789448,0.15845979191362858
1716,0.247813749,1785045172.6820679,175.1860528241008,173.70465072310958,89.2369792200625,12,-0.0020429445285117254,1.0292838588356972,0.13847071817144752
1718,0.247813749,1785045172.9730618,167.48859174102242,173.42604774467375,79.0652867499739,14,-0.0016001994372345507,0.8591007590293884,0.11404206324368715
1720,0.247813749,1785045173.248991,181.78177450501875,173.79327754325516,73.26427950710058,11,-0.0018971233075717464,1.124472338706255,0.16308712493628263
1722,0.247813749,1785045173.544204,164.07620075635327,173.71692734782357,89.65483666956425,15,-0.0013954088208265603,1.684682734310627,0.13322898466140032
1724,0.247813749,1785045173.8728168,167.47336896701836,173.3813416198104,91.45424203947186,14,-0.0013603384140878916,1.5548111498355865,0.12625881424173713
1726,0.247813749,1785045174.1910121,176.58283770889224,173.77044685829497,80.36734304018319,13,-0.0016265011581708677,0.7473539263010025,0.1459295740351081
1728,0.247813749,1785045174.480278,173.20715746441536,173.59980300119466,81.20032155979425,12,-0.002265887364046648,1.2217596136033535,0.15806932607665658
1730,0.247813749,1785045174.800074,181.63506984008876,173.70853252937803,73.01029845234007,14,-0.0016976534971036017,1.4796554371714592,0.1644083741120994
1732,0.247813749,1785045175.089077,162.48994227431598,173.6534818035242,88.17642111051828,13,-0.002070025911962148,1.9789858609437943,0.13186647649854422
1734,0.247813749,1785045175.4027572,173.19105915682502,173.31122669848122,83.21449863165617,12,-0.0015028492489363998,0.7874618172645569,0.11982846586033702
1736,0.247813749,1785045175.6976,171.2679183306821,173.267796051382,85.26868252083659,12,-0.0015387710009235889,1.6260416209697723,0.12855056021362543
1738,0.247813749,1785045176.062002,167.57622582395447,172.7688866133503,89.03062744066119,10,-0.0011453174520283937,1.870253823697567,0.11581395892426372
1740,0.247813749,1785045176.5080209,166.62207372970403,173.0019460510839,85.50995843159035,12,-0.0010048602416645736,0.6298086941242218,0.10655373660847545
1742,0.247813749,1785045176.8481169,159.2650713652882,172.32499743878702,93.07801865786314,12,-0.0010811524844029918,1.4268847107887268,0.11831422988325357
1744,0.247813749,1785045177.1107352,176.5383034692629,172.5549678073874,77.57738058269024,12,-0.0019132518209517002,1.0137844793498516,0.1393913752399385
1746,0.247813749,1785045177.435943,173.53756062768636,172.74172606530936,79.30777605064213,12,-0.002126176841557026,0.9954438172280788,0.18169413786381483
1748,0.247813749,1785045177.7124858,165.88313325692275,172.5090088466267,89.35347508545965,11,-0.0012853380176238716,0.6521524954587221,0.09617295023053885
1750,0.247813749,1785045178.3675761,168.98985626179794,171.83060198122467,79.90296962484717,12,-0.002653295057825744,1.1872080899775028,0.09411055920645595
1752,0.247813749,1785045178.721955,171.90028626770626,171.651016483175,97.37564541772008,13,-0.0023831296421121806,2.101306900382042,0.13736829673871398
1754,0.247813749,1785045178.990593,162.45503600202403,171.38739369785657,88.67961247824132,10,-0.0006960824830457568,1.843711070716381,0.10406989743933082
1756,0.247813749,1785045179.297285,183.3924215423716,171.62776799110853,70.17853213101625,11,-0.0012639222550205886,0.5620257314294577,0.12126011913642287
1758,0.247813749,1785045179.5674481,170.01132578675447,170.77446852946977,84.54137420281768,13,-0.0012005132739432156,1.341400071978569,0.16299855569377542
1760,0.247813749,1785045179.872631,167.40704970450147,170.87831019051941,90.71924154646695,13,-0.00199797231471166,1.6599911339581013,0.16509811207652092
1762,0.247813749,1785045180.1913931,165.31478586817298,170.9070223700635,92.46571720205247,15,-0.0010858626337721944,1.6649305745959282,0.10256860172376037
1764,0.247813749,1785045180.481011,168.46857001868662,170.9035166229409,84.21117995120585,14,-0.002209324622526765,1.5494235306978226,0.14905794663354754
1766,0.247813749,1785045180.831009,179.8151033452447,171.1101214080145,73.8415582375601,11,-0.0015970287204254419,1.3134796358644962,0.15302585903555155
1768,0.247813749,1785045181.120456,179.33790208976146,171.66629115424678,86.64391306601465,13,-0.0008901274995878339,2.3630502596497536,0.1266192072071135
1770,0.247813749,1785045181.415652,168.87021756564457,171.24587475446688,83.89054910186678,12,-0.0025959506747312844,1.005234781652689,0.1363227036781609
1772,0.247813749,1785045181.7520928,178.8313527378261,171.58465011869185,79.89388332515955,9,-0.0012593172723427415,0.7242774367332458,0.12442419724538922
1774,0.247813749,1785045182.0283232,165.4111888641153,171.36530020020888,83.0748741235584,14,-0.0015804589493200183,0.4376884922385216,0.1280489442870021
1776,0.247813749,1785045182.321126,179.65320048589692,171.12381251030027,71.414893547073,13,-0.0009643409866839647,3.064567491412163,0.11528721731156111
1778,0.247813749,1785045182.643113,172.33308054775964,171.48862492956323,85.91551027074456,11,-0.0016211768961511552,1.339994128793478,0.14797740802168846
1780,0.247813749,1785045182.93136,161.61769543197065,170.79465494085633,91.40386026725173,11,-0.0016370945377275348,1.360121488571167,0.11668078741058707
1782,0.247813749,1785045183.230804,159.7457822030614,170.9107841777262,86.41951455548406,12,0.00015855609672144055,2.289280392229557,0.11828405363485217
1784,0.247813749,1785045183.5184472,177.5256065164401,171.25392496305665,80.79661341011524,11,-0.0013027010427322239,1.3719599097967148,0.11528778122738004
1786,0.247813749,1785045183.80024,167.14714196680228,170.69195981088058,89.62659008800983,11,-0.001304248464293778,0.9478805661201477,0.13892449298873544
1788,0.247813749,1785045184.12213,170.20253634210886,171.0388362765281,93.38049534708261,11,-0.0014258560258895159,1.547293595969677,0.13607612857595086
1790,0.247813749,1785045184.461751,169.90336510442756,171.05115144075668,80.9559916574508,15,-0.001471836061682552,0.8684596456587315,0.14137665927410126
1792,0.247813749,1785045184.8807108,181.94633767778274,171.2716629641028,72.4982185177505,11,-0.0009324498241767287,2.8914871513843536,0.10753017663955688
1794,0.247813749,1785045185.1969259,167.4216945045076,170.61651710163224,90.28023023344576,11,-0.0014319554320536554,1.0395278818905354,0.14236741792410612
1796,0.247813749,1785045185.547298,175.04944452261032,170.68582777694775,84.92134802415967,9,-0.0008936991216614842,1.1373511590063572,0.09525903477333486
1798,0.247813749,1785045185.836192,173.3416961469862,171.0551109547914,87.48211126029491,15,-0.0008769495107117109,1.4766393080353737,0.07729662233032286
1800,0.247813749,1785045186.096191,168.03810606127757,171.15961490263413,77.84154272824526,12,-0.0013538895291276276,0.7035339586436749,0.13899288326501846
1802,0.247813749,1785045186.358481,181.11846372702655,171.50401145776755,76.55498481914401,11,-0.00267419358715415,1.0323370359838009,0.16277272952720523
1804,0.247813749,1785045186.644773,162.41997344798745,171.07258465542444,92.28419524803758,12,-0.0013098255440127105,2.318849094212055,0.10488594369962811
1806,0.247813749,1785045186.9012759,159.38594391826285,170.66155622644538,90.58970611076802,11,-0.0007950131330289878,0.7721918113529682,0.08110540662892163
1808,0.247813749,1785045187.155282,163.7558253953271,171.02652139859353,88.70274868234992,13,-0.0020499424426816404,1.2323423400521278,0.14872611686587334
1810,0.247813749,1785045187.4362218,172.37140202765517,171.1019787931603,82.00639849156141,12,-0.0017415475158486515,1.422686293721199,0.1612294176593423
1812,0.247813749,1785045187.729613,156.42192653653123,170.6614811229799,99.60423260182142,13,-0.0009230047580786049,1.0449227951467037,0.08258600044064224
1814,0.247813749,1785045188.01615,182.45768448914075,170.83579187402577,79.49954138789326,12,-0.0005106654134579003,0.5583380665630102,0.10858566034585238
1816,0.247813749,1785045188.275542,166.45330172838578,170.85122764958464,82.20962992683053,10,-0.0013613501359941438,0.8441684916615486,0.13630359573289752
1818,0.247813749,1785045188.534977,155.01158964448734,170.2537076763507,99.3579787388444,13,-0.0015025781322037801,1.36402028799057,0.13038058578968048
1820,0.247813749,1785045188.832417,179.50904292153692,170.79210289954509,78.32936018705368,12,-0.0016686157905496657,1.0217852517962456,0.1437080316245556
1822,0.247813749,1785045189.090893,184.2578987736962,170.69165161436607,72.60780412331223,11,-0.0011866825880133547,0.9880434013903141,0.10893410630524158
1824,0.247813749,1785045189.347498,178.44008310649792,171.15059579838842,77.17201021313667,13,-0.0016677274543326348,1.7275114431977272,0.1732639241963625
1826,0.247813749,1785045189.633774,167.5897327594874,170.56225858272236,83.55210997909307,9,-0.0011427720019128174,1.1611486300826073,0.1027409746311605
1828,0.247813749,1785045189.9031942,152.67267673539135,169.8937248243896,98.8136684820056,13,-0.0008559423586120829,1.9815711081027985,0.08672503638081253
1830,0.247813749,1785045190.180486,168.6118551768239,170.20367356647498,88.26991833746433,11,-0.00215376986307092,0.7677134647965431,0.13655025605112314
1832,0.247813749,1785045190.469944,167.2323899047376,170.33129816583767,85.56326258182526,12,-0.0013293697265908122,1.00325034186244,0.13879892136901617
1834,0.247813749,1785045190.7262359,186.74742928649266,170.77446540629418,80.5131490714848,8,-0.0017491605976829305,0.9414828941226006,0.16689967643469572
1836,0.247813749,1785045191.0085618,164.93926384605598,170.94899157990102,82.10256176255643,11,-0.0017449264414608479,1.2334244698286057,0.11203018017113209
1838,0.247813749,1785045191.264479,179.44624139184148,171.15707483380075,72.021852504462,11,-0.0012915133265778422,0.9557632766664028,0.1278951745480299
1840,0.247813749,1785045191.545587,161.6545120038223,171.16304181653902,90.42491057142615,13,-0.002160019015718717,1.1051151007413864,0.14266505232080817
1842,0.247813749,1785045191.828178,183.87214691342325,171.66694772975757,74.28257874399424,11,-0.001393289479892701,0.4819761086255312,0.13023351738229394
1844,0.247813749,1785045192.085875,185.56622368556486,172.2346222817825,72.36396190710366,11,-0.0009257816127501428,0.8946495000272989,0.10343220713548362
1846,0.247813749,1785045192.397503,164.94542363626482,172.0548542362086,89.1496004909277,14,-0.0012068432333762757,2.8180840089917183,0.099580735899508
1848,0.247813749,1785045192.654933,177.62997184419166,172.27111271498737,76.08106634765863,13,-0.0007569547742605209,1.2632474638521671,0.11028372496366501
1850,0.247813749,1785045192.912396,176.85476836129848,172.16055724790817,79.84049522131681,10,-0.0014089439064264297,0.9996606670320034,0.11752719292417169
1852,0.247813749,1785045193.194166,149.30779882291293,171.3589962883681,97.65071536414325,12,-0.0012460933867259882,1.6615006625652313,0.10826769983395934
1854,0.247813749,1785045193.451274,164.62587564975567,171.2357838168529,81.97842454910278,12,-0.0010471446730662137,1.1510757431387901,0.10308041097596288
1856,0.247813749,1785045193.735403,153.8274203187528,171.03434958580004,101.30265294760466,13,-0.0020688628937932663,1.0267734490334988,0.15756671875715256
1858,0.247813749,1785045194.018206,155.10857364517747,170.85454807321753,92.20019388571382,11,-0.0017413918394595385,2.290397785604,0.17349979374557734
1860,0.247813749,1785045194.2788448,183.41255623228787,171.11161237624904,78.86357869207859,13,-0.003670293604955077,1.9012221619486809,0.11996837053447962
1862,0.247813749,1785045194.561547,168.93609678988528,171.36510611851273,87.75555759295821,11,-0.0008381821680814028,1.3199916668236256,0.09307804144918919
1864,0.247813749,1785045194.8529642,164.76237125722898,170.8823970510706,85.2436210308224,11,-0.001877396716736257,1.4273798055946827,0.10059684817679226
1866,0.247813749,1785045195.110923,168.91142068585808,170.8380598326906,87.81475621089339,11,-0.002885044210415799,1.8633956611156464,0.1832092059776187
1868,0.247813749,1785045195.395288,169.8531889002061,171.0734413770314,81.64660145156085,12,-0.0019280825508758426,0.5944672152400017,0.12842729920521379
1870,0.247813749,1785045195.690968,157.14844400144688,170.15318897175712,97.33611261844635,12,-0.0007856753945816308,1.475971482694149,0.0795203682500869
1872,0.247813749,1785045195.9647691,175.1262361000507,169.89478176582807,80.33751029521227,11,-0.0012819127878174186,1.5150735341012478,0.12288802955299616
1874,0.247813749,1785045196.247571,174.1135458032035,170.0470232365033,87.8354129716754,11,-0.0013753748571616597,0.6504250001162291,0.14210214465856552
1876,0.247813749,1785045196.507398,177.79776477100407,170.77539675330914,79.83618054166436,12,-0.0024299639044329524,1.0732211284339428,0.11842056410387158
1878,0.247813749,1785045196.875099,174.60866812374434,171.3478097741897,77.14019863680005,11,-0.0014421547530218959,0.9288002178072929,0.13037511613219976
1880,0.247813749,1785045197.136214,171.81041340006914,171.2797018432563,78.2195056937635,11,-0.001623129879590124,0.8308541066944599,0.14824020210653543
1882,0.247813749,1785045197.75028,200.0792321189326,172.08069753885792,65.37646139785647,10,-0.0013469902914948761,0.6969112474471331,0.11723714740946889
1884,0.247813749,1785045198.0928,174.61678415748693,171.8383414839015,78.70290664210916,10,-0.0021463533048518,1.467120110988617,0.1719642011448741
1886,0.247813749,1785045198.354881,173.7049183516323,172.18044001584036,90.78821694850922,12,-0.0021319067454896867,1.4892635121941566,0.15468131424859166
1888,0.247813749,1785045198.609511,160.69422187859033,171.68396839497424,96.24698180705309,12,-0.0012247702106833458,1.414873044937849,0.1201112000271678
1890,0.247813749,1785045198.9210272,181.46396635598518,172.00418424149723,69.0990958828479,11,-0.001222463310114108,0.619367204606533,0.09038760140538216
1892,0.247813749,1785045199.178022,183.94980858949276,171.86345115094213,65.51911359280348,12,-0.0018909030186478049,0.8799224309623241,0.13605364644899964
1894,0.247813749,1785045199.459935,176.30026717889754,171.86181402085106,79.00664038211107,12,-0.0008418844518018886,0.7817606441676617,0.0817156492266804
1896,0.247813749,1785045199.749203,167.66713240091678,171.64082666848753,87.68246721103787,13,-0.0020084681746084243,1.904353328049183,0.12225381145253778
1898,0.247813749,1785045200.003756,180.35734219222948,171.27665095562415,80.54167183674872,11,-0.0027095158584415913,1.2527469992637634,0.1693566762842238
1900,0.247813749,1785045200.284044,168.59625119022542,171.61369525900685,93.24586006999016,13,-0.001615742119611241,0.9708811156451702,0.15201714867725968
1902,0.247813749,1785045200.538236,184.8422302406987,172.20373975060176,78.16077492386103,12,-0.0010983090032823384,0.9133964627981186,0.13300242461264133
1904,0.247813749,1785045200.820296,154.68020426517302,172.26371068343494,99.38275152631104,11,-0.0015023115556687117,2.3638648688793182,0.13355904491618276
1906,0.247813749,1785045201.104332,175.7664962593859,172.81689992168253,78.57717444002628,12,-0.0014251408356358297,1.4226128086447716,0.14999068900942802
1908,0.247813749,1785045201.3651562,158.77940576229636,172.68148886174012,88.20836014673114,11,-0.002012003504205495,1.857569444924593,0.12905839178711176
1910,0.247813749,1785045201.676991,178.4514921748946,171.9311997397143,71.5640252828598,13,-0.0013701066418434493,0.647917190566659,0.09177416702732444
1912,0.247813749,1785045201.934957,167.38480474727552,171.99329853656386,80.69241784885526,12,-0.0017758936737664044,1.595337562263012,0.12481395527720451
1914,0.247813749,1785045202.1908228,136.53170993912045,171.10217304785124,141.3842396121472,15,-0.0013676000817213207,1.0011346116662025,0.11320162285119295
1916,0.247813749,1785045202.474943,169.71921797943824,171.01857740318144,85.58214603923261,11,-0.0011932949419133365,0.5869168993085623,0.10836034826934338
1918,0.247813749,1785045202.748364,175.1922757068986,170.8724320672383,84.62762907333672,12,-0.00224390032235533,0.4225983116775751,0.12958098482340574
1920,0.247813749,1785045203.08705,163.35565380958616,171.52224753492555,88.30470822006464,10,-0.0016968118434306234,1.866482026875019,0.10101964045315981
1922,0.247813749,1785045203.428034,172.82685788472904,171.751976145246,88.22586174681783,13,-0.001118648098781705,0.9295035004615784,0.11915525840595365
1924,0.247813749,1785045203.738486,169.50154170295437,171.3997899334535,91.3547844439745,10,-0.0017204454634338617,0.9688002429902554,0.12099490454420447
1926,0.247813749,1785045204.141094,173.20043502644415,171.38267097689032,82.35050397366285,10,-0.0019265337032265961,1.7081855833530426,0.09595417138189077
1928,0.247813749,1785045204.411865,166.95812219801059,171.0229904660612,87.89935318008065,13,3.151145938318223e-05,1.9481798559427261,0.10082864062860608
1930,0.247813749,1785045204.675483,178.75821032130617,171.11559901034195,77.89509575814009,12,-0.0014834714820608497,1.578033298254013,0.15639948938041925
1932,0.247813749,1785045205.013131,179.24230116488263,170.82842063288487,77.98749776929617,12,-0.0014538824470946565,0.9692335464060307,0.1190861752256751
1934,0.247813749,1785045205.511907,172.35731484501767,170.6887099528259,83.85766566172242,11,-0.0013097588089294732,0.8520381860435009,0.11568488832563162
1936,0.247813749,1785045205.8345652,175.99388831873125,170.26076718912793,80.6183664072305,14,-0.002294940066349227,1.4541767463088036,0.19508434645831585
1938,0.247813749,1785045206.147317,176.0732633161217,170.79171304674136,80.47186801955104,13,-0.0012364940193947405,1.2552894577383995,0.12520831590518355
1940,0.247813749,1785045206.4449139,160.97669695331447,170.4508319008224,83.73279770091176,11,-0.0018448702030582353,1.3732938840985298,0.13661015965044498
1942,0.247813749,1785045206.732151,177.20387653362894,170.25811316114124,83.035515030846,11,-0.001315129455178976,1.1987710557878017,0.12484375620260835
1944,0.247813749,1785045206.9917161,161.98706380606885,169.9794395191813,84.42683913372457,12,-0.0011509504402056336,1.0600650161504745,0.10497060720808804
1946,0.247813749,1785045207.284292,185.90141387655623,170.68430563507735,67.52875722013414,12,-0.0011871208116644993,1.023481521755457,0.1030089152045548
1948,0.247813749,1785045207.572709,185.67706228713106,170.97381225259943,74.07625833526254,10,-0.0016818223375594243,0.8099953345954418,0.12314127711579204
1950,0.247813749,1785045207.8325891,170.9699143831268,170.84646640786391,79.73705742135644,13,-0.0007856984884710982,0.6169232148677111,0.11895597353577614
1952,0.247813749,1785045208.089267,155.0101785423178,170.39173802502083,95.67598178610206,12,-0.0015381536504719406,2.297412261366844,0.1496113371104002
1954,0.247813749,1785045208.385157,167.09606098159998,170.55280822236512,94.70869579911232,14,-0.0008454913040623069,3.4321642965078354,0.09154343698173761
1956,0.247813749,1785045208.643821,177.89646195462578,170.27677694208677,75.6462835073471,13,-0.0017893531185109168,1.8702063784003258,0.11336616380140185
1958,0.247813749,1785045208.957651,184.83063902209582,170.57483026739612,71.35015847720206,11,-0.0013557352358475327,0.588318569585681,0.11629137024283409
1960,0.247813749,1785045209.21733,170.73391793083556,171.08556141056616,79.29605391994119,13,-0.0016084600938484073,1.1827878877520561,0.13651977851986885
1962,0.247813749,1785045209.473587,173.30772764249886,171.3403623399681,81.4576932117343,12,-0.0011247857473790646,1.7228619009256363,0.12549546174705029
1964,0.247813749,1785045209.779955,182.57607862374147,172.2346267138877,70.17255714535713,11,-0.000986030740023125,0.6422109454870224,0.1065884199924767
1966,0.247813749,1785045210.0370471,194.8030436787537,172.74047165144307,64.16406156867743,10,-0.001685412717051804,0.591106565669179,0.13067325064912438
1968,0.247813749,1785045210.2958562,163.72409373505926,173.05844700953264,94.32727705314755,12,-0.0013381023018155247,2.875567391514778,0.1151710944250226
1970,0.247813749,1785045210.5806851,169.28589632818978,173.0046202539014,75.42295009084046,12,-0.0012495372211560607,0.8511041179299355,0.11779789812862873
1972,0.247813749,1785045210.844893,162.70095383313154,172.734884139869,91.99958387576044,14,-0.001050158025464043,2.1453786119818687,0.0990175330080092
1974,0.247813749,1785045211.137367,166.73440265217138,172.9413286538225,94.93567756190896,10,-0.0010662194108590484,0.9831967130303383,0.09943571803160012
1976,0.247813749,1785045211.396555,169.9290093430122,172.6094304467832,87.63533145561814,11,-0.0017028754446073435,0.7563863098621368,0.17289468552917242
1978,0.247813749,1785045211.682419,183.2227982402871,172.89524038691113,72.69101233407855,11,-0.002063803724013269,1.4058735072612762,0.16630955785512924
1980,0.247813749,1785045211.969059,184.62740775158352,172.96987219107277,70.39126895181835,12,-0.0011744918301701546,0.7115072719752789,0.11113188462331891
1982,0.247813749,1785045212.228043,159.11474449786124,172.21195364419265,104.92925086244941,10,-0.0002884413115680218,4.110493324697018,0.08084039157256484
1984,0.247813749,1785045212.510287,176.4719691672641,172.11154570788455,77.10041934624314,11,-0.0016774035175330937,0.8688549771904945,0.14576343866065145
1986,0.247813749,1785045212.795842,167.9915259850168,171.98497359868034,86.79609926696867,11,-0.0013490213896147907,0.8750941604375839,0.1319497749209404
1988,0.247813749,1785045213.05551,181.98579787803476,172.17036923931056,74.2926289383322,11,-0.0009408234618604183,0.8994352892041206,0.09072456625290215
1990,0.247813749,1785045213.339745,182.13843086686614,172.4341963132295,76.326479813084,12,-0.001525390602182597,1.540364183485508,0.08014495298266411
1992,0.247813749,1785045213.600279,173.04151305987483,172.24014698273112,84.34019414335489,10,-0.0014531901688314974,1.0635227747261524,0.1464235931634903
1994,0.247813749,1785045213.870047,175.0039682156799,172.44889210240183,81.39139866642654,12,-0.0010709732014220208,1.7610954269766808,0.10832103295251727
1996,0.247813749,1785045214.149771,180.36363985133877,172.05689614612038,78.24772663787007,11,-0.001098953653126955,0.8803727254271507,0.11633032327517867
1998,0.247813749,1785045214.472565,177.51509935036117,171.98820592474146,81.33975799940526,11,-0.0015101642347872257,0.47826855070888996,0.12374402210116386
2000,0.281475541,1785045215.083909,167.16492828078793,172.25080317871831,87.46442859992385,12,-0.0013164514966774732,2.3655208349227905,0.12282825075089931
2000,0.281475541,1785045215.083909,167.16492828078793,172.25080317871831,87.46442859992385,12,-0.0013164514966774732,2.3655208349227905,0.12282825075089931
