_step,_runtime,_timestamp,train/reward,train/reward_rolling_avg,train/distance,train/consumption,train/actor_loss,train/critic_loss,train/entropy
2,0.235172332,1784956249.6367779,-1755.561858339534,-2316.619748262344,1976.3221426457167,136,-0.007004128478001803,3591.299270629883,0.6926177218556404
4,0.235172332,1784956250.3059158,-695.3667532386766,-2026.9034173699558,1279.6067363619804,98,-0.012126074871048331,831.9617729187012,0.6467129699885845
6,0.235172332,1784956251.551799,-289.72925594038156,-1479.4612673511722,859.0548900291324,62,-0.012233332439791411,190.887225151062,0.4125319551676512
8,0.235172332,1784956252.7174919,8.233619306159687,-1115.5144435610234,346.88253389298916,31,0.0008552347426302731,8.32749429345131,0.38599883019924164
10,0.235172332,1784956253.397247,47.49839882333434,-889.8164835681149,291.79845014587045,29,-7.495281170122325e-05,12.7255277633667,0.4047456793487072
12,0.235172332,1784956254.500364,85.98932479450862,-728.5658169370832,234.56971695274115,22,-0.009437259897822514,3.6107634007930756,0.2250206982716918
14,0.235172332,1784956255.683991,120.0240245966287,-607.3591732728024,167.26109685003757,14,-0.005664825963322073,15.297728717327118,0.16363383457064629
16,0.235172332,1784956256.4393952,141.65084748117533,-516.5207700332295,117.75427582859993,9,-0.0020428198913577944,16.861981749534607,0.17747703660279512
18,0.235172332,1784956256.744586,113.37773074538556,-445.17623195955014,143.96931142359972,7,-0.0012665329413721338,4.980802670121193,0.15340646728873253
20,0.235172332,1784956257.434912,160.15765852827022,-386.0680373604578,111.9103943258524,9,-0.002330844465177506,16.816555440425873,0.18840400595217943
22,0.235172332,1784956257.734834,130.7038036035072,-338.9801444858603,170.2833088338375,11,-0.002880986350646708,10.845990002155304,0.1813888754695654
24,0.235172332,1784956257.987863,140.07061262044454,-299.6784053910053,115.29932259768248,9,-0.0017101132762036286,4.988432928919792,0.1486045317724347
26,0.235172332,1784956258.238074,94.09212050232743,-268.8452257765676,167.41077579557896,8,-0.0018085275660268962,19.446434676647186,0.1623438373208046
28,0.235172332,1784956258.51425,137.52258575672855,-241.19552874330225,110.14567995816469,11,-0.00339330401038751,6.4878701865673065,0.1848555337637663
30,0.235172332,1784956258.76417,140.67365233302905,-216.28018943562242,116.85862561687827,8,-0.0020755516598001122,4.779991239309311,0.17354434914886951
32,0.235172332,1784956259.01567,126.11009915948247,-194.87263175852087,138.58733580633998,11,-0.001912339372211136,19.96646273136139,0.18427537754178047
34,0.235172332,1784956259.2923992,130.30284917740363,-176.4806878889411,120.30074928700924,8,-0.0008314240258187056,5.008248716592789,0.07762384694069624
36,0.235172332,1784956259.556829,136.95780945862185,-159.54729548101292,127.8962142392993,8,-0.0012899175053462386,13.289019674062729,0.10696426266804338
38,0.235172332,1784956259.8561862,109.44339258905245,-144.66520618422376,174.13280948996544,10,-0.00499275783658959,1.778897613286972,0.2227757489308715
40,0.235172332,1784956260.118044,129.7952683685467,-131.03189058552334,143.98899492248893,14,-0.0034594901371747255,3.034311830997467,0.3013902697712183
42,0.235172332,1784956260.372937,123.12996144057651,-118.39172079510605,155.59169096685946,15,-0.0020377202599775046,24.16516602039337,0.19032905902713537
44,0.235172332,1784956260.647858,117.03414475834255,-107.1559703828524,170.4768185019493,14,-0.003918910049833357,2.9881962910294533,0.17213695868849754
46,0.235172332,1784956260.89925,130.21249549933196,-96.82043741240057,131.36272804439068,12,-0.0015853423392400146,1.5372544527053833,0.17120707407593727
48,0.235172332,1784956261.649108,161.11681049719613,-86.24288227514484,105.24432364478707,8,-0.0021598169914796017,24.906358420848846,0.17505215760320425
50,0.235172332,1784956262.018979,130.0160143439386,-77.08662202656616,139.4309295527637,19,-0.004021786968223751,1.005070086568594,0.29153778217732906
52,0.235172332,1784956262.287789,139.63043278464508,20.800430917121275,129.37293623387814,10,-0.003602404991397634,23.531234741210938,0.19215513486415148
54,0.235172332,1784956262.6099021,154.93281360909978,96.12668948099669,97.55683344975114,10,-0.001706382492557168,3.1771361976861954,0.1909126415848732
56,0.235172332,1784956263.025137,138.8596602500097,117.24359667944522,117.28388407453895,11,-0.0027812698972411454,4.456016078591347,0.24338108953088522
58,0.235172332,1784956263.348203,132.71547679204045,124.0214789037666,145.19513356685638,8,-0.004962114617228508,20.83666479587555,0.22710121143609285
60,0.235172332,1784956263.69414,126.3485049223528,128.810906446759,132.38704489171505,6,-0.002001464366912842,1.0786673985421658,0.16707743518054485
62,0.235172332,1784956264.0432289,133.96077598481116,131.4458510399958,120.71723073720932,16,0.0018753412005025893,3.0685328990221024,0.18967098277062178
64,0.235172332,1784956264.3654761,135.22977236461108,132.08786118518054,126.2172933826223,11,-0.002953678253106773,18.728449940681458,0.2776265572756529
66,0.235172332,1784956264.722792,137.5111356999968,132.76368909029324,113.17322397604585,13,-0.0042601252207532525,3.952765606343746,0.33587811700999737
68,0.235172332,1784956265.055736,126.15090717964983,133.11887370648543,129.55182948708534,15,-0.009558160731103271,6.411475628614426,0.3429318778216839
70,0.235172332,1784956265.4305978,114.16706467934662,132.34779484009607,169.08697239682078,19,-0.0016158305224962533,1.36104766279459,0.2987661808729172
72,0.235172332,1784956265.704164,88.25757756879379,131.1954322376805,201.5315599516034,19,-0.003906187179381959,3.98137204349041,0.35234355367720127
74,0.235172332,1784956266.0165062,110.73309109361874,130.43376810589308,178.4062670553103,18,-0.005288261891109869,4.215616948902607,0.3898534942418337
76,0.235172332,1784956266.4161339,123.67798771143094,131.0982082918362,140.8831892721355,18,-0.0023778093163855374,1.439225696027279,0.3216212596744299
78,0.235172332,1784956266.71921,101.78417509988405,130.7785448779333,173.89928537234664,16,-0.0016967790434136987,0.8636908866465092,0.2836308069527149
80,0.235172332,1784956266.99908,121.06068728869863,130.70253041890533,141.4378614462912,15,-0.0035798061871901155,3.497124806046486,0.3608099315315485
82,0.235172332,1784956267.2864408,148.70857897358508,131.2881595115643,114.65254618600011,15,-0.004686971151386388,1.242962770164013,0.40398179925978184
84,0.235172332,1784956267.538433,136.04391024022286,132.11295067789288,141.22401318326592,17,-0.002284869202412665,2.7149310931563377,0.3008862640708685
86,0.235172332,1784956267.817206,114.71222177772991,131.9235656483886,157.81923996657133,13,0.0015650788554921746,2.4015433117747307,0.2609219131991267
88,0.235172332,1784956268.075519,137.69576079605153,132.24337727490382,111.08824905008078,14,-0.00565169908804819,1.9986440166831017,0.3257131166756153
90,0.235172332,1784956268.340131,137.1467036583493,132.21275578171858,117.32770788297057,13,-0.003908769751433283,1.4945519901812077,0.3058006763458252
92,0.235172332,1784956268.650174,156.8840603186414,132.2878563359222,98.2687689550221,11,-0.0031778212287463248,1.8818991035223007,0.2495780261233449
94,0.235172332,1784956268.90317,137.17712108587287,133.08953535084146,110.01184637099504,12,-0.001487569505115971,1.0752159729599953,0.19274123664945364
96,0.235172332,1784956269.1655161,131.4191550768628,133.57761739708906,116.42166018486023,11,-0.006611027754843235,1.7902615517377853,0.3066432252526283
98,0.235172332,1784956269.485062,158.7508142833776,133.0181433884924,94.31700668483973,10,-0.0027291124570183456,1.1758387424051762,0.29751176200807095
100,0.235172332,1784956269.9469922,160.35993332778818,133.39274095568152,97.24321954324841,13,-0.003064964199438691,2.902810238301754,0.26568830851465464
102,0.235172332,1784956270.2414641,155.4479519132271,133.72974311532343,103.2406183667481,14,-0.0056477237230865285,1.4930213019251823,0.23227393347769976
104,0.235172332,1784956270.495688,147.51142776221985,133.7013031723267,103.67581790685654,11,-0.0040336811216548085,1.3498284667730331,0.3639539387077093
106,0.235172332,1784956270.7528782,126.68131155331368,133.37206636075095,137.62878557294607,10,-0.0033434546494390815,2.4868423715233803,0.2894514389336109
108,0.235172332,1784956271.031086,146.9700627264469,133.45677430637318,115.12111831456423,12,-0.003696251951623708,1.5997459515929222,0.280721478164196
110,0.235172332,1784956271.6467788,165.11068512568104,134.19905476818155,99.74365567788482,11,-0.0036413516936590895,1.470874648541212,0.32728114910423756
112,0.235172332,1784956271.9314141,153.1156092394178,134.37029144452575,106.89120694622397,11,-0.003056925255805254,2.2857825979590416,0.30526923574507236
114,0.235172332,1784956272.2101278,161.70365923534558,134.88508192781126,91.9824181124568,12,-0.01073037218884565,1.8509153723716736,0.33776878006756306
116,0.235172332,1784956272.5300438,141.5480101722408,135.1968304592557,118.75759226828814,15,-0.001987816722248681,3.7356881201267242,0.29140237160027027
118,0.235172332,1784956272.8148742,133.8893789018785,135.39333592778218,139.07764834165573,16,-0.001836364739574492,0.8424539361149073,0.23645635973662138
120,0.235172332,1784956273.066477,146.8160640842985,135.810357480731,113.61807402968407,14,-0.0030855016520945355,1.386274054646492,0.32926837913692
122,0.235172332,1784956273.831365,156.34760173584152,138.2105461616846,105.19800452888012,11,-0.0023717459407635033,1.6302822902798653,0.32610745914280415
124,0.235172332,1784956274.2497668,136.48103473562077,139.1282380222402,132.1301215402782,14,-0.0025217689108103514,1.066506665199995,0.2639700025320053
126,0.235172332,1784956274.5356421,143.02213462448057,140.20363565198545,112.53618400543928,13,-0.006561480608070269,0.7540451884269714,0.2986656054854393
128,0.235172332,1784956274.837267,148.6889509740386,141.3029105952848,115.54220409877598,8,-0.005673601845046505,5.503411203622818,0.25023381505161524
130,0.235172332,1784956275.219313,150.88795660152383,141.8696563090078,101.77454673498869,10,-0.007076531532220542,0.8969580344855785,0.3993180152028799
132,0.235172332,1784956275.507547,151.6743405876034,142.18271095493216,119.0704612582922,12,-0.003297556017059833,1.7728747874498367,0.31833064183592796
134,0.235172332,1784956275.812302,149.53910042629738,142.46591954663148,103.34313092380762,14,-0.002856051520211622,0.9037992395460606,0.26082261092960835
136,0.235172332,1784956276.093256,136.82509629691737,143.16742032238477,124.84920483827591,16,-0.004481956537347287,0.7810121327638626,0.2104382747784257
138,0.235172332,1784956276.363085,143.0061859554323,144.13825157500355,108.15516413748264,10,-0.0024363925913348794,1.7019475474953651,0.17655707895755768
140,0.235172332,1784956276.731773,141.55645092155706,144.79489191775363,121.54995997995138,10,-0.0017029829323291779,0.5106339491903782,0.2833540905267
142,0.235172332,1784956277.034445,155.31684356340213,145.45453556277113,95.67188426852226,14,-0.00101200401695678,0.8828576505184174,0.17175517696887255
144,0.235172332,1784956277.3172631,149.47110790445734,145.29481247316227,108.95883994363248,13,-0.003142122252029367,1.1445926055312157,0.2367401747033
146,0.235172332,1784956277.5998569,138.7300793493751,145.50949603795755,118.68425168842077,12,-0.003727382922079414,1.0905773900449276,0.26816774997860193
148,0.235172332,1784956277.8578272,157.35480071587062,145.86734263021725,103.18581535480917,14,-0.002672750153578818,2.0612848848104477,0.25223124865442514
150,0.235172332,1784956278.144362,161.81167698370436,146.0501220209173,91.76800980605185,11,-0.009064635843969882,1.3805334456264973,0.1732601262629032
152,0.235172332,1784956278.4064908,129.07861157983035,145.95943030303698,129.50727461278439,15,-0.002230860263807699,4.07807993888855,0.4117824826389551
154,0.235172332,1784956278.6661499,127.45297841333979,145.91034231996395,132.4723870009184,16,-0.006975265700020827,1.710306078195572,0.27523189038038254
156,0.235172332,1784956278.950238,158.94831021474633,146.59337461348147,97.20313808321953,12,-0.003131496690912172,1.4820600226521492,0.24904480390250683
158,0.235172332,1784956279.210892,143.0757430188571,146.61508718934599,118.71968141943216,9,-0.0021758662769570947,1.1175475493073463,0.1282261642627418
160,0.235172332,1784956279.468513,135.9767130261209,146.01656212436004,138.47511940076947,11,-0.0006486648926511407,3.177866354584694,0.18252175021916628
162,0.235172332,1784956279.750541,123.17938492616302,145.71303409677733,148.35449255257845,11,-0.00403995718806982,0.702216662466526,0.2642971370369196
164,0.235172332,1784956280.00831,161.30689036724021,145.96455958462928,108.65931985527277,8,-0.002502759889466688,4.45933598279953,0.18334266915917397
166,0.235172332,1784956280.2885592,164.3566915645184,146.18875051274347,90.98552580177784,11,-0.0021851376513950527,1.3857438303530216,0.17551152128726244
168,0.235172332,1784956280.5480661,139.680570908831,146.1359828672159,115.91529833525419,12,-0.0009919402073137462,1.9666649401187897,0.18518581707030535
170,0.235172332,1784956280.8016782,151.34158347547339,146.4479511903077,106.32913012802601,10,-0.0017899014637805521,1.5497032925486565,0.16695700958371162
172,0.235172332,1784956281.524338,153.07342805803967,146.38863917770516,110.71856893599033,15,-0.002516903798095882,2.5316872149705887,0.24092131946235895
174,0.235172332,1784956281.78849,144.57741436835684,147.2004026049102,121.00572489202023,15,-0.0016608799051027745,0.7816412411630154,0.19581679441034794
176,0.235172332,1784956282.0465631,149.79883732489557,147.05210771021132,104.67077190615237,12,-0.006114022951805964,1.8061989098787308,0.23771926015615463
178,0.235172332,1784956282.327261,155.14990072170102,147.70163819125847,100.66303961817175,14,-0.003328942009829916,1.868905894458294,0.2583064893260598
180,0.235172332,1784956282.6155,160.00423313250104,147.910128624226,117.00303095579147,16,-0.0027929028728976846,2.2378223687410355,0.27715682704001665
182,0.235172332,1784956283.04802,145.73582492750978,147.7891759308152,121.24557876586914,13,-0.0009930161759257317,1.2521515563130379,0.13212898513302207
184,0.235172332,1784956283.310839,109.41393343367122,147.19305221478498,173.78005566820502,14,-0.0002762405201792717,1.8165283352136612,0.21215396840125322
186,0.235172332,1784956283.566974,137.1897182261375,146.85553986463748,134.3018942400813,14,-0.002471860236255452,0.7951098382472992,0.2644548062235117
188,0.235172332,1784956283.854719,134.22365523611856,145.76708319826037,136.16373562067747,13,-0.0013287907640915364,1.198245294392109,0.12934042932465672
190,0.235172332,1784956284.133756,134.21405992467803,145.48956310251572,126.15805814787745,11,-0.004536189662758261,1.586844027042389,0.24417367484420538
192,0.235172332,1784956284.3815172,150.8901076029993,145.31817067476123,111.18144324421883,8,-0.004394595656776801,2.0757025629281998,0.37782969139516354
194,0.235172332,1784956284.7076821,158.4391740448578,145.43735762150507,104.20037265866995,10,-0.00023927082656882703,1.5457111224532127,0.29598771780729294
196,0.235172332,1784956285.36912,147.84434022476324,145.97261401036883,118.84403221681714,8,-0.002147216029698029,4.12756085395813,0.16702849511057138
198,0.235172332,1784956285.6422431,161.22793330407112,146.07537306522457,94.20165726356208,10,-0.0015627921384293586,0.7250548601150513,0.1673236833885312
200,0.235172332,1784956285.8948328,151.51719035593422,145.8582057996674,97.4716258496046,12,-0.00364293425809592,1.1151385754346848,0.21917092613875866
202,0.235172332,1784956286.159221,147.45617007073892,146.4789940789365,113.10773239843547,13,-0.004002387635409832,1.312289409339428,0.2676312420517206
204,0.235172332,1784956286.4848378,149.69845426031313,146.8605536938446,113.33181374147534,11,-0.0020909789309371263,1.3797402903437614,0.21091562509536743
206,0.235172332,1784956286.818016,154.73012939074604,146.47380651361587,97.47111440636218,14,-0.002955995063530281,1.7753619104623795,0.17348729725927114
208,0.235172332,1784956287.0732732,157.4989004564193,146.94542389541627,102.8241207152605,9,-0.003361538896569982,1.3620797879993916,0.221156382933259
210,0.235172332,1784956287.35618,145.16737266027573,147.4474375672252,108.8921236731112,17,-0.0023947993759065866,1.3642748594284058,0.21727674268186092
212,0.235172332,1784956287.611747,166.31901663050098,148.06316535702163,97.98812059313059,8,-0.0027058426348958164,3.6160982996225357,0.26222202368080616
214,0.235172332,1784956287.966944,156.51904114058425,148.13042478246427,100.73246715590358,12,-0.0023835720494389534,0.9285486005246639,0.2672706749290228
216,0.235172332,1784956288.264292,169.6356489824595,148.28941288500212,87.53054850548506,14,-0.0005178122082725167,1.3329277820885181,0.2668275637552142
218,0.235172332,1784956288.52663,113.78052039139078,148.0394243797706,137.38662800192833,15,-0.012549044331535697,4.081240430474281,0.2903851047158241
220,0.235172332,1784956288.8111172,156.8798469596118,148.23186502344552,104.03361140936613,15,-0.003075246000662446,1.3336782045662403,0.22469327319413424
222,0.235172332,1784956289.076844,144.99250174973008,147.5178075373033,115.48016770929098,12,-0.00417883470072411,1.7332630455493927,0.15787283424288034
224,0.235172332,1784956289.333674,141.93928178460516,146.5963620231188,105.08689679577947,14,-0.005856205330928788,1.1487640254199505,0.37101720087230206
226,0.235172332,1784956289.621236,156.3555807863407,147.0819524054709,99.7946376465261,13,-0.0028050353284925222,1.0366672910749912,0.2319897674024105
228,0.235172332,1784956289.882039,154.22134897636292,146.69074236507132,106.83432005532086,14,-0.0045262072526384145,1.3797678910195827,0.2561892867088318
230,0.235172332,1784956290.168663,158.96856165687495,146.93024010307096,99.1176776047796,13,-0.002624313870910555,0.9294778816401958,0.22776991315186024
232,0.235172332,1784956290.457037,152.45426789694898,147.20600004344334,101.14060039445758,15,-0.002863360510673374,1.848187655210495,0.2579305600374937
234,0.235172332,1784956290.720911,143.61810552153065,147.78251438942812,113.13216143101454,10,-0.0046229109284467995,1.198091022670269,0.25127334613353014
236,0.235172332,1784956291.010248,132.30070088362538,148.02143238377323,129.44170402735472,13,-0.0020312164051574655,0.8035613559186459,0.20055627916008234
238,0.235172332,1784956291.281976,167.41962976226353,149.4864858952236,85.17505313828588,12,-0.0020030459272675216,2.2809406481683254,0.2873029662296176
240,0.235172332,1784956291.5414882,153.62322835992103,150.25246047648722,105.51120762526989,11,-0.0008584824972786009,2.225542515516281,0.11812838818877935
242,0.235172332,1784956291.827595,151.35679810962617,149.8694400832614,113.6867656223476,11,-0.00269057133118622,1.3728662952780724,0.16460145078599453
244,0.235172332,1784956292.088336,150.9007053605129,150.21483877872353,102.91301667317748,14,-0.002871902281185612,1.8731223195791245,0.22995435912162066
246,0.235172332,1784956292.3720021,166.9006892819823,149.87155348360918,92.28718772530556,10,-0.001074011903256178,0.8221190087497234,0.21393508836627007
248,0.235172332,1784956292.6350138,141.3475536637577,149.49632024786916,124.36968570947647,16,-0.0027160501340404153,3.134746879339218,0.18793883081525564
250,0.235172332,1784956293.2749178,126.14537576029886,148.8202790058156,141.82368820905685,18,-0.002205749769927934,3.0853699520230293,0.14790089428424835
252,0.235172332,1784956293.5875719,159.78640478759723,148.67006056060558,105.02747764438391,18,-0.00229615526041016,1.5300992205739021,0.25573098100721836
254,0.235172332,1784956293.845473,153.85292045224304,148.52557016794879,117.66449798643589,10,-0.004667987872380763,1.3200319521129131,0.17583966441452503
256,0.235172332,1784956294.104588,136.05501158809133,148.68766155451408,125.5370077304542,16,-0.0036587101058103144,2.7432801872491837,0.261877435259521
258,0.235172332,1784956294.385605,154.10971411269935,148.55429779538153,106.09531455859542,14,0.001233992079505697,0.8106816150248051,0.17599416431039572
260,0.235172332,1784956294.642914,142.0517153407373,148.2444876225829,123.03336824476719,11,-0.0005058868337073363,1.1015335321426392,0.15828508604317904
262,0.235172332,1784956294.927027,143.95369114607993,147.72206536431926,117.19436125457287,15,-0.0018942526075989008,1.041846439242363,0.22207284159958363
264,0.235172332,1784956295.187335,135.00314120161366,146.68548722638974,123.62572536990047,17,-0.002901124709751457,2.674589589238167,0.25682803615927696
266,0.235172332,1784956295.4439979,160.07914281741157,146.37981469168218,91.99404634535313,11,-0.0011492290650494397,2.5439816266298294,0.15781095623970032
268,0.235172332,1784956295.728236,141.7821263543604,146.9245958267869,114.98509956523776,16,-0.0005568412016145885,1.4317548796534538,0.25411208532750607
270,0.235172332,1784956295.984534,133.55186004422626,146.71446179558905,133.55289708450437,10,-0.0031271050102077425,1.2578277438879013,0.14724974753335118
272,0.235172332,1784956296.247998,154.75237081598706,147.02454009377658,94.88145587593317,12,0.0002317835169378668,3.821073278784752,0.2364760423079133
274,0.235172332,1784956296.5299299,151.44447485079817,147.6270891518079,107.97865095734596,12,-0.0027766708080889657,1.0436685644090176,0.24841930344700813
276,0.235172332,1784956297.165356,175.2321158310704,148.16913138955516,78.95970493927598,12,-0.0019697384341270663,2.5036876425147057,0.1825885809957981
278,0.235172332,1784956297.592351,158.98769014011827,148.82694917427798,112.31652414053679,9,-0.0017484510317444801,0.758310329169035,0.20515164267271757
280,0.235172332,1784956297.8514109,154.71521763304457,149.0811226734372,103.3147698212415,8,-0.003305886930320412,2.1108610332012177,0.20631563011556864
282,0.235172332,1784956298.108591,162.77168515318246,149.19435768574658,105.6924997381866,14,-0.003526399174006656,1.0868098735809326,0.20822306908667088
284,0.235172332,1784956298.3920681,166.8571957743179,149.57477456079,91.79181967675686,12,-0.0035334041458554566,1.3083158545196056,0.2525191903114319
286,0.235172332,1784956298.651266,136.91462876119834,150.11304702049046,140.3840055949986,13,-0.004926075285766274,2.2546923980116844,0.12844425672665238
288,0.235172332,1784956298.908882,136.71451521712535,149.03805607890098,117.25028458982706,11,-0.00021161290351301432,2.7472988665103912,0.2513264063745737
290,0.235172332,1784956299.195649,160.18382407338675,148.81579941081745,101.718111442402,14,-0.004207048157695681,1.5307454466819763,0.3750554136931896
292,0.235172332,1784956299.453748,129.20252915145394,149.0838788930328,140.5480394847691,14,-0.004519344191066921,5.199417591094971,0.18075932655483484
294,0.235172332,1784956299.7374022,151.39166262388986,149.0301195268108,95.83181894570589,10,-0.005013366986531764,2.037221387028694,0.30434934236109257
296,0.235172332,1784956299.999806,173.9976128271163,148.94506100046328,87.92080876044929,12,-0.003192503354512155,2.8907271698117256,0.23609867971390486
298,0.235172332,1784956300.259524,150.30470974420902,149.02149254682232,110.98024066537619,13,-0.003557923118933104,1.3227893114089966,0.17309597320854664
300,0.235172332,1784956300.548536,142.33378896139516,149.48519840397188,123.70644152909517,11,-0.0012778522723237984,0.31268939562141895,0.1445770999416709
302,0.235172332,1784956300.8173451,149.38645525690205,149.47774158098377,100.52098459750414,16,-0.0008171164517989382,0.603807769715786,0.17322819493710995
304,0.235172332,1784956301.0735738,139.1032586235306,149.24642691456168,114.25050897151232,13,-0.006242541072424501,1.9555848613381386,0.2436153469607234
306,0.235172332,1784956301.3583,141.08315693093812,149.1449808642619,108.1989666223526,10,-0.0012037714186590165,2.056864373385906,0.14220841135829687
308,0.235172332,1784956301.678846,157.26368826029852,149.0795920400743,95.70134689286351,13,-0.0019228465389460325,1.0572922118008137,0.21202426310628653
310,0.235172332,1784956301.9869041,148.6009898857271,149.8601109124595,105.04897132096812,12,-0.002942589926533401,1.2335119508206844,0.24415013194084167
312,0.235172332,1784956302.268376,168.2380192931776,150.62648974568478,84.34883474558592,13,0.0009276216514990665,1.2318613678216934,0.16550574591383338
314,0.235172332,1784956302.5290189,147.63460655197167,151.20197858150198,115.1464922092855,18,0.001243091348442249,2.112374112010002,0.26115522161126137
316,0.235172332,1784956302.821455,99.67019109417421,150.43097501747934,169.9959606602788,25,-0.00028106686659157276,2.573377013206482,0.13478444935753942
318,0.235172332,1784956303.081741,145.3388836229595,150.3483952025473,121.31855168938637,13,-0.0025366637855768204,1.238339439034462,0.19055080134421587
320,0.235172332,1784956303.3396611,145.23940444893398,150.45173011558757,108.40292604640126,15,-0.00031292979838326573,1.1687105111777782,0.19678479433059692
322,0.235172332,1784956303.653518,134.10339704264234,149.85665087794095,131.20308937784284,16,-0.002510096732294187,2.155299574136734,0.17709951754659414
324,0.235172332,1784956303.911244,161.14989914444368,150.19101833557906,107.88931411132216,9,-0.0009735641506267712,1.4374890327453613,0.12455405108630657
326,0.235172332,1784956304.197817,132.3678512570328,149.27277771879758,124.46457140892744,15,-0.004130782472202554,1.6525718122720718,0.27223713137209415
328,0.235172332,1784956304.457472,121.38536146791418,148.31621656259998,132.65987899526954,16,-0.0026588832261040807,1.4831378012895584,0.27348324935883284
330,0.235172332,1784956304.718528,151.13148930630754,147.862369574573,96.99225295707583,16,-0.003399483197426889,0.6415624767541885,0.22054386511445045
332,0.235172332,1784956305.003058,137.73462128988206,147.24978524537707,120.8838278260082,13,-0.003686672425828874,1.049650490283966,0.2573860362172127
334,0.235172332,1784956305.263795,147.00073508196442,146.7167810302395,113.02093665488064,13,-0.0016700693522579968,1.7078446298837662,0.1175315035507083
336,0.235172332,1784956305.524437,155.94506622033833,146.17085430000157,109.80098753422499,12,-0.008285713367513381,2.5818961709737778,0.22650596592575312
338,0.235172332,1784956305.807491,161.7112703744868,147.28789692679305,100.8621393814683,14,-0.0013320503057911992,1.1474651768803596,0.25871049240231514
340,0.235172332,1784956306.067199,140.2066083008622,147.3223539496891,117.72538607940078,12,-0.0007004585349932313,1.7971317693591118,0.1958467122167349
342,0.235172332,1784956306.351188,171.18006360799842,147.92103993851808,84.79504116997123,10,-0.001548559870570898,0.4735554847866297,0.1795676052570343
344,0.235172332,1784956306.608951,141.6149905930844,147.0528716018901,123.86605842411518,15,-0.0033018020330928266,1.493780978024006,0.1670107077807188
346,0.235172332,1784956306.869088,155.39875101211547,146.9080583503787,101.02009541541338,10,-0.0008444523700745776,1.1223473865538836,0.26473515946418047
348,0.235172332,1784956307.151087,157.62591488251414,147.131337267799,95.6773722358048,11,-0.002344334381632507,1.5190526396036148,0.23355373553931713
350,0.235172332,1784956307.429309,148.9850615472876,147.4861493261473,105.34067872911692,10,-0.0021628310496453196,1.023060854524374,0.1909417286515236
352,0.235172332,1784956307.68785,162.28764316907905,147.27459248721868,101.52102541923523,9,-0.0029507504077628255,2.006649076938629,0.24878324195742607
354,0.235172332,1784956307.969972,170.88010491011454,148.33630875914346,85.80652811191976,13,-0.0024389612954109907,1.7680023089051247,0.234295760281384
356,0.235172332,1784956308.226249,156.72430652269605,148.49166258876724,104.89904934167862,10,0.0028078602044843137,2.8405504301190376,0.2357833692803979
358,0.235172332,1784956308.50927,137.9716182713729,147.78829384613684,123.40767917968333,15,-0.0016144833352882415,1.5552132613956928,0.164441485889256
360,0.235172332,1784956308.766298,163.12316528434496,147.57054758561173,93.0764798913151,10,-0.001646031392738223,1.3238270990550518,0.14334711991250515
362,0.235172332,1784956309.0212,154.9370611096504,147.30917251271657,116.91707342118025,10,-0.005448234849609435,3.1382210105657578,0.17728038784116507
364,0.235172332,1784956309.680214,176.20843935299442,147.8879249363329,79.10520536825061,12,-0.0022536414398928173,1.057095691561699,0.19984165485948324
366,0.235172332,1784956309.959088,164.59668559288534,149.2023665724569,93.15329401567578,12,-0.006182028751936741,2.111967220902443,0.27419803477823734
368,0.235172332,1784956310.2188008,141.50173696794238,149.11853754045157,111.2232357673347,11,-0.0026004661922343075,2.513415217399597,0.13545047817751765
370,0.235172332,1784956310.502369,170.42910050252814,149.88842822860562,87.786371268332,10,-0.0027921729488298297,1.5968744084239006,0.24530965462327003
372,0.235172332,1784956310.7599192,152.7794304428015,150.89404916210316,98.60224568098783,12,-0.0029389501141849905,1.990556739270687,0.2305392762646079
374,0.235172332,1784956311.041769,144.80244541610847,150.12299092152185,124.65241589397192,8,-0.0020192001102259383,1.2291454933583736,0.22148099821060896
376,0.235172332,1784956311.3011682,142.53127461066222,150.37205760150206,106.17890657484531,12,-0.0032631164649501443,1.3354870975017548,0.24481505155563354
378,0.235172332,1784956311.557795,164.65569458265827,151.0854583964883,102.43874215707183,11,-0.002382014994509518,1.5524649918079376,0.25169915053993464
380,0.235172332,1784956311.840352,156.40719858789853,151.61718256829568,102.64622589945793,14,-0.003044406170374714,0.9779460355639458,0.22169021982699633
382,0.235172332,1784956312.120362,149.93769022562094,152.32729830113274,116.55495499074459,14,-0.0015821443812455982,1.8533686622977257,0.24569721892476082
384,0.235172332,1784956312.374445,145.99933522468905,152.42189171101163,114.0870226547122,12,-0.0022779335267841816,1.5892831310629845,0.24156361911445856
386,0.235172332,1784956313.029275,158.40985184839363,153.68478526715694,118.87482330203056,10,-0.0038274788530543447,1.375776395201683,0.29627235513180494
388,0.235172332,1784956313.286342,156.79033440392993,152.78204522844828,106.96218766272068,12,0.00010163127444684505,1.2580887526273727,0.2353169247508049
390,0.235172332,1784956313.567898,181.25999352434187,153.94586117501984,81.6940095052123,9,-0.0004984825209248811,0.8140891008079052,0.21897678915411234
392,0.235172332,1784956313.826057,150.9110060801004,153.66968440373864,99.50852018408477,12,-0.0016229021421168,1.6183759048581123,0.1680728578940034
394,0.235172332,1784956314.082989,158.49210720267754,154.314341041868,92.79165269434452,12,-0.0021859242697246373,1.644134633243084,0.1875689998269081
396,0.235172332,1784956314.364636,170.4418474542772,154.98159405686656,87.56754636391997,15,-0.0012906429183203727,1.2213921062648296,0.21061914321035147
398,0.235172332,1784956314.639612,167.7836039486452,155.33569932344056,92.30245050042868,10,-0.0018836184462998062,0.7556691877543926,0.27651940286159515
400,0.235172332,1784956314.9921129,163.13567944511783,155.48652937447443,87.13542679324746,13,-0.00034392112866044044,4.624638587236404,0.2231755629181862
402,0.235172332,1784956315.283703,169.5148615071326,155.96555326909467,85.55860491469502,13,-0.0028026428481098264,1.9492971897125244,0.22593811433762312
404,0.235172332,1784956315.53897,145.8349338450309,154.80480111021444,132.0838634353131,14,-0.002723263591178693,4.496423214673996,0.18530508037656546
406,0.235172332,1784956315.817972,139.56840984653368,154.5880669191566,128.48332864046097,10,-0.003919036535080522,1.5587461106479168,0.21410004515200853
408,0.235172332,1784956316.070554,148.88766745624457,155.12258085972158,106.35374492406845,11,-0.004080069251358509,0.8072257488965988,0.30316848307847977
410,0.235172332,1784956316.323497,165.9559811384592,155.1136682238196,91.4481892362237,10,-0.0014108259783824906,2.2032928317785263,0.14113404788076878
412,0.235172332,1784956316.600887,168.1901287859661,155.28913097976658,80.59776318818331,16,-0.0019626626308308914,1.4430359415709972,0.20085433311760426
414,0.235172332,1784956316.882848,153.9753489030718,155.3196361994884,102.0028430186212,15,0.0015431519132107496,0.554169213399291,0.21206454280763865
416,0.235172332,1784956317.2061079,112.95988856031718,154.26209013773078,170.833350982517,18,0.00026115839136764407,5.276685953140259,0.1552777597680688
418,0.235172332,1784956317.485417,128.18065875447755,153.84608453308536,145.423608481884,12,-0.0035474633041303605,0.44930422585457563,0.18408498354256153
420,0.235172332,1784956317.738964,164.80249502774817,153.5679667467834,94.89330436103046,12,-0.010575017076916993,2.1485165283083916,0.2604053746908903
422,0.235172332,1784956318.016135,153.36535302074716,153.50635250410056,114.84169145673513,9,-0.001867325947387144,0.5816617608070374,0.12063470529392362
424,0.235172332,1784956318.267167,163.54378942062715,154.5008408877143,104.01897755637765,8,0.0021222446812316775,0.7751009576022625,0.2899936540052295
426,0.235172332,1784956318.5196521,154.70914760148997,154.50424398577073,98.95702690631151,11,-0.0038700028089806437,1.18947197124362,0.2403728924691677
428,0.235172332,1784956318.797199,145.28939341317454,154.25599030205393,109.39441517926753,15,7.107504643499851e-05,2.3131254985928535,0.14303728891536593
430,0.235172332,1784956319.05763,161.36363352392067,153.91497733015873,83.5900903698057,12,-0.007139248089515604,0.7167134769260883,0.19791435357183218
432,0.235172332,1784956319.3176808,114.18581994173691,152.88359358477462,159.8018994703889,25,-0.0032692452950868756,3.8295907080173492,0.15890270937234163
434,0.235172332,1784956319.602051,151.9911233172042,153.5204808607489,113.44710524752736,12,-0.0032914004987105727,1.3764664754271507,0.22470364812761545
436,0.235172332,1784956319.8573592,140.1719167776263,152.72761863184,116.53855746611953,12,-0.002429852793284226,2.3122638463974,0.12643676530569792
438,0.235172332,1784956320.1385999,142.08590582854114,152.90557129315735,114.44202896952629,14,0.0014898570952937007,1.585563313215971,0.20333863701671362
440,0.235172332,1784956320.389139,147.65063546467937,151.49059989055476,100.26991117373109,11,-0.002222423383500427,0.684907004237175,0.20698381960391998
442,0.235172332,1784956320.639124,144.411017541302,151.24772127101585,130.15466161817312,13,-0.0024125405761878937,1.9226320162415504,0.1210967879742384
444,0.235172332,1784956321.420243,155.74107579392788,152.0756909853791,105.30039162933826,9,-0.0019461412448436022,2.3012417927384377,0.2051020096987486
446,0.235172332,1784956321.673559,144.17843651642164,151.40485676970133,112.98207354173064,15,-0.0019203582778573036,1.7828899845480919,0.15152437007054687
448,0.235172332,1784956321.93106,149.49859256034864,151.05792789981197,106.56210615485907,12,-0.0035003076773136854,1.7188675850629807,0.27625019382685423
450,0.235172332,1784956322.208828,160.11180475882057,151.32930311317463,92.47692033275962,12,-0.00130965537391603,1.3010060042142868,0.27456037513911724
452,0.235172332,1784956322.4618938,152.8293092076403,150.95975854251404,110.60983500629663,15,0.0007037293398752809,1.108292542397976,0.1860287357121706
454,0.235172332,1784956322.739733,150.63189156480018,151.319648725758,110.57466130703688,15,-0.0011476280633360147,1.1036586798727512,0.184656772762537
456,0.235172332,1784956322.992513,153.69122795829395,151.7629369656717,103.66074528358877,11,-0.0048936445673462,1.4655642323195934,0.23089047148823738
458,0.235172332,1784956323.245066,137.45996516771768,151.8617619405001,113.50791017711163,15,-0.0035074049374088645,2.65666077286005,0.15603700652718544
460,0.235172332,1784956323.5211232,168.8858156678313,152.07553310533183,89.13649304863065,13,-0.0027379828970879316,2.5873399153351784,0.2357207452878356
462,0.235172332,1784956323.775286,152.07284290968164,151.91273188434633,99.59238295536488,10,-0.0010572004757705145,1.2891873084008694,0.1517854081466794
464,0.235172332,1784956324.025994,166.11413188666117,151.83073301924725,99.65870698168874,10,-0.0014275017892941833,3.0991287231445312,0.1539044175297022
466,0.235172332,1784956324.299943,139.40410531791045,152.49171376522133,114.3203971683979,11,-0.0004941729130223393,0.6424693167209625,0.10456229280680418
468,0.235172332,1784956324.586377,152.06850704013132,153.4560632962465,96.5499536767602,13,0.0004781500028911978,1.7955243214964867,0.13552810391411185
470,0.235172332,1784956324.895494,173.89789717670678,154.02920041522322,85.56091188639402,10,-0.0032254193210974336,1.582138303667307,0.19803539384156466
472,0.235172332,1784956325.1857002,148.08488337513566,153.84757617109818,110.9447616674006,15,-0.002856801962479949,0.9959846921265125,0.22629401367157698
474,0.235172332,1784956325.4635708,159.86303152549004,153.60887714358742,94.67118043731898,12,-0.003217501303879544,1.0776437409222126,0.22056573443114758
476,0.235172332,1784956325.757086,157.06119660199352,153.9413400110971,105.34914684295654,12,-0.0032354063005186617,0.901370607316494,0.17937958892434835
478,0.235172332,1784956326.031273,158.10250491440314,153.963687664328,105.35393512994051,11,-0.004583372152410448,1.3300551548600197,0.2097781803458929
480,0.235172332,1784956326.4782789,156.8579441309735,153.92240226319288,100.20372088626027,14,-0.0028249692113604397,1.2232273034751415,0.22702027205377817
482,0.235172332,1784956326.761384,145.1536204089243,155.05857730001432,119.76854889839888,15,-0.002290164411533624,1.222169529646635,0.2181182410567999
484,0.235172332,1784956327.037017,149.544464267017,154.9175505142534,136.07716526277363,11,-0.001635774940950796,1.8901438638567924,0.2560026394203305
486,0.235172332,1784956327.332841,137.82061361898684,154.53142890041426,115.811418607831,19,-0.004502074851188809,2.0340979918837547,0.1662323367781937
488,0.235172332,1784956327.583622,137.2263655586399,154.4875431630814,114.05765233188868,12,-0.0040061475010588765,1.6163207218050957,0.1832670522853732
490,0.235172332,1784956327.834253,179.7092243712623,155.5238350199074,87.24757001549006,10,-0.003173532895743847,1.6787870489060879,0.2573120519518852
492,0.235172332,1784956328.110771,149.33141052644356,155.19403974544682,95.30836472660303,10,-0.0013477231841534376,0.7640010751783848,0.2022628504782915
494,0.235172332,1784956328.362349,154.79638276420212,154.43174638498624,90.64218090474606,10,-0.0038904624816495925,0.6272493302822113,0.239605656825006
496,0.235172332,1784956328.613507,161.40686322267607,154.79449585060945,84.1239233314991,12,-0.0012789126121788286,1.9381367415189743,0.14953188598155975
498,0.235172332,1784956328.887073,151.20273802985318,154.98042195543468,102.94589065294713,11,-0.0019292440410936251,1.470692690461874,0.18539413902908564
500,0.235172332,1784956329.4811678,147.24559041394198,154.49596288656724,118.32971543818712,14,-0.0028118013869971037,2.400462068617344,0.22173761203885078
502,0.235172332,1784956329.7821429,132.21211516885674,154.49774807449944,120.97541430592537,12,-0.0030759378569200635,1.5202528908848763,0.20349066145718098
504,0.235172332,1784956330.032882,160.71039102046157,154.62736203541627,92.2121244519949,11,-0.0027997909928672016,0.7728391140699387,0.21854670345783234
506,0.235172332,1784956330.284309,132.16318896352794,154.34406820090587,129.95207164995372,16,-0.005550278699956834,6.396621137857437,0.19099992141127586
508,0.235172332,1784956330.561517,159.07128896175936,154.5456278162302,102.60689791105688,11,-0.0026657094713300467,1.0829989984631538,0.24057421926409006
510,0.235172332,1784956330.813262,151.22598736970883,154.20895088710483,111.52495960146189,16,-0.0022843550104880705,0.7081163786351681,0.21820357255637646
512,0.235172332,1784956331.0673878,158.47972259518752,154.40420732990086,88.92269743233919,14,-0.002514396132028196,3.269076205790043,0.20914717484265566
514,0.235172332,1784956331.341026,136.3762618600247,154.0584310243337,137.6952725406736,14,-0.003320186136988923,1.2356757894158363,0.23677336890250444
516,0.235172332,1784956331.5891268,131.21768024669285,153.93987109171294,118.87965759634972,13,-0.00010909480624832213,5.524364233016968,0.11070264782756567
518,0.235172332,1784956331.86657,160.95307822462394,154.02253575211142,99.69579829648137,16,-0.0023740138858556747,1.1451909057796001,0.27554908860474825
520,0.235172332,1784956332.12021,155.41118609998145,153.12071587600255,95.48612511903048,10,-0.0020479250961216167,0.80843535810709,0.2605650695040822
522,0.235172332,1784956332.371113,169.9166667510547,153.30111959673388,85.44883383344859,9,6.730965105816722e-05,1.2641238197684288,0.16091853938996792
524,0.235172332,1784956332.646254,169.32270428711288,153.71511152487673,90.60739614069462,16,-0.0036077326512895525,0.9209725968539715,0.24430649913847446
526,0.235172332,1784956332.898937,135.53541478518605,153.36276578075712,137.61182414740324,15,-0.0021975605632178485,2.0159856230020523,0.14148286823183298
528,0.235172332,1784956333.150764,175.46746456275665,153.95389412625497,85.53516765497625,12,-0.002530525205656886,1.7339358180761337,0.25891500897705555
530,0.235172332,1784956333.4872189,151.14954045566304,154.18866138159942,122.29574973881245,18,-0.002513825078494847,4.524860993027687,0.15648922696709633
532,0.235172332,1784956333.735926,163.39905140202808,154.0247037784332,114.31568198651075,9,-0.0021725570259150118,1.4438634030520916,0.12611826648935676
534,0.235172332,1784956334.01323,172.55022590733597,154.0929671314693,80.49214793555439,14,-0.002329927825485356,1.4846611991524696,0.22165012080222368
536,0.235172332,1784956334.265912,161.959355822353,154.4790435236838,94.82084855251014,12,-0.003808830020716414,1.5504176430404186,0.2818992491811514
538,0.235172332,1784956334.513821,159.50936611268745,154.8427208759093,103.12897983193398,11,-0.005193843739107251,1.841438889503479,0.24523987248539925
540,0.235172332,1784956334.7898061,160.06485807275786,154.42594118155753,100.44109995663166,10,-0.0029930126620456576,1.078025832772255,0.13153444835916162
542,0.235172332,1784956335.041086,161.97761054021151,155.1497424723487,107.42191250808537,10,-0.0019131094450131059,1.885924443602562,0.17791259195655584
544,0.235172332,1784956335.2898629,148.91016971414388,155.5479856525304,94.36238337308168,11,-0.003443684006924741,1.4665475115180016,0.20306013152003288
546,0.235172332,1784956335.5666711,143.4460935521676,155.15198041263028,102.86923006922007,12,-0.003452218370512128,0.5848276931792498,0.28852611128240824
548,0.235172332,1784956335.8164968,162.978631240531,155.17318993728955,104.6408747062087,11,-0.0010923462104983628,1.4708606004714966,0.20561522990465164
550,0.235172332,1784956336.091999,150.29048574471736,155.5471503655058,116.90627624467015,12,-0.0007438781613018364,1.5441250205039978,0.13519998593255877
552,0.235172332,1784956336.350431,170.87167259770294,156.16224020880395,92.36377950385213,11,-0.0028912477428093553,0.768506720662117,0.2480205399915576
554,0.235172332,1784956336.599496,166.18340190758101,156.92749955330532,96.41933004930615,13,-0.0033083752205129713,1.2095931954681873,0.25006894301623106
556,0.235172332,1784956336.891057,158.0415181025432,157.11306192212732,101.81620479002595,12,-0.00477325044630561,1.7192854434251785,0.18660970870405436
558,0.235172332,1784956337.169141,157.39720284733593,156.17392941553916,116.79313565418124,11,-0.0013724763921345584,1.0759885720908642,0.12196396291255951
560,0.235172332,1784956337.421451,158.18757420464226,155.89492045547124,108.85298021882772,15,0.0016291120409732684,2.627734087407589,0.16768463980406523
562,0.235172332,1784956337.697491,178.18957976995682,156.07938441961915,74.80945215933025,12,-0.0033755813783500344,1.9303427562117577,0.1736541697755456
564,0.235172332,1784956337.949172,145.979839348036,156.60372998981902,96.66964195109904,13,0.00044019593042321503,2.2044811323285103,0.141365232411772
566,0.235172332,1784956338.227608,173.46995101899458,157.08423638946732,80.88421423360705,11,-0.0017621720326133072,0.510316614061594,0.19964444916695356
568,0.235172332,1784956338.4796338,156.5603339151458,157.12598260736496,99.78352050855756,11,-0.00971416212269105,0.927279144525528,0.23796097934246063
570,0.235172332,1784956338.731065,139.50215653532626,157.0179756207194,134.3397456370294,14,-0.001811441092286259,3.1923866122961044,0.1852475805208087
572,0.235172332,1784956339.011235,167.59140859146916,156.89221700472916,81.22793333604932,12,-0.0010292043443769217,1.790311999619007,0.21250869613140821
574,0.235172332,1784956339.2628841,160.4654292665481,156.52921664135218,96.75592914968729,10,-0.00024447733449051157,1.5985574647784233,0.14886023523285985
576,0.235172332,1784956339.514942,167.757973215149,157.22101389049212,85.80432359874249,11,-0.0038953368784859776,1.7336991727352142,0.1550718662329018
578,0.235172332,1784956339.789044,151.43543941522725,156.97804134561198,101.1994797885418,12,-0.0005525022279471159,1.2195468842983246,0.16611918807029724
580,0.235172332,1784956340.0359612,168.1385272723063,157.19006758640577,88.12973416782916,11,-0.0017972543137148023,1.5369656160473824,0.10697317915037274
582,0.235172332,1784956340.312429,178.3652680348488,157.767938118485,82.03454154077917,12,0.00108136105700396,1.329669326543808,0.12632134463638067
584,0.235172332,1784956340.562849,159.65332267057516,158.217384802927,100.78816692903638,11,-0.001512851333245635,1.2889975272119045,0.15178139694035053
586,0.235172332,1784956340.8138921,181.4837171457256,158.9972107583862,76.08822583779693,12,-0.005180217500310391,1.6633206941187382,0.2274136282503605
588,0.235172332,1784956341.088599,161.61269354102927,159.04833927608016,91.65908316150308,11,-0.001108266122173518,1.9540620185434818,0.11935929069295526
590,0.235172332,1784956341.343271,154.7731577627584,159.29731250797997,102.6505528204143,15,-0.0026038259093184024,0.5625267531722784,0.17890253849327564
592,0.235172332,1784956341.667126,160.77655049589274,159.41910716475715,96.68925729393959,11,-0.008896654413547367,2.1413980275392532,0.22040003910660744
594,0.235172332,1784956341.942633,158.45620880423613,159.68953006946117,92.19333842024207,8,-0.004091143055120483,0.673076692968607,0.16514523420482874
596,0.235172332,1784956342.1930702,163.83893170507983,160.48559544304572,94.16127190366387,11,-0.0004755465779453516,2.1127822920680046,0.1378747671842575
598,0.235172332,1784956342.4672341,164.0399283272534,160.8610700783578,93.62602785974741,13,0.0005480087420437485,0.8307547047734261,0.1740468256175518
600,0.235172332,1784956342.7178,167.25983751095137,161.13848866092127,84.09302384778857,10,-0.0016174088523257524,1.3784091174602509,0.17038576770573854
602,0.235172332,1784956342.973931,164.72208684025125,160.9733601682126,79.6582782547921,14,-0.0025859192246571183,0.7512136045843363,0.14719491265714169
604,0.235172332,1784956343.250975,167.32756381018308,160.48884421236008,87.52534019947052,11,-0.0018422957509756088,1.2251296788454056,0.150096345692873
606,0.235172332,1784956343.503859,166.15118470575416,161.2725937907884,93.43570747226477,11,-0.0016883991193026304,1.2303947433829308,0.1399900601245463
608,0.235172332,1784956343.7527559,154.1407283497756,162.06854065989737,101.69363586977124,10,-0.007972643768880516,1.027062714099884,0.26071458868682384
610,0.235172332,1784956344.028047,167.76214191324206,163.12012476972413,90.98591304942966,10,-0.002362080558668822,2.204515501856804,0.13614962110295892
612,0.235172332,1784956344.2811542,168.06254222292975,163.43462787105705,89.69325383007526,10,-0.0030372964829439297,2.509597808122635,0.1950220875442028
614,0.235172332,1784956344.559344,153.49158043507953,163.3610737797043,104.12303937599063,16,-0.00214303721440956,0.8986007496714592,0.17783680651336908
616,0.235172332,1784956344.808723,151.68339046346836,163.1242862809617,101.60412994772196,9,-0.0010812061082106084,0.7245534583926201,0.06000757613219321
618,0.235172332,1784956345.0606349,173.4618976515356,163.20966626127296,81.72814293019474,14,-0.001884024532046169,1.9332553520798683,0.11052353121340275
620,0.235172332,1784956345.337454,168.96775630387634,163.95874445169088,88.55078032240272,12,-0.001814811141230166,1.749203197658062,0.19664598815143108
622,0.235172332,1784956345.5882208,165.54425242208993,164.3342887431223,86.9179068673402,13,-0.003675866813864559,0.985333289951086,0.2109260493889451
624,0.235172332,1784956345.8423538,155.41357445427647,164.33695599865754,96.05757594108582,10,-0.0020471636671572924,1.2282998487353325,0.1741442307829857
626,0.235172332,1784956346.561905,164.29312049788936,164.75282750723068,91.08817804977298,10,-0.003319724346511066,1.3473484590649605,0.1771488357335329
628,0.235172332,1784956346.817311,158.8031475066094,164.86599485900197,87.36599769257009,12,-0.0019480468181427568,2.0692844688892365,0.19520223420113325
630,0.235172332,1784956347.106527,141.8569525805403,164.2207834987147,114.38280181959271,13,-0.001556780785904266,2.2542464956641197,0.15893668727949262
632,0.235172332,1784956347.413738,161.37173061733017,163.5727020281527,84.61537320539355,11,-0.0012321092654019594,0.7383040562272072,0.12018460500985384
634,0.235172332,1784956347.665335,138.21937494866052,162.8326078823675,117.85488385334611,11,-0.004104457926587202,1.5828369706869125,0.17029693722724915
636,0.235172332,1784956347.9430459,180.49242694865634,162.97055160787923,73.45931567624211,12,-0.001090825920982752,1.4444245249032974,0.15675255376845598
638,0.235172332,1784956348.191722,178.05008836399819,163.49350697626363,87.67156698554754,9,-0.002629096677992493,0.8360792100429535,0.22849470656365156
640,0.235172332,1784956348.443454,161.66273212067844,163.35650871891653,87.73852293938398,10,-0.0008246811630669981,3.1793626248836517,0.09221158269792795
642,0.235172332,1784956348.7178009,163.17092867143094,163.89372086395088,90.58611183986068,12,-0.0020522677805274725,0.6485418528318405,0.17858057841658592
644,0.235172332,1784956348.9656398,150.22902553461026,163.89810432345595,98.65668492019176,11,-0.0023331847914960235,1.8085995241999626,0.13112341379746795
646,0.235172332,1784956349.242076,162.7725468434229,163.7855098069818,88.14711663499475,12,-0.007478395767975599,1.5256638452410698,0.1734133493155241
648,0.235172332,1784956349.4968362,160.08790290044152,163.9653357721859,99.59026902914047,14,-0.002713301044423133,1.099697232246399,0.2259848564863205
650,0.235172332,1784956349.74815,171.22570696855146,163.96351882654642,86.50256234407425,11,-0.0031137871847022325,1.5015659667551517,0.16720167640596628
652,0.235172332,1784956350.021566,148.49621461272574,163.6237199625768,113.21894795820117,13,-0.0010841552866622806,1.5231918133795261,0.1066447114571929
654,0.235172332,1784956350.275851,168.88158318043003,163.38297629916661,99.62110521644354,10,-0.004013423080323264,2.976555719971657,0.2179708629846573
656,0.235172332,1784956350.525702,148.33406881827955,162.52702589222415,98.4228703416884,13,-0.0023976523079909384,1.1927383281290531,0.1148782386444509
658,0.235172332,1784956350.802718,165.47692526474816,163.02090103070984,95.10798443853855,15,-0.0025536821922287345,1.6051197201013565,0.21975721511989832
660,0.235172332,1784956351.0553658,164.5267856763914,162.67009791334362,87.69448272697628,11,-0.0010710879578255117,1.3506878837943077,0.17978228256106377
662,0.235172332,1784956351.3293738,166.1802399698137,162.4984857707287,96.11749838665128,12,-0.006953342992346734,2.230436846613884,0.13757152296602726
664,0.235172332,1784956351.5796669,128.04942412566467,161.64868091146005,158.81846379488707,12,-0.002061129685898777,4.075315438210964,0.06362081784754992
666,0.235172332,1784956351.830349,168.15690001849347,162.60643018398704,87.4009004496038,10,-0.010752335962024517,0.84986861795187,0.2020024685189128
668,0.235172332,1784956352.115854,156.27946760841556,162.64644970771596,100.78185376524925,11,-0.003617043374106288,1.3894732892513275,0.0964444293640554
670,0.235172332,1784956352.371478,153.67724845580963,162.6238085030628,102.96843639202416,10,-0.0013423733471427113,1.7285952419042587,0.08569122245535254
672,0.235172332,1784956352.6243389,158.52791300220767,162.00621819102884,92.92135399021208,13,-0.0015393222565762699,1.783146247267723,0.1740791336633265
674,0.235172332,1784956352.89906,168.13559663281524,162.45069192172642,85.56313477642834,14,-0.0018152149277739227,1.6855687946081161,0.21508380584418774
676,0.235172332,1784956353.152276,174.71122171662222,162.24218944033885,79.29058691859245,9,6.835511885583401e-05,1.6804808042943478,0.16617000382393599
678,0.235172332,1784956353.4238029,154.22967073466967,162.19734065249526,92.55101958662271,13,-0.0009387837635586038,1.0549634173512459,0.05635916627943516
680,0.235172332,1784956353.6749299,171.40457192987952,163.09972927403007,86.93792305886745,11,0.0006868034834042192,0.7209317870438099,0.04419100075028837
682,0.235172332,1784956353.9266849,169.651246708916,163.55653062250266,76.621381662786,13,-0.0073976541752927005,1.5320028066635132,0.24149819929152727
684,0.235172332,1784956354.202456,159.98591621199944,164.10113261522517,91.37395916134119,13,-0.0019497252651490271,1.2260603830218315,0.13776368414983153
686,0.235172332,1784956354.455036,156.74914090174906,163.92714546942818,97.81392000615597,11,-0.0017192541272379458,1.4547013901174068,0.09333734540268779
688,0.235172332,1784956354.704339,183.75175302649933,164.25374155152312,75.98399050347507,8,-0.002717262104852125,1.5623233877122402,0.24281684309244156
690,0.235172332,1784956354.978991,156.7725353055552,164.1676989180941,96.37669944018126,10,-0.004476862493902445,1.286405075341463,0.20711600035429
692,0.235172332,1784956355.231243,187.92752111002906,164.41388546868268,72.47230181097984,12,-0.008804344310192391,0.8972577974200249,0.15888817235827446
694,0.235172332,1784956355.5076401,178.42875198007928,164.40201563772712,77.86217614263296,11,-0.0017228909418918192,2.073931500315666,0.2008506515994668
696,0.235172332,1784956355.764577,170.16039702548008,164.78515908028726,88.0352496188134,13,-0.0013750373618677258,1.8973348066210747,0.09335402166470885
698,0.235172332,1784956356.017663,169.58540612606794,164.9682734058601,89.2349823564291,12,-0.00035353351267986,2.2331712394952774,0.16641970071941614
700,0.235172332,1784956356.30552,161.73532534901102,164.8487024019479,88.69371985737234,10,-0.003421278903260827,0.8545200265944004,0.22220391500741243
702,0.235172332,1784956356.5587358,166.79746592662502,165.56508363869227,87.33892093598843,13,-0.0030885270098224282,0.9735344834625721,0.22832501493394375
704,0.235172332,1784956356.810773,189.02630818708496,166.30464060269438,71.12521475926042,10,-0.003959496505558491,1.2503914088010788,0.13494759239256382
706,0.235172332,1784956357.553194,162.9280735455522,167.40099091523913,85.27960962057114,9,-0.00047873171570245177,1.834104273468256,0.058767156675457954
708,0.235172332,1784956357.819175,150.8310864845843,167.04409124796294,99.50481626391411,14,-0.010009375531808473,2.1119314655661583,0.2046169387176633
710,0.235172332,1784956358.095883,154.08541278907882,167.07196140156776,98.79309202358127,9,0.0003344377037137747,1.3352613858878613,0.09507051575928926
712,0.235172332,1784956358.3499851,176.80232796540662,166.83517300357968,79.52852614969015,13,-0.002807465338264592,2.069085817784071,0.21009622048586607
714,0.235172332,1784956358.60318,177.6680572214588,168.35887945119077,81.76551850512624,11,-0.0014771429705433547,2.2254772558808327,0.1549470005556941
716,0.235172332,1784956358.8813078,179.1272086266108,167.62508065598976,74.82687354460359,14,-0.0013749260688200593,0.7180489990860224,0.13527458999305964
718,0.235172332,1784956359.13342,157.88928288703616,167.27911299402265,103.89362046681345,14,-0.003903332049958408,0.6599468253552914,0.18607221078127623
720,0.235172332,1784956359.3855228,172.2414691852707,167.15755640998213,82.44212824106216,10,-0.0014661236200481653,2.8223549500107765,0.18591635767370462
722,0.235172332,1784956359.659293,158.2030719270685,167.50659463617282,99.64088470116258,14,-0.003435814694967121,1.1702880784869194,0.24831391032785177
724,0.235172332,1784956359.913789,145.33336004942188,166.86597622006423,121.91113597154617,15,-0.004015151236671954,3.317721873521805,0.1285438253544271
726,0.235172332,1784956360.1892512,168.15946992178417,166.93143285383627,86.57663509435952,14,-0.002210382626799401,1.8895011246204376,0.14851574320346117
728,0.235172332,1784956360.4415119,166.40106814830352,167.38995262374937,92.3129282137379,11,-0.0036115089314989746,1.0768234133720398,0.19092673156410456
730,0.235172332,1784956360.690212,154.4656154813973,167.0767845772864,101.63669525459409,12,-0.001422496628947556,3.88427597284317,0.1557822721078992
732,0.235172332,1784956360.962354,165.89848036178694,166.89780093960954,87.5250384286046,12,-0.0019501575152389705,1.4251658953726292,0.1484344913624227
734,0.235172332,1784956361.213891,154.9356948153912,166.52748830232522,94.766267394647,11,-0.00036340547376312315,0.9724900871515274,0.09765488747507334
736,0.235172332,1784956361.469101,150.91135795981032,165.9721762711538,113.38612468540668,15,0.0018013205262832344,1.8507691770792007,0.1273909378796816
738,0.235172332,1784956361.746667,184.7837850697579,166.11681863845334,80.29112658649683,11,-0.0036978496282245032,1.0839847028255463,0.1386060588993132
740,0.235172332,1784956361.996566,169.2311424374952,165.98960594047313,84.85135987401009,12,-0.00062787756905891,2.857497401535511,0.14987934147939086
742,0.235172332,1784956362.2720141,170.07488974039433,165.34889921475352,89.1769405901432,11,-0.0011186041519977152,2.2135280147194862,0.1677108807489276
744,0.235172332,1784956362.5249448,161.6986460212306,165.3111235611015,91.26745968312025,10,-0.002029254777880851,1.6934973374009132,0.16190514247864485
746,0.235172332,1784956362.772865,172.08472154603766,165.46701343674212,87.95053768157959,11,-0.0038140281685627997,0.8465333413332701,0.1980270054191351
748,0.235172332,1784956363.046298,170.0781449167131,165.15903904399158,88.45518473628908,14,0.0005177838320378214,1.8480784371495247,0.15773201873525977
750,0.235172332,1784956363.70574,143.04014882221585,164.50517952566042,118.02085401676595,14,-0.0013449899124680087,1.9860589057207108,0.13045304408296943
752,0.235172332,1784956363.980878,167.51762338758954,164.04839247955127,91.02417110837996,18,-0.0012169533874839544,2.7286114245653152,0.12549893744289875
754,0.235172332,1784956364.255965,167.63000986500603,163.1141240584111,91.4056769311428,12,-0.0038945090782362968,2.2488498836755753,0.06990555999800563
756,0.235172332,1784956364.896686,154.97993820909113,162.99545083178305,100.09838574379683,12,-0.0007283471277332865,2.496762551367283,0.13048341078683734
758,0.235172332,1784956365.171222,170.12648737590962,163.7536976286761,82.88783749099821,11,-0.010557294561294839,1.823273740708828,0.17588994186371565
760,0.235172332,1784956365.42183,166.02963224061799,163.99413219757378,96.42542224004865,13,-0.003781643754336983,1.3452357351779938,0.20880183950066566
762,0.235172332,1784956365.674314,182.30396703314486,164.68946276409622,76.32386367768049,11,-0.0004991879395674914,2.095212034881115,0.13227141415700316
764,0.235172332,1784956365.94708,161.02621917442113,164.12547379550935,86.18957015499473,16,-0.0018895924440585077,1.4374133795499802,0.1549352458678186
766,0.235172332,1784956366.197793,152.82929973373317,164.39162551297082,100.56710024550557,12,-0.0037661660826415755,1.522832740098238,0.09702407103031874
768,0.235172332,1784956366.4478269,169.31156822926138,165.04928628762872,81.84463790431619,10,-0.00251040980219841,2.2910694777965546,0.13800383126363158
770,0.235172332,1784956366.770078,185.05352970178095,165.41819887766803,74.574772791937,11,-0.002995596150867641,1.131576046347618,0.18439224269241095
772,0.235172332,1784956367.023316,174.10031080250894,165.889880892882,83.08991794101894,14,-0.004112091148272157,1.6270091496407986,0.153689406812191
774,0.235172332,1784956367.32023,154.5879644555804,166.25135841481708,103.28539592027664,12,-0.001435297519492451,2.045136347413063,0.1029948447830975
776,0.235172332,1784956367.5773041,158.82080126635182,166.0633014670566,93.29159347340465,12,-0.0017970961635001004,1.3679069057106972,0.20628560055047274
778,0.235172332,1784956367.831875,168.42415654830918,166.19277161382925,83.59591810405254,10,-0.000706453574821353,2.7895362600684166,0.14279121672734618
780,0.235172332,1784956368.103124,154.1307623519225,165.7008295870966,101.0643946453929,14,-0.0025472374400123954,1.2923964522778988,0.1214132597669959
782,0.235172332,1784956368.392144,147.9293225287642,165.38484875291147,113.58573184907436,12,0.000482099214423215,1.311864610761404,0.07203602697700262
784,0.235172332,1784956368.644553,160.98372209832573,165.23560732626393,88.58616755902767,14,-0.0024164918359019794,1.3505902104079723,0.19245439022779465
786,0.235172332,1784956368.9190762,175.61571942948473,165.9313170788281,83.01506175473332,12,-0.0025873795239022,0.7754316963255405,0.1732808854430914
788,0.235172332,1784956369.168255,158.46283005557697,165.29258862764596,104.11987477168441,11,-0.0036477622052188963,4.182316854596138,0.12781385611742735
790,0.235172332,1784956369.4437718,177.57777078213422,165.72326924331315,81.53736840933561,12,-0.004556367581244558,2.2883747965097427,0.10377405676990747
792,0.235172332,1784956369.694054,173.97485724711578,165.89882969230456,80.74745761975646,10,-0.0007736389525234699,1.0891036204993725,0.10514468839392066
794,0.235172332,1784956369.9436731,181.98026692026434,166.33720803609597,77.75019049271941,14,-0.0029418962076306343,1.6239504739642143,0.2566076209768653
796,0.235172332,1784956370.225086,162.70706528477783,166.04190018179884,83.15992632042617,13,-0.0019713283836608753,1.2371118739247322,0.1382384179159999
798,0.235172332,1784956370.476867,166.11555693777026,166.01983920675167,94.35576583631337,12,-0.0024321748642250896,1.063149195164442,0.1990657625719905
800,0.235172332,1784956370.729376,155.01386893500242,166.51948704699876,105.07060050591826,15,-0.000627674744464457,2.145245023071766,0.19768515415489674
802,0.235172332,1784956371.007976,145.10003331779382,166.2448019545628,105.01485314406455,17,-0.0026432236772961915,1.6215170845389366,0.20389296486973763
804,0.235172332,1784956371.317554,178.83055140892978,167.31324485504828,68.68840075703338,11,-0.004473533132113516,1.1825608313083649,0.18638073094189167
806,0.235172332,1784956371.591021,175.1616028513046,167.08316533929056,80.29006296955049,12,-0.007200244901468977,1.691118061542511,0.13955981004983187
808,0.235172332,1784956371.842356,163.70329271343664,166.76382939434524,94.05107871815562,11,-0.0019051142153330147,1.00775683298707,0.13081533648073673
810,0.235172332,1784956372.0926201,147.1961005336944,166.07563229001008,113.6791423484683,15,-0.0010244613513350487,2.571509927511215,0.12964402558282018
812,0.235172332,1784956372.365103,154.82871203328102,164.92259212575874,106.84786380082369,14,-0.002502981689758599,1.152800191193819,0.137081996537745
814,0.235172332,1784956372.619754,140.46460883758675,164.27489935565245,118.84011607710272,15,-4.76266723126173e-05,1.9353810548782349,0.12728739716112614
816,0.235172332,1784956372.873302,156.08474514662333,163.77000903095487,115.60838119871914,13,-0.0007198653183877468,2.696351297199726,0.05981718748807907
818,0.235172332,1784956373.150796,182.2820925396118,164.2650123371349,71.76878241077065,11,-0.0021442962752189487,1.2721688523888588,0.19988604728132486
820,0.235172332,1784956373.40157,160.90171861975867,163.60474658332768,100.99039998278022,12,-0.0027718954952433705,1.2636769600212574,0.18254279252141714
822,0.235172332,1784956373.675798,161.24138802412816,163.09434645638947,90.31922923773527,14,0.0002945630985777825,1.101277980953455,0.15712800389155746
824,0.235172332,1784956373.923083,169.78179598050897,163.60430464613216,84.84350733086467,10,-0.002630027011036873,0.3795473910868168,0.16400827001780272
826,0.235172332,1784956374.175678,176.8817270501909,163.65999868467682,80.54760571196675,14,0.0010282579169142991,1.1883999090641737,0.1353071634657681
828,0.235172332,1784956374.450525,155.15934717938038,163.4125975710502,102.59371804445982,13,-0.002191718202084303,1.822746992111206,0.1546424520201981
830,0.235172332,1784956374.704582,156.26256098581564,163.38245910905366,98.46202392503619,15,-0.00012169632100267336,2.0966649055480957,0.12756597017869353
832,0.235172332,1784956374.9557152,176.57864567807167,164.1358494956202,81.2135562710464,13,-0.0026478494764887728,1.782496489584446,0.15527889365330338
834,0.235172332,1784956375.2333598,165.38658340421676,164.4337007896263,88.74399802228436,16,-0.0032316961442120373,1.6527658551931381,0.24392519984394312
836,0.235172332,1784956375.4861162,167.46929253113538,164.11275589465947,84.613091500476,13,-0.0005437952277134173,2.488851971924305,0.12824259558692575
838,0.235172332,1784956375.7666821,183.67587073597107,164.4708284951501,71.28690572455525,12,-0.005149331700522453,1.1349949017167091,0.1719949385151267
840,0.235172332,1784956376.015997,181.2784307468566,164.82153022143692,73.82162740454078,11,-0.0006162700592540205,0.7200446892529726,0.1787829650565982
842,0.235172332,1784956376.266291,167.79909187249962,165.24019668766294,83.69087539426982,10,-0.0034407297061989084,1.188107118010521,0.2222821768373251
844,0.235172332,1784956376.5433211,179.58811170415697,165.04405033785446,73.71699294820428,10,-0.0007315828406717628,0.9567035771906376,0.17004590947180986
846,0.235172332,1784956376.8000598,164.39900243769503,164.58185518915522,89.9193055909127,13,-0.00074997145566158,1.1965130381286144,0.05565405613742769
848,0.235172332,1784956377.051837,159.38522598037682,164.4336481276575,100.52018765825778,16,-0.004327419039327651,1.8813257366418839,0.21566330455243587
850,0.235172332,1784956377.322155,182.00126229077856,165.04910177035245,78.7790414262563,11,-0.0007975178305059671,0.6194594036787748,0.1270067454315722
852,0.235172332,1784956377.5709922,140.6656054919412,165.11823643487804,113.6620084606111,12,-0.0008471020119031891,3.901173025369644,0.07474430510774255
854,0.235172332,1784956377.846037,169.76119745347893,165.0385148245377,84.3401527106762,11,-0.0015150931430980563,0.9921235181391239,0.11264491686597466
856,0.235172332,1784956378.098326,129.8121648939953,164.47948923782235,128.3198702633381,17,-0.000950030138483271,3.0132593512535095,0.08943658019416034
858,0.235172332,1784956378.3486779,174.4209471545192,164.7023386335546,77.19417770206928,10,-0.004120852565392852,1.1546434573829174,0.19367065839469433
860,0.235172332,1784956378.621572,168.05719405797797,164.97099027573023,88.55208753049374,11,-0.0009289641166105866,1.097389966249466,0.08662559371441603
862,0.235172332,1784956378.872572,177.3049767817609,165.54771977782974,76.9021611250937,12,-0.0023266198186320253,1.3338926695287228,0.19109273795038462
864,0.235172332,1784956379.126307,156.17218040378214,166.08899520334205,101.35214205179363,15,-0.0031248669838532805,0.635164637118578,0.1756482534110546
866,0.235172332,1784956379.402782,146.45379277784878,165.97350126074946,107.56510232388973,13,-0.0018056411063298583,2.444993406534195,0.11956500634551048
868,0.235172332,1784956379.653557,162.1459026753357,165.44508026334603,92.21653836593032,11,-0.0009495704289292917,1.6985879763960838,0.15973265375941992
870,0.235172332,1784956379.9284348,166.16846641295697,165.68753113300696,81.0948093123734,14,-0.0010964120156131685,1.6755972877144814,0.12488347571343184
872,0.235172332,1784956380.179585,148.296749144832,165.87156880204336,109.20238145440817,12,-0.00022208248265087605,1.5277225971221924,0.10576717648655176
874,0.235172332,1784956380.4306612,158.3009229527158,165.4300629637504,97.66061817668378,16,-0.0026502502732910216,2.2875298485159874,0.17109710723161697
876,0.235172332,1784956380.699988,179.75755523781967,165.55148796911362,76.93914360739291,12,0.00041807303205132484,1.0938363205641508,0.17589797731488943
878,0.235172332,1784956380.9500868,176.20531675823753,165.89010663079114,81.92402440682054,12,-0.0035927402714150958,1.9784425720572472,0.15446330839768052
880,0.235172332,1784956381.2034402,166.62448317577392,166.5975330835919,89.45727162063122,14,-0.0006207910482771695,5.699815720319748,0.07517767231911421
882,0.235172332,1784956381.47628,185.50029981027058,166.56250928398876,80.22249488532543,9,-0.0006727134168613702,3.085192307829857,0.15035222098231316
884,0.235172332,1784956381.7285628,188.42294740533427,167.46425556731248,66.01884234789759,10,-0.0015887183835729957,1.025838978588581,0.10709612490609288
886,0.235172332,1784956382.005354,171.17902848286326,167.87922137371817,89.83602574653924,12,-0.002539769913710188,1.385892078280449,0.10202398709952831
888,0.235172332,1784956382.260212,146.6170988712904,166.63401726715884,104.4733009710908,15,-0.0018202358623966575,0.9764202162623405,0.1543857455253601
890,0.235172332,1784956382.5096698,156.57379031778123,165.92222273437147,93.32340029627085,15,-0.004177193302894011,1.828141376376152,0.1759200720116496
892,0.235172332,1784956382.782892,161.3188495597213,165.00358522611194,89.09345219284296,11,-0.002160451200325042,2.0092694461345673,0.1901709334924817
894,0.235172332,1784956383.034959,187.8505417722818,164.87964475287262,68.04605832509696,11,-0.0016908372563193552,1.08212660998106,0.1170924031175673
896,0.235172332,1784956383.285612,169.4356601899322,164.78208990131463,85.66187537461519,11,-0.002597550512291491,1.9503248631954193,0.1606895662844181
898,0.235172332,1784956383.562281,148.1122500813729,164.23940975377099,112.53781832382083,15,-0.0025452579429838806,2.706131249666214,0.1495588426478207
900,0.235172332,1784956383.810389,171.51973966481586,163.81892789189232,81.60474855080247,13,-0.0014700474857818335,1.7585052400827408,0.10388795519247651
902,0.235172332,1784956384.0836082,171.55768398885252,164.55539355209194,83.03844571113586,14,-0.0029682551976293325,0.990726038813591,0.15705652628093958
904,0.235172332,1784956384.336193,175.75648859121742,164.67269117796687,76.45382464677095,13,-0.0028716062661260366,1.7124362140893936,0.1914692111313343
906,0.235172332,1784956384.5885289,174.59625309791295,165.24745700099004,82.07429925352335,13,-0.0014524708967655897,2.5317154824733734,0.06153745693154633
908,0.235172332,1784956384.863389,170.51099090467162,165.27547481416798,83.42748357728124,12,-0.001945327821886167,0.848200585693121,0.1494760923087597
910,0.235172332,1784956385.1140668,172.58092875049218,165.89932499518983,80.505360792391,12,-0.0022503672807943076,0.5706854611635208,0.1579285734333098
912,0.235172332,1784956385.363465,157.41887955706667,165.65094307345447,97.60211902111769,11,-0.002311812626430765,2.3048667684197426,0.17014915123581886
914,0.235172332,1784956385.638208,156.5204662687721,165.65481089801844,110.80836909636855,13,-0.0008027362055145204,1.3943436220288277,0.10265061026439071
916,0.235172332,1784956385.88975,179.00524260568315,166.33710568989488,81.67342896200716,10,-0.0008386542904190719,2.1203038096427917,0.1182812531478703
918,0.235172332,1784956386.1666958,170.82277210025174,166.50822415002,79.70302887633443,12,-0.001411248988006264,0.8631565608084202,0.11936081200838089
920,0.235172332,1784956386.415601,175.19215701193906,167.1170780529883,77.71211708709598,9,-7.518604979850352e-05,1.04174292832613,0.15857543610036373
922,0.235172332,1784956386.6630652,181.27422463535507,167.93509407907405,70.25886587053537,10,-0.0020937252265866846,0.9465803168714046,0.15117954462766647
924,0.235172332,1784956386.952351,172.41132907892435,168.54800073563752,80.33991374820471,11,-0.001592761545907706,0.8763986863195896,0.1436004200950265
926,0.235172332,1784956387.2028291,179.1154015334063,168.32768828122974,80.64245000481606,12,-0.0029319406021386385,1.7752107232809067,0.19594572577625513
928,0.235172332,1784956387.4578078,161.39303712904123,168.06916511844167,99.39640837535262,11,-0.001527813554275781,1.459053609520197,0.1268795682117343
930,0.235172332,1784956387.7853172,163.46094956732668,168.07146685088566,92.80953162908554,10,-0.001984787406399846,2.3769415840506554,0.11259897891432047
932,0.235172332,1784956388.0350752,171.06326264328524,167.7659942425926,77.09498549252748,10,-0.0009214977617375553,1.2775555737316608,0.10474257450550795
934,0.235172332,1784956388.31075,184.74451685871793,167.66525180609278,73.9377066232264,11,-0.0015214347513392568,0.8027654718607664,0.1316582690924406
936,0.235172332,1784956388.5613031,154.1162982845891,166.97533617304117,91.9748771134764,12,-0.0021608516108244658,1.4229690209031105,0.17843105643987656
938,0.235172332,1784956388.8112588,186.48359032719804,168.2685584649181,71.1321817599237,10,-0.0027666931273415685,0.8038000278174877,0.12428596755489707
940,0.235172332,1784956389.0869849,164.97479266571239,168.9305357272065,98.09869032166898,18,-0.001570069776789751,1.1206351593136787,0.13081532809883356
942,0.235172332,1784956389.3529541,154.4974563598682,168.8852039493868,116.74791358783841,12,-0.0009138286404777318,2.1841221526265144,0.08895269501954317
944,0.235172332,1784956389.605679,157.60605217747434,168.31374615130906,97.55722698196769,12,-0.0013770235527772456,1.2426893971860409,0.12777813663706183
946,0.235172332,1784956389.880843,164.38173661410738,169.18393799571678,92.56686612404883,14,-0.004321330052334815,2.85896810144186,0.16886720526963472
948,0.235172332,1784956390.131982,180.37650978839434,169.9572658126078,76.89352300576866,14,-0.0005878818919882178,2.1979009062051773,0.15918156132102013
950,0.235172332,1784956390.408059,185.8516217624096,170.03060369897736,81.86925487592816,12,-0.001112676807679236,1.7237123176455498,0.12708747666329145
952,0.235172332,1784956390.658717,186.8194335565022,170.776097856613,74.72089173458517,13,-0.004248863420798443,1.051638776436448,0.20794406812638044
954,0.235172332,1784956390.906773,151.0536115351594,170.03540964874279,118.3671436086297,16,-0.0017874901532195508,3.759603187441826,0.12625433364883065
956,0.235172332,1784956391.184188,180.75066889917733,170.5888518763778,73.37723110243678,12,-0.0017334339863737114,1.3238329738378525,0.15567418420687318
958,0.235172332,1784956391.4344692,179.2747880793095,170.89521695815412,76.12195794656873,12,-0.0024984044284792617,1.1274663209915161,0.16913077607750893
960,0.235172332,1784956391.684596,162.1205065195594,170.72564471348986,89.82030400820076,12,-0.0014637726126238704,1.4720381423830986,0.155560617800802
962,0.235172332,1784956391.960716,163.44265789482466,171.10514870753755,91.37944645062089,13,-0.002170790103264153,1.289896298199892,0.17264004098251462
964,0.235172332,1784956392.207784,155.84024816069063,171.19627693260315,96.77309523522854,11,-0.0015263812529155985,3.557738572359085,0.09186649671755731
966,0.235172332,1784956392.4819999,154.53655855598177,171.27967784116035,101.56699815392494,11,-0.0016492041686433367,1.8463595733046532,0.13300496386364102
968,0.235172332,1784956392.7556129,153.67924355176828,170.47931440058088,99.48266204074025,11,-0.002156950067728758,0.8538693450391293,0.1473870393820107
970,0.235172332,1784956393.0225432,166.61677373993058,170.16774363907342,89.49081376567483,9,-0.0022151603479869664,1.225210815668106,0.1503874734044075
972,0.235172332,1784956393.300194,164.41016843890228,169.3315364355781,98.46553706005216,12,-0.0018919659778475761,0.9174934811890125,0.08010528399609029
974,0.235172332,1784956393.552026,165.4508340623214,169.06636672599052,87.92730907723308,13,-0.0030972464082879014,1.0702234916388988,0.14758878713473678
976,0.235172332,1784956393.8026292,171.5693606774756,169.38517637830464,79.48403578065336,9,-0.0013365670456551015,1.5591106936335564,0.15865830378606915
978,0.235172332,1784956394.0780952,165.37390282048656,169.11183659392424,93.49635959044099,15,-0.0006353150820359588,1.9221563339233398,0.10030952421948314
980,0.235172332,1784956394.330744,164.14089533945824,168.98480905540558,87.22642945125699,14,-0.0012401153362588957,1.1007067784667015,0.18947550654411316
982,0.235172332,1784956394.6042728,151.31088345887247,168.83526826606828,111.13944382965565,12,0.003959073685109615,3.3885456323623657,0.05245251615997404
984,0.235172332,1784956394.8549812,177.63173290691844,168.48379691727882,77.59326566010714,12,-0.0008121778373606503,1.09062834456563,0.10801820643246174
986,0.235172332,1784956395.10548,161.5488145224375,168.42149755968015,101.03887947648764,13,-0.0016583820106461644,1.7247024364769459,0.12397494120523334
988,0.235172332,1784956395.386545,149.17606344341328,167.8368529497835,114.01419496163726,13,0.0011336145253153518,0.8814278542995453,0.07494454528205097
990,0.235172332,1784956395.6433458,163.65205997035258,167.53860369557214,88.04190904274583,12,-0.0006496220885310322,1.0944568924605846,0.12034909706562757
992,0.235172332,1784956395.896368,166.67212851718784,167.7895670326573,88.33921538013965,15,-0.003592115011997521,1.1375087387859821,0.1925998693332076
994,0.235172332,1784956396.1713972,152.8052456881469,168.36706178021205,99.20523864217103,12,-0.0002204070915468037,1.6043878756463528,0.0489898034138605
996,0.235172332,1784956396.4229739,169.59220681731162,168.12265201156265,93.82576974481344,12,-0.000863262452185154,1.87138631939888,0.09631606657058
998,0.235172332,1784956396.696191,179.18209785511587,168.1693512950755,77.14974108710885,12,0.001538325726869516,1.660875342786312,0.14803753606975079
1000,0.235172332,1784956397.299264,155.28151060554842,167.607215032907,103.67538736388087,17,-0.0026798054459504783,1.2950987741351128,0.10227989312261343
1000,0.235172332,1784956397.299264,155.28151060554842,167.607215032907,103.67538736388087,17,-0.0026798054459504783,1.2950987741351128,0.10227989312261343
1002,0.235172332,1784956397.5804842,138.6008909139278,166.42124785473175,117.96306345425546,15,-0.0010844115749932826,2.215093210339546,0.0629281927831471
1004,0.235172332,1784956397.856249,178.52835934526587,166.84644345939566,78.29645029269159,12,-0.0022845498751848936,0.45818987488746643,0.11520861694589257
1006,0.235172332,1784956398.107415,171.36575161796432,165.65453441031906,90.5832239612937,12,-0.0020175507524982095,1.308679647743702,0.10767991375178099
1008,0.235172332,1784956398.360033,162.23589133191214,164.75071991210294,97.2188612036407,15,-0.00025608058786019683,1.3815812729299068,0.17199970688670874
1010,0.235172332,1784956398.635753,175.3335613308263,165.21300843627628,78.70970547571778,13,-0.0010579173103906214,1.090312771499157,0.11733346013352275
1012,0.235172332,1784956398.887008,181.5261616250016,165.22894031828625,71.45718944817781,13,-0.0015540875392616726,1.5298820957541466,0.11603530636057258
1014,0.235172332,1784956399.164122,174.908241975071,165.5172145089235,79.31229846179485,10,0.0003041850868612528,1.152097251266241,0.11447463883087039
1016,0.235172332,1784956399.413842,174.1441137526214,165.75159077420142,87.14491357281804,8,0.0009246612899005413,2.028749316930771,0.12058016238734126
1018,0.235172332,1784956399.668823,178.78070435875054,166.69438140796044,76.21944105252624,11,-0.0005151706282049417,1.3498359248042107,0.14580608438700438
1020,0.235172332,1784956399.943826,183.1586130030222,167.03878146305271,74.69274612516165,12,-0.0011825639521703124,1.5607234314084053,0.11539147142320871
1022,0.235172332,1784956400.193286,186.0656426754759,167.5565514098379,73.18178842309862,10,-0.00010356452548876405,0.5911264382302761,0.13646404678002
1024,0.235172332,1784956400.4438322,145.55320617416956,167.00530099433266,116.46684914827347,16,-0.0006826104945503175,1.923618607223034,0.16742839012295008
1026,0.235172332,1784956400.721324,166.4441436256384,166.42528219870408,86.26797769311816,13,0.00036208730307407677,0.5426633972674608,0.10760130500420928
1028,0.235172332,1784956400.9712372,156.7510512525008,166.8313261073968,98.24090951681137,15,0.0016396166101912968,2.2998154386878014,0.09505562949925661
1030,0.235172332,1784956401.243793,169.40503673435475,167.04641727870344,88.48909062892199,10,-0.00036536913830786943,2.370918318629265,0.08129945257678628
1032,0.235172332,1784956401.4924328,177.42116178681104,167.34671781939844,78.0646261870861,14,2.0893319742754102e-05,1.5127361491322517,0.14124651439487934
1034,0.235172332,1784956401.745464,168.8991240210459,167.21156132871897,86.89814682863653,13,-0.0010840683244168758,2.404401034116745,0.16239594900980592
1036,0.235172332,1784956402.021491,182.0853571383459,168.0218632807415,75.94939892645925,14,-0.001497933000791818,1.8429957181215286,0.12319877045229077
1038,0.235172332,1784956402.270354,159.06558985010298,168.09849377603317,108.99071183428168,13,0.0007653007050976157,1.2946621552109718,0.08715186733752489
1040,0.235172332,1784956402.520906,167.9595058839926,167.90055990681827,82.96448714286089,12,-0.002081923186779022,1.5055978670716286,0.1805388629436493
1042,0.235172332,1784956402.867595,179.55446320222057,168.33169574448593,77.5610220823437,14,-0.0024365764766116627,1.5748425759375095,0.16614082176238298
1044,0.235172332,1784956403.117522,177.2826296380905,168.23669680825827,78.21615508943796,13,-0.002027146751061082,1.4047742150723934,0.15296449791640043
1046,0.235172332,1784956403.395018,142.2975679745771,167.462186634868,109.89125534147024,14,-0.002557066618464887,1.514978688210249,0.12369023216888309
1048,0.235172332,1784956403.646291,174.07670028192848,167.6733931268775,82.70010285452008,11,-0.000722960819985019,2.3181471303105354,0.07032617670483887
1050,0.235172332,1784956403.90022,181.80671027017797,168.62058194016993,78.26625625416636,12,-0.0013953460729680955,1.4677942022681236,0.14361464139074087
1052,0.235172332,1784956404.1735628,179.36505292180428,169.32739280373215,74.38067323341966,10,-0.0013715217064600438,0.7601177915930748,0.13101753452792764
1054,0.235172332,1784956404.424685,169.72650750121358,169.63847663493695,90.58776738122106,10,-0.000768781297665555,1.4106832891702652,0.11609195591881871
1056,0.235172332,1784956404.6756978,154.84582893903996,170.10213224078126,98.25013600289822,13,-0.003250897105317563,1.2111897803843021,0.14686957327648997
1058,0.235172332,1784956404.950617,171.8959886173799,170.87208525097023,88.02921765297651,11,-0.0024612887646071613,1.6910827681422234,0.14300022507086396
1060,0.235172332,1784956405.202353,172.58402099389312,170.5211057820235,88.97118732705712,10,-0.0040863362373784184,1.65264081209898,0.0967885812278837
1062,0.235172332,1784956405.477294,158.32994305358818,170.50178510927992,105.19789838418365,12,0.000744183489587158,2.8441568687558174,0.0569644533097744
1064,0.235172332,1784956405.733288,161.01589722201385,170.01131203790058,94.70865759253502,16,-0.0017040439415723085,0.9539321884512901,0.1546005760319531
1066,0.235172332,1784956405.983497,164.68188896562717,169.73574127562594,84.70223971828818,13,-0.0007245917222462595,1.089888647198677,0.15277701569721103
1068,0.235172332,1784956406.2581792,171.38780440598455,169.4952155744548,79.75384431518614,11,-0.0008894059574231505,0.7961714453995228,0.07814892195165157
1070,0.235172332,1784956406.511793,164.86387389141515,169.11984011470872,88.2778120804578,12,-0.0037402106790977996,1.2092431299388409,0.09164067916572094
1072,0.235172332,1784956406.764168,180.98105928319072,169.14624783161813,75.63258649408817,11,-0.0008766028331592679,1.7653821855783463,0.14660209137946367
1074,0.235172332,1784956407.08335,163.8805170500364,169.41458719797419,86.27531126514077,9,-0.0015131986619962845,1.8633771166205406,0.09690096508711576
1076,0.235172332,1784956407.348567,171.40054658116637,170.08278334927502,80.50669986754656,12,-0.0013811865937896073,1.4649048447608948,0.09731972590088844
1078,0.235172332,1784956407.625247,187.2543386394546,170.37622438774528,75.57878107950091,9,-0.0009122256306000054,1.4212832301855087,0.10695792455226183
1080,0.235172332,1784956407.9045272,173.75022278608964,170.2286253563367,81.60460936278105,9,-0.0014813608722761273,0.8918655067682266,0.13372772140428424
1082,0.235172332,1784956408.156776,163.3303260815306,169.93287806067127,91.4215921908617,15,-0.002013235352933407,1.4051896892488003,0.15483815781772137
1084,0.235172332,1784956408.4349859,173.04953434268867,170.20496495703637,84.29098537564278,11,-0.0005784343011328019,0.8704810105264187,0.05165449529886246
1086,0.235172332,1784956408.686673,173.18781201397093,170.0669512823004,80.0890269652009,11,-0.002679719007574022,1.338152676820755,0.14858654653653502
1088,0.235172332,1784956408.93698,191.7823861920087,170.4764518974657,74.59970504790545,10,-0.0018624963704496622,3.668007954955101,0.09907394833862782
1090,0.235172332,1784956409.211116,166.6880174866861,170.9720311181756,85.41658538766205,15,-0.0021434792724903673,0.9703734815120697,0.14784372318536043
1092,0.235172332,1784956409.462634,181.43953217793438,170.793806333916,75.53113356232643,11,-0.0013286498142406344,1.2340696193277836,0.11444784561172128
1094,0.235172332,1784956409.737932,180.1337133591764,171.0995851411503,70.9637270718813,12,-0.0006161367491586134,0.7258671810850501,0.08973638829775155
1096,0.235172332,1784956409.989253,181.2177389827066,171.47118383320512,74.18852052930743,10,-0.0008149792192853056,1.307089440524578,0.12483690772205591
1098,0.235172332,1784956410.241066,176.0599204336808,171.52505758971066,83.91822293400764,9,-0.0009747186704771593,1.2781435623764992,0.11299413535743952
1100,0.235172332,1784956410.516226,185.8075774245411,171.64907454098682,77.97427282296121,11,-0.0015298553043976426,0.6899837292730808,0.13049555709585547
1102,0.235172332,1784956410.765671,157.8891479459986,171.14953185884337,102.4324113279581,11,-0.00177573855035007,1.7226296477019787,0.14371875347569585
1104,0.235172332,1784956411.015512,187.39342608245005,171.42334863087754,67.79449646919966,10,-0.0017904687119880691,1.2011691369116306,0.15845453599467874
1106,0.235172332,1784956411.292816,167.42641370239195,171.8216438202884,89.40910687297583,12,-0.000740018323995173,2.3808363899588585,0.09686306770890951
1108,0.235172332,1784956411.5447402,158.95123111028826,171.30607885719346,97.93174237385392,11,-0.0006550756515935063,2.6775363758206367,0.0774710678961128
1110,0.235172332,1784956411.8230422,142.34990269626772,170.5377901576654,116.73447578772902,15,-0.0010744411556515843,1.738828405737877,0.06773031153716147
1112,0.235172332,1784956412.0735822,156.69455647013805,170.4718881874213,100.12850427255034,11,-0.0019887294474756345,1.2035690173506737,0.07815151824615896
1114,0.235172332,1784956412.3235378,173.92899662930444,170.9690712275802,83.63996969722211,10,-0.0016057058528531343,1.3806783854961395,0.14186523342505097
1116,0.235172332,1784956412.595977,166.36031717449393,170.88169257043492,93.94581759721041,11,-0.0009664432946010493,1.7967242822051048,0.13323037140071392
1118,0.235172332,1784956412.844863,171.89444921288558,170.99454279582378,86.86411991715431,10,-0.001904581324197352,1.3721087351441383,0.1440014918334782
1120,0.235172332,1784956413.0955222,176.55110145815635,171.33825567342905,76.75494126603007,12,-0.002659565885551274,2.9331860095262527,0.05431531509384513
1122,0.235172332,1784956413.371878,170.8128150120254,171.19632893440368,84.49667067453265,13,-0.0015904903557384387,1.363153412938118,0.1252961023710668
1124,0.235172332,1784956413.6215942,166.38832347295582,170.87308321317124,86.42569670453668,10,0.0006175618909765035,1.3405627869069576,0.055967790889553726
1126,0.235172332,1784956413.897064,155.86174275834853,170.12583349519917,102.09424100443721,11,-0.0017705298960208893,2.4325902834534645,0.02953466249164194
1128,0.235172332,1784956414.147379,185.64331570029717,169.98189960581337,74.02036466449499,9,-0.004533443301625084,1.756176732480526,0.14504350442439318
1130,0.235172332,1784956414.395705,168.67957743644402,170.04755614713105,81.80629301443696,10,-0.004416651092469692,0.9731862097978592,0.16960895899683237
1132,0.235172332,1784956414.67234,190.24278505963167,171.11106858217696,64.97923590615392,11,-0.001921694551128894,1.498788833618164,0.1623725602403283
1134,0.235172332,1784956414.923578,170.57526324364875,171.07858830365313,85.85655050724745,11,-0.0017029336304403841,0.9756209403276443,0.14417653577402234
1136,0.235172332,1784956415.174378,182.21028679050892,171.47948435804378,74.5551166459918,10,-0.0014713419368490577,2.2627517879009247,0.13774139853194356
1138,0.235172332,1784956415.4461389,172.63793968760905,171.45648922236148,86.60890801250935,10,-0.0008406350098084658,0.8553960211575031,0.08913831040263176
1140,0.235172332,1784956415.7012851,169.8340798080216,171.03170126625253,87.17806430906057,11,0.00023139617405831814,2.508988067507744,0.0988462008535862
1142,0.235172332,1784956415.9751282,148.428449673279,171.0344797270577,104.94825406745076,16,-0.0006925441193743609,4.086781799793243,0.06204650131985545
1144,0.235172332,1784956416.226961,168.91650891515803,170.6421672418932,87.1346288882196,11,-0.0013287868932820857,0.9890756867825985,0.12734479224309325
1146,0.235172332,1784956416.480116,182.16376971614736,171.27911122617814,80.29495792835951,12,-0.0021274773171171546,1.2233956009149551,0.1301411404274404
1148,0.235172332,1784956416.7542882,172.70708513702377,171.258165818021,80.38220455124974,11,-0.004053684533573687,1.098840981721878,0.10731650702655315
1150,0.235172332,1784956417.0075352,161.61967279439858,170.88695929454605,94.57657919824123,14,-0.003337954287417233,1.0602156184613705,0.17306065000593662
1152,0.235172332,1784956417.2612932,189.40418196047239,171.76150159947048,75.24832267686725,11,-0.0008077466627582908,2.181046560406685,0.1454991246573627
1154,0.235172332,1784956417.534783,174.65973681456634,171.24420282131058,84.39637994766235,11,0.00029039790388196707,0.6330221705138683,0.12225493974983692
1156,0.235172332,1784956417.786515,170.56518143613593,171.24297516495065,92.18837377801538,14,-0.001517624594271183,1.9139879047870636,0.13043828727677464
1158,0.235172332,1784956418.059937,159.68235606902687,171.09694451885795,103.69451661221683,13,0.0019675298826768994,2.869602248072624,0.08568919077515602
1160,0.235172332,1784956418.309962,181.51218512675683,171.72899506390303,71.49690590053797,11,-0.0016571427695453167,0.9509778022766113,0.14041439956054091
1162,0.235172332,1784956418.558731,178.50202613783858,171.9321178289783,76.6916022002697,11,-0.0028300319972913712,1.0630050115287304,0.16130420612171292
1164,0.235172332,1784956418.83553,169.68188948009654,171.69626697701773,83.68736777640879,13,-0.002666392014361918,2.122489310801029,0.13706315075978637
1166,0.235172332,1784956419.0871522,163.09343933067024,171.8121579251275,91.3681422881782,14,0.00010347660281695426,0.6348797138780355,0.14195541152730584
1168,0.235172332,1784956419.337256,167.11416561258827,171.58780698691353,86.77608448266983,12,-0.003189973875123542,1.6578249037265778,0.14794722897931933
1170,0.235172332,1784956419.6136131,171.38444988819228,171.26676595645958,82.86540466360748,11,-0.00114554661558941,1.4458435773849487,0.10475130192935467
1172,0.235172332,1784956419.863492,171.3735871706375,171.44326026207065,88.81980220600963,10,-0.0015008440241217613,1.9772408232092857,0.13905357383191586
1174,0.235172332,1784956420.139065,175.77828394057252,172.2821069651013,81.67699817568064,12,-0.0016566452686674893,0.8711176477372646,0.11906104208901525
1176,0.235172332,1784956420.3935502,152.75843954880506,172.64942185470835,97.29687190242112,12,-0.0017960947880055755,3.517327308654785,0.10110057331621647
1178,0.235172332,1784956420.701911,179.73778941125738,172.6618753828878,78.5842126943171,10,-0.0064088215222000144,1.0221547149121761,0.1348694241605699
1180,0.235172332,1784956420.9811041,178.36896062361524,173.00773705696184,78.77576243132353,13,-0.0035839115153066814,1.1168036237359047,0.15151631087064743
1182,0.235172332,1784956421.232599,150.84378236734366,171.7963317551894,95.15128712542355,14,-0.00012844399316236377,2.1244476437568665,0.061504281125962734
1184,0.235172332,1784956421.4828959,163.81681662030707,171.70773350019107,98.61379678733647,15,-0.001941375230671838,2.2479199916124344,0.16802392713725567
1186,0.235172332,1784956421.758825,166.57193402220335,170.9703856953972,93.68758139759302,12,-0.0025061010383069515,2.276721253991127,0.11508107138797641
1188,0.235172332,1784956422.0110312,183.16323805787178,171.2438825340852,72.82869393378496,12,-0.0029302144539542496,1.884754754602909,0.08117626421153545
1190,0.235172332,1784956422.287193,170.25621385870167,171.52376358087767,76.651507422328,14,-0.0007819191669113934,0.8661592453718185,0.10688148578628898
1192,0.235172332,1784956422.5417411,177.0090894624299,171.39981907806808,76.46150660514832,11,-0.0011206073104403913,2.9675935059785843,0.0986614297144115
1194,0.235172332,1784956422.7927492,169.57215149624287,171.6675003354056,93.84971000999212,8,-0.001502284714661073,1.2105055935680866,0.12547200871631503
1196,0.235172332,1784956423.0652459,168.73925703988897,171.58865099302108,91.67216466739774,11,-0.0008973712101578712,1.093168519437313,0.12999761383980513
1198,0.235172332,1784956423.314794,174.33260329707417,171.20237671727543,84.62685677967966,11,-0.0016909866826608777,0.8379473760724068,0.12433685129508376
1200,0.235172332,1784956423.56675,177.21868665258333,171.24965100407445,83.27049973607063,15,-0.0011622415768215433,3.7040421962738037,0.0795601902063936
1202,0.235172332,1784956423.842586,163.79351240778377,170.93856442627356,94.58553003706038,9,-0.0019489078549668193,2.514805495738983,0.11878791823983192
1204,0.235172332,1784956424.0942268,152.81183332200993,170.50542266645598,119.72892210260034,18,-0.0012928293726872653,3.008658930659294,0.10162464436143637
1206,0.235172332,1784956424.3698702,184.30784463897578,170.6817028916977,78.25865149311721,11,-0.0025092008290812373,1.6508901454508305,0.06651011481881142
1208,0.235172332,1784956424.620331,177.73295944565103,171.1079916915327,83.92176603153348,8,-0.0016463481588289142,1.3858419619500637,0.10068147489801049
1210,0.235172332,1784956424.874084,175.82562288402082,171.35452077649768,81.51502011343837,11,-0.0014701029285788536,0.9165072739124298,0.1417225869372487
1212,0.235172332,1784956425.160635,165.4697598843406,171.3789589794404,86.16197787411511,13,-0.0005746051319874823,1.9548436477780342,0.11146354558877647
1214,0.235172332,1784956425.420095,176.38256066145897,171.80438933256977,82.58239986002445,10,-0.0038569710159208626,1.1040242239832878,0.14894589921459556
1216,0.235172332,1784956425.677609,173.4560413956884,171.99516777463282,77.85866023600101,13,-0.0007269139459822327,1.095906887203455,0.10421111760661006
1218,0.235172332,1784956425.96864,179.7690812512839,172.21293627324835,70.15351608768106,10,-0.0002720631309784949,1.2674645967781544,0.06176980631425977
1220,0.235172332,1784956426.230813,167.3497843602859,171.95248009421985,103.87224423140287,9,-0.0027740961231756955,2.665143385529518,0.0680410189088434
1222,0.235172332,1784956426.523242,140.87063303102852,170.98043119928514,125.37517561390996,14,0.0005309075495461002,2.1418766006827354,0.060237523866817355
1224,0.235172332,1784956426.7863889,169.99954578760057,170.651496426358,80.08890952169895,12,-0.0074322501313872635,1.5906487330794334,0.18041781336069107
1226,0.235172332,1784956427.050091,177.6794084252804,170.88702725702598,79.05953879281878,10,-0.0019120539363939315,1.5455790758132935,0.13651195401325822
1228,0.235172332,1784956427.356868,175.54009896421033,170.82948554077365,75.60478858277202,11,-0.0011909803724847734,1.5529474765062332,0.08247452601790428
1230,0.235172332,1784956427.621563,167.3845006906206,170.4197041010867,83.75014225393534,10,-0.0013375207781791687,0.7447960376739502,0.15661085862666368
1232,0.235172332,1784956427.887202,162.0861206564877,170.75970944955787,94.32641861587763,12,-0.0011851988965645432,1.2481544725596905,0.07786614913493395
1234,0.235172332,1784956428.2312589,161.97036243116193,170.7916442195063,92.07647794857621,11,-0.00043357955291867256,2.31577879935503,0.05030594457639381
1236,0.235172332,1784956428.4961128,180.23653697516355,171.38732144722508,75.7481753770262,11,-0.0014395591570064425,0.9538904279470444,0.07793434523046017
1238,0.235172332,1784956428.786407,151.63696590618315,170.90901161623998,98.13960949331522,12,-0.00616559584159404,2.2194726020097733,0.1350126676261425
1240,0.235172332,1784956429.0498948,160.9261668800312,170.79149720875398,93.7469255849719,13,-0.0003712825709953904,2.378292255103588,0.06404813402332366
1242,0.235172332,1784956429.312214,157.91441520728756,170.78081673079444,108.67359697818756,12,-0.0010207665254711173,1.1608846001327038,0.09397175861522555
1244,0.235172332,1784956429.6014771,169.65345811336488,170.80117676725098,87.74674352258444,9,-0.0020751874544657767,1.1359493359923363,0.17467468045651913
1246,0.235172332,1784956429.860769,166.22360948533154,170.3849868600131,84.59359294362366,15,-0.0005740281194448471,1.222298752516508,0.09526638546958566
1248,0.235172332,1784956430.117903,178.65485659064183,170.61616585129184,80.3232979606837,12,-0.003210268492694013,1.5552364438772202,0.1440090644173324
1250,0.235172332,1784956430.791022,179.75775829140656,170.7206179324424,73.93321597203612,11,-0.002161289390642196,0.7242171932011843,0.14973307866603136
1252,0.235172332,1784956431.091289,160.31604859748305,170.27518136563424,91.2575677074492,12,-0.0023062871769070625,0.9667316414415836,0.08737193048000336
1254,0.235172332,1784956431.386903,161.5072843406354,170.13977547912538,98.5717627927661,10,-0.002007215760386316,1.1224251575767994,0.06998131098225713
1256,0.235172332,1784956431.649982,164.9830813442698,169.67711508193162,86.50519216433167,12,-0.0022753122029826045,1.1183242425322533,0.08425679104402661
1258,0.235172332,1784956431.9111319,187.66452939778776,169.4710133299047,74.89091688022017,10,-0.0018542647594586015,2.487083837389946,0.09277669317089021
1260,0.235172332,1784956432.297983,154.953580104622,168.97828468462475,90.95635956712067,14,-0.0011821652296930552,1.1153223477303982,0.09600907238200307
1262,0.235172332,1784956432.6674938,173.87168271653405,169.20080275462666,79.94583749771118,8,-0.0006855305109638721,0.4937567934393883,0.09698791662231088
1264,0.235172332,1784956432.9413152,162.19361768563655,168.60640105991587,87.14366003870964,10,-0.0006414693198166788,3.0750719010829926,0.06521064415574074
1266,0.235172332,1784956433.5154629,159.7297131147956,168.33690318913406,96.21800127625465,9,-0.0011207468050997704,1.5467049181461334,0.08043048484250903
1268,0.235172332,1784956433.80654,171.00898224794278,168.39088951075917,86.63161995261908,10,-0.001571053871884942,1.616060808300972,0.14274079911410809
1270,0.235172332,1784956434.1085272,155.28543866550257,168.23035523146373,96.03509011492133,10,-0.004652144329156727,0.8820767849683762,0.17151107545942068
1272,0.235172332,1784956434.379502,161.8309997454127,168.78464601088027,93.47144797071815,13,-0.00289697025436908,1.6911561638116837,0.15513593750074506
1274,0.235172332,1784956434.6605508,178.58223892616056,168.97746899456723,77.67999169230461,10,-0.0005058670067228377,1.630227692425251,0.05822667933534831
1276,0.235172332,1784956435.113704,184.00273187682637,169.42134944989007,77.766531098634,12,7.129018194973469e-05,1.3198879733681679,0.09643467562273145
1278,0.235172332,1784956435.387112,173.46579646122234,169.0767973918015,80.46822655946016,11,-0.0016653012135066092,0.8264626935124397,0.14167474396526814
1280,0.235172332,1784956435.669327,166.5483640208877,168.76970870134963,96.47222845815122,12,0.0007376575958915055,2.453229494392872,0.11919182329438627
1282,0.235172332,1784956435.972212,175.15383502619235,168.66105733555946,80.76235179230571,11,-0.00035189135815016925,1.0885966643691063,0.04631591052748263
1284,0.235172332,1784956436.305274,189.57154237692583,169.2512968087299,68.69623489305377,10,-0.001323671815043781,1.5618667528033257,0.11909638438373804
1286,0.235172332,1784956436.6107829,167.49746092077163,168.87280877597172,91.97365076839924,9,-0.0018077928689308465,1.1916589066386223,0.11260496033355594
1288,0.235172332,1784956436.882834,177.6133460695888,169.1248488834621,77.27745804935694,11,0.001045159762725234,0.9291469044983387,0.1261253789998591
1290,0.235172332,1784956437.154115,161.4211609964084,168.88449452559894,83.70679722726345,11,-0.0012584957730723545,1.3419235311448574,0.14523756876587868
1292,0.235172332,1784956437.455269,176.6364509649039,169.1498401582139,76.66724870540202,10,3.0156224966049194e-05,0.8006409537047148,0.08916675695218146
1294,0.235172332,1784956437.725125,181.27842890876218,169.55863296633754,77.19270802102983,11,-0.003812494163867086,1.0806863345205784,0.13495562970638275
1296,0.235172332,1784956437.9956648,161.41904749271492,169.78458662290257,98.70425678044558,10,-0.0008545273449271917,2.547058492898941,0.1657545273192227
1298,0.235172332,1784956438.324414,168.88259307243777,169.52817450365598,83.29004408791661,10,-0.0036881331470794976,0.49981094896793365,0.11076432024128735
1300,0.235172332,1784956438.595114,179.6141392247431,169.22239838643168,79.36765615269542,10,-0.003890187159413472,1.3182042315602303,0.10422404110431671
1302,0.235172332,1784956438.8960671,166.702462796146,169.4393917389869,82.49994292110205,12,-0.00043607817497104406,0.8537321649491787,0.05787249212153256
1304,0.235172332,1784956439.1644769,162.45834259167765,169.8945109565111,97.85612653940916,11,-0.0014160752107272856,1.869573675096035,0.1301955017261207
1306,0.235172332,1784956439.437679,170.01441065936012,170.0025528496873,78.82038033753633,10,-0.0017478209920227528,2.1041776537895203,0.15005033370107412
1308,0.235172332,1784956439.7384288,166.06370855289373,170.11124710509088,83.5850982889533,12,-0.0017601961735635996,0.3391286972910166,0.13263854756951332
1310,0.235172332,1784956440.008338,153.4705281659118,169.6951241396461,101.7379679530859,11,0.00022072449792176485,2.3758639097213745,0.05954078515060246
1312,0.235172332,1784956440.274837,176.41481973569677,169.55881304769338,78.81637413054705,9,-0.0006731459579896182,4.29613970220089,0.06534710503183305
1314,0.235172332,1784956440.576031,169.00066292110264,169.69948080615757,80.5979050733149,10,-0.0023469667648896575,0.7548596020787954,0.129610781557858
1316,0.235172332,1784956440.8469849,180.6638033944186,170.3509860697768,73.42319047823548,13,-0.00014987024769652635,2.1289743185043335,0.07437185267917812
1318,0.235172332,1784956441.15386,177.5033708955843,170.20440372649648,76.91629268601537,11,-0.0010711551585700363,0.7901490852236748,0.13793582981452346
1320,0.235172332,1784956441.435657,151.19677412067827,170.3187085647041,98.56263431161642,15,-0.0003151765849906951,2.4463094249367714,0.08139651268720627
1322,0.235172332,1784956441.711633,176.25909533238968,170.26263198485245,77.82805528864264,13,-0.0013740361318923533,1.440290104597807,0.12581698317080736
1324,0.235172332,1784956442.016761,171.44886445432743,169.93975571927783,83.66779083106667,11,-0.0015947142092045397,1.9979667514562607,0.08111258991993964
1326,0.235172332,1784956442.287887,172.10748111634013,169.53862127775432,86.30033788457513,13,0.001140718290116638,1.1100976280868053,0.10220511583611369
1328,0.235172332,1784956442.5633159,180.20673488606624,169.87195521978458,76.95890541188419,13,-0.004502552445046604,4.701878726482391,0.09175922209396958
1330,0.235172332,1784956442.864508,170.68408454983677,170.60231421863344,82.38771236687899,11,-0.006184207974001765,1.7520956918597221,0.18421427439898252
1332,0.235172332,1784956443.153378,179.66141615559908,170.95930825950066,80.89015464670956,10,-0.00042586503695929423,1.9345118701457977,0.08401904022321105
1334,0.235172332,1784956443.455644,175.21886473287375,169.86646279046153,81.00598561577499,10,-0.0027595545980148017,1.7019917592406273,0.12428821623325348
1336,0.235172332,1784956443.726448,175.19077261430755,170.0273836904131,79.87481455132365,10,-0.0017797475738916546,1.0738027840852737,0.15900536300614476
1338,0.235172332,1784956444.000431,168.5542187702118,169.7384155491268,83.74319946579635,15,-0.0022350712097249925,2.2194355502724648,0.10050571337342262
1340,0.235172332,1784956444.302005,158.5447214856788,169.4476272995528,90.7923388928175,10,-0.00023598846746608615,0.8229321204125881,0.06279720948077738
1342,0.235172332,1784956444.572351,168.30281540097388,169.50551363538216,84.33197282254696,11,-0.0010681583662517369,3.0430888682603836,0.09607781330123544
1344,0.235172332,1784956444.842478,170.09939519075905,168.71470069249054,93.53183101862669,14,-0.0011722656054189429,1.5004779621958733,0.190867162309587
1346,0.235172332,1784956445.140794,166.1379686869771,168.99083988316187,83.74349315091968,12,-0.0014223239850252867,0.9833530634641647,0.10335431061685085
1348,0.235172332,1784956445.4127831,175.1767944985578,168.99123861485316,83.18985980190337,13,-0.001791516420780681,2.2245221734046936,0.11956278746947646
1350,0.235172332,1784956445.712306,158.66773797050246,169.17970415174676,90.39993447996676,13,-0.001207177119795233,1.3930857181549072,0.11817215848714113
1352,0.235172332,1784956445.9833212,175.43886810568097,169.4411114458178,78.99028361588717,12,-0.0010016071028076112,1.1802365146577358,0.12673340365290642
1354,0.235172332,1784956446.6764212,180.06899973688425,170.18931388872738,74.32933223620057,10,-0.0013202455593273044,1.0609102100133896,0.09771733451634645
1356,0.235172332,1784956446.983545,164.27187046185324,169.57666409347476,92.76775505021214,12,-0.0015247215051203966,1.5092121213674545,0.10992883052676916
1358,0.235172332,1784956447.2616792,184.24956323364864,169.96655063594193,76.20329453796148,12,0.0008303895592689514,0.5223460402339697,0.08576713688671589
1360,0.235172332,1784956447.5362072,166.47731202255832,170.456361056039,91.13742085546255,11,-0.005775621277280152,1.078862737864256,0.17055451311171055
1362,0.235172332,1784956447.89827,171.9303197416353,170.33791744553028,89.14626623503864,11,-0.003594860143493861,1.0913398079574108,0.16352815367281437
1364,0.235172332,1784956448.201747,178.83624928325992,170.9706336604924,75.20414267294109,13,-0.0011036869836971164,1.7273306250572205,0.1065958309918642
1366,0.235172332,1784956448.503606,167.8563286821993,170.30040806277816,87.77054410427809,10,-0.001527011459984351,1.1332007013261318,0.13883483642712235
1368,0.235172332,1784956448.7748291,184.21374704403704,170.6415830729278,76.964788030833,11,-0.001016658847220242,1.1019829511642456,0.11019254615530372
1370,0.235172332,1784956449.047468,175.59238071109985,170.7510254597658,83.16217513382435,9,-0.003180649713613093,2.33146383613348,0.06610651104710996
1372,0.235172332,1784956449.347869,179.1602147146745,171.00203109718726,79.5673658233136,8,-0.0004147548897890374,0.6858530454337597,0.09796371194534004
1374,0.235172332,1784956449.619953,159.46789734258388,170.85877903568732,93.36009028553963,12,-0.0029275340493768454,2.2236979454755783,0.13006233191117644
1376,0.235172332,1784956449.894645,136.57589630820695,170.0297291493355,110.04678071662784,14,-0.0012169906985946,2.60580887645483,0.08338109869509935
1378,0.235172332,1784956450.197106,171.0169323921665,169.72049252842393,85.70499075390399,13,-0.0012288669240660965,1.0248114690184593,0.14209697162732482
1380,0.235172332,1784956450.467697,178.8095283300495,169.79812705436973,79.512038577348,10,-0.0010400796891190112,1.954831339418888,0.08942719409242272
1382,0.235172332,1784956450.7691221,188.13936648488806,170.4102356318431,69.45612972602248,11,-0.0016226940788328648,0.4896440953016281,0.08250725385732949
1384,0.235172332,1784956451.0415082,180.04216092332516,171.15112602285808,81.8839661385864,12,-0.0013010402108193375,1.770236760377884,0.10334266582503915
1386,0.235172332,1784956451.3141801,175.85560718836587,171.32972963334737,82.59716200828552,12,-0.0028777471743524075,0.9199916645884514,0.09424294717609882
1388,0.235172332,1784956451.616031,181.6548933381977,171.8450648691901,74.41784035786986,14,-0.0022249798057600856,1.0877922214567661,0.11830093059688807
1390,0.235172332,1784956451.8896441,165.5118668653656,172.41074817764405,84.05635141953826,12,-0.0013345600164029747,1.0573846325278282,0.1404009908437729
1392,0.235172332,1784956452.161582,181.69035958710688,172.53557235060754,83.84945817291737,9,-0.0005868555745109916,1.2827282547950745,0.14394743740558624
1394,0.235172332,1784956452.460574,182.72096749107067,173.3095813602874,78.77861970476806,8,-0.0005697832384612411,0.8295390419661999,0.07359332870692015
1396,0.235172332,1784956452.75784,165.0415021386598,172.83756016723942,89.02177245914936,11,-0.0005079479888081551,1.6313359066843987,0.05467020347714424
1398,0.235172332,1784956453.057342,168.10899976665675,172.9035267516859,81.5658934339881,12,-0.0019170689629390836,1.1797840744256973,0.13361761858686805
1400,0.235172332,1784956453.329511,186.33716391478185,173.13810319319967,76.25271858926862,9,-0.0020525551517494023,0.3681201785802841,0.07087575388140976
1402,0.235172332,1784956453.60098,162.15960171879505,172.9176802508534,86.36152302846313,12,-0.004318068546126597,0.8981620818376541,0.19147662818431854
1404,0.235172332,1784956453.90253,183.81830167338626,171.93215601611635,77.27366880513728,10,-0.0013689578045159578,2.2302628606557846,0.11221973644569516
1406,0.235172332,1784956454.1728551,170.18939621804418,172.4672238724869,81.93546422570944,11,-0.002383593935519457,1.0602588169276714,0.03273353970143944
1408,0.235172332,1784956454.444126,183.58482778584278,172.4944923700075,71.10840213112533,12,-0.001211034890729934,1.1788673885166645,0.0637025898322463
1410,0.235172332,1784956454.743674,183.66678730095916,173.0474152754357,75.69316231459379,12,-0.001930388854816556,1.2677187845110893,0.14296398917213082
1412,0.235172332,1784956455.01313,174.98566790713,172.99661263983205,78.61400835588574,12,-0.000849639080115594,1.6543293371796608,0.08942942949943244
1414,0.235172332,1784956455.312484,160.26903419464486,172.52622945495546,99.43809892982244,13,-0.0009401027346029878,0.8350236788392067,0.08892188407480717
1416,0.235172332,1784956455.58516,164.47063792794268,172.45801938871693,86.27864841884002,13,-0.0002941520797321573,2.355680413544178,0.0648475808557123
1418,0.235172332,1784956455.860627,159.07530577930422,172.32320728353045,105.43192068487406,13,-0.003839100187178701,1.2153400890529156,0.08731938037090003
1420,0.235172332,1784956456.1701682,168.70593906130523,172.87643325866574,91.40079615265131,12,-0.004167911480180919,0.5986877344548702,0.16494942037388682
1422,0.235172332,1784956456.4490838,175.65167416709528,172.69375068983044,80.4645135961473,13,-0.0014126746100373566,1.2127788476645947,0.12149126827716827
1424,0.235172332,1784956456.718678,179.53292790265567,173.14979292368545,73.60611213557422,13,-0.0027734149880416226,1.1222413554787636,0.08736682240851223
1426,0.235172332,1784956457.0213509,166.87493662142637,173.21796968001448,82.70865831896663,11,-0.0028313228976912796,1.3307536952197552,0.1302291196770966
1428,0.235172332,1784956457.29432,174.05211400030674,173.72343213119984,81.93492360599339,13,-0.0006794349174015224,1.574852779507637,0.07399050355888903
1430,0.235172332,1784956457.6207628,160.46589880970313,173.0146706823931,105.06881079822779,14,-0.002923771971836686,1.9289245009422302,0.09070654353126884
1432,0.235172332,1784956457.901421,145.08259880732498,171.77221946333393,118.2948416210711,16,-0.00212166242999956,1.6751772686839104,0.13491410110145807
1434,0.235172332,1784956458.171026,175.4123008223061,171.62390376661526,77.6549600828439,12,-0.0003982961716246791,1.9565834626555443,0.0557931805960834
1436,0.235172332,1784956458.4723468,178.17465586438428,171.61206587901077,75.25721527636051,12,-0.004875234793871641,0.6533036753535271,0.12870267778635025
1438,0.235172332,1784956458.7449868,163.3867017376087,171.32798630197374,85.79448857810348,10,-0.0011158112320117652,1.4556512460112572,0.06791397091001272
1440,0.235172332,1784956459.019347,182.0501738708311,171.36004324382998,76.75563506409526,11,-0.00023265876370714977,0.7883648667484522,0.06354779307730496
1442,0.235172332,1784956459.316372,174.68532243622053,171.23064987452432,81.59521151892841,12,-0.0019113496819045395,1.3012118078768253,0.16043038247153163
1444,0.235172332,1784956459.584233,154.58617989987812,170.6240964280089,92.82107998803258,11,-0.0007937137270346284,1.6797210648655891,0.07934345444664359
1446,0.235172332,1784956459.882868,172.20515969659206,170.59419310797628,83.14859280735254,10,-0.0013796823332086205,0.9078987091779709,0.06660941918380558
1448,0.235172332,1784956460.1529548,160.1352201374612,170.57011689772455,101.67547837644815,13,-0.0011613735987339169,3.5680836588144302,0.12922588782384992
1450,0.235172332,1784956460.425153,182.37069832950547,170.20097102276645,67.59235712140799,11,-0.00027136201970279217,1.2457172721624374,0.08252132032066584
1452,0.235172332,1784956460.725064,152.97008593530217,169.60512040204867,97.51985661685467,12,-0.001073691382771358,1.66868194937706,0.1646196856163442
1454,0.235172332,1784956460.9983811,172.92351682557867,170.04580545275272,76.57482511550188,10,-0.002626783447340131,0.4428624324500561,0.05872092838399112
1456,0.235172332,1784956461.2689211,166.59139779920838,170.25079121280268,89.6199097931385,14,-0.0008039860986173153,0.9987081699073315,0.10410470701754093
1458,0.235172332,1784956461.5682828,174.38264299042706,170.1253548102695,79.7747210226953,11,-0.0008226432837545872,0.922261904925108,0.08896332490257919
1460,0.235172332,1784956461.841279,164.31448571493814,169.69415645457383,96.75251716561615,13,-0.000964523664151784,3.060720145702362,0.05806509987451136
1462,0.235172332,1784956462.14133,177.08919654360926,169.98207655758895,82.36241125315428,13,-0.0019612169708125293,1.7594786509871483,0.10457900306209922
1464,0.235172332,1784956462.438227,146.4547845714629,169.5046315344152,110.4060850199312,17,-0.0002555057253630366,4.035313963890076,0.08458510274067521
1466,0.235172332,1784956462.713142,152.88517744944673,169.48410820954047,107.18368757516146,12,-0.002306362730450928,1.618350274860859,0.11850400920957327
1468,0.235172332,1784956463.022089,160.4354234728367,169.0072237005334,93.32335268333554,11,-0.0006995265139266849,1.1941868178546429,0.07295608916319907
1470,0.235172332,1784956463.297278,161.6974141326613,168.15343000963884,88.93595756404102,13,-0.0016525725077372044,1.3927982151508331,0.11068398179486394
1472,0.235172332,1784956463.57791,160.3226351338614,168.47235015151614,103.46621615998447,15,-0.000871638476382941,3.7569512128829956,0.08478381601162255
1474,0.235172332,1784956463.8837912,170.46578921118171,168.60784554558046,81.43051462154835,12,-0.0005863807164132595,0.8434364981949329,0.05741680960636586
1476,0.235172332,1784956464.155638,173.54794968370967,169.2447496387363,84.15939978510141,12,-0.0010736414697021246,2.9683509543538094,0.07180282729677856
1478,0.235172332,1784956464.459593,179.35897585845143,169.11737240213228,77.74971332028508,11,-0.0012701539089903235,0.5244247186928988,0.07360015157610178
1480,0.235172332,1784956464.7303329,174.8442306245143,169.1998111283987,77.83201233670115,12,-0.0012086142087355256,0.3716466650366783,0.16456608846783638
1482,0.235172332,1784956465.003356,182.0970310669067,170.02782228402705,76.15452296473086,11,-0.0016240178665611893,1.0173467546701431,0.12434413703158498
1484,0.235172332,1784956465.3033862,186.4932128957572,170.6164446338971,74.20510829612613,10,-0.0011538811813807115,0.8562402874231339,0.10212531080469489
1486,0.235172332,1784956465.596121,129.4709753587999,169.0320496651259,126.63800782337785,14,-0.0005178960273042321,3.2369139194488525,0.08865529927425086
1488,0.235172332,1784956465.8676329,165.67632360508617,168.88819249259674,83.95574186369777,13,-0.0023423745296895504,1.1298454217612743,0.1607626685872674
1490,0.235172332,1784956466.169834,166.87979271859342,169.11005540823442,86.29604763351381,13,-0.001730303541989997,1.25259193405509,0.18694816902279854
1492,0.235172332,1784956466.441746,168.15369437046996,169.02998215850195,89.54085710272193,12,-0.0013286782486829907,1.654529020190239,0.10963907977566123
1494,0.235172332,1784956466.7422879,181.04719069342457,169.5508332306941,75.52272466570139,11,-0.0014930462348274887,0.853814821690321,0.06878655171021819
1496,0.235172332,1784956467.0154428,169.6083663111367,169.47550368408065,91.07725338637829,12,-0.0002809667930705473,1.9395730048418045,0.07433534902520478
1498,0.235172332,1784956467.288699,156.68498490995952,168.8349030934505,98.10581506416202,11,0.0003750553587451577,1.9786698669195175,0.09251838084310293
1500,0.235172332,1784956468.2111318,193.434145054766,169.20557138340098,69.74444776028395,10,-0.0011643071775324643,0.789175271987915,0.1348437899723649
1502,0.235172332,1784956468.509642,162.7015842054221,169.4819402638602,92.95685086399317,11,-0.000909321679500863,1.8703963533043861,0.06308916117995977
1504,0.235172332,1784956468.783061,171.4427130173192,169.18071919313107,89.45309259742498,12,-0.00231225231254939,3.04570035636425,0.09461566852405667
1506,0.235172332,1784956469.089399,179.38029688560954,169.52594876969368,79.42440827563405,10,-0.001530908644781448,0.8483133278787136,0.06652249116450548
1508,0.235172332,1784956469.3620632,181.57208546796096,169.5763986916453,76.6670740544796,10,-0.0008645985508337617,1.618153914809227,0.11114652967080474
1510,0.235172332,1784956469.666062,159.77106614228006,169.43050903533623,105.04942352324724,12,-0.0012210242275614291,2.2161930203437805,0.07025529793463647
1512,0.235172332,1784956469.943695,165.4705956962943,169.4418170702216,83.55181056261063,11,-0.000951351201365469,0.8645579144358635,0.05445186770521104
1514,0.235172332,1784956470.215298,181.50136710423868,170.1529569554372,79.01450848951936,11,-0.001663785194978118,2.2346378564834595,0.12032670667394996
1516,0.235172332,1784956470.514048,175.37060937989142,170.93810684609528,82.59516804292798,12,-0.003584506375773344,0.6565550118684769,0.15059254225343466
1518,0.235172332,1784956470.809482,176.90295380257064,171.46208743403116,78.71150384098291,13,-0.0026746943476609886,0.6686975359916687,0.11604349268600345
1520,0.235172332,1784956471.0818188,168.28228676560371,171.55795515323382,90.73191984184086,15,-9.383237920701504e-05,2.35691174864769,0.12331990525126457
1522,0.235172332,1784956471.3802822,174.03602736113308,171.38727130435282,83.7119325324893,12,-0.001678549568168819,1.1369148008525372,0.14416766120120883
1524,0.235172332,1784956471.652548,170.80130789852277,170.95928101370006,82.67970642447472,11,-0.001116770421504043,1.8693590760231018,0.10435852385126054
1526,0.235172332,1784956471.955436,149.901594748207,170.45977326311458,99.95017921738327,12,-0.00016052706632763147,1.5586745515465736,0.08100337907671928
1528,0.235172332,1784956472.291532,192.45525277936574,170.35026652730937,67.21577267348766,11,-0.0008821176597848535,1.041971255093813,0.13309299759566784
1530,0.235172332,1784956472.5630898,157.37802369323333,170.25465216330693,97.84101832285523,11,-0.001288079351070337,1.3410194218158722,0.11863395106047392
1532,0.235172332,1784956472.863761,174.1031229641449,170.2874738194133,83.34961201623082,12,-0.0009987657540477812,1.0119204483926296,0.07346856268122792
1534,0.235172332,1784956473.136909,149.0908317702159,169.42187373417502,96.54784459248185,12,-0.0008418753350269981,1.7660515010356903,0.0958570521324873
1536,0.235172332,1784956473.406314,160.06641655177424,170.84150171035708,86.84457409381866,13,-0.003638316411525011,1.2304909154772758,0.15427770419046283
1538,0.235172332,1784956473.709104,161.46335363975228,170.72788831068942,97.49372464418411,12,-0.0015570633113384247,3.9035090059041977,0.1519793253391981
1540,0.235172332,1784956473.9797618,162.35047357952934,170.03095837741742,93.29677452193573,13,-0.0015543378103757277,2.0867484509944916,0.08786763390526175
1542,0.235172332,1784956474.275976,171.0326954323144,169.8276856046674,87.65556390210986,14,-0.0010802010219777003,1.085760921239853,0.09370778268203139
1544,0.235172332,1784956474.545928,174.20936446181062,169.1269962910667,84.24616468697786,16,-0.0014003369869897142,1.3290548585355282,0.17266028001904488
1546,0.235172332,1784956474.816106,156.25645718173968,168.50129225587455,95.11554419621825,12,-0.0025874983402900398,2.2602555975317955,0.14269960671663284
1548,0.235172332,1784956475.1157,160.24870998180637,169.07887037221136,96.02052755653858,13,-0.0007009824621491134,1.840976256877184,0.06845785677433014
1550,0.235172332,1784956475.4136908,158.84728940291058,168.63950863339016,101.16691774502397,9,-0.0021988668013364077,1.6192249655723572,0.1081362385302782
1552,0.235172332,1784956475.690311,139.48937603385318,168.11501038958414,116.07451292127371,13,-0.0010001625632867217,3.3634399622678757,0.09308332856744528
1554,0.235172332,1784956475.990515,184.12507662331404,168.74347839129376,75.34025852009654,11,-0.0010813993721967563,2.4424676969647408,0.10919807385653257
1556,0.235172332,1784956476.268468,159.4776823560157,168.28121560116415,95.4937683166936,15,-0.001291661465074867,1.778784193098545,0.14665581658482552
1558,0.235172332,1784956476.569963,180.9413753772056,168.08852188298323,76.6402256693691,12,-0.0005863407859578729,0.802269384264946,0.07898193993605673
1560,0.235172332,1784956476.8436108,179.19261189234652,168.74285327697814,77.10185934975743,12,-0.002952868067950476,0.8174438141286373,0.1421001390554011
1562,0.235172332,1784956477.1139042,170.13407343404685,168.6287441672905,83.974030777812,13,-0.0007004814106039703,3.0943015962839127,0.06730126333422959
1564,0.235172332,1784956477.419088,178.69243857142837,168.78434414591678,82.49295749887824,11,-0.0016341328155249357,0.7863488811999559,0.1115738800726831
1566,0.235172332,1784956477.690529,159.56509129264168,167.64335587091134,96.39896267093718,14,-0.0025175615737680346,1.6475903540849686,0.14058921998366714
1568,0.235172332,1784956477.961067,180.68188932889174,167.79563772155714,77.08086758106947,12,-0.0011175488180015236,1.477236919105053,0.07179735228419304
1570,0.235172332,1784956478.2848,177.95255360765532,168.2668808029309,74.19721419364214,10,-0.0006125025101937354,0.6331886742264032,0.0745881381444633
1572,0.235172332,1784956478.5561862,184.94862656993917,168.57389144335428,82.27421042136848,7,-0.0020095097643206827,0.8708746209740639,0.11832403484731913
1574,0.235172332,1784956478.856865,174.12659189105133,168.63761809223615,81.03396695386618,11,-0.0021527094941120595,1.14585767313838,0.11268551042303443
1576,0.235172332,1784956479.124641,180.54114067616655,169.2147531959554,76.27420575171709,10,-0.0009505113703198731,1.5647818818688393,0.1146307005546987
1578,0.235172332,1784956479.393003,178.1528328728344,168.92387497739298,78.9129503085278,11,-0.0007455948507413268,1.8912800401449203,0.05182986368890852
1580,0.235172332,1784956479.690668,171.96391040649573,169.37218652372744,85.96016886644065,12,-0.000890091439941898,1.2616882137954235,0.07834003306925297
1582,0.235172332,1784956479.963443,154.4868513799786,168.94311271513587,98.8570526279509,12,-0.00041527656139805913,0.8651960641145706,0.06433062441647053
1584,0.235172332,1784956480.257837,164.79365704591456,168.99321292478353,90.64456406794488,10,-0.00210852316376986,1.1806095242500305,0.18030459992587566
1586,0.235172332,1784956480.558955,167.44234363303565,169.0576150119097,88.42759506963193,11,0.0005446859868243337,2.3476882986724377,0.07367011182941496
1588,0.235172332,1784956480.830147,170.28449287809022,169.2180612155305,83.02543410286307,10,-0.0020539994875434786,0.6877800915390253,0.14282247051596642
1590,0.235172332,1784956481.129322,173.79963128102804,169.2040637551944,81.02328881248832,10,-0.0008061168482527137,0.9731186293065548,0.11275501269847155
1592,0.235172332,1784956481.4019608,182.70789697772435,169.41133079866086,80.59679597243667,10,-0.0007332426976063289,1.118019226938486,0.09769404144026339
1594,0.235172332,1784956481.673392,183.2483356707261,169.76326490821342,72.88906279578805,10,-0.002373729948885739,1.2277469523251057,0.13070558663457632
1596,0.235172332,1784956481.9727302,184.15901364202273,170.96909234833606,80.28861092403531,14,-0.0005815723707200959,0.6287363786250353,0.11149453837424517
1598,0.235172332,1784956482.2531781,169.39000446619667,171.36516427887236,83.46965960226953,10,-0.0012960865860804915,1.4365038573741913,0.06728768069297075
1600,0.235172332,1784956482.5268102,161.14872779163184,171.07425018270408,91.43862993270159,12,-0.0020561357887345366,1.1000718101859093,0.11294288793578744
1602,0.235172332,1784956482.825776,169.95210727256818,172.11332680076495,88.4126617051661,11,-0.0008821705414447933,1.0794934034347534,0.08418194833211601
1604,0.235172332,1784956483.096677,161.23430166967867,171.34238508318515,96.0833042692393,13,-0.000761552422773093,1.7627311050891876,0.07688693702220917
1606,0.235172332,1784956483.39166,186.57697472546548,171.73855686550633,68.48836320266128,12,-0.0011626199921010993,1.0292225666344166,0.08351349411532283
1608,0.235172332,1784956483.659442,172.07260446384586,171.6889575673734,83.03185188025236,12,-0.0009892965463222936,0.7455808892846107,0.08619513316079974
1610,0.235172332,1784956483.925164,178.69872093650199,171.60226006494497,72.02786852419376,12,-0.0019628544978331774,1.1494950503110886,0.13311589090153575
1612,0.235172332,1784956484.225376,166.52989365786388,171.10360303212244,86.5666680848226,14,-0.0013456468877848238,1.1566384732723236,0.14431882183998823
1614,0.235172332,1784956484.4947379,173.62955856913499,171.08821636464006,86.41065679118037,12,-0.0009391190251335502,0.4504467127844691,0.07561657461337745
1616,0.235172332,1784956484.7877839,161.95003642815263,171.5945775974763,100.46520652994514,14,-0.0019358060089871287,1.9464327991008759,0.1470604846253991
1618,0.235172332,1784956485.106015,163.41282388491953,170.950781479928,93.09460043907166,12,-0.0018811516056302935,0.5079601611942053,0.16113080782815814
1620,0.235172332,1784956485.39063,173.1815700468904,170.70826806970723,78.67848687432706,14,-0.0015155239234445617,1.6731677949428558,0.14998843288049102
1622,0.235172332,1784956485.696047,154.2655956474639,169.9484313371182,102.92388806864619,13,-0.0009117010631598532,1.3810864575207233,0.052375705214217305
1624,0.235172332,1784956485.96965,177.58581576652992,170.24009225783666,78.31260439008474,12,-0.0010516049806028605,1.8587131276726723,0.06675052200444043
1626,0.235172332,1784956486.239687,164.8639757736594,169.75316917076995,89.58044870942831,10,-0.0017185440519824624,0.8424984514713287,0.14142729621380568
1628,0.235172332,1784956486.533314,150.57832164585193,169.65433495321562,100.82838563993573,14,-0.001632810104638338,1.1370063498616219,0.12914521899074316
1630,0.235172332,1784956486.8001769,166.4830118753444,168.70928686408178,86.11917731910944,13,-0.001342732251941925,0.7058859430253506,0.058162025175988674
1632,0.235172332,1784956487.064435,147.82367589190335,168.21999643648255,105.01739546190947,13,-0.0017053083283826709,1.8142889514565468,0.14689882844686508
1634,0.235172332,1784956487.357419,179.2135078244417,168.49837009200849,69.95117403753102,13,-0.0019240531692048535,1.3942457139492035,0.10709171975031495
1636,0.235172332,1784956487.6256871,171.43313156514927,168.29408808101184,87.19335538335145,15,0.0002680900797713548,1.7598081603646278,0.08469845727086067
1638,0.235172332,1784956487.927816,144.8853858079012,167.48473970333623,106.21684340760112,13,9.563029743731022e-05,1.8683909624814987,0.11528022540733218
1640,0.235172332,1784956488.192938,153.22235795861664,167.5528737121979,94.67989002913237,10,-0.0006522396706714062,1.2849156819283962,0.04781338002067059
1642,0.235172332,1784956488.458509,172.3293021726295,167.33872599560914,88.66771353408694,13,-0.0020000378135591745,3.139850005507469,0.12373505206778646
1644,0.235172332,1784956488.750048,165.13443571240853,167.3414627330199,89.980338960886,13,-0.000607562658842653,0.4804954621940851,0.05727863893844187
1646,0.235172332,1784956489.017189,192.3861217533577,167.64918179804405,69.03163396939635,11,0.0002712355926632881,1.4375249817967415,0.06091804802417755
1648,0.235172332,1784956489.302788,172.27923838917545,167.40777714968522,80.18627474270761,13,-0.0022676592925563455,2.5701126977801323,0.12460008123889565
1650,0.235172332,1784956489.598579,146.8311957411491,167.119227609932,105.60748041048646,13,-0.0007471598219126463,2.946533754467964,0.13086663000285625
1652,0.235172332,1784956489.87981,175.26240244705073,166.7814748730343,80.0058525763452,8,-0.0012452890223357826,0.8912946209311485,0.07599703478626907
1654,0.235172332,1784956490.1774259,162.7457805566833,166.89860696685398,95.71376297622919,9,-0.0037841948796994984,1.5042579174041748,0.0989133296534419
1656,0.235172332,1784956490.442267,174.1106056507248,167.05856804448882,84.74432519078255,8,-0.0011298457393422723,0.7470295503735542,0.11679184343665838
1658,0.235172332,1784956490.703712,145.62426880274032,166.25501570012494,118.86427692323923,12,-0.0021636462188325822,1.8700719624757767,0.16461273189634085
1660,0.235172332,1784956490.9974651,172.84694325247864,165.77569681106638,95.55083591863513,10,-0.0007104662945494056,4.559087797999382,0.06903279712423682
1662,0.235172332,1784956491.2621021,191.1163979479371,166.76115227189163,75.31820356845856,10,-0.0013852519332431257,2.036397337913513,0.13967212056741118
1664,0.235172332,1784956491.527126,167.99564138440633,166.33587932536454,89.86655740812421,9,-0.0019275650847703218,2.7887506932020187,0.14555867854505777
1666,0.235172332,1784956491.8215559,155.75836051398883,166.12184819731814,96.56792153138667,12,-0.001063648596755229,2.0462710931897163,0.10386461345478892
1668,0.235172332,1784956492.125848,185.8948079882404,166.83438708938553,73.46264606714249,11,-0.0006069689407013357,0.7759230695664883,0.08239365206100047
1670,0.235172332,1784956492.4291022,189.00594723249964,167.16524951275147,73.94345822930336,9,-0.00090059831563849,0.7489467449486256,0.1046588490717113
1672,0.235172332,1784956492.692033,178.46491397613133,167.7300574217612,80.34207385778427,12,-0.001206883869599551,1.1030204072594643,0.08406557724811137
1674,0.235172332,1784956492.95172,178.8665825798271,167.9881509998301,78.24464806169271,9,-0.0008735561277717352,2.812872901558876,0.08578513073734939
1676,0.235172332,1784956493.242072,168.64521575948174,168.4931806801131,83.94015559740365,10,-0.0005158639323781244,0.8181445449590683,0.08658412611111999
1678,0.235172332,1784956493.513379,167.89713470644847,168.37551324650892,85.09802172891796,11,-0.0004730959772132337,1.567923128604889,0.06969908787868917
1680,0.235172332,1784956493.774822,180.9176859405114,169.13663430175026,77.11529782786965,12,-0.0009986224467866123,2.9049014896154404,0.08164592133834958
1682,0.235172332,1784956494.0856051,165.755662984408,169.53372580941803,90.70927339512855,12,-0.0010315138497389853,1.8809682354331017,0.07785485126078129
1684,0.235172332,1784956494.349791,175.62372912826427,169.32836642825737,76.58176070079207,14,-0.0013516825274564326,1.7161201536655426,0.15816774033010006
1686,0.235172332,1784956494.64177,169.31682737460065,169.45527997198965,79.9552569463849,12,-0.0011158398701809347,0.9042560122907162,0.08686916693113744
1688,0.235172332,1784956494.908372,181.80649342856785,170.4700849608892,76.68405558913946,9,-0.0009925509220920503,0.8277905285358429,0.11206325516104698
1690,0.235172332,1784956495.170727,156.3162884841306,170.5316759379423,99.30300657078624,9,-0.0019084346131421626,1.543001413345337,0.08568666758947074
1692,0.235172332,1784956495.462188,182.032368056864,170.3321195468643,84.64689628779888,9,-0.0013151794555597007,0.6488489210605621,0.09547101426869631
1694,0.235172332,1784956495.732928,170.22036092799996,170.40284889460938,82.25136820040643,14,-0.00178482971386984,1.274665955454111,0.14606229402124882
1696,0.235172332,1784956496.000223,156.0834104902708,169.83926780874333,98.44308451935649,10,-0.0010228095343336463,3.4286792278289795,0.10561835020780563
1698,0.235172332,1784956496.288775,169.2176727902836,169.85530567114682,78.73889565467834,12,-0.0025134678289759904,1.4952324479818344,0.14369403151795268
1700,0.235172332,1784956496.5498,162.74046280916772,170.52853048321356,92.89973029494286,12,-0.0013988157734274864,1.2686407268047333,0.1212457655929029
1702,0.235172332,1784956496.841892,184.8977348945926,170.95573760120752,69.69915318861604,12,-0.0005630190134979784,0.5940487291663885,0.06906342110596597
1704,0.235172332,1784956497.107556,183.02381644261183,171.09387712110103,71.9173017386347,11,-0.0019598656508605927,1.7412964180111885,0.09531102143228054
1706,0.235172332,1784956497.37151,187.9213379168804,170.7751040891111,66.3830440081656,10,-0.005104400799609721,1.192677341401577,0.13582584029063582
1708,0.235172332,1784956497.6657972,178.5273205313012,171.79660920356494,72.70025361329317,14,-0.0005084347358206287,0.8242569640278816,0.11701724259182811
1710,0.235172332,1784956497.9331899,143.6766930287969,171.47076078588205,124.95882864668965,16,-0.0010356844868510962,4.420626491308212,0.07825799752026796
1712,0.235172332,1784956498.195592,176.90925299487404,171.15585583570498,76.72673299908638,12,-0.0011601847363635898,1.4707738608121872,0.07484016520902514
1714,0.235172332,1784956498.4897149,187.04361003345343,171.4619484494586,69.13799467682838,11,-0.0013977406197227538,1.8557161390781403,0.12797930371016264
1716,0.235172332,1784956498.77572,179.22359542305674,171.8536750205496,75.23968814685941,10,-0.0003620968491304666,1.544844277203083,0.10494616534560919
1718,0.235172332,1784956499.0729332,154.68700769190315,171.30105845323672,118.08001766912639,12,-0.0007559156510978937,1.651139099150896,0.06873998651280999
1720,0.235172332,1784956499.339369,170.62912845435645,171.4228349246605,84.2699718028307,12,-0.0011071180633734912,0.6828377693891525,0.1070110248401761
1722,0.235172332,1784956499.601629,163.14876732113993,170.76238590496735,95.84481402859092,11,-0.001728254253976047,3.5467177629470825,0.07538087572902441
1724,0.235172332,1784956499.887968,186.02589076115024,170.18651647308238,70.39735397696495,10,-0.0009779569954844192,1.04068935662508,0.12911903718486428
1726,0.235172332,1784956500.151834,180.51570618739262,170.44304803525938,74.14512796327472,9,-0.0006796629750169814,0.3843564633280039,0.06582009140402079
1728,0.235172332,1784956500.416485,160.60725027037108,170.85955165961067,91.27104838192463,11,-0.0019209078745916486,0.9306007847189903,0.1505646533332765
1730,0.235172332,1784956500.705264,165.39293734773045,170.4582508271953,90.68780263885856,11,-0.0011976049281656742,1.8777010887861252,0.11992660257965326
1732,0.235172332,1784956500.969144,186.96821470751541,171.3873400058887,75.24787749256939,10,-0.001286438840907067,1.3070205003023148,0.11397213488817215
1734,0.235172332,1784956501.2574,178.60490449649757,171.38955806084923,79.62916276976466,10,-0.001834580209106207,0.420906251296401,0.13899898482486606
1736,0.235172332,1784956501.5231109,157.52507040134688,170.45283357421383,103.1601550290361,15,-0.0024069459759630263,1.3600831031799316,0.17612859047949314
1738,0.235172332,1784956501.7887921,178.3307059705857,170.41596905930396,73.37942928588018,14,-0.0013551152078434825,0.5432045180350542,0.12024054815992713
1740,0.235172332,1784956502.0827851,171.52671767499837,170.7486807041856,84.64570619165897,12,-0.001589583931490779,0.9298482351005077,0.11438732873648405
1742,0.235172332,1784956502.348642,161.97335554982135,171.0210122691955,99.14587008580565,16,-0.0050766124040819705,0.7541255578398705,0.12709887837991118
1744,0.235172332,1784956502.6117918,183.6395631179741,171.4585557894822,71.86841341108084,10,-0.0011531307827681303,3.795345351099968,0.10775410663336515
1746,0.235172332,1784956502.905317,193.38239043607095,171.7420958073601,67.52377247996628,11,-0.00039078667759895325,0.8306483998894691,0.049299350124783814
1748,0.235172332,1784956503.1954088,167.97457276238381,171.6029907692596,85.54718675091863,11,-0.0013801867607980967,1.9121759682893753,0.10736340610310435
1750,0.235172332,1784956503.8611321,179.85592664101708,171.58441261573134,80.71942612156272,11,-0.0003249516012147069,1.8445198610424995,0.07079881452955306
1752,0.235172332,1784956504.143988,175.84931539478916,171.62900825663854,79.7754833959043,9,-0.0007595127972308546,1.1195437498390675,0.06561335572041571
1754,0.235172332,1784956504.4075341,167.51567141706454,171.46595545818388,83.39715444296598,11,-0.0016894367581699044,1.4916592575609684,0.14184894179925323
1756,0.235172332,1784956504.7003222,180.43596296918855,171.35645381992057,73.51348546613008,11,-0.0012648069532588124,0.6518930029124022,0.11749243782833219
1758,0.235172332,1784956504.971885,180.3009189383762,171.39727536602226,76.99352587759495,9,-0.0003638902271632105,1.2926930449903011,0.057860220316797495
1760,0.235172332,1784956505.23552,193.44868516855558,172.46139020102913,69.82763804215938,10,-0.0015431244391947985,1.7075974866747856,0.1374609968625009
1762,0.235172332,1784956505.52879,175.2300502370289,171.93289153577874,79.13155679404736,11,-0.0011651956883724779,0.8756431601941586,0.1309663732536137
1764,0.235172332,1784956505.794605,171.17289759320036,171.74594178394858,81.1334364451468,10,-0.0005352087900973856,2.136450581252575,0.07573294593021274
1766,0.235172332,1784956506.085191,168.84690727085786,171.45157665306795,89.63516191206872,12,-0.0017828855852712877,1.4198280349373817,0.1459447513334453
1768,0.235172332,1784956506.3510132,180.39306775313057,171.6696732642083,75.78774350881577,12,-0.000781577720772475,1.4070917814970016,0.08727999404072762
1770,0.235172332,1784956506.616792,182.9277911808437,171.87480495957246,74.75167564675212,11,-0.0007467511313734576,0.9190702848136425,0.1010738699696958
1772,0.235172332,1784956506.916787,150.58108559083414,172.04737032504056,103.98008744418621,15,-6.0467667935881764e-05,3.630937874317169,0.10568958101794124
1774,0.235172332,1784956507.254124,158.85372644191287,172.04620028035018,100.51261310651898,13,-0.0015331207541748881,0.5585986860096455,0.09221448446623981
1776,0.235172332,1784956507.516938,170.54382314833637,171.63195958025955,92.54509092122316,12,-0.00012950808741152287,1.196628738194704,0.09521800419315696
1778,0.235172332,1784956507.804498,157.30397867253737,171.27321717589282,93.94122669659555,13,-0.0007800058228895068,0.729619987308979,0.05992452148348093
1780,0.235172332,1784956508.090206,158.47319402099993,171.540404478515,92.17847605608404,15,-0.0006125088548287749,1.982938788831234,0.06921395123936236
1782,0.235172332,1784956508.384309,168.18754760423852,171.06572600166223,80.01561365788803,15,-0.0021624243236146867,1.2583728805184364,0.1278277263045311
1784,0.235172332,1784956508.6492429,183.42354651037158,170.97843658382848,73.83134789019823,12,-0.0009980806498788297,1.0423794239759445,0.0754225270356983
1786,0.235172332,1784956508.9164212,177.73080369385687,171.467249644483,72.05006291344762,12,-0.001795831136405468,0.9315182566642761,0.06673097424209118
1788,0.235172332,1784956509.209642,179.78880787409543,171.31565858693804,71.3213966395706,14,-0.0011957021633861586,0.7933319471776485,0.11256339633837342
1790,0.235172332,1784956509.4756422,161.5906056284685,171.41746854710257,93.00810094736516,14,-0.0019759406859520823,1.638743318617344,0.13634433457627892
1792,0.235172332,1784956509.738744,169.85988986978012,171.28631228740358,84.61317886039615,11,-0.0002846568822860718,2.7537560388445854,0.04190616647247225
1794,0.235172332,1784956510.0318851,175.0095954770996,171.04161466656623,74.21463527530432,12,-0.001636068118386902,1.4166460558772087,0.1581371813081205
1796,0.235172332,1784956510.303363,183.37011017885996,170.8671135704202,69.22356435284019,12,-0.0017480198293924332,1.3430487215518951,0.12650999799370766
1798,0.235172332,1784956510.5972989,165.54847217548402,170.76167077179616,88.39603631850332,13,-0.0011549412738531828,1.8493300452828407,0.05224184552207589
1800,0.235172332,1784956510.8645859,175.5480901251561,170.62562089083292,85.30216775089502,13,-0.0026203857269138098,2.238160014152527,0.14471573010087013
1802,0.235172332,1784956511.1299431,171.08771999303806,170.23215432076523,77.47148941084743,11,-0.0006540654576383531,2.182973861694336,0.05455944733694196
1804,0.235172332,1784956511.42175,176.57369960874777,170.64684942016058,75.6242375485599,11,-0.0008414190233452246,0.87343355640769,0.12180339498445392
1806,0.235172332,1784956511.684959,168.2873938356396,170.55468350563973,89.23029566369951,12,-0.0010351800883654505,0.6338981371372938,0.07519024540670216
1808,0.235172332,1784956511.950558,159.54041786418122,169.80487274300205,100.84168789163232,15,-0.001477281010011211,3.026196390390396,0.12095192214474082
1810,0.235172332,1784956512.242332,161.47679372112847,169.25493422911043,86.62918646633625,11,-0.0007106481352820992,2.0636071786284447,0.07208225573413074
1812,0.235172332,1784956512.508419,164.0569298580487,169.2026583176048,93.48223315179348,14,-0.0009304897102992982,1.047237016260624,0.11373354587703943
1814,0.235172332,1784956512.820769,166.9042824689999,169.06503690110065,81.58068437501788,12,-0.0005127101867401507,1.1337676383554935,0.05974025989416987
1816,0.235172332,1784956513.085906,180.51519732194325,169.57829719687092,74.58917643874884,11,-0.0013249904150143266,0.8822205923497677,0.13273231871426105
1818,0.235172332,1784956513.349812,174.78733366567135,169.61639869300453,73.70048042759299,10,-0.0025783039745874703,0.6895696241408587,0.11973257455974817
1820,0.235172332,1784956513.6426508,160.01954668384832,169.29748232439732,91.94921207427979,11,-0.0023773922584950924,0.686148427426815,0.16313480958342552
1822,0.235172332,1784956513.9218931,175.74034442567023,170.01095735744394,81.31635576114058,12,-0.0015142651391215622,2.239905670285225,0.10422276612371206
1824,0.235172332,1784956514.190871,175.82408621498828,169.7742528690535,78.86843916587532,12,-0.0006954824784770608,3.3889292031526566,0.0686803562566638
1826,0.235172332,1784956514.481236,174.52030466986258,170.15315833764495,81.63348865136504,14,-0.002067424589768052,1.4422177970409393,0.08915078244172037
1828,0.235172332,1784956514.74838,166.8633560691811,170.50623635112385,90.22316006943583,10,-0.0011893724731635302,1.8443543389439583,0.09629277558997273
1830,0.235172332,1784956515.3874,197.20285287038078,171.328050612647,65.45542685873806,10,-0.0013452224084176123,0.9175469763576984,0.10856862412765622
1832,0.235172332,1784956515.656466,175.731103849295,171.01538689376463,84.54222233965993,10,-0.0006347092567011714,1.0770624913275242,0.0640701181255281
1834,0.235172332,1784956515.928478,174.6308315325997,171.76150239274165,79.1753673069179,10,-0.0014468769659288228,1.2014926001429558,0.122990180272609
1836,0.235172332,1784956516.218584,181.52950640062292,172.57885866448257,77.57037076354027,9,-0.0015115345158847049,0.6699353083968163,0.10576211824081838
1838,0.235172332,1784956516.484792,181.3081492694751,172.85548855093526,77.42418580129743,11,-0.0013466340024024248,0.5275466963648796,0.13167497608810663
1840,0.235172332,1784956516.7469492,182.98413582787245,173.10417301874756,79.24205441772938,9,-0.00010493287118151784,1.205856654793024,0.05791902868077159
1842,0.235172332,1784956517.0396311,180.49236301094038,173.56219724194298,66.32727242261171,11,-0.0025451583205722272,0.5472532287240028,0.1591438101604581
1844,0.235172332,1784956517.3057332,187.78153334514676,173.6118570006398,66.40351628698409,12,-0.0012253025779500604,0.9919225722551346,0.11702337581664324
1846,0.235172332,1784956517.618297,183.2381296656635,173.49815965585253,75.54459672421217,12,-0.0011444018164183944,1.0278032794594765,0.0839327983558178
1848,0.235172332,1784956517.8821518,163.10655210258162,174.0138660096019,84.99345910921693,11,-0.0004324463297962211,1.3482660837471485,0.05286489333957434
1850,0.235172332,1784956518.1460228,160.51519586678447,173.92790774941363,88.59594460949302,11,-0.00036051281495019794,2.999861419200897,0.051542322151362896
1852,0.235172332,1784956518.438644,169.0778239245513,173.78220827157682,92.95478641614318,9,-0.0013139205984771252,0.3858026247471571,0.1213263226673007
1854,0.235172332,1784956518.703723,180.71183547277934,173.22771865004842,72.551145253703,13,-0.0011771516874432564,1.6698100343346596,0.1105115432292223
1856,0.235172332,1784956518.96732,160.86573158748553,173.1933448502914,92.50740333274007,10,-0.002028607443207875,1.0173464380204678,0.07554144272580743
1858,0.235172332,1784956519.260494,175.85190409453332,173.6421104951152,77.9551115706563,11,-0.0012529141386039555,1.8667619302868843,0.15838337875902653
1860,0.235172332,1784956519.5283048,184.96570206882728,173.16721215513869,74.35961753688753,14,-0.0010679062288545538,1.5440118610858917,0.08261535316705704
1862,0.235172332,1784956519.820721,176.75097729878038,173.2800675906839,86.74877698346972,13,-0.001184040040243417,1.2097932770848274,0.09609215660020709
1864,0.235172332,1784956520.085998,170.45195424155358,173.75186976908012,86.09667967632413,11,-0.0014787305262871087,1.4831888005137444,0.17243809159845114
1866,0.235172332,1784956520.3518798,166.7519676500627,173.84342856631912,89.38166942819953,11,-0.0013134166947565973,0.9879673086106777,0.11201506247743964
1868,0.235172332,1784956520.641309,177.91261426726027,173.92912313234723,72.94070589542389,11,-0.0004434021975612268,0.6952099017798901,0.08622114034369588
1870,0.235172332,1784956520.909858,158.81358217243232,173.49717962675248,87.67102715186775,13,-0.001222677074110834,1.8405130952596664,0.07029739557765424
1872,0.235172332,1784956521.1790001,174.5326948347749,173.105122736163,79.6477880589664,12,-0.0011318130418658257,2.402884215116501,0.07935842638835311
1874,0.235172332,1784956521.467923,172.71484487182605,173.64092448074405,80.49638046696782,11,-0.0015889624773990363,1.5698813386261463,0.11016961932182312
1876,0.235172332,1784956521.7294981,188.68471299922368,173.303112617791,74.76770325005054,12,-0.0004983671824447811,0.8768817186355591,0.06170454272069037
1878,0.235172332,1784956522.0401611,178.83024897138807,173.01152850297854,76.89163441723213,9,-0.000883202999830246,1.656646579504013,0.08617679821327329
1880,0.235172332,1784956522.302907,182.07108632463144,172.44565445402313,80.29215428605676,9,-0.0017297587473876774,1.0427430756390095,0.17246766574680805
1882,0.235172332,1784956522.5676868,169.44584275565327,172.4007860061221,86.07287373766303,10,-0.0012089632218703628,0.5104282833635807,0.10197149123996496
1884,0.235172332,1784956522.860747,190.32902719806893,172.10083789071513,67.00003167800605,13,-0.0017103889404097572,1.7415119335055351,0.09300242736935616
1886,0.235172332,1784956523.124588,195.03957473394308,172.01657337162132,68.04505302198231,12,-0.0016001658514142036,1.2011074796319008,0.13516000285744667
1888,0.235172332,1784956523.385155,170.90830027696344,171.63679005208596,77.63146167621017,11,-0.0011676756548695266,1.588630460202694,0.09549160208553076
1890,0.235172332,1784956523.6727512,166.6048072832995,170.845450383122,86.400414776057,10,-0.001330247767327819,1.6458538472652435,0.13024421641603112
1892,0.235172332,1784956523.936793,171.82908317820167,170.6441153120155,85.51751601323485,11,-0.0005112152430228889,2.045784644782543,0.08989735459908843
1894,0.235172332,1784956524.226488,182.022888338583,170.4498427550026,75.6416895352304,11,-0.0007770013762637973,1.069454651325941,0.08060028590261936
1896,0.235172332,1784956524.4928901,178.22036919894623,170.53026813375791,78.49433484300971,11,-0.0008289709803648293,1.4637729190289974,0.08711699466221035
1898,0.235172332,1784956524.75624,146.10517796070786,169.99215427894333,104.90319539792836,15,-0.0018857211107388139,2.9303259402513504,0.11718462919816375
1900,0.235172332,1784956525.0480661,168.41809181348225,170.56615219739797,81.68489510193467,12,-0.0020471654715947807,1.1711009480059147,0.13495611818507314
1902,0.235172332,1784956525.313183,168.5561072353953,170.65780502898255,90.74798961728811,12,-0.000909723064978607,1.576651692390442,0.08410961250774562
1904,0.235172332,1784956525.575525,182.2681760239532,171.46661396705312,72.37299958243966,12,-0.0011327413085382432,0.6088462695479393,0.11204021377488971
1906,0.235172332,1784956525.868622,146.28120826266593,170.78336234793488,115.27197078987956,14,-0.00044349650852382183,2.4614760503172874,0.06422128109261394
1908,0.235172332,1784956526.139105,158.25142219580715,170.44667878086887,90.06095766229555,14,-0.001284272177144885,0.8827258460223675,0.07583828386850655
1910,0.235172332,1784956526.432548,156.30956919726097,170.77257737757046,97.24156099371612,13,-0.0009954858978744596,1.2046103738248348,0.0708288629539311
1912,0.235172332,1784956526.7177112,172.21744221670957,170.8398352938866,80.65605375543237,13,-0.0017446308047510684,2.4773142635822296,0.1408336851745844
1914,0.235172332,1784956526.9860759,151.38810756860178,170.17074122415198,103.91561442241073,12,-0.0001930220751091838,2.2899331972002983,0.0417287431191653
1916,0.235172332,1784956527.2775822,182.34296658457697,170.2369374419072,74.36666948720813,12,-0.0005118803819641471,0.36085639894008636,0.060664757154881954
1918,0.235172332,1784956527.542929,171.45089776009212,170.4088825803599,84.51651785895228,11,-0.0006436156545532867,0.4785330966114998,0.09234837838448584
1920,0.235172332,1784956527.807004,184.27852168163724,171.02924118133896,76.5990329273045,11,-0.002254347564303316,1.4457228407263756,0.1659229313954711
1922,0.235172332,1784956528.097881,164.52541611587245,171.08780534603636,100.67249178513885,15,-0.000989662905340083,1.6369452401995659,0.12551657017320395
1924,0.235172332,1784956528.363323,169.32637878739988,170.68591076205178,92.47843504324555,11,-0.0008220844902098179,0.7374034225940704,0.0844651791267097
1926,0.235172332,1784956528.654667,173.75101780666748,170.2130743131637,81.29444957524538,11,-0.001165884532383643,0.5015260726213455,0.08558487985283136
1928,0.235172332,1784956528.918397,173.12800913752622,170.34870703347326,78.80110013112426,13,-0.0017459537266404368,1.2923648729920387,0.14207794843241572
1930,0.235172332,1784956529.181917,143.0528668399621,169.81808014757942,115.79844177421182,15,-0.0018083363538607955,1.3719964772462845,0.15616808971390128
1932,0.235172332,1784956529.477343,175.17304989060258,169.78349945263378,73.43525882810354,11,-0.0004072320880368352,0.8104683719575405,0.06639055698178709
1934,0.235172332,1784956529.7432792,174.46761528694694,169.58560895771626,85.45718727260828,11,-0.0016679933323757723,0.9828580133616924,0.1287869606167078
1936,0.235172332,1784956530.010019,180.56447098937514,169.2800266802483,78.25672604888678,13,-0.0012926179042551666,1.7413774952292442,0.10256300726905465
1938,0.235172332,1784956530.303081,162.25395360091906,169.10472121214204,84.06208442896605,13,-0.0010109283903148025,0.3250252269208431,0.1488007763400674
1940,0.235172332,1784956530.568481,172.5598705092374,169.63868020468365,77.51511814445257,11,-0.0013742655282840133,1.5507386401295662,0.1025776588357985
1942,0.235172332,1784956530.859178,179.66153917938885,169.84595515649625,79.04692924208939,11,-0.0021632350981235504,1.3389525189995766,0.10708411270752549
1944,0.235172332,1784956531.131547,176.2519791358112,169.68126492387725,81.97609271109104,11,-0.001419303094735369,0.6740529574453831,0.1123452871106565
1946,0.235172332,1784956531.4193769,178.28698216930502,169.91658836463728,72.60010258853436,12,0.00022543035447597504,1.354631319642067,0.07673155702650547
1948,0.235172332,1784956532.15603,172.27125876691866,170.77094630655964,83.86315485835075,9,-0.0012385075388010591,0.4770746473222971,0.11475329613313079
1950,0.235172332,1784956532.4216,178.64364570332052,170.63810277847242,88.85135096311569,12,-0.0019117610645480454,2.7224954813718796,0.11123017594218254
1952,0.235172332,1784956532.68803,188.58398429606683,171.11304300572087,71.77738024666905,10,-0.0008716754673514515,0.7599601931869984,0.07463853363879025
1954,0.235172332,1784956532.9808588,174.10664657376947,170.84802685181566,76.65503545850515,11,-0.0011020032688975334,0.7038329932838678,0.11953646084293723
1956,0.235172332,1784956533.2463,169.69256919448893,171.61583699913714,96.51074143406004,11,-0.001643566763959825,2.6892039999365807,0.13470981270074844
1958,0.235172332,1784956533.53637,154.89212698252908,171.66723919834453,98.64243692532182,13,-0.0009433201084902976,2.5832503512501717,0.0957442750222981
1960,0.235172332,1784956533.802093,153.86542848953454,171.70784617072084,107.79670087248087,11,-0.0006235890105017461,4.668229356408119,0.10367978550493717
1962,0.235172332,1784956534.066931,182.09851965682515,172.0178216809856,78.11794227734208,10,-0.003292874083854258,0.44599906355142593,0.08102492266334593
1964,0.235172332,1784956534.4179552,186.2475088897828,172.93188002093584,70.28627247363329,11,-0.000833449204947101,0.5166440308094025,0.07758758589625359
1966,0.235172332,1784956534.706599,162.1073917598939,172.72311823783468,90.24834665283561,11,-0.002041444182395935,2.0587862581014633,0.12358338898047805
1968,0.235172332,1784956534.972776,174.4218532359371,172.0369514534606,82.69541776180267,13,-0.0006217116315383464,4.072695329785347,0.07415445288643241
1970,0.235172332,1784956535.265652,167.54901457498843,171.59741094861363,88.83033896051347,11,-0.0016100865614134818,0.7481140196323395,0.13851457834243774
1972,0.235172332,1784956535.5322711,185.42328208881133,171.34327007268266,72.95359931886196,13,-0.0014765405794605613,1.8449647352099419,0.14803593792021275
1974,0.235172332,1784956535.823691,177.0775384420927,171.77720970765347,81.63344542682171,11,-0.0006171173881739378,0.7267751581966877,0.07491229963488877
1976,0.235172332,1784956536.0871522,165.3872929194073,172.07907438623366,90.42070057336241,11,-0.0007553592440672219,1.9566249325871468,0.07688708021305501
1978,0.235172332,1784956536.3745642,163.68608812874825,172.3706470385824,90.61096595600247,11,-0.0014436166384257376,1.042331699281931,0.111472197342664
1980,0.235172332,1784956536.6740339,161.036081093404,172.0319511567053,96.03468037769198,13,-0.0009406113967997953,0.9082998521625996,0.09245297871530056
1982,0.235172332,1784956536.938648,155.20198272677072,172.17358631168867,99.2884476762265,8,-0.0007164869603002444,1.7566127628087997,0.04036258382257074
1984,0.235172332,1784956537.203152,178.95714216600462,172.67962581576614,85.81610480695963,10,-0.0017646717897150666,0.5605411101132631,0.1343668564222753
1986,0.235172332,1784956537.491345,172.81249687112197,172.78689263389595,81.19781212508678,11,-0.002426817431114614,0.8369484022259712,0.13957790192216635
1988,0.235172332,1784956537.753014,172.33534782651847,173.3180432398536,79.03778670728207,12,-0.0009046397171914577,1.0889163613319397,0.07793326349928975
1990,0.235172332,1784956538.04576,162.46142314276378,172.51330863053175,97.24661465920508,14,-0.0012336535437498242,1.1247326992452145,0.09642080753110349
1992,0.235172332,1784956538.31152,188.51568390724267,172.80217658480268,66.7095561940223,11,-0.0017289279494434595,1.2485370710492134,0.13821065425872803
1994,0.235172332,1784956538.574708,178.72352814761678,173.2001106138926,71.21646448876709,12,-0.004508489277213812,0.9338407069444656,0.1700634565204382
1996,0.235172332,1784956538.865911,175.7236034895901,173.13595631359308,79.76364963315427,11,-0.0010851533734239638,0.7213235720992088,0.11197066120803356
1998,0.235172332,1784956539.127093,169.84959101087497,172.09659622920495,85.1204447671771,11,-0.0006734383932780474,2.0389472767710686,0.0655416464433074
2000,0.255733707,1784956539.75963,163.869028721754,171.52727800780644,92.31989181786776,12,-0.001192758500110358,1.3494593352079391,0.08423362020403147
2000,0.255733707,1784956539.75963,163.869028721754,171.52727800780644,92.31989181786776,12,-0.001192758500110358,1.3494593352079391,0.08423362020403147
