_step,_runtime,_timestamp,train/reward,train/reward_rolling_avg,train/distance,train/consumption,train/actor_loss,train/critic_loss,train/entropy
2,0.170954083,1785042910.525889,-2380.0166432596925,-2260.216603277978,2288.8121239691973,131,-0.006776742957299575,12736.700988769531,0.6929816417396069
4,0.170954083,1785042910.827151,-2659.254986974317,-2380.4172620454738,2429.8199383467436,155,-0.0070923166058491915,7867.083740234375,0.6922612600028515
6,0.170954083,1785042911.882199,-634.461959123857,-1979.1260298031593,1234.0919491127133,82,-0.011011498980224133,815.0763130187988,0.5852771140635014
8,0.170954083,1785042912.926014,-121.63480047797476,-1528.1117934222398,592.7298710495234,46,-0.005866354331374168,24.18693447113037,0.4007159434258938
10,0.170954083,1785042913.9300292,73.14372133191502,-1215.1043530257064,249.19711250811815,27,-0.0009191314456984401,26.319130182266235,0.36970338225364685
12,0.170954083,1785042914.317146,-59.08698731622944,-1016.8216174389735,470.6320989280939,38,-0.010959922263282351,4.349008694291115,0.30401654727756977
14,0.170954083,1785042914.960076,113.39404620436429,-858.6571006656675,157.53461956232786,17,-0.003753419849090278,12.734953761100769,0.2711270861327648
16,0.170954083,1785042915.992021,151.66023165826445,-734.6023014887356,98.54181587323546,9,-0.0008451166795566678,13.074359834194183,0.181123117916286
18,0.170954083,1785042916.3018298,119.82539113995027,-640.3375400293685,155.18191058188677,9,-0.00140412210021168,4.610432550311089,0.1465665204450488
20,0.170954083,1785042916.58657,122.84074981626063,-564.7983458938011,154.2851777970791,8,-0.0019081421778537333,11.69373020529747,0.17106020636856556
22,0.170954083,1785042916.864172,132.39728192991367,-501.3600582044857,120.43612798303366,12,-0.0011960569536313415,3.6291828751564026,0.12466078530997038
24,0.170954083,1785042917.120553,117.32021820806837,-449.60544458479654,155.04221788793802,16,-0.002592338089016266,3.868916377425194,0.24924485199153423
26,0.170954083,1785042917.372513,122.17396147867908,-405.9032467236488,152.11562329530716,15,-0.0017849100404419005,16.62551462650299,0.18257637321949005
28,0.170954083,1785042917.647722,146.49972039810805,-367.49158430394215,140.49941298365593,11,-0.001935391075676307,8.045169979333878,0.1885543428361416
30,0.170954083,1785042917.947356,113.44077255118556,-334.84878563860747,168.56122836843133,14,-0.005036927206674591,2.7696482688188553,0.16577321104705334
32,0.170954083,1785042918.214402,140.61680395158825,-305.20233467013674,120.23026083409786,9,-0.0015576740624965169,17.6973095536232,0.1439349176362157
34,0.170954083,1785042918.54322,138.7740886025843,-279.1317379365099,116.57679660618305,12,-0.002314342767931521,1.5896542146801949,0.19550347793847322
36,0.170954083,1785042918.806391,78.6240867112435,-257.5760214328884,158.21229070052505,5,-0.0015365482831839472,25.480390548706055,0.15726587921380997
38,0.170954083,1785042919.097476,142.99846519971652,-237.1855069584249,120.63732672482729,12,-0.003631922765634954,2.4064171835780144,0.10917588882148266
40,0.170954083,1785042919.382401,135.02229759292783,-218.58082511066178,128.32833497226238,10,-0.0017915413482114673,5.37561708688736,0.15771124605089426
42,0.170954083,1785042919.641073,125.20231769001339,-202.6085180389888,150.69729947298765,11,-0.0015650837740395218,21.974761724472046,0.14446373749524355
44,0.170954083,1785042919.922573,141.06657171354115,-187.17507128974177,123.90594335645437,10,-0.004790096514625475,3.993002250790596,0.2627280140295625
46,0.170954083,1785042920.178656,137.87896840262883,-173.1403202829952,120.94220344536006,14,-0.0031148201087489724,3.052609845995903,0.2651071958243847
48,0.170954083,1785042920.43753,84.48840938087875,-161.9973542625353,205.26862651109695,25,-0.0007536312914453447,5.52878911793232,0.350318843498826
50,0.170954083,1785042920.7466109,42.85425384726331,-152.6178426926854,272.9451945871115,34,-0.002027201931923628,3.783201515674591,0.3965609334409237
52,0.170954083,1785042921.026206,68.12254803679886,-58.78595969216111,250.47183999419212,23,-0.007474625061149709,5.723569363355637,0.2598061366006732
54,0.170954083,1785042921.304945,114.78913277565512,45.663338018422536,174.94850286096334,10,-0.0034382318262942135,1.387473702430725,0.25022726971656084
56,0.170954083,1785042921.556399,123.3668431259662,97.6881063703198,127.83088063076138,13,-0.0023375381715595722,1.8317565396428108,0.2163140894845128
58,0.170954083,1785042921.816132,138.4446008751812,110.31534072575934,130.58211060613394,11,-0.0018941953603643924,3.0702757835388184,0.18120029754936695
60,0.170954083,1785042922.12339,120.25546671209717,113.99326966264846,137.38261374086142,11,-0.002295428537763655,2.200696639716625,0.23192254826426506
62,0.170954083,1785042922.762897,138.0125658914523,121.0276583812959,126.52361937239766,18,-0.0025078781181946397,1.0935132838785648,0.20171578042209148
64,0.170954083,1785042923.015541,137.45745612811106,123.22634643575766,126.95510519295931,8,-0.001581692777108401,5.583251431584358,0.17853183392435312
66,0.170954083,1785042923.296315,131.20115913838825,122.79101481764391,142.57035580649972,9,-0.001842680328991264,2.960064932703972,0.18607366364449263
68,0.170954083,1785042923.554024,128.19235830481642,123.05716382192023,139.0917724147439,11,-0.00395486930210609,1.4546279683709145,0.2366130668669939
70,0.170954083,1785042923.837138,120.92958173288463,123.19504842190582,137.94471107795835,14,-0.002390052381088026,1.0227477997541428,0.24267450161278248
72,0.170954083,1785042924.0964859,110.57397398587882,122.4735866244526,148.17824659496546,14,-0.0031224224949255586,0.975216306746006,0.23021021392196417
74,0.170954083,1785042924.3521438,124.80664988136888,122.35187785076634,140.17404643073678,15,-0.0022711618221364915,1.5412109196186066,0.1906305206939578
76,0.170954083,1785042924.631498,116.31231846737936,122.5179275833306,144.46160838752985,11,-0.006332714343443513,2.275141589343548,0.26546396408230066
78,0.170954083,1785042924.889545,114.94641262626253,121.85125043920138,159.94242487847805,13,-0.002796451444737613,0.8837125934660435,0.2698662765324116
80,0.170954083,1785042925.172139,127.14789305024777,121.17872171682306,139.68760624155402,13,-0.0038474766770377755,5.909229636192322,0.19924950320273638
82,0.170954083,1785042925.452225,128.53909249854985,121.24737914728863,149.15924301743507,11,-0.0027765887207351625,1.3524585403501987,0.2521638534963131
84,0.170954083,1785042925.707716,120.11769667674925,120.39202079452897,133.3163572102785,10,-0.002721474156714976,4.712984219193459,0.22209679894149303
86,0.170954083,1785042926.022014,118.2664525993489,120.81316649594659,143.8348868712783,14,-0.0036543614114634693,2.468223415315151,0.19506647530943155
88,0.170954083,1785042926.281899,132.77048896315827,121.11552995732903,130.15155859291553,17,-0.0030673423025291413,2.674999989569187,0.17734667379409075
90,0.170954083,1785042926.563128,117.06609030915904,120.44517017335409,147.91651287674904,13,-0.0004766967467730865,4.261626526713371,0.2198858903720975
92,0.170954083,1785042926.840344,129.99492051433887,121.249459196261,134.96270723082125,16,-0.004464554134756327,1.1895672604441643,0.20984081365168095
94,0.170954083,1785042927.096938,100.12285767712972,119.86111303554176,181.46447272785008,22,-0.001408586002071388,4.505470708012581,0.21247877087444067
96,0.170954083,1785042927.3673658,102.29753731347766,119.0440973901899,166.11046026274562,11,-0.0025412191171199083,5.66392657160759,0.23732321057468653
98,0.170954083,1785042927.647753,126.71638299515125,120.68334639808928,147.28227703273296,13,-0.002962325350381434,2.465054713189602,0.12427355395630002
100,0.170954083,1785042927.9371562,132.3135166669544,122.89238954569069,124.4144242927432,10,-0.002675990166608244,2.205133281648159,0.19745019730180502
102,0.170954083,1785042928.266989,116.1035180126869,124.51124423041692,127.28939154371619,12,-0.004808424215298146,1.1315286792814732,0.18863626942038536
104,0.170954083,1785042928.545208,131.05770463058752,125.06743928209914,158.94379298761487,15,-0.0026565194712020457,2.5053590163588524,0.22944770753383636
106,0.170954083,1785042928.836288,128.11624623203966,125.02474657584153,128.80849448964,17,-0.0031225873244693503,1.7594422399997711,0.22277057822793722
108,0.170954083,1785042929.1366441,118.45628000051634,124.92923975599525,152.49288867413998,9,-0.0013692969223484397,2.2136944085359573,0.18708313256502151
110,0.170954083,1785042929.441059,111.90304035950818,124.60885731929694,165.90192162245512,12,-0.0026540353428572416,2.0486791878938675,0.2634662911295891
112,0.170954083,1785042929.70948,138.04108208510962,123.83458187440684,140.89136707037687,14,-0.0032762097398517653,1.2400131523609161,0.30612417683005333
114,0.170954083,1785042930.003117,153.0144183130379,123.49850864705942,113.67723663151264,11,-0.0062425741343759,2.990221954882145,0.20626987423747778
116,0.170954083,1785042930.277087,118.61139940602875,123.59475688706301,134.78204276319593,11,-0.001159741310402751,2.649921491742134,0.1836692150682211
118,0.170954083,1785042930.569854,123.83539689704305,124.32578269074955,124.97833101451397,12,-0.0017962080601137131,1.683740273118019,0.16912517324090004
120,0.170954083,1785042930.866587,130.6284409172944,125.06900221581849,133.35781180113554,12,-0.0018578300951048732,2.491135135293007,0.2262150440365076
122,0.170954083,1785042931.142367,137.21486344573947,126.11114405801698,125.32716063410044,13,-0.001875094254501164,3.2896769493818283,0.171302973292768
124,0.170954083,1785042931.437263,142.25671800676426,126.90423131248326,116.14169601723552,14,-0.0023299220483750105,1.8518448173999786,0.2376326760277152
126,0.170954083,1785042931.709847,140.98331042120378,127.98893612014515,138.6168581880629,11,-0.0036412435001693666,2.7901469469070435,0.2811500672250986
128,0.170954083,1785042931.983017,138.78918219457307,128.3152189473084,126.36889227479696,12,-0.0021443469740916044,3.964948743581772,0.17013414110988379
130,0.170954083,1785042932.3095229,153.49951320897677,130.17597143523412,113.6635619699955,12,-0.00272606938960962,2.8328664153814316,0.15610058326274157
132,0.170954083,1785042932.58472,113.41169541680006,129.89230529732467,142.72865557298064,12,-0.0009181240457110107,3.1992615535855293,0.17185017745941877
134,0.170954083,1785042932.914838,133.0234459672047,130.56947628758823,139.34585932642221,12,-0.0018345931021030992,2.111553877592087,0.2052628705278039
136,0.170954083,1785042933.192075,126.34121651058781,130.93992179218904,124.78748759254813,10,-0.00176395864400547,1.7793562784790993,0.17619999777525663
138,0.170954083,1785042933.4475222,131.36510926861487,130.58635092688144,124.51420778036118,15,-0.002801095019094646,2.031580865383148,0.24633264355361462
140,0.170954083,1785042933.754997,140.56835176660343,131.58173305915454,125.00099316984415,13,-0.0022800734150223434,1.8735252767801285,0.2522650985047221
142,0.170954083,1785042934.014188,121.89171474331036,130.9987864002615,151.64941617660224,13,-0.0008854981570038944,3.121546745300293,0.15108685102313757
144,0.170954083,1785042934.26608,121.76191253632155,132.32899780690366,125.55211569368839,12,-0.004026599519420415,3.350320875644684,0.2058811653405428
146,0.170954083,1785042934.543513,140.16094428829385,133.33407934241689,129.23041360080242,9,-0.002533543563913554,1.6723283380270004,0.13029834534972906
148,0.170954083,1785042934.8020182,147.05790763939515,133.16543118034699,111.55567259341478,9,-0.0026708950754255056,1.3120942488312721,0.17091102711856365
150,0.170954083,1785042935.102526,109.2494586304579,133.1276497871338,145.14197494462132,15,-0.004593988734995946,1.0199908167123795,0.22097386699169874
152,0.170954083,1785042935.356351,129.40713831642526,133.37725352800538,130.9476831778884,17,-0.0025830587837845087,1.5982042625546455,0.23810193315148354
154,0.170954083,1785042935.614742,140.78810263923702,133.70387377333947,117.5937784127891,14,-0.0019724607409443706,2.0100750997662544,0.16205126605927944
156,0.170954083,1785042935.893358,144.53494570812046,134.34222601007627,117.2007651925087,12,-0.002408857602858916,2.822564512491226,0.22424947191029787
158,0.170954083,1785042936.1498308,141.84436442559152,134.40920592516525,120.4766321927309,12,-0.001799805264454335,1.3641537055373192,0.12869503069669008
160,0.170954083,1785042936.4361768,139.93512830472835,135.19626308924447,113.74743550270796,11,-0.002056545519735664,2.1522667557001114,0.2019154578447342
162,0.170954083,1785042936.712066,141.82560421777595,136.02695818068736,117.22616912052035,7,-0.00380400987342,1.373228508979082,0.24300647899508476
164,0.170954083,1785042936.963211,139.62511533250316,136.36416852580095,112.79908312112093,10,-0.0031347458134405315,2.3806829899549484,0.20351634174585342
166,0.170954083,1785042937.62082,145.27816564111055,137.71327971456674,115.86036269087344,9,-0.0029793076682835817,1.0197340808808804,0.24778048042207956
168,0.170954083,1785042937.887635,140.41178492830653,137.58320574758548,113.58505516499281,15,-0.0013785898336209357,3.0228253975510597,0.15428632870316505
170,0.170954083,1785042938.1650088,148.41511705640983,138.02102012734167,106.32847928255796,15,-0.003134529455564916,1.5666288137435913,0.28733686823397875
172,0.170954083,1785042938.4454029,132.3740420532224,138.1544371175898,132.08895699307323,9,-0.0028486031224019825,1.6612937152385712,0.19436305947601795
174,0.170954083,1785042938.698613,141.26251944658858,138.04729635286733,113.21231178939342,12,-0.008207439619582146,1.128014262765646,0.26750495843589306
176,0.170954083,1785042938.94998,124.93216269703656,137.2209743720406,129.68279535323381,14,-0.003829411609331146,1.8367987498641014,0.203774887137115
178,0.170954083,1785042939.226305,156.03788475912052,138.44337276466698,109.04568749666214,11,6.617361214011908e-05,1.410782802850008,0.21099031437188387
180,0.170954083,1785042939.5105238,142.80717187628554,138.0192292756836,113.99606950767338,9,-0.0017140265554189682,1.6602360531687737,0.16797246225178242
182,0.170954083,1785042939.793459,111.1315885160684,137.44262574858809,142.2225195094943,17,-0.0038485073600895703,1.463736366480589,0.26502662897109985
184,0.170954083,1785042940.045815,126.55780198393131,137.34348030955337,132.33315989375114,15,-0.0018256355542689562,1.8108932673931122,0.14981659967452288
186,0.170954083,1785042940.301126,143.67644286102697,137.61747933338333,125.76644368469715,15,-0.0013285967434057966,2.360803008079529,0.15268197376281023
188,0.170954083,1785042940.580172,167.56229984356148,138.46886309545522,87.56896119564772,12,-0.0015721197705715895,2.6844340711832047,0.206266894005239
190,0.170954083,1785042940.860611,133.0860138848026,138.17165199210103,131.4800026267767,13,-0.00263480213470757,3.259149596095085,0.18632654752582312
192,0.170954083,1785042941.115488,123.91902684232558,138.39700572490966,126.27078161109239,15,-0.0046961025218479335,1.8729881718754768,0.3292006589472294
194,0.170954083,1785042941.427219,135.62890632515783,138.88314187965216,122.35849565267563,13,-0.002098500815918669,1.7205835729837418,0.2804845869541168
196,0.170954083,1785042941.685109,156.20531222634338,139.3043081280701,98.69848492741585,14,-0.001198656580527313,2.338885560631752,0.15540170948952436
198,0.170954083,1785042941.9650419,148.69374575385024,140.0686646422764,117.6367896553129,13,-0.0024578312295489013,2.461545318365097,0.13009085413068533
200,0.170954083,1785042942.244009,136.05913676910492,140.2403319906604,116.98679822683334,12,-0.005833203176734969,1.2181847132742405,0.2815585471689701
202,0.170954083,1785042942.497532,127.3177379038549,140.77760104238553,121.26631933450699,16,-0.004008826130302623,1.8314182832837105,0.32914085127413273
204,0.170954083,1785042942.775095,130.1974185734583,141.03310235104422,135.29320129938424,11,-0.002538263754104264,1.8028419986367226,0.21523180790245533
206,0.170954083,1785042943.0401258,150.7747722320411,141.5162810344724,108.48414074629545,14,-0.0026921605895040557,1.6590966805815697,0.21965316124260426
208,0.170954083,1785042943.2948868,171.2994637651191,141.70284349109664,90.02131894230843,14,-0.0055241191876120865,4.435466483235359,0.2196922367438674
210,0.170954083,1785042943.597652,153.9055694703436,141.83475821445484,103.45367655158043,12,-0.002019293373450637,2.2350724190473557,0.24281990434974432
212,0.170954083,1785042943.853211,141.6403416054078,141.42743422757093,113.38333303295076,13,-0.002679775847354904,1.5605617463588715,0.17239779233932495
214,0.170954083,1785042944.133308,157.47100772295053,141.04311591181624,100.38308446854353,10,-0.0052770545007660985,1.0474443137645721,0.2381302323192358
216,0.170954083,1785042944.3883579,163.09632571596018,140.43627805756168,106.18469797819853,16,-0.003635874018073082,1.7463349178433418,0.31970890052616596
218,0.170954083,1785042944.643244,150.1592385802219,141.16306746822906,103.35216447710991,20,-0.0032519559608772397,2.4120419174432755,0.36411902494728565
220,0.170954083,1785042944.95859,159.5862104686473,141.2817678347303,102.22414496913552,14,-0.002630037604831159,0.9326461274176836,0.279385207220912
222,0.170954083,1785042945.232459,112.14091725019176,140.96652818734327,158.31065659970045,16,0.00041174254147335887,5.60035914182663,0.17561264522373676
224,0.170954083,1785042945.504742,142.5423013682611,140.61755624817928,126.82794197648764,12,-0.0030894065130269155,2.317222721874714,0.20150643959641457
226,0.170954083,1785042945.8412092,126.2362077821883,141.21590289316302,144.67766500636935,16,-0.002132560810423456,0.785234097391367,0.19035135209560394
228,0.170954083,1785042946.110516,152.21744112557903,140.33624934043772,108.19285568222404,13,-0.001597902155481279,2.0885373279452324,0.1147530791349709
230,0.170954083,1785042946.434719,164.67882617119773,140.9711474468841,94.15954879671335,8,-0.003220622835215181,0.9635807015001774,0.2245423635467887
232,0.170954083,1785042946.6895108,163.2227222481806,142.47579910091525,111.2096942178905,12,-0.006164641701616347,1.4342103525996208,0.23483171686530113
234,0.170954083,1785042946.950542,146.2494779025895,143.53021194634704,112.64977559819818,13,-0.0025084525696001947,1.5406074449419975,0.22680733911693096
236,0.170954083,1785042947.280403,144.11867538599276,144.0367103976247,119.06485036760569,10,-0.0014019298760103993,1.124989751726389,0.15632003545761108
238,0.170954083,1785042947.539959,150.68379615225686,143.71026103611572,112.1274769231677,11,-0.0028833154356107116,3.0440013483166695,0.25338131561875343
240,0.170954083,1785042947.823803,150.4842456227184,144.48497521988338,109.22794169187546,13,-0.0007019047043286264,2.5626349598169327,0.21520361583679914
242,0.170954083,1785042948.1017349,152.0416883241568,144.9746662014645,107.72598963603377,13,-0.002359967736992985,0.7883682288229465,0.2518742075189948
244,0.170954083,1785042948.355551,155.62055632632013,145.19385618526897,97.66119220852852,10,-0.001161407635663636,2.7812998443841934,0.2337418906390667
246,0.170954083,1785042948.663336,139.0607501358444,145.00209205715544,119.38930688798428,14,-0.0009514734847471118,3.607583999633789,0.137438356410712
248,0.170954083,1785042949.045111,158.78820823445548,144.88537868083134,92.86242691799998,11,-0.0027223140350542963,1.3558558151125908,0.2636075671762228
250,0.170954083,1785042949.664374,168.92472279961362,146.11449888820925,90.53272626549006,14,-0.0027556647546589375,1.1785291321575642,0.2659354954957962
252,0.170954083,1785042949.974572,148.6308767264532,146.45512796513339,110.83966805040836,14,-0.002499645168427378,2.0186736807227135,0.2141509372740984
254,0.170954083,1785042950.254158,160.01490855416344,147.5253958325005,94.73323056474328,10,-0.002674004004802555,0.8917666338384151,0.2428873423486948
256,0.170954083,1785042950.514027,130.39287602860628,146.99010497336846,142.64428931847215,12,-0.0022707293537678197,1.992912009358406,0.1989109180867672
258,0.170954083,1785042950.795263,166.7297935619006,147.5428949663744,83.24563213065267,13,-0.002310434079845436,2.0637494027614594,0.2809475539252162
260,0.170954083,1785042951.0902982,159.8699717195504,148.06886750410763,99.17197896912694,9,-0.0030837223603157327,1.863156482577324,0.2450575502589345
262,0.170954083,1785042951.373593,137.45356260520893,147.8839972625092,121.94588834047318,15,-0.003552226145984605,0.808525163680315,0.20933050103485584
264,0.170954083,1785042951.629527,149.85108800493555,148.48435011770707,115.8856215402484,10,-0.004794110587681644,1.5364688411355019,0.3292258195579052
266,0.170954083,1785042951.882574,148.06106285295533,149.06759971001708,106.64480823278427,14,-0.004243324758135714,0.9025755506008863,0.29795422591269016
268,0.170954083,1785042952.1602628,159.9788155147989,149.14008234241027,104.4427987486124,9,-0.0020011410233564675,1.8995034396648407,0.2025904944166541
270,0.170954083,1785042952.440823,154.72342781052652,148.77287626176022,101.23467219248414,13,-0.0023842232330935076,1.8462965078651905,0.21431216690689325
272,0.170954083,1785042952.701073,144.23725383374725,149.41100988298078,117.883316103369,11,-0.0034557588514871895,1.9763269945979118,0.2538316110149026
274,0.170954083,1785042952.982914,145.826977164414,150.46490108667865,113.39156447350979,14,-0.004093571042176336,2.1172089278697968,0.2708483086898923
276,0.170954083,1785042953.2390232,152.83032299508693,150.71253194366074,105.33945498988032,13,-0.0024992401158669963,2.1091166473925114,0.18940664548426867
278,0.170954083,1785042953.518235,157.1679653929917,151.71671894758433,110.75633196160197,14,-0.00233136722818017,2.1716737374663353,0.26462682615965605
280,0.170954083,1785042953.7994518,125.64996434038234,150.67047267710683,133.95929643511772,16,-0.003872445275192149,0.9908796958625317,0.31433277763426304
282,0.170954083,1785042954.0518348,153.54191939082955,150.4416184657636,103.39412544667721,15,-0.003767562215216458,1.0551409609615803,0.2955413246527314
284,0.170954083,1785042954.329709,111.88971116911415,149.39049527612949,153.04879939183593,18,-0.003687048243591562,2.402177020907402,0.2862376533448696
286,0.170954083,1785042954.586657,138.65326152898396,149.38088632557444,133.04733066633344,15,-0.004805004660738632,2.116767220199108,0.3269324582070112
288,0.170954083,1785042954.838469,133.28619394761864,149.71503841151397,116.71913455054164,15,-0.004087547000381164,2.901676766574383,0.25890144892036915
290,0.170954083,1785042955.1381178,161.13994059358458,149.34218504587193,99.23006298393011,11,-0.004576871462631971,1.8197612389922142,0.31111408583819866
292,0.170954083,1785042955.39249,157.51277322133038,149.58520272751613,92.6874940879643,12,-0.0032690300868125632,2.039422355592251,0.2353612780570984
294,0.170954083,1785042955.671077,150.01424958248194,149.44093140749567,107.4192996583879,12,-0.0026878101052716374,2.15924946218729,0.22961202636361122
296,0.170954083,1785042955.9238982,148.14933313632906,149.3414740794664,113.2098294235766,12,-0.005499231687281281,3.8585343211889267,0.3169085457921028
298,0.170954083,1785042956.2185721,164.11823467143114,149.6701629575962,94.6145403161645,13,-0.002502182964235544,3.01993690431118,0.26396144833415747
300,0.170954083,1785042956.521433,148.4283588055729,148.97208712431112,100.50799718312919,13,-0.0059527617413550615,0.952809065580368,0.2978147603571415
302,0.170954083,1785042956.776298,144.38000056870027,148.84979417182913,100.7869448531419,13,-0.0029431877192109823,1.4174001216888428,0.24621527455747128
304,0.170954083,1785042957.032804,127.10070103440282,147.87427270394625,149.95276376232505,15,-0.0021720812655985355,2.6276956275105476,0.33087992668151855
306,0.170954083,1785042957.3341691,162.90940197564663,148.65176545962748,107.85000976920128,12,-0.0026309342501917854,1.8074175342917442,0.23141193389892578
308,0.170954083,1785042957.6145852,154.75331651963157,148.54839887923444,103.94115521758795,15,0.0008379376376979053,2.6286351531744003,0.17453257273882627
310,0.170954083,1785042957.9313338,127.64687915566988,147.52484202906942,123.85570847988129,15,-0.0030525340407621115,0.9675613604485989,0.30681683495640755
312,0.170954083,1785042958.1912901,152.588151139419,148.3153511735752,104.13073283992708,13,-0.0018124439229723066,1.3047135807573795,0.29225650522857904
314,0.170954083,1785042958.4459221,152.14562548914094,148.45430493293645,109.8378511890769,11,-0.0016870274557732046,3.489476040005684,0.19560455717146397
316,0.170954083,1785042958.731074,149.3453373064034,148.26650390671014,118.0181869380176,13,-0.0016378075160901062,1.7563631013035774,0.18973063863813877
318,0.170954083,1785042958.9901178,152.28754505768157,147.92996118395698,110.82494426518679,12,-0.0019948561675846577,0.7748249303549528,0.1933409059420228
320,0.170954083,1785042959.26835,148.11885993813513,148.14128263603024,109.44090281426907,14,-0.0008383833919651806,1.890037089586258,0.21563144586980343
322,0.170954083,1785042959.547222,117.78090903894955,147.42098743251182,150.54391979053617,17,-0.006660091923549771,1.5671619847416878,0.21837071143090725
324,0.170954083,1785042959.810466,137.65242590664923,146.76575393829998,121.70045385602862,14,-0.0034568850533105433,1.5651976615190506,0.2556443437933922
326,0.170954083,1785042960.08554,164.36890210187644,147.169846593647,99.46199563518167,9,-0.0014075029757805169,1.3426803387701511,0.12170788645744324
328,0.170954083,1785042960.341595,140.49924581994728,146.6554389744715,111.86431457847357,10,-0.002560998225817457,1.4488089755177498,0.13844326557591558
330,0.170954083,1785042960.620363,152.72124307102058,147.6055051752001,103.32553386315703,11,-0.005460853804834187,3.703895404934883,0.30218582786619663
332,0.170954083,1785042960.905083,149.65495367702542,147.90644562216073,105.62452213466167,11,-0.004432957852259278,0.614812919870019,0.289760603569448
334,0.170954083,1785042961.161803,138.84407746725464,148.16979688278096,109.14515659958124,13,-0.00358138739829883,1.158224031329155,0.2874166266992688
336,0.170954083,1785042961.420119,149.3855348800656,148.25779800606833,101.7607696801424,14,-0.004604814981576055,1.1548810228705406,0.3421354331076145
338,0.170954083,1785042961.742893,124.61070347563145,147.2696148756781,137.0818543024361,17,-0.0035779121099039912,1.5934011191129684,0.32288227044045925
340,0.170954083,1785042962.025512,157.78823698125322,147.36302721391957,107.81323395483196,17,-0.0010619945751386695,2.184130683541298,0.1533553432673216
342,0.170954083,1785042962.6991181,149.88070750787975,147.97937237953917,114.47485073655844,12,-0.0015389783075079322,1.7556181028485298,0.1166099994443357
344,0.170954083,1785042962.952617,170.51744822267943,148.62612893251892,83.61471531912684,12,-0.0005936034576734528,1.1932887807488441,0.22018212266266346
346,0.170954083,1785042963.206798,142.60482391640298,148.97585085020918,105.34319349750876,14,-0.005461976339574903,2.6492762863636017,0.31303313933312893
348,0.170954083,1785042963.483417,146.026154315983,148.71967845143928,112.53408011049032,13,-0.0022523999214172363,1.2434043511748314,0.18447263166308403
350,0.170954083,1785042963.769587,145.20831651566587,148.44095317709204,107.39478161931038,15,-0.0054442607797682285,1.430809311568737,0.2561238342896104
352,0.170954083,1785042964.024482,164.94610716497513,148.64986070006506,91.38174448162317,13,-0.0031273001804947853,2.0677687004208565,0.28671302273869514
354,0.170954083,1785042964.305006,147.38182674530606,148.85765393022527,118.77038695663214,11,-0.002254092614748515,1.4727904498577118,0.1977422684431076
356,0.170954083,1785042964.5576441,137.8507459799888,148.218339427092,130.5588481388986,13,-0.0006653640884906054,3.193142130970955,0.16677991161122918
358,0.170954083,1785042965.2083871,176.55465386471988,148.51119092208154,77.18734554946423,11,-0.002352786308620125,0.8735013157129288,0.17776243202388287
360,0.170954083,1785042965.517699,145.88096334136148,149.321850323839,105.50271414965391,10,-0.0038694642717018723,1.2146993316709995,0.3619880061596632
362,0.170954083,1785042965.773613,143.9944894173135,149.3814869883586,106.3429590575397,11,-0.004214004497043788,1.9813153520226479,0.3358936719596386
364,0.170954083,1785042966.06159,149.19428908578303,149.22927806994502,108.26501912996173,13,-0.004946566325088497,1.5108204036951065,0.19341322220861912
366,0.170954083,1785042966.315419,149.97642964823297,149.2919764459388,97.82647508382797,14,-0.01000277791172266,1.350263126194477,0.33548205718398094
368,0.170954083,1785042966.571585,137.06081979472376,149.43115575377547,128.45968839153647,17,-0.006004585913615301,2.4100300446152687,0.2816061628982425
370,0.170954083,1785042966.870959,148.44475714461345,149.39894219934268,111.91335723549128,15,-0.0034724046563496813,1.8883234784007072,0.2953923847526312
372,0.170954083,1785042967.125102,163.1565713504574,150.58290374016175,95.05344811454415,13,-0.0019504767114995047,2.3514328971505165,0.24929815903306007
374,0.170954083,1785042967.398734,163.85378208950462,151.35240351529157,82.2011394589208,13,-0.0013654912472702563,1.5258829295635223,0.18144028168171644
376,0.170954083,1785042968.065388,171.7666399363541,151.96032112496587,90.54944576509297,12,-0.005872154943062924,2.2606285735964775,0.24615462124347687
378,0.170954083,1785042968.320504,151.36392800277883,152.53570473840324,111.06935429573059,17,-0.005500255560036749,2.1966964304447174,0.361101184040308
380,0.170954083,1785042968.678715,153.03485876178257,152.34047746916943,99.6689534522593,15,-0.002035277080722153,2.183520369231701,0.2495455453172326
382,0.170954083,1785042968.939747,159.31923623382957,151.89826905469502,99.50329745002091,17,-0.003031848988030106,0.8178565986454487,0.2431484842672944
384,0.170954083,1785042969.2202291,153.55473462045435,152.61073465467334,107.24073953554034,12,-0.004892726778052747,2.609856963157654,0.332934208214283
386,0.170954083,1785042969.503862,160.40864815405033,152.60472457453454,92.99918384850025,13,-0.008394609845709056,1.3659561090171337,0.29590189177542925
388,0.170954083,1785042969.7549272,152.26692191120674,153.59298912124228,97.10094487667084,11,-0.002559396147262305,2.0714529380202293,0.25670091435313225
390,0.170954083,1785042970.051554,128.9636236301362,153.31767122764123,132.3439043983817,10,-0.0004251327191013843,4.46552412211895,0.09612953942269087
392,0.170954083,1785042970.304845,144.89076755717934,153.0018732632591,104.8126507140696,14,-0.003396386746317148,0.510031895712018,0.2577923648059368
394,0.170954083,1785042970.558045,153.5605741431927,152.09784879434804,119.31862382590771,12,-0.004460125201148912,3.728450432419777,0.28750747814774513
396,0.170954083,1785042970.835237,156.3515786457026,152.2151085285005,100.90422436594963,10,-0.00186522287549451,0.8812648542225361,0.19878035224974155
398,0.170954083,1785042971.0917828,151.51657420008686,152.1498607511396,101.51804990693927,12,-0.004221734590828419,0.9685109667479992,0.3191826529800892
400,0.170954083,1785042971.368632,138.35985555672457,152.11120460849202,129.56064342334867,13,-0.0032342309423256665,2.0931339785456657,0.2639237493276596
402,0.170954083,1785042971.6585019,153.17077477464287,151.85188008279275,106.36831142939627,15,0.003060700459172949,2.4564082473516464,0.3252713270485401
404,0.170954083,1785042972.285602,158.05318175593132,152.7696911315873,101.68959069624543,11,-0.0022204756387509406,2.324654057621956,0.27724848315119743
406,0.170954083,1785042972.566159,150.5616156831604,153.3541765613321,105.63087411597371,14,-0.002871029544621706,1.3417655527591705,0.28990068938583136
408,0.170954083,1785042972.844532,161.16252336382627,153.6095860402387,94.82288469746709,12,-0.004060734179802239,0.8062666468322277,0.31167343258857727
410,0.170954083,1785042973.1515021,159.45576496193317,154.16033539316751,98.48952401429415,11,-0.0058152720594080165,1.0530052073299885,0.32844152860343456
412,0.170954083,1785042973.430882,147.8793355801426,153.71172146270067,123.85991790145636,12,-0.0015038928686408326,3.0130851566791534,0.15880327858030796
414,0.170954083,1785042973.688067,149.5615705133473,153.87499809691707,112.17503864690661,13,-0.0015879665152169764,1.9437259808182716,0.19830450881272554
416,0.170954083,1785042973.944652,147.6074538969277,153.8639439825182,115.94398077577353,13,-0.0035249219508841634,2.2527091577649117,0.26712494157254696
418,0.170954083,1785042974.224385,151.94329445283535,153.76869103982884,107.56545449793339,10,-0.007323585683479905,1.2745446898043156,0.25793958827853203
420,0.170954083,1785042974.502159,166.69759569225025,154.36711809622935,83.0773198325187,13,-0.001807177482987754,1.6116127222776413,0.20309957582503557
422,0.170954083,1785042974.779062,153.17730458081434,153.64704959995765,105.29903964698315,15,-0.0008160173892974854,1.0210842154920101,0.15983206871896982
424,0.170954083,1785042975.032566,164.38802028977355,153.48114250745755,88.53913743793964,11,-0.0037724483700003475,2.807994708418846,0.24585421476513147
426,0.170954083,1785042975.2841501,162.34370096926352,152.72864872966116,101.05342366173863,10,-0.0022678698442177847,1.2571032643318176,0.25442547257989645
428,0.170954083,1785042975.562742,171.73233766472512,152.63882849656227,78.11541115865111,12,0.00014177389675751328,2.497533790767193,0.2802678206935525
430,0.170954083,1785042975.842161,147.50735140772883,152.53372979857335,116.62994646281004,14,-0.0021157325245440006,2.1645979583263397,0.19792118109762669
432,0.170954083,1785042976.096249,161.7779593432311,153.06159895848057,103.76725547388196,14,-0.0026562297134660184,1.9939526803791523,0.26752911135554314
434,0.170954083,1785042976.3721411,149.75540478035234,153.41499204327343,116.98262565210462,13,-0.0010519499919610098,5.2626978904008865,0.20820629503577948
436,0.170954083,1785042976.6233878,154.34150150741996,153.8842476710251,96.93054798990488,10,-0.0032383440993726254,0.9845149107277393,0.2172771655023098
438,0.170954083,1785042976.897207,170.88642147323125,154.2376588043025,78.14175762981176,11,0.0009140829206444323,1.094695407897234,0.21555728651583195
440,0.170954083,1785042977.174915,170.69735010371105,155.29025357173472,96.3908013664186,10,-0.005152013152837753,1.6710775718092918,0.26618487294763327
442,0.170954083,1785042977.4281259,153.62006425645097,155.26159772336462,93.79370738845319,15,-0.0025031598925124854,1.758895918726921,0.21692688390612602
444,0.170954083,1785042977.70484,153.92768054764667,155.73975263332554,99.99060965329409,13,-0.003295761489425786,1.2806254103779793,0.27292592637240887
446,0.170954083,1785042977.9596438,171.09481978764225,156.0930536587655,87.07321803085506,11,-0.0037302556447684765,0.6381612680852413,0.30417979415506124
448,0.170954083,1785042978.211482,177.07840870450693,157.09922232824442,77.19166744872928,10,-0.005583266101893969,1.802129365503788,0.24474437534809113
450,0.170954083,1785042978.537107,165.14534215430186,158.22484851596832,85.9636105503887,11,-0.0040345199522562325,1.4827899560332298,0.27920035645365715
452,0.170954083,1785042978.79251,177.75432798568136,158.69810903350555,78.57520372793078,11,-0.0041062464224523865,1.254973653703928,0.19290550146251917
454,0.170954083,1785042979.0702379,141.66402992181332,157.88036102474797,108.60725608281791,15,-0.003420301422011107,2.7622779309749603,0.25518522318452597
456,0.170954083,1785042979.323662,162.88887153772424,158.19027672486934,92.68755535315722,15,-0.003837328520603478,1.035411063581705,0.27907510474324226
458,0.170954083,1785042979.57674,162.00048889712366,157.53720069005533,100.40858425945044,12,-0.001179954328108579,2.2281170040369034,0.2444154592230916
460,0.170954083,1785042979.8805141,146.39172577779254,156.99013680113842,109.60600647330284,12,-0.003747784299775958,1.1982703730463982,0.2446811618283391
462,0.170954083,1785042980.152666,172.45705247304724,157.884497370837,86.62799840606749,14,-0.0036371781025081873,1.3252883851528168,0.26700353994965553
464,0.170954083,1785042980.419459,158.15742474060352,157.68683904216715,102.29257594048977,14,-0.004466770740691572,4.250878572463989,0.21342344395816326
466,0.170954083,1785042980.7005498,148.86094594692287,157.65296095165712,102.73379420861602,17,-0.003925344644812867,1.30332899838686,0.33557537384331226
468,0.170954083,1785042980.974166,144.52094543241824,157.97441744470908,106.95922879129648,15,-0.002717442170251161,1.5139489397406578,0.22878144215792418
470,0.170954083,1785042981.358407,152.1312401162914,157.79684274449946,103.00440511852503,12,-0.0023996163508854806,3.6704262495040894,0.20096133183687925
472,0.170954083,1785042981.666851,137.54503365008924,157.77587542042954,117.07722026109695,14,-0.0026298792799934745,1.1557578220963478,0.23433741368353367
474,0.170954083,1785042981.956128,141.70027487701543,157.85147350483928,113.09320192784071,13,-0.0022821121383458376,0.9495536740869284,0.2422259273007512
476,0.170954083,1785042982.246517,173.45798720672002,158.30999815466285,81.42249807715416,13,-0.0018453282536938787,1.9650276005268097,0.22313876170665026
478,0.170954083,1785042982.5177999,162.967035437604,158.80354685460264,89.78688357397914,11,-0.004522268893197179,2.112057901918888,0.2650933125987649
480,0.170954083,1785042982.807956,157.07249747720996,159.37210253892547,93.19664683751762,15,-0.0033754329924704507,3.420345686376095,0.23774436861276627
482,0.170954083,1785042983.190897,147.97776233937395,159.24844200721165,108.47116213291883,12,-0.002132303881808184,1.5588113367557526,0.1983093684539199
484,0.170954083,1785042983.46809,166.59283070047258,159.15778104289654,92.04115951061249,9,-0.00138314843934495,1.6146472096443176,0.18970585148781538
486,0.170954083,1785042983.745331,141.62765407808592,158.84910419062282,112.09565702825785,13,-0.0008292020502267405,3.4392032772302628,0.2009587585926056
488,0.170954083,1785042984.2559192,175.6394439481699,159.27119796506003,83.90993036143482,11,0.000863279215991497,1.258598167449236,0.16102460399270058
490,0.170954083,1785042984.658674,151.7296593694073,158.59118812827484,106.00977225601673,10,-0.002790699916658923,1.1467602476477623,0.23897965904325247
492,0.170954083,1785042984.9663842,153.92892802661467,158.80246848881606,105.27839843928814,12,-0.002769436832750216,1.4530911594629288,0.2537476373836398
494,0.170954083,1785042985.231445,159.30557788918819,159.17606397616416,95.90715345740318,12,-0.002226536948001012,0.8729367144405842,0.23969761095941067
496,0.170954083,1785042985.5409122,163.99697715937597,159.17926522265415,92.5690527446568,12,-0.0026721348403953016,0.9268867447972298,0.2631450053304434
498,0.170954083,1785042985.8291478,152.2559738399099,158.7570122855144,98.89602520130575,14,-0.0021634877630276605,1.2059791833162308,0.2702277982607484
500,0.170954083,1785042986.46425,163.23070835934826,158.75274731937253,93.2682163855061,16,-0.002729810119490139,1.581263430416584,0.21582808531820774
502,0.170954083,1785042986.812556,159.82498854675543,158.81101850247398,93.90911508351564,10,-0.004823612165637314,1.7318501025438309,0.16738052666187286
504,0.170954083,1785042987.0713868,154.08499109912862,159.14778808152985,109.22445983067155,13,-0.000274016972980462,3.024556577205658,0.1750095533207059
506,0.170954083,1785042987.750514,168.81148968462244,159.61461856315088,84.51270934194326,14,-0.002011341683100909,1.4652772322297096,0.22383802849799395
508,0.170954083,1785042988.0310762,152.14467695969546,159.72794894444178,111.30823681503534,14,-0.0050052899605361745,1.3153446018695831,0.21569003630429506
510,0.170954083,1785042988.3854358,157.14584459113652,159.61634092884444,109.04735654219985,15,-0.007675047672819346,2.8914702981710434,0.21350500360131264
512,0.170954083,1785042988.670281,132.80223285415974,158.7750805466531,130.8802065104246,16,-0.004302481858758256,2.352010004222393,0.24168714974075556
514,0.170954083,1785042989.383942,193.98521156373639,159.93703050787488,63.56954521685839,10,-0.002872424214729108,2.0075195655226707,0.27215895242989063
516,0.170954083,1785042989.720247,173.52273956674017,160.56559804380487,78.85681206174195,14,-0.005052049353253096,0.8563688397407532,0.2326753931120038
518,0.170954083,1785042990.016551,155.64469734047142,159.99439642599572,107.40543685108423,15,-0.002448599203489721,2.309635154902935,0.22959350142627954
520,0.170954083,1785042990.482465,111.6961134637823,158.59868121917233,158.40566477924585,13,-0.0006513571424875408,5.0345161855220795,0.1733975219540298
522,0.170954083,1785042990.9260979,159.81322331804012,158.71535127003614,88.57777370512486,12,-0.003974039806053042,0.8042635545134544,0.2821721164509654
524,0.170954083,1785042991.252372,166.41777393046917,159.34082168521513,91.06638268381357,12,-2.194484113715589e-05,1.3351348638534546,0.24402861949056387
526,0.170954083,1785042991.605504,137.00292158070593,158.41174576877668,124.56328725628555,12,0.00083968932449352,2.426878586411476,0.27407967671751976
528,0.170954083,1785042991.872898,163.5990814783396,157.93170435001414,91.34715387970209,11,-0.0013742389855906367,1.7645940706133842,0.1383279161527753
530,0.170954083,1785042992.1772401,158.3048128112106,157.41135805608263,91.93161752447486,15,-0.002894403805839829,1.4465377815067768,0.230067097581923
532,0.170954083,1785042992.5526242,173.51933948533852,157.60935974797587,84.37137350253761,14,-0.0022587055718759075,1.7660567834973335,0.21854599099606276
534,0.170954083,1785042992.9136,159.30485337339465,157.40208255365695,92.29212311282754,13,-0.0026359819530625828,1.2000154703855515,0.16065594926476479
536,0.170954083,1785042993.870454,161.86066112328132,157.74214806606165,92.78906366974115,15,-0.004291472025215626,2.7380865439772606,0.24175726436078548
538,0.170954083,1785042994.330635,169.39141301610366,157.60413350630313,85.73671531677246,13,-0.006178194729727693,1.3840708322823048,0.27694596350193024
540,0.170954083,1785042994.8398972,162.01138933111625,158.28281927434392,90.97998170368373,13,-0.00469981697096955,1.8840742483735085,0.21257695369422436
542,0.170954083,1785042995.187486,164.62990825855476,158.8592638866302,85.92866126447916,13,-0.0021816071239300072,2.122176207602024,0.17165176197886467
544,0.170954083,1785042995.5584052,158.8134051087793,158.5178477212048,101.84234719723463,11,-0.0032434596214443445,1.4679051376879215,0.2740252045914531
546,0.170954083,1785042995.874363,163.23191914352827,158.72519920065486,93.77814976125956,12,-0.0020272484980523586,1.6159554049372673,0.2022833740338683
548,0.170954083,1785042996.1412401,156.33929075475112,158.6139276080366,92.19372886419296,12,-0.003431229153648019,2.59714238345623,0.19023527018725872
550,0.170954083,1785042996.518281,162.44490643595933,158.40275671763746,92.65641274675727,13,-0.002658077282831073,1.343163140118122,0.19746077060699463
552,0.170954083,1785042996.865408,174.16455185580443,158.77631257401265,83.72510702908039,11,-0.002630846109241247,0.9699120298027992,0.2774193538352847
554,0.170954083,1785042997.1681468,156.62731725262702,158.343915490299,109.93916590511799,11,-0.0026377447647973895,3.7546766698360443,0.23916000686585903
556,0.170954083,1785042997.600137,155.1416365117216,157.9958854074719,98.71574454754591,11,-0.0012052406673319638,1.096417959779501,0.143822125159204
558,0.170954083,1785042998.019647,172.46543278571187,158.43862303684944,81.76644438877702,14,-0.0025835143169388175,1.5397949740290642,0.22841242421418428
560,0.170954083,1785042998.30706,159.44753073098113,158.93020703222052,101.17994945496321,13,-0.002468456354108639,2.4192444011569023,0.27214360516518354
562,0.170954083,1785042998.659776,165.08195318553285,159.05028076218497,92.29715027473867,13,-0.0049852684896904975,1.7918619215488434,0.18618868850171566
564,0.170954083,1785042998.9761012,144.42226161529524,158.08684353910203,109.74548299238086,13,-0.002389726520050317,2.555176302790642,0.12480437848716974
566,0.170954083,1785042999.332523,171.17488085642358,157.59254587624454,82.41359332948923,11,-0.0031520972115686163,1.594823531806469,0.22664617281407118
568,0.170954083,1785042999.6800792,153.8242944814978,158.37580416336988,110.0588414631784,14,-0.0015570027171634138,1.5793514251708984,0.15220253262668848
570,0.170954083,1785042999.9765918,163.60514544035232,160.1044032313024,91.21902494877577,12,-0.0014949580800021067,1.4579593166708946,0.1485463883727789
572,0.170954083,1785043000.288141,172.19662297367972,160.40321472151822,89.3781421892345,12,-0.0021165887592360377,1.5944703742861748,0.18159621488302946
574,0.170954083,1785043000.69822,140.3630223522688,159.92023215844537,108.46933201886714,14,-0.0012763531121890992,1.4879432767629623,0.1060936194844544
576,0.170954083,1785043000.973171,156.4787466779022,160.6800373710171,106.62935359030962,11,-0.0033394228667020798,1.6069393642246723,0.24750169925391674
578,0.170954083,1785043001.256128,156.10948678398202,160.7461225163943,97.52012587338686,11,-0.0029822479700669646,1.08558938652277,0.212793436832726
580,0.170954083,1785043001.507306,180.39577164349546,161.85616336507724,82.98655455559492,9,-0.000233081889746245,1.312366470694542,0.19886682461947203
582,0.170954083,1785043001.845902,170.2895904289583,162.52053400558873,82.62332212924957,10,-0.0018887611440732144,1.5649301409721375,0.19084037654101849
584,0.170954083,1785043002.1135528,156.82523257131095,162.7575372838574,90.63001153618097,10,-0.007977154687978327,0.9364532418549061,0.2670701742172241
586,0.170954083,1785043002.376759,168.4464322594921,162.83162894284118,81.97611917369068,12,-0.002526727505028248,1.012942560017109,0.24666221626102924
588,0.170954083,1785043002.663254,133.28218225140486,161.4336437134049,113.69487952440977,18,-0.0022581490920856595,1.2044821865856647,0.22632292658090591
590,0.170954083,1785043002.962584,160.98885022614064,161.3469036507009,92.0089167766273,12,-0.002216153487097472,1.2127803042531013,0.17534462548792362
592,0.170954083,1785043003.226443,166.75585773999197,161.31544811497287,90.74771877750754,15,-0.0018198042816948146,1.691065490245819,0.2098096664994955
594,0.170954083,1785043003.5167449,152.27326651650546,161.37742775380934,110.62609120830894,14,-0.002484820593963377,4.241886034607887,0.2036100346595049
596,0.170954083,1785043003.7729821,153.52616787577304,160.96189823164292,98.91923973336816,16,-0.0028704270371235907,2.211647242307663,0.21429687179625034
598,0.170954083,1785043004.047521,181.02317365049018,161.64927158997966,77.28494182601571,12,-0.0026144810835830867,0.607656940817833,0.19789718743413687
600,0.170954083,1785043004.3307672,141.18243336571945,161.15210973348331,114.77184736728668,14,-0.002434388195979409,1.1089962162077427,0.1934060975909233
602,0.170954083,1785043004.5882518,143.88467626678366,160.09971886138973,113.7083535771817,13,-0.004381331265904009,1.7716409862041473,0.20389696396887302
604,0.170954083,1785043004.882802,165.88959663638096,160.57065702739183,89.90828006714582,14,-0.004388494766317308,2.9015117585659027,0.2316239234060049
606,0.170954083,1785043005.209661,135.08239367033704,159.82057152557923,125.73568325303495,17,-0.00198275939328596,1.722087249159813,0.173663217574358
608,0.170954083,1785043005.519228,164.38557751573666,159.79489490192773,94.26841601543128,12,-0.0012521705066319555,1.613093551248312,0.21302002295851707
610,0.170954083,1785043005.8552,163.44508389564683,159.92141206075846,96.20878568664193,11,-0.0029592516366392374,5.579493746161461,0.15414564218372107
612,0.170954083,1785043006.259593,179.5080123889201,160.58084833161962,79.64037849009037,9,-0.0019923008294426836,1.6675483360886574,0.13390173064544797
614,0.170954083,1785043006.7012339,175.73852236297805,161.4632713496536,78.98917861655354,12,-0.0019024089124286547,0.5332793891429901,0.2152652544900775
616,0.170954083,1785043007.013267,183.17935109022972,161.82118313135774,73.2300498187542,10,-0.0028454189305193722,1.030246913433075,0.2023301785811782
618,0.170954083,1785043007.311197,181.76814081633196,162.48095962251028,78.17312039248645,12,-0.002014964062254876,2.7688667848706245,0.1655060052871704
620,0.170954083,1785043007.706233,179.06074197460043,163.04906511099077,74.83557231724262,9,-0.002747629099758342,0.7226559147238731,0.17281264811754227
622,0.170954083,1785043008.0490859,139.8484894915423,163.1845346940314,112.43950415402651,9,-0.0017101838311646134,2.4230338484048843,0.19191157538443804
624,0.170954083,1785043008.569924,159.99581109067083,163.56134559431825,92.31857443600893,14,-0.0018933811807073653,1.118691261857748,0.16592387668788433
626,0.170954083,1785043008.9461389,169.18475727556864,163.802421949384,90.80562438629568,15,-0.004028699055197649,1.2693646550178528,0.25331070460379124
628,0.170954083,1785043009.4413419,162.76014994298043,164.29652569209574,93.57223365828395,12,-0.0016717215548851527,1.3828669786453247,0.14615342440083623
630,0.170954083,1785043009.868463,155.6738121986094,163.17089233573606,92.84719249978662,14,-0.0014637834392488003,1.5676726996898651,0.14927132707089186
632,0.170954083,1785043010.159869,174.01975826650417,162.9361184077818,79.73111622035503,12,-0.003661090915556997,0.7467133887112141,0.24071160331368446
634,0.170954083,1785043010.7095602,176.21014300724053,162.78170828152412,75.33435788564384,14,-0.006718793330946937,1.4168009534478188,0.21254158299416304
636,0.170954083,1785043011.1334999,166.6980928575196,162.7669807440598,90.07068958319724,11,-0.0026272788527421653,1.342110026627779,0.14881789777427912
638,0.170954083,1785043011.42316,172.87408496206078,163.6050928272297,84.52197843790054,14,-0.0063793072768021375,2.4321031868457794,0.21560222562402487
640,0.170954083,1785043011.7493749,157.87681029951762,163.2005424981109,98.70760624483228,16,-0.002423709607683122,1.7266357094049454,0.19127139635384083
642,0.170954083,1785043012.1129658,165.43263562083257,162.8518981794639,86.8995920214802,11,-0.001972449361346662,1.1446301378309727,0.15825808141380548
644,0.170954083,1785043012.413174,172.37337284050187,162.9795721245024,77.33027609623969,13,-0.0034948269749293104,1.9427699595689774,0.19647029880434275
646,0.170954083,1785043012.7591958,176.82397437164127,163.41376571737447,76.10994355008006,14,-0.0013690378982573748,1.3313320130109787,0.16770204715430737
648,0.170954083,1785043013.1582541,140.50776890678696,162.45249188987475,107.89073646068573,13,-0.0015626351814717054,1.7014690712094307,0.163824662566185
650,0.170954083,1785043013.489388,152.41404859251367,162.8352191147917,104.31221812963486,16,-0.0024746126000536606,1.7043798491358757,0.2020350694656372
652,0.170954083,1785043014.102519,154.11215413423193,163.57353562300165,102.14122620224953,12,0.0012595102889463305,4.176907569169998,0.14179938845336437
654,0.170954083,1785043014.9418309,165.00920972226956,164.03328301892685,89.5722474232316,11,-0.002091779839247465,0.8040454909205437,0.2183787915855646
656,0.170954083,1785043015.408253,166.36304254412335,164.45747781880476,87.24814477935433,13,-0.0032947201980277896,1.2020818926393986,0.2486409256234765
658,0.170954083,1785043015.827772,175.03555076714184,164.56738244324134,78.72862554527819,13,-0.005741334753111005,1.2521738819777966,0.23458344023674726
660,0.170954083,1785043016.149933,144.48952311464936,164.0620311681626,112.85509480908513,13,-0.0033025013253791258,2.5207499340176582,0.1689353147521615
662,0.170954083,1785043016.478143,171.79889569830593,163.9146279411648,84.28531781584024,15,-0.005577928852289915,1.3171598091721535,0.2363143488764763
664,0.170954083,1785043016.798223,165.7993408028039,163.7686203117478,94.8729090616107,9,-0.002809611731208861,2.726871594786644,0.2076852573081851
666,0.170954083,1785043017.1029592,162.19850175231443,163.89471780819076,99.75045588985085,13,-0.0023102284758351743,1.850787952542305,0.17233768198639154
668,0.170954083,1785043017.46556,140.36839478721748,162.57532864393835,109.25290263444185,12,-0.001114216895075515,1.0363423004746437,0.15974297001957893
670,0.170954083,1785043017.775171,163.5292078273833,162.227327758546,86.62299159169197,11,-0.003282655612565577,1.0563586130738258,0.21142402477562428
672,0.170954083,1785043018.127211,180.01238620397646,162.57416750448053,73.42828180640936,11,-0.004342164989793673,1.4023113995790482,0.14404259016737342
674,0.170954083,1785043018.468619,166.6139151985599,162.40659614612758,94.59219723194838,13,-0.002126161940395832,2.0241818353533745,0.18494583945721388
676,0.170954083,1785043018.76784,178.95715496203277,162.14708567534336,80.649733485654,12,-0.0017312527852482162,2.3065278604626656,0.18764592614024878
678,0.170954083,1785043019.2046678,156.36963299275655,161.53956842702763,100.97187430039048,13,-0.004866659757681191,1.3417770117521286,0.1492742015980184
680,0.170954083,1785043019.518225,174.63830678180855,162.67174490996328,84.6399756744504,14,-0.0035688176285475492,0.9511313363909721,0.24052480142563581
682,0.170954083,1785043019.79491,181.25778439868455,162.43431466143025,75.40370132122189,13,-0.0018616813467815518,2.458324894309044,0.1826816163957119
684,0.170954083,1785043020.125406,171.84268643233872,162.36746212772988,85.15739913657308,11,-0.0030197333835531026,0.6693694200366735,0.24208741262555122
686,0.170954083,1785043020.461029,148.16524645298406,162.229417253109,115.61757687479258,15,-0.0011275912402197719,1.4521796703338623,0.1087797936052084
688,0.170954083,1785043020.777457,158.195645652544,162.83926609377883,100.8941837772727,12,-0.005535172065719962,1.669296570122242,0.21548214368522167
690,0.170954083,1785043021.1215549,136.17693282831533,162.95713766673697,125.74332445114851,11,-0.0006279420922510326,3.8159921914339066,0.1447107382118702
692,0.170954083,1785043021.5438669,160.6759769366336,162.352316244328,92.00107913836837,12,-0.0015056152769830078,1.5768129006028175,0.18169119860976934
694,0.170954083,1785043021.92131,155.47639160266237,162.6195997020224,102.30842112377286,10,-0.0021541700698435307,0.4849741328507662,0.11959623545408249
696,0.170954083,1785043022.257086,169.3477094367618,162.71935945869583,82.96890221722424,13,-0.0038742064498364925,1.1043188869953156,0.26678534504026175
698,0.170954083,1785043022.519785,160.67441624471596,162.6764893198628,92.09502318501472,11,-0.0027120614104205742,1.2670890875160694,0.24859092570841312
700,0.170954083,1785043022.833605,156.39829678367138,162.9566789076135,97.70006766542792,13,-0.001960413879714906,0.6927274577319622,0.2378660412505269
702,0.170954083,1785043023.13203,172.79938003211242,163.2636672890788,84.38291588053107,12,-0.004956498960382305,0.5075276270508766,0.2434653341770172
704,0.170954083,1785043023.454838,127.56118421249023,161.80335344374066,133.5623659454286,15,-0.0014253454137360677,1.9868521355092525,0.22580214217305183
706,0.170954083,1785043023.776761,147.00081700146723,161.5694627420865,111.25880998186767,12,-0.0015468228375539184,1.8143401369452477,0.22319773491472006
708,0.170954083,1785043024.037856,148.94571606269253,160.91329213494174,105.61026166379452,13,-0.00285768139292486,1.2673826329410076,0.16908998508006334
710,0.170954083,1785043024.348741,164.90015229732688,161.5248547847297,87.31639066711068,14,-0.0017776580643840134,1.6450888514518738,0.12704811384901404
712,0.170954083,1785043024.753364,175.44600158307713,161.7483831468267,80.45907701179385,10,-0.0019044927903451025,0.9096292182803154,0.2104902733117342
714,0.170954083,1785043025.004572,164.7657713186993,161.17856441990108,91.36125015001744,9,-0.002299163483257871,1.7659000903367996,0.20686564315110445
716,0.170954083,1785043025.279277,168.5205537446627,161.07044826941882,96.07122216187418,12,-3.135311999358237e-05,1.3333203867077827,0.21838844195008278
718,0.170954083,1785043025.9242282,172.15962344258915,162.59914876332329,80.93492583557963,13,-0.0033365087874699384,1.0769880525767803,0.2202746132388711
720,0.170954083,1785043026.203098,169.31300945941925,162.4345373994267,84.38007942214608,12,-0.004492503067012876,1.1037128008902073,0.259857420809567
722,0.170954083,1785043026.482048,163.30744568033114,162.201231617089,87.16224109381437,12,-0.0020786902750842273,2.098146364092827,0.22783904615789652
724,0.170954083,1785043026.736304,151.85994724621196,162.11798156905547,94.017254114151,13,-0.0009134704596363008,1.3479024022817612,0.1316033904440701
726,0.170954083,1785043027.011811,166.8322267458236,161.84451356745578,91.44475544989109,11,-0.0021843352587893605,1.1832291632890701,0.18675437290221453
728,0.170954083,1785043027.306251,164.3451699877216,162.20150969497305,92.38838938251138,13,-0.0035731076495721936,1.1914627440273762,0.17448989115655422
730,0.170954083,1785043027.555934,183.74728167186245,162.35021334539337,83.77469965070486,7,-0.002885355439502746,1.0873144902288914,0.2296084864065051
732,0.170954083,1785043027.850455,175.54244232556852,162.2032651573613,70.72766478080302,13,-0.004100046557141468,0.7822177149355412,0.17265549767762423
734,0.170954083,1785043028.121889,167.13848637687224,162.71880187797333,89.01856644824147,13,-0.002447118400596082,0.8454480972141027,0.15547700971364975
736,0.170954083,1785043028.375624,177.14099750319227,163.0703166701165,75.6706957127899,12,-0.0023100878461264074,2.125837117433548,0.2121770130470395
738,0.170954083,1785043028.741857,171.4139693354858,163.0532319898899,86.01685934886336,11,-0.002015432983171195,1.4900589287281036,0.20124251581728458
740,0.170954083,1785043029.104633,159.61641629305407,163.13476957891052,104.23952446877956,8,-0.0020850801447522826,4.174575924873352,0.1601244010962546
742,0.170954083,1785043029.388375,170.40912767265144,163.67699335767665,87.93876938894391,14,-0.002801466383971274,1.1156730018556118,0.20526543632149696
744,0.170954083,1785043029.638568,172.98837865420046,163.75146424377567,84.29821064323187,11,-0.002612054697237909,1.475194163620472,0.2135947523638606
746,0.170954083,1785043029.91604,168.4030313487396,163.3433191109167,92.49109545443207,11,-0.0071758029371267185,0.624571543186903,0.23160369601100683
748,0.170954083,1785043030.1936011,171.79328295261467,164.0515457560581,87.00814764946699,11,-0.0030692305881530046,0.7774680275470018,0.22582487296313047
750,0.170954083,1785043030.8134348,169.93706267777117,164.06369508660322,82.39371456298977,12,-0.0025391390663571656,0.41032952535897493,0.22941231541335583
752,0.170954083,1785043031.097356,168.8743513662795,164.0153652547957,95.48187320306897,19,-0.0036888907925458625,2.0038115456700325,0.2375085921958089
754,0.170954083,1785043031.373628,153.2462749754755,165.08776655301025,107.6897972971201,14,-0.0011691573017742485,1.0502926371991634,0.09832127811387181
756,0.170954083,1785043031.627813,164.21696541641887,165.60409490632878,80.55441561713815,14,-0.0026259004953317344,2.414952330291271,0.2276795133948326
758,0.170954083,1785043031.905477,162.85333628754526,166.4639592365261,105.35763483121991,15,-0.0008472718473058194,4.727594032883644,0.1557013737037778
760,0.170954083,1785043032.1826339,157.61475014813374,166.22589219809115,93.38597732782364,12,-0.0025925655500032008,0.8702421132475138,0.25945037230849266
762,0.170954083,1785043032.441995,172.43722350941366,166.55954384591286,87.2069721519947,12,-0.0021558623702730983,1.4870676919817924,0.22900471650063992
764,0.170954083,1785043032.72526,150.7186634315701,166.0338534144292,106.9583899853751,11,-0.0013082351943012327,0.8784555643796921,0.1808560537174344
766,0.170954083,1785043033.0117152,174.0935317438469,166.23509687083063,84.0686564585194,14,-0.001818735217966605,1.5173852778971195,0.16357452934607863
768,0.170954083,1785043033.286817,172.78088406495527,165.68183993971186,82.09831142053008,15,-0.0020327091915532947,1.8454969078302383,0.1532079866155982
770,0.170954083,1785043033.56238,181.16886879712476,166.0239046615147,76.91498412564397,11,-0.006459284501033835,2.3055930137634277,0.20749553106725216
772,0.170954083,1785043033.815531,157.51038177505754,165.71798327935892,104.01766600459814,12,-0.0015970288150128908,2.910794585943222,0.20176550559699535
774,0.170954083,1785043034.093365,176.96810060966598,166.2303242263484,82.15593518689275,11,-0.0004970892332494259,1.3517321720719337,0.1639949195086956
776,0.170954083,1785043034.3449988,170.72928488605322,166.71273927049936,74.47679672017694,11,-0.006406615604646504,0.8488531373441219,0.21857249084860086
778,0.170954083,1785043034.626875,146.94684092937055,166.5563002482123,99.2117980979383,12,-0.006809071754105389,0.9388898462057114,0.1790837999433279
780,0.170954083,1785043034.903285,166.02954563780972,166.07113475719706,87.22923379018903,16,-0.0023664829786866903,2.5175856426358223,0.11235075118020177
782,0.170954083,1785043035.184648,153.46336059013757,166.29389484175942,94.12355513498187,13,-0.0003646779805421829,1.0821010246872902,0.13759581185877323
784,0.170954083,1785043035.464561,148.09982216077782,166.02039015885111,102.84338812157512,13,-0.0024828206514939666,1.1014381982386112,0.2247183294966817
786,0.170954083,1785043035.742496,173.07712384396618,165.98984495383615,85.94616119936109,11,-0.003688366326969117,1.260862585157156,0.24076305236667395
788,0.170954083,1785043036.039448,181.40828684272626,166.3338815154584,77.39482760801911,12,-0.0011345421662554145,1.4998661950230598,0.16072512790560722
790,0.170954083,1785043036.351508,182.80726166923913,166.6439797320398,69.3439013697207,10,-0.0037070928956381977,1.3860758431255817,0.18348832614719868
792,0.170954083,1785043036.626998,189.7947986270092,167.23155063521816,72.88877581804991,11,-0.001993290556129068,1.3239562902599573,0.23029188998043537
794,0.170954083,1785043036.9055529,170.96859801373026,167.47043407305748,89.67454862222075,11,-0.0020048356236657128,1.2191645987331867,0.23211504891514778
796,0.170954083,1785043037.225843,159.58091332932872,167.6916888687275,94.37696999683976,10,-0.005953429499641061,1.223577331751585,0.21377199701964855
798,0.170954083,1785043037.5189571,177.50039821267413,167.72058218185114,76.46211963146925,11,-0.0024529732763767242,0.5858965534716845,0.1562499664723873
800,0.170954083,1785043037.798986,179.6194753137249,167.68073923664346,73.96889641135931,13,-0.002020704501774162,1.122626706957817,0.1915141325443983
802,0.170954083,1785043038.07185,161.91621856168973,167.67863476622392,96.94443757086992,13,-0.0034415945410728455,2.01502688229084,0.19483370147645473
804,0.170954083,1785043038.332646,177.44475877181426,168.37547173141618,78.29010433703661,12,-0.0021534395636990666,1.0521920435130596,0.12582819117233157
806,0.170954083,1785043038.661598,164.05685559242536,168.15036766096765,92.33027831837535,13,-0.0012917143176309764,1.3560428321361542,0.1375703439116478
808,0.170954083,1785043038.9381492,173.6296119857296,167.8765452963264,81.58185083791614,11,-0.0017364655213896185,0.9230420924723148,0.22652385011315346
810,0.170954083,1785043039.258568,149.44909806138273,167.78114641395265,104.02759316191077,11,-0.0007541406666859984,1.5096990689635277,0.17580293398350477
812,0.170954083,1785043039.573267,168.67348188022652,167.23247474998948,96.76800061576068,16,-0.0036270407144911587,0.9516437537968159,0.2178645934909582
814,0.170954083,1785043039.914708,180.83190266558708,168.26419053250385,75.79856230225414,11,-0.002770975755993277,1.4991022497415543,0.17694138642400503
816,0.170954083,1785043040.218611,172.48598396981328,168.0479758879057,82.27670603618026,12,-0.0032737402943894267,1.4601113125681877,0.22039728052914143
818,0.170954083,1785043040.515348,143.37599726892213,167.56818466041778,106.34062031656504,11,-0.0014052746701054275,1.935202457010746,0.12071258760988712
820,0.170954083,1785043040.8184268,184.9317707844059,167.6292341760569,74.78371688723564,11,0.0011635150294750929,1.0078013353049755,0.20044315233826637
822,0.170954083,1785043041.119103,172.1839474307702,168.50197867796672,75.94663885142654,12,-0.0017222020542249084,1.234864518046379,0.16967067681252956
824,0.170954083,1785043041.393228,184.57289669898825,168.67689150643818,76.92502102255821,10,-0.002023959212237969,0.8543726354837418,0.1984400562942028
826,0.170954083,1785043041.652815,161.19105193285395,168.6327381943409,88.04410661384463,11,-0.00301765653421171,1.6943649500608444,0.2414300013333559
828,0.170954083,1785043041.929554,167.04713623070643,168.72902508487994,91.6247083619237,10,-0.0022201191168278456,1.8124717697501183,0.19470767863094807
830,0.170954083,1785043042.212966,174.88924284560304,168.90262959785161,85.19622156582773,12,-0.004667028071708046,1.9797313883900642,0.15815230179578066
832,0.170954083,1785043042.463843,172.76406655985457,169.08154691888623,90.04446530342102,11,-0.002521795337088406,0.6074280086904764,0.21851476840674877
834,0.170954083,1785043042.741492,165.66478046232848,169.27330525765154,86.25722956843674,12,-0.0017483673291280866,1.2233428806066513,0.20335926581174135
836,0.170954083,1785043042.995559,172.65234727096495,169.36611456465718,74.80326929688454,12,-0.0011578775011003017,1.6570906676352024,0.12338645616546273
838,0.170954083,1785043043.270017,159.83501887823587,168.84567775687736,94.1733924113214,11,-0.002894773380830884,2.090287759900093,0.10340282227844
840,0.170954083,1785043043.551734,172.16219089236583,168.94185419452685,83.83241078536958,11,-0.002679511089809239,1.0949029326438904,0.1602463135495782
842,0.170954083,1785043043.802413,149.95947519228935,168.42705228947398,106.36596508696675,12,-0.002796293410938233,1.8975510895252228,0.22735220566391945
844,0.170954083,1785043044.077997,179.64721165598107,168.46025605455904,78.03275944292545,10,-0.001783263694960624,1.131038423627615,0.22513723652809858
846,0.170954083,1785043044.331938,163.2081091666149,168.6337179378976,90.70233006961644,12,-0.0037404723989311606,0.9460992030799389,0.19167669210582972
848,0.170954083,1785043044.586818,145.0532161188357,167.52798675509902,115.22941554710269,15,-0.004605531521519879,3.050175666809082,0.08532152092084289
850,0.170954083,1785043044.88922,171.00988528466445,167.85372369597567,83.89691704511642,11,-0.001089112483896315,1.0969791375100613,0.11785506503656507
852,0.170954083,1785043045.143946,174.9839694197872,168.17412670201884,76.52798435464501,14,-0.0017223261529579759,1.4157893173396587,0.11776967393234372
854,0.170954083,1785043045.425718,150.84589176038284,167.37955930957426,97.3327322229743,14,-0.008063534856773913,0.6617985926568508,0.12561134295538068
856,0.170954083,1785043045.708399,156.18527659263546,167.5252445518883,106.87647702451795,12,-2.6749956305138767e-05,1.9628342017531395,0.10109887644648552
858,0.170954083,1785043045.9625092,156.17983476444675,167.48668272004673,113.161068841815,14,-0.0018346727592870593,1.8226253986358643,0.1662538219243288
860,0.170954083,1785043046.28652,164.22689731964184,167.9116979651303,91.85816496238112,11,-0.0023054404300637543,1.195543546229601,0.2226784499362111
862,0.170954083,1785043046.541416,157.33359937222988,167.7333949529585,85.67563893087208,14,-0.003251732705393806,1.0442462749779224,0.1834404431283474
864,0.170954083,1785043046.796371,163.21984317330325,167.44344649787573,91.06381721049547,10,-0.00266517634736374,1.9361430928111076,0.17175634019076824
866,0.170954083,1785043047.127775,178.17773069088457,167.74291212125678,75.75886112079024,11,-0.0009912637760862708,1.1396000161767006,0.18239505030214787
868,0.170954083,1785043047.388392,184.5530997608128,168.50416318216776,65.39579778909683,14,-0.0013258069520816207,1.62693265452981,0.1543464777059853
870,0.170954083,1785043047.7006001,147.1944098697602,168.03175193958975,118.79322087392211,16,-0.00044548814184963703,1.8635598197579384,0.07435034029185772
872,0.170954083,1785043047.955183,165.6732739506225,167.44422843662508,88.77429341338575,14,-0.0019802236201940104,1.7193493992090225,0.18660363648086786
874,0.170954083,1785043048.218307,167.94146208962846,167.07077300359043,85.18129101814702,12,-0.0025205411948263645,2.0928204730153084,0.23630778025835752
876,0.170954083,1785043048.553059,185.19927380221796,167.6968116460847,78.06573946774006,12,-0.004516941786278039,1.0345364063978195,0.21221636608242989
878,0.170954083,1785043048.8155441,164.0489408729766,167.70892378678352,89.87408010475338,15,-0.001803884340915829,1.3216804563999176,0.18917941581457853
880,0.170954083,1785043049.09252,170.2858665295178,167.18405596818332,89.22857563942671,9,-0.004148769890889525,1.8386454284191132,0.2303950758650899
882,0.170954083,1785043049.372983,176.19284640357984,166.86820541449887,79.08377182483673,10,-0.0018549812957644463,0.9758952967822552,0.1844198890030384
884,0.170954083,1785043049.630388,184.2719233266588,167.18087534524503,73.18834088556468,10,-0.0028982043731957674,1.8328497223556042,0.19272645935416222
886,0.170954083,1785043049.902522,179.33616476311565,167.12134563820646,76.20884135365486,12,-0.005633971755742095,1.1246103718876839,0.16804845910519361
888,0.170954083,1785043050.151524,166.5065776409855,167.55141000151548,86.99323600530624,13,-0.0004664030275307596,1.9186476171016693,0.18720823992043734
890,0.170954083,1785043050.425826,166.2067860325146,167.38311612607126,91.28157883509994,11,-0.004158306561294012,1.0859477184712887,0.20522158592939377
892,0.170954083,1785043050.703348,175.05583213277677,167.8094555445458,75.05216022208333,12,-0.0006545742508023977,0.9771785773336887,0.15291712759062648
894,0.170954083,1785043050.9672499,182.8170607888418,167.77025479652025,77.70422365516424,11,-0.0022321920841932297,0.9396571703255177,0.23863446805626154
896,0.170954083,1785043051.230983,143.80331072847537,167.06954818778354,118.40411875769496,14,-0.004279037093510851,2.8341995775699615,0.1622213004156947
898,0.170954083,1785043051.508688,161.04778380086964,167.66622004369526,95.93163264542818,14,-0.0009707550925668329,1.5708516240119934,0.13421469694003463
900,0.170954083,1785043051.792901,163.13363561511844,167.5444599322959,92.51018614321947,10,-0.0027009245241060853,1.2326427847146988,0.10567866312339902
902,0.170954083,1785043052.075495,157.19427155706,166.74779340471503,97.87030473351479,11,-0.001911361701786518,1.4619295969605446,0.09502604696899652
904,0.170954083,1785043052.329068,179.76949275918756,167.16046239048188,76.06115701794624,11,-0.001747186528518796,0.5488995760679245,0.1852877689525485
906,0.170954083,1785043052.587273,171.27175994018648,166.78677396217373,86.64187296107411,12,-0.001845807011704892,1.6555356681346893,0.14812410110607743
908,0.170954083,1785043052.918844,156.63641998463754,166.62766829162072,96.71268717944622,10,-0.0015522237808909267,0.8754054196178913,0.17961623426526785
910,0.170954083,1785043053.217473,173.83021559255656,166.77195624978387,87.48021503537893,10,-0.004347272799350321,2.255572147667408,0.1690201722085476
912,0.170954083,1785043053.479512,171.4286092959814,167.14474466115186,86.28604397550225,11,-0.0005585746257565916,1.5172166302800179,0.15114028519019485
914,0.170954083,1785043053.801764,161.2260164588113,167.07590893883219,88.59661706164479,13,-0.004101358121261001,1.0527327880263329,0.20010767970234156
916,0.170954083,1785043054.094249,174.47273352598518,167.00495000911403,86.4456830099225,13,-0.001376982603687793,2.261747770011425,0.11678933864459395
918,0.170954083,1785043054.434098,139.9036034291491,165.75806584449023,124.52023807913065,16,-0.0018538619624450803,2.22142493724823,0.14657175494357944
920,0.170954083,1785043054.7626948,169.4768370710752,166.08818654526777,85.63242215663195,15,-0.0006247640121728182,1.0763846710324287,0.09420681139454246
922,0.170954083,1785043055.041599,151.21783929220305,165.6957022537851,109.45374820753932,18,-0.002185736164392438,1.6182333678007126,0.19792552199214697
924,0.170954083,1785043055.368493,174.0046947066778,165.82865640053151,77.0122331790626,12,-0.0029585716692963615,0.8021369241178036,0.2334665935486555
926,0.170954083,1785043055.6650822,149.9722320061465,164.98224885132552,108.07811493054032,17,-0.003998699015937746,1.3581247925758362,0.15451037138700485
928,0.170954083,1785043055.961602,163.48016327262454,164.56840674376454,86.73216713033617,15,-0.0018959303852170706,0.9311550073325634,0.2311892956495285
930,0.170954083,1785043056.392548,152.84789111703344,164.01518058425114,95.36990402638912,14,-0.0020838549025938846,1.481823869049549,0.18180949427187443
932,0.170954083,1785043056.6829598,164.72321162701402,163.5917736662783,93.65023374930024,12,-0.005320770316757262,2.310259945690632,0.14154319511726499
934,0.170954083,1785043056.982522,145.07738433489143,162.32474706745086,103.26901579089463,17,-0.0014511932895402424,0.8951848037540913,0.1494239652529359
936,0.170954083,1785043057.2744,161.63957429156451,162.2669532019295,94.37081690132618,13,-0.0025962976505979896,1.184631735086441,0.18129263259470463
938,0.170954083,1785043057.526517,153.0515495889077,161.16323321795988,100.11369187291712,13,-0.0013719327398575842,2.454031005501747,0.13319512456655502
940,0.170954083,1785043057.83832,176.69462294987753,161.56945600139107,75.99975562095642,11,-0.0022362441814038903,0.9778920076787472,0.24246983788907528
942,0.170954083,1785043058.097941,176.03007927793075,161.33661606408023,80.87438379228115,11,-0.001921590228448622,0.8764602355659008,0.20565955433994532
944,0.170954083,1785043058.350507,160.16380381070047,161.08209119223855,103.38212434574962,13,0.000347813154803589,2.7537859976291656,0.22397772874683142
946,0.170954083,1785043058.6351502,170.9670339500381,162.00029876349353,81.39308796823025,13,-0.0020670529338531196,0.9525741934776306,0.2441173205152154
948,0.170954083,1785043058.9259572,180.26953403061694,162.7703945995089,79.40665781032294,12,-0.0013379816664382815,1.1495813205838203,0.11866598157212138
950,0.170954083,1785043059.236928,163.31902416278922,161.73248281305848,94.16017144545913,14,-0.0017821891960920766,0.6978255920112133,0.1306716427206993
952,0.170954083,1785043059.4932559,154.91305702212014,161.95926151774214,98.8203470017761,11,-0.002313289704034105,1.3819846026599407,0.17259800573810935
954,0.170954083,1785043059.746666,168.4248433638871,162.09869295492413,89.40286196768284,15,-0.001332628911768552,1.5651448853313923,0.17275888845324516
956,0.170954083,1785043060.036448,164.21322781390347,162.6128761909268,97.70497382804751,16,-0.002749819861492142,0.647668456658721,0.14994141552597284
958,0.170954083,1785043060.3300962,169.2996448915858,162.45912521094667,81.025964403525,13,-0.0018376638763584197,1.0100493766367435,0.19537401292473078
960,0.170954083,1785043060.636081,135.97309640591288,161.29180448323848,115.49709939211607,11,-0.0030076333205215633,1.3829205371439457,0.15843181870877743
962,0.170954083,1785043060.9285288,159.81772810696006,161.0519482773173,89.72957341745496,12,-0.003613193788623903,1.1970308609306812,0.21262076683342457
964,0.170954083,1785043061.303052,165.58314562719244,161.0991951663866,86.05489990860224,11,-0.0037363326991908252,2.5973121151328087,0.17849806603044271
966,0.170954083,1785043061.769139,158.4934405147289,160.78355590370046,87.19053355231881,14,-0.0027801814721897244,2.019566737115383,0.18555776868015528
968,0.170954083,1785043062.0432582,183.94406702283308,161.90132218180662,71.81583345867693,12,-0.0020797499746549875,1.6386142671108246,0.22461651172488928
970,0.170954083,1785043062.3894,153.05329610845163,161.50093405924565,102.87257156521082,15,-0.0015890820359345526,2.70028555393219,0.1585522354580462
972,0.170954083,1785043062.719262,176.63778519119708,162.22665028994402,76.49239967390895,12,-0.0019078626937698573,1.0860694199800491,0.17459404096007347
974,0.170954083,1785043063.0624819,143.39139907575515,161.39716282770038,110.06969289667904,14,-0.000787605531513691,2.947085902094841,0.09367794124409556
976,0.170954083,1785043063.379779,154.13461908388396,161.8445680044344,97.98107136785984,13,-0.0021978120857966132,0.9795237109065056,0.1923521813005209
978,0.170954083,1785043063.6710742,161.41631245041933,162.47301973488737,90.78949486091733,12,-0.0009471762750763446,1.752429537475109,0.18582473695278168
980,0.170954083,1785043063.931875,161.3573102496251,163.33202756658258,97.94001289084554,14,-0.0041389424004592,1.3417358994483948,0.17885033367201686
982,0.170954083,1785043064.217577,168.7726730129617,163.56226742787786,92.36110867187381,14,-0.0010071185824926943,2.0046045258641243,0.060393779538571835
984,0.170954083,1785043064.487657,185.8909156838492,164.8749339750943,76.44488216564059,12,-0.001987349009141326,0.8830423839390278,0.18439322244375944
986,0.170954083,1785043064.783712,161.91584349664708,165.07812459250653,92.03771905973554,16,-0.0033613984705880284,1.2315718159079552,0.17020099330693483
988,0.170954083,1785043065.090461,180.46241980962753,166.18785739791912,73.3443765193224,10,-0.0019098285119980574,1.2606057450175285,0.19546202942728996
990,0.170954083,1785043065.3730528,177.91207484896148,165.94885947264643,74.94671902805567,10,-0.0016412549302913249,0.8997228853404522,0.1632350329309702
992,0.170954083,1785043065.658819,171.26971956176155,166.14617190605202,85.93660617619753,14,-0.0006012694793753326,2.14423780888319,0.10918049747124314
994,0.170954083,1785043065.967793,172.84854570611733,165.93885046463274,76.78196537680924,14,-0.0006073180120438337,0.9995152503252029,0.07289246818982065
996,0.170954083,1785043066.286012,164.11282278677083,165.46132251255906,95.53137245215476,15,-0.00145263085141778,1.438219677656889,0.14391160057857633
998,0.170954083,1785043066.675275,169.67643249323376,164.85495155413722,86.6068925820291,11,-0.000977362971752882,0.7500341981649399,0.10854429472237825
1000,0.170954083,1785043067.296851,167.7482158015058,165.81501049850414,97.39044829830527,11,-0.0019274839396530297,1.4005095958709717,0.0643704782705754
1000,0.170954083,1785043067.296851,167.7482158015058,165.81501049850414,97.39044829830527,11,-0.0019274839396530297,1.4005095958709717,0.0643704782705754
1002,0.170954083,1785043067.6600819,173.87713602490433,166.34171115112522,80.78030983544886,12,-0.001995116122998297,1.8596277683973312,0.21359897125512362
1004,0.170954083,1785043067.97649,180.29149149640503,166.662623383038,77.39185888320208,13,-0.003682067443151027,1.49900783598423,0.16864059772342443
1006,0.170954083,1785043068.243361,170.60624638935442,166.91002136778286,76.39390530623496,12,-0.0007869208930060267,1.9769043922424316,0.20236386079341173
1008,0.170954083,1785043068.5443661,130.0264109198018,166.41325838231683,135.91406658664346,15,-0.0018203122890554368,2.1451315209269524,0.07326987059786916
1010,0.170954083,1785043068.8364182,185.58543219650213,167.85498632707015,69.75175908766687,11,-0.0023755410220474005,2.4819681122899055,0.1289928057231009
1012,0.170954083,1785043069.147545,161.83174353509932,167.88525392030093,86.26788477599621,12,-0.001997631508857012,1.5320086106657982,0.16859668772667646
1014,0.170954083,1785043069.424528,176.88403234980652,168.38499078458685,78.13589572999626,11,-0.006889187090564519,1.1467780321836472,0.14029983477666974
1016,0.170954083,1785043069.6729448,162.62091946007092,168.37372100885972,91.49089194089174,10,-0.001285131904296577,1.8090712875127792,0.14220060966908932
1018,0.170954083,1785043069.922113,174.13420758084385,168.19859171944748,78.91222045570612,12,-0.0024583778576925397,0.8411334492266178,0.10385512746870518
1020,0.170954083,1785043070.200523,165.91069511920028,168.3505766674059,90.8488909304142,13,-0.0025898866588249803,0.9941949844360352,0.10889685014262795
1022,0.170954083,1785043070.477391,172.11015368687106,168.27134054341303,84.25985397025943,13,-0.006461983313784003,0.9709676466882229,0.20518362894654274
1024,0.170954083,1785043070.737537,170.0693813169728,168.89303858056078,85.3886925727129,12,-0.0022598513969569467,0.8854195177555084,0.19550171587616205
1026,0.170954083,1785043071.023016,168.82562591872858,168.56647319882504,92.06968250125647,13,-0.004279888118617237,1.9570947512984276,0.1389171085320413
1028,0.170954083,1785043071.276196,174.08891748855092,168.33116350364736,80.58315723203123,13,-0.0014920902904123068,1.482704572379589,0.15448631159961224
1030,0.170954083,1785043071.5789921,152.62170665194125,168.23125601693962,96.58214119449258,13,-0.0013260711129987612,1.3563955649733543,0.10608139168471098
1032,0.170954083,1785043071.845887,191.60679374915114,169.16278179962424,70.82330106571317,12,-0.0029671457887161523,1.0485873594880104,0.2039991384372115
1034,0.170954083,1785043072.1181471,159.67667335906344,168.49754914082772,90.5910683684051,14,-0.006649840230238624,1.8438625037670135,0.22727968078106642
1036,0.170954083,1785043072.4002838,170.277766944102,168.32121851959576,83.62368209287524,12,-0.004407825050293468,0.866907674819231,0.19990152213722467
1038,0.170954083,1785043072.698545,186.66196334366256,168.78165775458322,71.77709577605128,12,-0.001518072560429573,0.1758112497627735,0.1784608941525221
1040,0.170954083,1785043073.02949,146.21000060642862,168.21270339699407,107.22204220667481,12,5.355505709303543e-05,2.33893571048975,0.1772398641332984
1042,0.170954083,1785043073.3500428,172.62738606214214,167.89536346288517,80.65237906388938,15,-0.004340046958532184,1.0825027450919151,0.19809191580861807
1044,0.170954083,1785043073.612715,147.64360626549478,167.2821955142339,108.68791273329407,14,-0.00042437778029125184,0.9118805415928364,0.0600215254817158
1046,0.170954083,1785043073.964541,184.10041614333235,167.82183035476208,71.76928276196122,11,-0.00015461719885934144,1.5789002627134323,0.10970494896173477
1048,0.170954083,1785043074.21763,174.8029176639206,168.37466045047952,86.5475232899189,13,-0.0021187812671996653,1.821233093738556,0.20418144948780537
1050,0.170954083,1785043074.494915,170.62251274780115,168.4285732637846,78.62247439101338,11,-0.0006020163418725133,1.445269450545311,0.06739120814017951
1052,0.170954083,1785043074.769284,172.59022789089306,168.3901521963223,86.0945859476924,9,-0.0021278162312228233,0.6485781501978636,0.15827032318338752
1054,0.170954083,1785043075.027255,172.78369641921967,168.08013785720357,79.7723671621643,11,-0.00500700727570802,1.1632803566753864,0.1930194804444909
1056,0.170954083,1785043075.2781749,155.66689721803033,167.21754334626922,97.20225651934743,12,-0.0005276116207824089,1.8858712166547775,0.1833558790385723
1058,0.170954083,1785043075.5584981,180.59295985896745,168.15586509951027,73.93740739114583,13,-0.0014586472825612873,3.1320803314447403,0.15179961826652288
1060,0.170954083,1785043075.8347468,157.64547592577728,167.1652446479505,98.26061019487679,16,-0.001803845283575356,2.580205798149109,0.15391507046297193
1062,0.170954083,1785043076.110647,163.7020669187809,167.3792441590521,95.30054676532745,10,-0.0019099020573776215,0.5823739944025874,0.07500081253238022
1064,0.170954083,1785043076.398773,177.74558831847773,166.95215424143592,77.46610225364566,11,-0.0014604989846702665,0.8613040037453175,0.2328944429755211
1066,0.170954083,1785043076.689928,171.93984657339632,167.27712710946477,90.86446932330728,10,-0.0018167512462241575,0.970020454376936,0.14749490190297365
1068,0.170954083,1785043076.9772348,174.4532497569879,167.4666070912483,82.85461361706257,10,-0.0013416820620477665,0.8387084770947695,0.08596897684037685
1070,0.170954083,1785043077.3034172,177.54458365367665,167.70468836569432,75.9489830210805,13,-0.0019401577592361718,1.8613196909427643,0.18470365554094315
1072,0.170954083,1785043077.5942569,166.16394194945917,167.74757306537833,86.32364062126726,12,-0.0032248995412373915,1.672752968966961,0.23312170710414648
1074,0.170954083,1785043077.871862,171.58589026395748,168.42950071256612,88.24212229251862,10,-0.005100007227156311,1.051954708993435,0.09318825043737888
1076,0.170954083,1785043078.162251,170.36358404523497,168.63761071042714,83.50379217416048,11,-0.0017069170717149973,2.3809370547533035,0.13885073689743876
1078,0.170954083,1785043078.438539,180.83572577194772,169.39554339844045,71.30204747151583,13,-0.002784765529213473,0.5594836920499802,0.10848047863692045
1080,0.170954083,1785043078.7185721,161.06047120041026,169.56757028115877,98.67501376010478,14,-0.0008017288637347519,1.3260760232806206,0.18246709555387497
1082,0.170954083,1785043078.969766,161.8816479070284,169.1847869577516,86.32019193284214,15,0.0007497394690290093,1.362573355436325,0.1738065523095429
1084,0.170954083,1785043079.2469308,174.21126038362706,169.51242362037462,84.25668214261532,11,-0.00481983827194199,0.8923406824469566,0.1317014368250966
1086,0.170954083,1785043079.506315,182.78006970792575,169.7592964819279,77.63857555761933,9,-0.0026421803049743176,0.9973543845117092,0.16875550523400307
1088,0.170954083,1785043079.777278,179.04141815418834,169.6531019173361,88.25975457951427,9,-0.002448393846862018,0.8837603218853474,0.23177326004952192
1090,0.170954083,1785043080.0968719,174.5084749176803,170.2913135459098,73.4439034871757,12,-0.005732892110245302,0.8725675083696842,0.19693145155906677
1092,0.170954083,1785043080.3738198,148.0495283368636,170.19308861300112,109.73956523090601,15,-0.003499682294204831,2.518661454319954,0.08715300424955785
1094,0.170954083,1785043080.6617641,178.62337433545125,170.79066848647292,77.40246230363846,13,-0.001801270671421662,1.4375713430345058,0.1622644830495119
1096,0.170954083,1785043080.966075,156.08378191094266,170.18116019920603,95.66712108999491,15,-0.006817196379415691,0.6979904472827911,0.1708132140338421
1098,0.170954083,1785043081.279226,165.31345813134863,170.0682376520891,86.63091110810637,12,-0.0023113713250495493,2.4253898710012436,0.13095225766301155
1100,0.170954083,1785043081.624695,171.02247225615432,170.44018863502887,83.36230750195682,16,1.4860561350360513e-05,1.592607632279396,0.11380794690921903
1102,0.170954083,1785043081.87711,159.74040800437984,169.9984744264141,95.3682953082025,11,-0.0012025802861899137,1.0194454453885555,0.14626250555738807
1104,0.170954083,1785043082.131108,173.45220693920618,170.12810397021025,80.80544738285244,11,-0.0017101718112826347,0.8976390399038792,0.1438089134171605
1106,0.170954083,1785043082.41088,172.3324019212448,170.87111648590061,85.19408299401402,15,-0.0010762274177977815,1.5936851873993874,0.11970181064680219
1108,0.170954083,1785043082.661952,167.30518109862348,170.75818684310755,88.05975575745106,11,-0.001623899646801874,3.421977922320366,0.14451329968869686
1110,0.170954083,1785043082.971818,167.56511459110888,171.25283849598293,85.04131999984384,13,-0.0010206408041995019,1.0823547504842281,0.13916585268452764
1112,0.170954083,1785043083.224967,152.82447015610907,171.135586482929,103.07365511730313,12,-0.0011264519998803735,1.9399088025093079,0.08515005744993687
1114,0.170954083,1785043083.481514,176.65439531513167,171.30556050561725,83.65075794234872,11,-0.0010853292187675834,0.8046505525708199,0.13631541980430484
1116,0.170954083,1785043084.159071,176.06259993683761,171.85477257294588,77.76981507055461,12,-0.0025119156343862414,0.9839242175221443,0.12430068990215659
1118,0.170954083,1785043084.40882,171.9082529902544,171.97737251961956,90.18611083552241,11,-0.0018191180715803057,2.1391761302948,0.10593408579006791
1120,0.170954083,1785043084.6839612,149.3608680390004,171.1736883730654,111.4501722753048,12,-0.0017710507090669125,2.1353060007095337,0.17122475430369377
1122,0.170954083,1785043084.9581802,177.56232248507024,171.33322944624814,76.19729721918702,10,-0.0016212074842769653,0.7943149283528328,0.18747771624475718
1124,0.170954083,1785043085.2072809,165.23084848678718,171.03042012368664,91.60954327881336,10,-0.0033184682833962142,0.906583558768034,0.13778758281841874
1126,0.170954083,1785043085.483285,158.52711589055355,170.99460325265113,99.69494922831655,10,-0.001360881607979536,0.9286733344197273,0.13916469272226095
1128,0.170954083,1785043085.735762,182.96577275912875,170.6654495475572,73.71535312384367,11,-0.0018013954686466604,1.2234082370996475,0.1883609350770712
1130,0.170954083,1785043086.013804,176.38207023313072,170.8864829159912,77.7665191181004,12,-0.001035503861203324,1.2428809516131878,0.14362369198352098
1132,0.170954083,1785043086.288924,148.74465009360338,169.88282725648824,121.21596552431583,11,-0.0018955730120069347,0.5947629194706678,0.1883622258901596
1134,0.170954083,1785043086.5398772,165.80966644904288,169.8518579157086,90.38494787365198,14,-0.0017346767708659172,1.2678448893129826,0.11418403405696154
1136,0.170954083,1785043086.7900748,166.89305353844878,169.56470119407345,78.85556829161942,11,-0.0013015159638598561,2.4806668050587177,0.16281125415116549
1138,0.170954083,1785043087.063914,177.29212585774724,169.3217266500018,79.7937838062644,11,-0.0009796987869776785,1.1177097372710705,0.10508475080132484
1140,0.170954083,1785043087.3439949,174.95432352004974,169.5469308715708,82.21422804147005,16,-0.0017880803206935525,0.8279996011406183,0.128290344029665
1142,0.170954083,1785043087.624823,168.72365940746712,170.04194958737622,92.74506415426731,11,-0.0013207747033447959,0.8277500830590725,0.08977680094540119
1144,0.170954083,1785043087.888372,171.66763501484706,170.48593447754965,79.4584210254252,14,-0.001607410544238519,1.2871015407145023,0.1268290625885129
1146,0.170954083,1785043088.140384,180.28967955932671,170.8510893589099,77.1483908817172,10,-0.0020650962251238525,1.084217943251133,0.20397537294775248
1148,0.170954083,1785043088.418087,171.1513745911497,170.72406107834288,94.80962666124105,9,-0.002000936307013035,1.7870909720659256,0.14261575136333704
1150,0.170954083,1785043088.696969,154.24397128632407,170.4644008892332,110.91495908424258,15,-0.0012770142348017544,3.0441344380378723,0.13352664094418287
1152,0.170954083,1785043088.9470432,165.34077447287157,170.65654843512849,94.27497030049562,9,-0.0026515225181356072,1.143325585871935,0.16703241923823953
1154,0.170954083,1785043089.2191439,165.82572152745718,170.34291428481953,89.84987601451576,13,-0.0009834971860982478,0.7768038399517536,0.09527109423652291
1156,0.170954083,1785043089.472537,156.51593133960284,170.18011483518166,91.46639694646001,12,-0.0020349780679680407,1.0482302382588387,0.10793617786839604
1158,0.170954083,1785043089.744992,179.50362049797047,170.39842608812978,85.93151888251305,7,-0.002462079137330875,0.8888938874006271,0.14066581428050995
1160,0.170954083,1785043090.121351,172.65181914831444,170.7904709097924,80.96550099924207,9,-0.002036435471381992,0.5811487399041653,0.2156825503334403
1162,0.170954083,1785043090.37901,181.41511944156707,171.05763211197535,71.34521088376641,9,-0.0015049372159410268,1.5166790559887886,0.19343404471874237
1164,0.170954083,1785043090.652632,172.11722985840026,170.82569068029318,75.76759086549282,12,-0.0019192221661796793,0.5215700399130583,0.1566108181141317
1166,0.170954083,1785043090.904403,186.31713552783265,169.9863885008496,76.091707598418,11,-0.0038442132936324924,1.7210132405161858,0.17160519072785974
1168,0.170954083,1785043091.152996,180.14188700554737,169.99706253812033,75.2529284665361,13,-0.0022393299732357264,1.4338102862238884,0.19291784521192312
1170,0.170954083,1785043091.4550478,174.5040092188387,170.84837754670255,82.98082347214222,11,-0.0025607136558392085,0.6761347111314535,0.09942501410841942
1172,0.170954083,1785043091.706666,165.1198531283723,170.59225065753358,89.30788027308881,11,-0.0016783216851763427,0.8471844792366028,0.12405841425061226
1174,0.170954083,1785043091.9827142,158.46053685377854,170.47996033918315,89.81632435508072,9,-0.001302777323871851,1.1355912201106548,0.09051234507933259
1176,0.170954083,1785043092.236223,182.1624143397192,171.13206981074174,74.77038772031665,10,-0.0016956368926912546,0.50344024784863,0.20787619519978762
1178,0.170954083,1785043092.4904242,175.24218475192617,170.94208274039357,76.00768173858523,13,-0.0017949609318748116,1.3594583198428154,0.1367502217181027
1180,0.170954083,1785043092.790974,157.45099198019008,170.33602550286378,87.30386507883668,13,-0.0031326330426963978,1.0245766788721085,0.1101205488666892
1182,0.170954083,1785043093.042548,148.90319814581613,170.66401406585632,100.11553073860705,14,-0.0018858112598536536,0.5725159961730242,0.13315533567219973
1184,0.170954083,1785043093.2942321,184.73883563915794,170.6188583320241,69.94893484935164,11,-0.00514588039368391,3.6996114999055862,0.14593086065724492
1186,0.170954083,1785043093.569935,171.29026046712113,170.93487593902398,78.09088139981031,13,-0.002873684628866613,1.4522139020264149,0.18276576418429613
1188,0.170954083,1785043093.822711,161.7818475683479,170.82026123143405,82.9257987961173,13,-0.0019687556196004152,1.9563820362091064,0.11668904963880777
1190,0.170954083,1785043094.096071,172.66761118702658,170.7002571061948,76.79134248569608,15,-0.0016961168439593166,1.347442638128996,0.18179360032081604
1192,0.170954083,1785043094.351596,170.4046706462447,170.67959752844865,82.98858911730349,14,-0.003455456462688744,1.1021546311676502,0.19615353364497423
1194,0.170954083,1785043094.615495,166.34687288321825,170.47445781262107,89.71198696643114,12,-0.003340660536196083,1.5564375519752502,0.18965049926191568
1196,0.170954083,1785043094.8899589,183.52851797789657,170.7233243336803,73.92928724270314,12,-0.0018744167464319617,0.5903639271855354,0.15542648173868656
1198,0.170954083,1785043095.1395688,177.52639123501442,171.29474206932207,76.94259356707335,12,-0.0017557081955601461,0.6308270990848541,0.12595267733559012
1200,0.170954083,1785043095.390833,168.17810317162204,171.27007357674876,87.76788748428226,12,-0.0019402852049097419,2.3592105209827423,0.19103665743023157
1202,0.170954083,1785043095.6914308,156.68558680177358,170.7027532055728,94.9010146073997,12,-0.0015646743595425505,1.9679528698325157,0.08799477526918054
1204,0.170954083,1785043095.9434938,187.118916329907,171.37286333946204,69.49699438177049,11,-0.0028436120483092964,0.9124679453670979,0.1493263365700841
1206,0.170954083,1785043096.2183812,187.2404350806984,172.01220886092418,76.58252813480794,11,-0.0032764032657723874,1.0906346440315247,0.13863956276327372
1208,0.170954083,1785043096.592355,164.90770353791592,171.88503084577584,87.90014705061913,11,-0.0012707506539300084,1.2316163964569569,0.10819549532607198
1210,0.170954083,1785043096.847952,179.24532284211202,171.61729587013141,80.02514982502908,9,-0.0018895778848673217,1.22112388163805,0.0947832758538425
1212,0.170954083,1785043097.148866,164.42712872920794,171.00023746046173,105.63565450906754,16,-0.0006707018037559465,1.1789781637489796,0.04755627422127873
1214,0.170954083,1785043097.400865,184.32477078562263,171.62620312827443,75.89082312583923,13,-0.0018843478101189248,1.1119955033063889,0.1378871090710163
1216,0.170954083,1785043097.6546628,155.52209942254035,171.33176897585003,99.98440344817936,13,-0.0008960577542893589,1.9430421069264412,0.12016241997480392
1218,0.170954083,1785043097.935135,172.92855693920765,170.99720975551827,77.64764200337231,10,-0.0018916295084636658,0.9014087915420532,0.18931204359978437
1220,0.170954083,1785043098.189873,189.13567331046485,170.90287562492264,75.06950501725078,10,-0.0018222819562652148,1.2743716798722744,0.12800443125888705
1222,0.170954083,1785043098.490859,168.34615866505632,170.73002958854872,83.90043100714684,9,-0.0017482166877016425,0.9620721153914928,0.10945852287113667
1224,0.170954083,1785043098.743142,190.47363619082097,170.98798235651446,70.37102721258998,11,-0.0028800868603866547,0.9130547754466534,0.23512066155672073
1226,0.170954083,1785043098.996724,176.79481769360368,170.61278356256582,75.78792561218143,12,-0.0020048744627274573,1.6353212930262089,0.21721130795776844
1228,0.170954083,1785043099.3135371,172.0497508212006,170.79462210922455,80.87609239667654,12,-0.0024403100251220167,0.953858133405447,0.16569552011787891
1230,0.170954083,1785043099.6100202,168.6000990827885,171.46931872347457,84.72056535631418,10,-0.002081533195450902,0.6319517605006695,0.1735346638597548
1232,0.170954083,1785043099.929949,171.35948387437233,172.13139896997706,81.42143283225596,12,-0.0014223242178559303,1.2918160185217857,0.13658895576372743
1234,0.170954083,1785043100.236065,182.82614977872788,172.56544716949352,75.44923736155033,11,-0.0016199718811549246,0.6286302506923676,0.18350853864103556
1236,0.170954083,1785043100.513401,162.4716656885509,172.05771317397338,89.87850473821163,13,-0.002250852936413139,2.4398748725652695,0.1540007684379816
1238,0.170954083,1785043100.8179898,157.03440792228793,171.42263852168963,101.46829603612423,10,-0.0016690930351614952,1.7733486965298653,0.08376345480792224
1240,0.170954083,1785043101.093142,189.22993897509292,171.73747190779133,69.94589756801724,11,-0.0018729183066170663,1.6996577680110931,0.23570582922548056
1242,0.170954083,1785043101.393634,178.03115017905125,171.73062124688298,74.32946825027466,12,-0.001199382881168276,1.1278106607496738,0.1309804511256516
1244,0.170954083,1785043101.701191,144.1178629690965,171.60634729194203,111.19959593564272,13,-0.00042937585385516286,2.2702073007822037,0.06903567467816174
1246,0.170954083,1785043101.974187,166.1374391335502,170.9685746726575,91.74511184869334,11,-0.0013660264448844828,1.3431369438767433,0.14796285424381495
1248,0.170954083,1785043102.246505,175.89444092822694,170.4658031247447,80.63936972990632,11,-0.002048066584393382,1.2614746168255806,0.16627085395157337
1250,0.170954083,1785043102.896734,163.60560782156816,170.40698442019064,85.52112265303731,10,-0.0016215137584367767,0.8161490373313427,0.15782017540186644
1252,0.170954083,1785043103.2181199,169.70574859140234,170.9458801606579,79.05278296396136,12,-0.0009898880452965386,0.8422617353498936,0.12770724762231112
1254,0.170954083,1785043103.524341,169.07021899172327,170.62993241875395,92.20782211795449,11,-0.0015377841773442924,1.4503900110721588,0.0774277476593852
1256,0.170954083,1785043103.7972212,156.8480232569193,169.66617541870204,92.2728167064488,14,8.898135274648666e-05,1.770234227180481,0.12828458193689585
1258,0.170954083,1785043104.116527,168.53362142614483,169.90824351859152,89.91861997917295,14,-0.005818118806928396,2.016466423869133,0.16474283672869205
1260,0.170954083,1785043104.571081,184.42744743539535,170.48206020217188,73.89661787683144,13,-0.0009480850421823561,1.1222175657749176,0.14046294195577502
1262,0.170954083,1785043104.870195,176.21227528627668,170.86996485835814,76.9523552749306,14,-0.001911654369905591,0.7048654928803444,0.15144546423107386
1264,0.170954083,1785043105.145185,164.75779343933624,170.36818054683962,93.68155624344945,14,-0.001999785119551234,1.2686661519110203,0.1777631640434265
1266,0.170954083,1785043105.444855,174.99116684501055,171.15218485589332,80.35329132527113,12,-0.001055967528373003,0.5017659775912762,0.10963941272348166
1268,0.170954083,1785043105.713908,160.938339572696,170.00591581663,100.7682605534792,13,0.0005999666900606826,3.244606226682663,0.09935100842267275
1270,0.170954083,1785043106.0096982,164.13018221235978,169.77872919414563,95.49985853210092,10,-0.002817378262989223,0.8692005984485149,0.10863206628710032
1272,0.170954083,1785043106.37012,175.70099329741487,169.74778085068337,77.50422333180904,14,-0.002385546758887358,1.0417907796800137,0.17934017069637775
1274,0.170954083,1785043106.659828,174.58295845420594,168.90727512069253,86.90422607213259,14,-0.0010915101738646626,2.0264838859438896,0.11396852182224393
1276,0.170954083,1785043106.9588869,184.99765876354928,168.95886126125922,67.8812267947942,11,-0.001865462021669373,1.126763166859746,0.19889263715595007
1278,0.170954083,1785043107.231392,167.21459726506723,168.8077566546986,88.227732995525,12,-0.0022116826912679244,0.629206819459796,0.09580953558906913
1280,0.170954083,1785043107.506562,155.7086918929269,168.37732868637096,109.0480687841773,11,-0.0007490581920137629,1.3088515922427177,0.08079663850367069
1282,0.170954083,1785043107.834069,163.0827604233892,168.47388813882907,92.1577925644815,12,-0.0014566546378773637,1.725184828042984,0.07580553647130728
1284,0.170954083,1785043108.103044,179.1234277840038,167.96736268729455,80.75957465544343,10,-0.0018894108943641186,1.622533418238163,0.12281127367168665
1286,0.170954083,1785043108.4005601,146.89801686479305,167.65075678670797,112.8301765806973,15,-0.002631178474985063,0.8205851428210735,0.081519132014364
1288,0.170954083,1785043108.6720362,158.6515127053042,167.9422041055511,97.5917951837182,12,-0.0008828110585454851,1.9337372407317162,0.10808938974514604
1290,0.170954083,1785043109.147569,163.37229968573672,167.01991144514125,82.76119454205036,10,-0.0027636970771709457,0.6402101702988148,0.21097556501626968
1292,0.170954083,1785043109.508095,178.3776941510899,166.93561305599,76.7396262101829,12,-0.002021829568548128,1.5670779794454575,0.16560621839016676
1294,0.170954083,1785043109.777958,177.99226838624892,167.17974624708327,80.88289600796998,12,-0.001426130169420503,1.5551771074533463,0.1390112955123186
1296,0.170954083,1785043110.049411,174.3142780667465,167.42800774561866,81.62884330749512,9,-0.001595394394826144,1.1734404042363167,0.132245687302202
1298,0.170954083,1785043110.395238,174.3248169296016,167.52707546743807,83.72492296621203,11,-0.002146846629329957,1.1627548933029175,0.1677588727325201
1300,0.170954083,1785043110.672832,151.91062314492925,167.19361902619366,107.91980224847794,10,-0.0008469601161777973,1.3987394906580448,0.08277718955650926
1302,0.170954083,1785043111.024509,152.86775891241922,166.82221643613025,103.71358001604676,14,-0.0012387719907565042,3.7807038724422455,0.08634263020940125
1304,0.170954083,1785043111.300843,159.249268639414,166.40638393432423,99.62074037175626,10,-7.863601786084473e-05,1.1403219923377037,0.15381126338616014
1306,0.170954083,1785043111.7414038,142.33066112863582,166.2998196825543,118.100291531533,12,-0.0010099913488375023,2.4134498089551926,0.1136721302755177
1308,0.170954083,1785043112.049269,188.97014839351192,166.44546888219597,69.69751114584506,10,-0.0012115775534766726,1.048858780413866,0.17990322085097432
1310,0.170954083,1785043112.352313,183.76191428437681,165.93012140636077,72.54919249936938,11,-0.001539061064249836,0.940800204873085,0.1751822386868298
1312,0.170954083,1785043112.642251,162.82394936834172,166.0321524842422,89.1349068954587,10,-0.0019303556764498353,1.2693966664373875,0.17122013494372368
1314,0.170954083,1785043112.969013,179.66054034346385,166.6423928560494,78.43865565955639,9,-0.0022305806633085012,1.3032446801662445,0.1752740489318967
1316,0.170954083,1785043113.2454998,164.84824688913304,166.4547675887692,84.4710292275995,12,-0.0014585373282898217,1.840095967054367,0.1268807416781783
1318,0.170954083,1785043113.590513,169.6159915983211,167.50316585500087,81.6277329493314,10,-0.002056200748484116,1.2066300697624683,0.13349031237885356
1320,0.170954083,1785043113.874718,185.4948690666839,167.6254792593708,74.68579724058509,12,-0.0019308181363157928,1.6072299592196941,0.21863312926143408
1322,0.170954083,1785043114.166691,169.21964891409863,167.91198430738038,84.74741964414716,12,-0.0008786607068032026,1.8979434669017792,0.14663389837369323
1324,0.170954083,1785043114.507769,176.73711051738252,168.54912806205556,88.3302059173584,11,-0.0013196353102102876,1.7185796052217484,0.12689318880438805
1326,0.170954083,1785043114.792023,173.02803319088753,167.9708302224421,80.61960076540709,13,-0.0014165328466333449,1.8371158838272095,0.14486926095560193
1328,0.170954083,1785043115.072845,177.22097209259582,168.07578249410813,70.95283998176455,12,-0.002027884271228686,0.8973214104771614,0.1777447024360299
1330,0.170954083,1785043115.384895,174.5390531143215,168.29509903345445,81.02011757157743,11,-0.0022072707070037723,0.4949947725981474,0.19993605837225914
1332,0.170954083,1785043115.66818,175.22033729652995,168.30115001416414,84.78451655060053,10,-0.0018833599460776895,1.0946499854326248,0.10471408721059561
1334,0.170954083,1785043115.9867961,181.20660823926997,168.91588491132913,79.23907169699669,10,-0.002628638867463451,1.4055898934602737,0.11961342953145504
1336,0.170954083,1785043116.2682638,154.60597981810645,169.4811645686298,92.5212459564209,13,1.986304414458573e-05,3.846452057361603,0.09874510299414396
1338,0.170954083,1785043116.5503502,163.01626527746822,169.75821685958843,91.74830402433872,14,-0.002570474345702678,1.473293300718069,0.15305610047653317
1340,0.170954083,1785043116.888266,182.49612634886796,170.57678460829422,76.59711921587586,12,-0.001622913325263653,0.7205890696495771,0.12920101452618837
1342,0.170954083,1785043117.170857,162.98843386360988,170.14304423813593,88.4931635465473,13,-0.0012461352453101426,1.6706660762429237,0.11860822467133403
1344,0.170954083,1785043117.4527209,170.24061072179745,170.3062188850597,88.23635226488113,11,-0.0016250140470219776,1.1808464974164963,0.13899336569011211
1346,0.170954083,1785043117.764529,178.09610845248514,170.7573668354561,80.39880030788481,11,-0.0022527355467900634,1.022075578570366,0.1918990109115839
1348,0.170954083,1785043118.043701,175.97790699805927,170.62868042025377,80.02792410552502,11,-0.0016384724294766784,1.6908721700310707,0.13840645644813776
1350,0.170954083,1785043118.359278,169.50431053291868,171.10281216710743,88.38517723791301,11,-0.0016885619261302054,0.7349062450230122,0.16207745764404535
1352,0.170954083,1785043118.6758242,178.87518460434435,171.6376669081337,76.43101055920124,10,-0.0016495350282639265,0.5307071655988693,0.17232403438538313
1354,0.170954083,1785043118.984481,163.66969631443436,171.82847328042436,88.02457067370415,11,-0.0018248086707899347,1.1556825935840607,0.1742961397394538
1356,0.170954083,1785043119.3271239,177.6662077715913,172.89503347266665,78.70143073052168,11,-0.0018291542655788362,1.0798056721687317,0.1298273205757141
1358,0.170954083,1785043119.607661,161.93151424800436,172.32694847112793,84.91794586926699,12,-0.0021372040500864387,1.1036608628928661,0.17618667427450418
1360,0.170954083,1785043119.8875442,152.5950396248075,171.9805313624366,101.54247437044978,14,-0.001320990479143802,2.1891809478402138,0.1621478064917028
1362,0.170954083,1785043120.206899,184.78806229240607,172.53099461285964,73.6251881569624,10,-0.0015751872560940683,1.2623962387442589,0.18096498772501945
1364,0.170954083,1785043120.487215,183.78593432224656,172.01319486546993,73.22970808669925,10,-0.0011082855053246021,2.109030529856682,0.09171240590512753
1366,0.170954083,1785043120.8458738,163.80277681215222,171.97171961856333,93.52569853141904,13,-0.0006909528747200966,1.8257504105567932,0.10684121819213033
1368,0.170954083,1785043121.238636,171.76940435125573,172.20438537721603,86.37924229539931,13,-0.0010914952799794264,3.158848062157631,0.11325611639767885
1370,0.170954083,1785043121.535947,171.58094260417764,172.47820858768057,83.90859199687839,12,-0.0023689748195465654,2.000870294868946,0.18421181291341782
1372,0.170954083,1785043121.844705,172.36133873090745,172.61275865241404,88.30085386708379,13,-0.00040482921758666635,1.2110785581171513,0.10090830223634839
1374,0.170954083,1785043122.124144,178.44450050828212,172.5505691694333,78.58626996725798,11,-0.001136298174969852,1.4848252907395363,0.138401847332716
1376,0.170954083,1785043122.404232,156.8357494326331,172.5501232281535,84.98987941071391,12,-0.0013454952568281442,0.7318188771605492,0.18124506995081902
1378,0.170954083,1785043122.712267,171.81486552129033,172.53907173142207,81.46428519114852,11,-0.0028742048889398575,0.4539404548704624,0.13202578481286764
1380,0.170954083,1785043122.994886,175.2983909622446,172.21630922859592,75.51043986529112,10,-0.002271128469146788,0.8658531345427036,0.13843175303190947
1382,0.170954083,1785043123.451916,160.68100053771812,171.85880819954093,91.35141637921333,11,-0.0012875360625912435,0.9528096318244934,0.1496805394999683
1384,0.170954083,1785043123.7544289,170.486479290702,171.41128484539263,83.01012767106295,13,-0.001953555241925642,1.2771013043820858,0.16288976650685072
1386,0.170954083,1785043124.035999,174.18666188571976,171.9077374599909,82.50699026882648,9,-0.0023136179661378264,0.8931700140237808,0.18313475232571363
1388,0.170954083,1785043124.725912,178.88690677486989,172.15987470686426,82.95117992116138,12,-0.0015788076561875641,0.3640574524179101,0.1550437631085515
1390,0.170954083,1785043125.227404,154.03145341678342,171.48862536590687,91.0229712203145,11,-0.0014681029715575278,0.7214336097240448,0.0909920777194202
1392,0.170954083,1785043125.6361501,144.1288751070515,171.2381850990726,109.88567767292261,13,-0.003205295419320464,1.3561600521206856,0.10620444966480136
1394,0.170954083,1785043125.949643,149.76597006307574,170.56563059730382,99.0321712307632,14,-0.0008869796292856336,0.7382264174520969,0.09989780979231
1396,0.170954083,1785043126.282064,178.98184800214898,170.0422176108775,76.60026520490646,12,-0.002978173681185581,1.2187743484973907,0.17940940987318754
1398,0.170954083,1785043126.771093,178.24144745172944,169.83576209270484,81.88113190978765,11,-0.0016439120518043637,1.160028200596571,0.15982452407479286
1400,0.170954083,1785043127.046169,157.10196012328686,169.2878441909292,101.99191410839558,12,-0.0007062114891596138,3.641720563173294,0.143814105540514
1402,0.170954083,1785043127.324936,170.3759408795033,169.21949267786775,80.67674984410405,12,-0.001645937911234796,2.436483107507229,0.15298429038375616
1404,0.170954083,1785043127.77789,170.06535032899285,169.2342460285022,96.30468988418579,10,-0.0017304729044553824,0.6907561384141445,0.13834898406639695
1406,0.170954083,1785043128.13991,185.9898116120203,169.05686723298834,67.33643555268645,11,-0.002112609741743654,0.8880213424563408,0.13500745594501495
1408,0.170954083,1785043128.426422,165.68723028818982,169.45919910084854,93.9740742072463,12,-0.0016977677878458053,1.2981957979500294,0.12299667438492179
1410,0.170954083,1785043128.730387,183.4177196434482,170.17115329615604,66.30362948030233,14,-0.002336336940061301,0.681278184056282,0.19270975049585104
1412,0.170954083,1785043129.002718,175.04517449423997,169.83635332813992,76.25412734597921,11,-0.001459127786802128,1.5532252043485641,0.10387348989024758
1414,0.170954083,1785043129.328429,184.75607036795714,170.67415461954505,74.93577113933861,12,-0.0014634186518378556,2.156354360282421,0.12653109431266785
1416,0.170954083,1785043129.62531,176.73456705146066,171.07797532653484,81.26395405270159,12,-0.0026858483906835318,0.8509190827608109,0.14969508722424507
1418,0.170954083,1785043129.946607,174.39189008594172,170.84049694085323,80.78646718338132,12,-0.0028939819894731045,1.2128831967711449,0.20592944510281086
1420,0.170954083,1785043130.2728052,177.8722082688591,170.78036975402392,77.6058579031378,11,-0.0011602124432101846,1.6228247173130512,0.13150796992704272
1422,0.170954083,1785043130.565568,158.50178007947423,170.87061084587722,89.27814317122102,10,-0.0012312645558267832,1.1506291627883911,0.12755263270810246
1424,0.170954083,1785043130.848397,185.68864013930326,171.1893333798359,72.27937791496515,10,-0.0015630482084816322,1.5548484176397324,0.14846251020208
1426,0.170954083,1785043131.18188,178.57018014933035,171.6638011052342,83.88201239146292,14,-0.0010643156128935516,1.186785914003849,0.0899748932570219
1428,0.170954083,1785043131.526413,162.07082531600693,171.66573490743104,87.50461995787919,10,-0.0011242859836784191,1.8220722451806068,0.09081346658058465
1430,0.170954083,1785043131.8622668,177.99516808314013,171.8671656518466,76.19561201892793,14,-0.0017793177394196391,1.4611943773925304,0.15636354871094227
1432,0.170954083,1785043132.164595,162.97387228615585,171.8757148870647,90.49132338538766,11,-0.0011695331777445972,1.1591393239796162,0.12986294366419315
1434,0.170954083,1785043132.438454,180.4275096031427,172.28556840498422,74.10095334798098,12,-0.0020955714862793684,1.0803180150687695,0.13394707906991243
1436,0.170954083,1785043132.812703,152.50969098929022,171.50440038405975,101.67198001220822,12,-0.0010960033541778103,1.614874079823494,0.12158229667693377
1438,0.170954083,1785043133.094908,178.40032087873755,171.3477443444632,75.82690227776766,13,-0.0013605753192678094,1.194711595773697,0.11385321919806302
1440,0.170954083,1785043133.424161,152.48914460643806,171.66937420670422,103.47158741950989,14,-0.0014430763549171388,3.8893040120601654,0.09668640606105328
1442,0.170954083,1785043133.764263,183.23122977662456,172.11986164472907,70.04004542715847,11,-0.001646043499931693,1.509389728307724,0.1571159535087645
1444,0.170954083,1785043134.041136,176.163750355192,172.72170549260073,82.34332033619285,9,-0.0014369821292348206,1.4136808961629868,0.10342406667768955
1446,0.170954083,1785043134.350823,160.80748355943857,172.59360316931352,89.93358083814383,12,-0.001030356390401721,0.6900230497121811,0.12732285587117076
1448,0.170954083,1785043134.749374,174.71548071027422,173.18271796038715,79.6670831926167,12,-0.0008765054808463901,1.2979732938110828,0.09406680124811828
1450,0.170954083,1785043135.0344691,159.16725012126884,173.26410955991525,100.59843773022294,11,-0.0011913648195331916,1.7842969968914986,0.06607205863110721
1452,0.170954083,1785043135.35633,157.19680061104054,173.04838494544254,94.68031661957502,14,-0.0015102792021934874,0.8100761249661446,0.15986530017107725
1454,0.170954083,1785043135.663306,180.4940952466598,173.4887273603816,71.79659694805741,10,-0.0023059641462168656,0.8577515259385109,0.18777792248874903
1456,0.170954083,1785043135.9656231,177.19612632063692,172.97551562641888,78.7894125469029,11,-0.0012722244719043374,2.2924537137150764,0.14805641397833824
1458,0.170954083,1785043136.348804,146.92718594726819,172.2088775672415,102.20912500377744,16,-0.0013389088562689722,2.2182946130633354,0.10087913577444851
1460,0.170954083,1785043136.757468,175.2225787156798,171.5844693816165,80.36486361548305,11,-0.0009916003327816725,1.517059363424778,0.10784673923626542
1462,0.170954083,1785043137.112455,163.956373336343,171.37049027008297,88.85721469670534,12,-0.0008468839805573225,1.7977766543626785,0.08317183400504291
1464,0.170954083,1785043137.431073,162.43807331223996,170.52575745801184,92.23487016931176,12,-0.0007443433278240263,1.291568249464035,0.08751747338101268
1466,0.170954083,1785043137.7445672,178.72484882369923,170.3705987969536,80.99026829749346,13,-0.002003168105147779,0.6076300255954266,0.1498674056492746
1468,0.170954083,1785043138.076433,171.61535810940157,170.69811430477884,84.27065151557326,10,-0.0012582311173900962,0.7457833178341389,0.1182132693938911
1470,0.170954083,1785043138.373823,168.51384950279578,170.49739251964454,89.14761515334249,9,-0.001626435958314687,1.5853079184889793,0.12548571964725852
1472,0.170954083,1785043138.6558988,182.6000453227276,170.40024178399514,72.46724942699075,12,-0.0016601239913143218,1.0502316616475582,0.1273003751412034
1474,0.170954083,1785043138.958071,145.1485954819964,169.25732831960565,113.93360771611333,15,-0.0009227072150679305,2.1702094674110413,0.0890777655877173
1476,0.170954083,1785043139.23354,178.1858355235412,169.31603690857125,82.61021354049444,11,-0.0007178097148425877,0.514344884082675,0.08160180691629648
1478,0.170954083,1785043139.538479,176.64393592126095,169.31750479826198,77.3782660108991,12,-0.0007256488170241937,0.6409694012254477,0.10514260362833738
1480,0.170954083,1785043139.8095942,173.99086580744645,169.72601751766965,85.79407024756074,12,-0.0021031707292422652,1.5384024381637573,0.13010711269453168
1482,0.170954083,1785043140.114646,171.37151579763318,169.91327296209002,80.94748076796532,11,-0.0018357661901973188,0.9798987098038197,0.17614888586103916
1484,0.170954083,1785043140.423604,182.7945765915651,169.74735299456677,75.4049394056201,9,-0.0013516930339392275,0.836237158626318,0.14770960388705134
1486,0.170954083,1785043140.6976268,193.71357051281095,170.73224964303918,70.3819094337523,10,-0.001767516601830721,0.8796017989516258,0.16610185522586107
1488,0.170954083,1785043140.9727921,182.57421176595312,170.88801875146513,76.32493697106838,9,-0.00032009731512516737,1.4975303709506989,0.09854359179735184
1490,0.170954083,1785043141.274709,193.74514452722596,171.59875993175243,64.59838009998202,12,-0.0015246516049955972,0.7603408321738243,0.1660620728507638
1492,0.170954083,1785043141.553667,173.97057743935136,171.3644093025455,79.34694048017263,12,-0.0013742540613748133,1.044586893171072,0.13171372935175896
1494,0.170954083,1785043141.888119,184.58246697188795,171.590814685518,71.64770633354783,11,-0.0012764475541189313,0.42417694441974163,0.1123556480742991
1496,0.170954083,1785043142.165133,160.97758532842028,171.41538497490404,85.24189377762377,11,-0.0012242731172591448,1.3818035908043385,0.13708464661613107
1498,0.170954083,1785043142.439272,166.76325565162236,171.13179178950355,85.82641716301441,14,-0.0027632114361040294,0.8608278632164001,0.15885439049452543
1500,0.170954083,1785043143.1001868,173.71094571943422,171.7092384424731,78.25153660029173,13,-0.0031952723511494696,1.610006969422102,0.13061308721080422
1502,0.170954083,1785043143.393576,153.60906695587275,171.59732212496613,102.13062586635351,11,-0.0014782545622438192,0.9746720232069492,0.10385049413889647
1504,0.170954083,1785043143.665598,172.3560590135945,171.13325144773512,82.71181007102132,9,-0.00123489648103714,0.9921406544744968,0.09052493842318654
1506,0.170954083,1785043143.9717178,187.16558452445688,171.6961060523644,79.59040873125196,11,-0.0030459631016128697,0.8921792134642601,0.19791228882968426
1508,0.170954083,1785043144.243253,156.08711431656678,172.0444033044417,99.01001331210136,9,-0.001545666716992855,1.848643571138382,0.13372140657156706
1510,0.170954083,1785043144.543641,190.5855056099375,172.6271618729311,73.34525913000107,12,-0.0015307412904803641,1.3381125777959824,0.09946092031896114
1512,0.170954083,1785043144.847897,169.23667041765046,172.7406546708992,81.99095914140344,11,-0.00013512454461306334,1.2808528915047646,0.12384804897010326
1514,0.170954083,1785043145.1313841,176.79003825018236,173.27512811595975,79.6533832475543,11,-0.004064519103849307,0.6411438286304474,0.17057630512863398
1516,0.170954083,1785043145.448011,174.75000661500226,172.77654629855184,72.13672910816967,14,-0.0016513089649379253,0.6108995527029037,0.1584832607768476
1518,0.170954083,1785043145.72627,187.6009436551877,173.15465294696472,72.04848199896514,11,-0.0014087859890423715,0.7217786870896816,0.14153572591021657
1520,0.170954083,1785043146.008778,158.86034301233786,173.03359680504408,101.99345197156072,14,-0.0009847714100033045,4.281273350119591,0.093158517498523
1522,0.170954083,1785043146.596593,157.53146740062772,172.6739933081063,94.80693357996643,14,-0.0016475063457619399,1.443463634699583,0.08576457295566797
1524,0.170954083,1785043146.9919648,190.86788297072457,173.7457316562721,70.45347793772817,10,-0.0018670017016120255,0.49532034434378147,0.1132193454541266
1526,0.170954083,1785043147.700972,174.45561731119844,173.54741436668036,78.34655429050326,12,-0.0017500538524473086,0.5739356204867363,0.11377867357805371
1528,0.170954083,1785043148.137812,141.44816949285232,172.7645442733631,114.8498308621347,12,-0.001061046787071973,2.7058830112218857,0.0851537142880261
1530,0.170954083,1785043148.530625,187.1237713118905,172.7593524486742,69.22765961103141,13,-0.001956550288014114,0.8382589630782604,0.2029694216325879
1532,0.170954083,1785043148.924563,151.19740292825838,172.40825719912576,95.51983576640487,14,-0.0016078008920885623,1.6499815583229065,0.10561233153566718
1534,0.170954083,1785043149.394598,180.75306382062666,172.55920316710052,77.98571713641286,9,-0.0027773359324783087,1.1024854183197021,0.16002316679805517
1536,0.170954083,1785043149.713278,164.9665237334609,171.86684383369075,90.86348735913634,13,-0.0023649924914934672,1.6822752803564072,0.18267723359167576
1538,0.170954083,1785043150.0378041,175.4636059563568,171.8257625645589,75.4384276792407,11,-0.001578605006216094,1.5205680206418037,0.14960381668061018
1540,0.170954083,1785043150.3206651,165.01494831265276,170.8461095441344,90.76985212042928,11,-0.0008118092373479158,1.11726875603199,0.08599530602805316
1542,0.170954083,1785043150.628345,174.1799630287267,171.1338462812017,77.99939561448991,12,-0.001187144524010364,1.071620475500822,0.12913978518918157
1544,0.170954083,1785043150.905992,175.02702585632073,170.76275970876594,79.79548945836723,12,-0.0024518801947124302,0.8348685279488564,0.15975744556635618
1546,0.170954083,1785043151.19119,176.67264424366212,171.1752109689738,74.23268120735884,12,-0.0029740394093096256,1.2974591962993145,0.16113622765988111
1548,0.170954083,1785043151.496329,156.04974312310577,170.82120297679882,96.10429755412042,13,-0.0034331842325627804,0.2979897726327181,0.1304909992031753
1550,0.170954083,1785043151.801095,195.09275064300422,171.00458707471182,62.72727647982538,10,-0.0020064205455128103,1.034894846379757,0.17006354127079248
1552,0.170954083,1785043152.0788841,164.6676991776941,171.36120664379837,85.85619490966201,12,-0.0018002084107138216,2.0525162518024445,0.11795960506424308
1554,0.170954083,1785043152.3863401,156.2178726923331,171.2696279149633,96.71831507980824,12,-0.0012062953028362244,2.6577989980578423,0.11879452085122466
1556,0.170954083,1785043152.691797,172.58604023319245,171.22130720550854,82.42987469956279,9,-0.0010788082727231085,1.0197333917021751,0.1036770879290998
1558,0.170954083,1785043153.035239,170.9799056464689,171.5643799134364,83.3249158039689,10,-0.0014159214042592794,1.950887393206358,0.08034576033242047
1560,0.170954083,1785043153.3337479,166.2941151769125,171.09702440447242,85.71109082177281,10,-0.0016026857774704695,2.1349677816033363,0.13339143199846148
1562,0.170954083,1785043153.66634,168.81396342165877,170.98872712829132,82.20164701342583,10,-0.0015874537639319897,1.7463597878813744,0.15090048220008612
1564,0.170954083,1785043153.98817,174.99145274625397,170.2927638374493,80.18768968246877,13,-0.0016077728942036629,0.9848162420094013,0.14130295626819134
1566,0.170954083,1785043154.277954,185.20484013765463,170.57683111084415,70.36044478230178,15,-0.0024006388266570866,0.8545776605606079,0.16317632049322128
1568,0.170954083,1785043154.561321,181.48695448714236,170.35622889233622,77.46500403434038,13,-0.0019564373651519418,0.6029087547212839,0.19060082361102104
1570,0.170954083,1785043154.9455,143.78841917525887,169.83185171115295,115.76884923875332,13,-0.0011379822972230613,5.632438898086548,0.06236994150094688
1572,0.170954083,1785043155.226351,179.21944879348183,170.12082818951723,81.34863564744592,10,-0.0016199408564716578,0.9880869165062904,0.15604344569146633
1574,0.170954083,1785043155.544078,177.78671143617996,170.02578456802502,73.95655022189021,12,-0.0011982206488028169,1.0777862928807735,0.12865438451990485
1576,0.170954083,1785043155.834862,185.8110220263465,170.44086735794588,69.74907432869077,11,-0.0015969680825946853,0.5525862947106361,0.18068088218569756
1578,0.170954083,1785043156.1260118,144.83805016288005,171.0464444239623,99.37658346444368,12,0.0017404881655238569,3.892456039786339,0.1336939507164061
1580,0.170954083,1785043156.436557,167.16893412383496,170.64295277255326,97.22774159535766,11,-0.0009802694839891046,4.1272169798612595,0.09506860049441457
1582,0.170954083,1785043156.713898,165.71077456787842,170.24852821692548,78.76204486563802,14,-0.0024009190892684273,1.7021223232150078,0.1622261805459857
1584,0.170954083,1785043157.0105212,181.46912245114777,170.32912153828545,79.5447154212743,10,-0.0011376829352229834,0.8120502643287182,0.09033216908574104
1586,0.170954083,1785043157.312771,171.01271370998742,170.55572677625972,87.63407929241657,10,-0.0014994620869401842,1.1475121676921844,0.12401015846990049
1588,0.170954083,1785043157.593548,162.48540977825212,170.44184301129752,90.05672765523195,11,-0.0011315118172205985,2.245583862066269,0.10666287178173661
1590,0.170954083,1785043157.899916,162.5515718469291,170.70932603190755,83.44124491885304,11,-0.001322119584074244,1.2506921775639057,0.10274005401879549
1592,0.170954083,1785043158.176287,185.1242039107601,171.02075324911996,82.5166251771152,11,-0.0017170362989418209,1.3601604513823986,0.1686457023024559
1594,0.170954083,1785043158.450384,176.99754588202615,171.08266500513383,80.87126128748059,11,-0.0006822256837040186,0.8983283117413521,0.14278012420982122
1596,0.170954083,1785043158.754254,167.48479979186078,171.14181691730153,82.49550596997142,12,-0.000958329503191635,0.9848849214613438,0.06979906442575157
1598,0.170954083,1785043159.0276859,177.5836359813361,171.40846690169192,77.43033168278635,14,-0.0016569977742619812,0.9478850197046995,0.14777951687574387
1600,0.170954083,1785043159.32946,189.54005305512692,171.7011612395103,67.558717392385,10,-0.0015324290579883382,1.0068686753511429,0.13134599849581718
1602,0.170954083,1785043159.6317089,162.81533369482662,171.5717642408016,90.21139092743397,11,-0.0019344917891430669,0.93348503485322,0.1760133421048522
1604,0.170954083,1785043159.904147,168.56224926486126,171.82286309855903,88.07296739891171,10,-0.0004307549970690161,0.9607909359037876,0.07631752011366189
1606,0.170954083,1785043160.211618,159.6858724824973,171.23840577897602,89.88002522662282,11,-0.001023768214508891,1.5455051884055138,0.11004547635093331
1608,0.170954083,1785043160.48963,177.9015116326201,171.47653768099772,72.99241755157709,12,-0.0013630490502691828,0.8820770606398582,0.163546877913177
1610,0.170954083,1785043160.763274,184.08814277052932,172.23882220743366,70.82702635414898,11,-0.0016289424384012818,1.5289582014083862,0.14443518593907356
1612,0.170954083,1785043161.072312,169.53525686380874,172.45202234762235,81.79779797047377,10,-0.0015584609063807875,0.28869559336453676,0.1290934425778687
1614,0.170954083,1785043161.346117,166.18416196202458,172.52555031968544,85.62804741412401,12,-0.001211801776662469,1.3751383684575558,0.13897708151489496
1616,0.170954083,1785043161.622923,164.093464357187,172.49850729393853,95.20093024522066,11,-0.0026538738748058677,1.0384023450314999,0.1759285982698202
1618,0.170954083,1785043162.006013,190.93087474181505,172.49446829289784,64.43938651867211,11,-0.0021816464723087847,0.8749482855200768,0.17529938369989395
1620,0.170954083,1785043162.293664,192.00143692319966,173.50811006506245,64.34599511697888,11,-0.005434458376839757,1.1678742729127407,0.15610580146312714
1622,0.170954083,1785043162.6072729,182.93917208966496,173.75842332592543,76.43233596533537,10,-0.002288472300278954,1.001563973724842,0.10753749497234821
1624,0.170954083,1785043162.88848,177.2703752816207,173.97763888578595,76.26820911373943,10,-0.0021116795542184263,0.7681081928312778,0.12178524490445852
1626,0.170954083,1785043163.1656861,169.24613951710484,173.723603318665,91.31924906000495,12,-0.0008315090090036392,2.0245328098535538,0.11578370491042733
1628,0.170954083,1785043163.490023,162.06161993242046,173.8849816655411,91.76512551680207,10,-0.0022370289807440713,1.6539685055613518,0.10485835187137127
1630,0.170954083,1785043163.777777,165.268530567121,173.68967545060002,93.87975033558905,12,-0.0009351688495371491,2.107470788061619,0.07890229090116918
1632,0.170954083,1785043164.078633,174.98558790490455,174.50930784803083,80.82152480632067,10,-0.0015906023909337819,0.9654277041554451,0.1568154925480485
1634,0.170954083,1785043164.4095721,180.0594377390041,174.00368049079418,75.70768597908318,12,-0.001276349590625614,1.3006611503660679,0.12034722324460745
1636,0.170954083,1785043164.7282188,169.0072440819736,173.62019623352418,79.4422607216984,14,-0.0011083267745561898,1.164320282638073,0.10166624281555414
1638,0.170954083,1785043165.054378,168.49185680190203,173.25628054002703,83.82492987066507,14,-0.0013628170127049088,1.4707108661532402,0.12100632023066282
1640,0.170954083,1785043165.3382962,190.21673289767585,173.92204914037885,72.95821047388017,11,-0.0022591237793676555,1.3499422743916512,0.21187861543148756
1642,0.170954083,1785043165.6129222,136.2954151936762,172.99708512055952,121.24806584045291,14,-0.001000149524770677,1.7267355769872665,0.11037636501714587
1644,0.170954083,1785043165.9536068,183.52000136237976,173.1466760780426,68.98625196889043,12,-0.0012901654554298148,0.8644275739789009,0.14967320067808032
1646,0.170954083,1785043166.26424,184.46815973662328,173.51305269815253,70.86748088151217,10,-0.0018176449229940772,0.6552537344396114,0.19263202417641878
1648,0.170954083,1785043166.598433,182.70669330747677,173.9538915413426,70.52561979647726,12,-0.002150512853404507,1.105303555727005,0.14990037074312568
1650,0.170954083,1785043166.975285,180.90455838586635,173.6973708245203,78.87314545921981,12,-0.002506441393052228,1.014350675046444,0.2391899498179555
1652,0.170954083,1785043167.279747,172.892914141683,173.20586935316703,84.4370236583054,13,-0.0013908912660554051,1.1777503415942192,0.14491282124072313
1654,0.170954083,1785043167.6211998,170.19648074373217,173.16781821544072,90.34028216451406,11,-0.0014671682147309184,1.7943829447031021,0.13811852550134063
1656,0.170954083,1785043167.9396029,187.58700025946095,173.80323436785216,66.51406122744083,13,-0.0029752590926364064,1.6507397815585136,0.20609222818166018
1658,0.170954083,1785043168.213137,181.13592239856663,173.68749120535395,75.01186912413687,13,-0.0018611556442920119,1.6828667894005775,0.2051670989021659
1660,0.170954083,1785043168.559103,168.10593036463985,172.63652894487893,84.91251479461789,13,-0.0008602011293987744,1.5370062924921513,0.09055458288639784
1662,0.170954083,1785043168.8638668,156.86600644995352,172.04933712360412,107.84489744529128,15,-0.0005801822990179062,1.1863864716142416,0.0506911501288414
1664,0.170954083,1785043169.166124,171.4370432077147,172.05374017145508,83.61413028463721,13,-0.002034085337072611,1.5226516798138618,0.1647896859794855
1666,0.170954083,1785043169.501906,163.54184601849403,171.63879421617773,97.31528304517269,11,-0.0019680661789607257,2.3544238284230232,0.14014617633074522
1668,0.170954083,1785043169.775776,166.90658842333306,171.33736720382115,83.82079445384443,12,-0.0014804743259446695,1.4716985188424587,0.11225459072738886
1670,0.170954083,1785043170.097239,170.05076353299216,171.1764688516005,86.14120170846581,13,-0.0006137985474197194,0.661071402952075,0.08665933785960078
1672,0.170954083,1785043170.36795,174.20593308091742,170.72906263221182,77.40394408255816,13,-0.0013582005049102008,1.1459273844957352,0.1523650768212974
1674,0.170954083,1785043170.639509,166.54895350497114,170.1137969799976,83.42986050620675,12,-0.001819964818423614,1.9128236398100853,0.1582288439385593
1676,0.170954083,1785043170.955157,171.42343431292792,169.90563554337896,79.64656228944659,11,-0.0024049421190284193,0.5551570728421211,0.09726299485191703
1678,0.170954083,1785043171.241044,157.27910868306896,169.54311869746277,95.1053652651608,13,-0.0013166170101612806,0.8171902038156986,0.11953080631792545
1680,0.170954083,1785043171.528434,157.9507702413762,169.7009193147334,96.43222199939191,13,-0.001439122948795557,1.1495719365775585,0.14046812895685434
1682,0.170954083,1785043171.8933702,182.2184706724108,169.83919806160316,72.25178348273039,12,-0.0014702164335176349,0.49692985601723194,0.17741447174921632
1684,0.170954083,1785043172.175933,176.50349616682857,170.1327598090988,77.39245859719813,11,-0.002149776089936495,0.7012866325676441,0.10750694526359439
1686,0.170954083,1785043172.503353,174.4261137418533,170.43332437081077,81.67386419512331,9,-0.001288964704144746,0.7136154975742102,0.13106514979153872
1688,0.170954083,1785043172.8007371,181.05986945243077,171.0597498941508,70.08804843202233,11,-0.0011004524130839854,0.5818707179278135,0.1860097497701645
1690,0.170954083,1785043173.0911832,151.23898692753698,169.86986109749324,102.50977277010679,12,-0.002068347646854818,1.1780772991478443,0.13114917976781726
1692,0.170954083,1785043173.388171,151.772050294057,170.42227566835547,106.48575185984373,13,0.0004625803849194199,1.319277860224247,0.0823054350912571
1694,0.170954083,1785043173.6601548,180.53798806072075,170.7104426760585,78.55421997979283,12,-0.0019100305798929185,0.8464194610714912,0.18653983995318413
1696,0.170954083,1785043173.9321759,163.86410747296225,170.36887497248657,96.76633130200207,11,-0.0012596065935213119,1.6152079328894615,0.11273635970428586
1698,0.170954083,1785043174.223132,177.73058757997106,169.96825261618437,79.4671244174242,10,-0.002088108391035348,0.9645708985626698,0.14106335118412971
1700,0.170954083,1785043174.516885,166.93574605443735,169.82627465072954,83.96436642855406,13,-0.0006332134362310171,1.6212539076805115,0.13300705794245005
1702,0.170954083,1785043174.805381,187.15396021115106,170.59129425408827,69.55258425697684,11,-0.0015474255196750164,0.7164554707705975,0.1683329502120614
1704,0.170954083,1785043175.073217,150.21584942094987,169.70624325313855,105.84870343096554,15,-0.000846662325784564,1.6261121034622192,0.05747387697920203
1706,0.170954083,1785043175.343926,164.83879680434504,169.14178398539806,85.67224231734872,10,-0.0016394098056480289,1.8341667503118515,0.15593275055289268
1708,0.170954083,1785043175.770911,186.70548327990394,169.38080459149285,70.38573636114597,12,-0.001722859888104722,1.8162267357110977,0.17260228749364614
1710,0.170954083,1785043176.040041,157.48395092033033,169.47836087990086,98.4893608726561,15,-0.0016160013619810343,1.4603019952774048,0.10818194644525647
1712,0.170954083,1785043176.32185,187.46798555195596,170.0093950676471,73.51417504437268,12,-0.0013737075496464968,2.3460018187761307,0.13133207382634282
1714,0.170954083,1785043176.637259,160.5293480232836,170.08044999778383,90.46583898365498,12,-0.0005710154073312879,2.029955916106701,0.12920380104333162
1716,0.170954083,1785043176.926363,177.01322739658045,170.53008258671315,77.96206457912922,9,-0.0015523172478424385,0.9077936112880707,0.13569848844781518
1718,0.170954083,1785043177.2908359,164.7367493029205,170.3020063735761,88.33803438022733,12,-0.0013429427344817668,2.4751870706677437,0.0778780544642359
1720,0.170954083,1785043177.5686579,168.2945107404704,170.31458123410331,93.0508255213499,12,-0.0005889760795980692,2.1079485788941383,0.08486065454781055
1722,0.170954083,1785043177.840257,177.6768476463353,170.68409362253598,82.21260694041848,11,-0.0018293149769306183,1.0539245381951332,0.10221755038946867
1724,0.170954083,1785043178.14026,174.932997491516,171.1299396491304,82.0770770534873,10,-0.001819735043682158,0.7458727993071079,0.1803195751272142
1726,0.170954083,1785043178.410429,148.23329308003306,170.71582423653564,107.98141017369926,12,-0.00019446585793048143,7.459675580263138,0.06960196048021317
1728,0.170954083,1785043178.683552,183.7909775117772,170.9296902327203,72.50876504927874,10,-0.0018599999093567021,0.9126120582222939,0.15279970783740282
1730,0.170954083,1785043179.020171,175.87277652201516,171.30987650068818,79.25603600591421,10,-0.0017866221605800092,1.2212779074907303,0.17097789840772748
1732,0.170954083,1785043179.311295,183.70720589831888,171.4520807548743,68.41870537213981,13,-0.001463706255890429,1.5540008917450905,0.14727742550894618
1734,0.170954083,1785043179.6722372,181.54244665236382,171.53929073408145,75.28918498009443,11,-0.0015370934997918084,0.9329145103693008,0.10962568409740925
1736,0.170954083,1785043179.9457998,171.67512173423478,171.4504376230123,84.03661283105612,11,-0.0005799157079309225,2.698136553168297,0.08676737500354648
1738,0.170954083,1785043180.216636,178.5669561385555,171.05142009910915,71.96936009824276,11,-0.001120441360399127,1.240718238055706,0.09813352068886161
1740,0.170954083,1785043180.527689,159.9196810849039,171.34838957164658,104.78527443669736,13,-0.000893789685505908,0.7934999130666256,0.07461945479735732
1742,0.170954083,1785043180.821662,162.2021538160422,171.09551378006347,88.99725222960114,11,-0.0012549716484500095,1.584000039845705,0.07901786151342094
1744,0.170954083,1785043181.103831,159.75970387024995,170.6833723482305,105.059401396662,15,-0.001294749672524631,1.848155990242958,0.09253781102597713
1746,0.170954083,1785043181.456436,168.94359954166217,170.45442154243835,85.24377305805683,14,-0.0014487632142845541,1.469019841402769,0.1554085067473352
1748,0.170954083,1785043181.7301388,159.34537744800483,170.10764240699672,102.7134947963059,11,-0.0015875084791332483,1.32497014477849,0.12944548623636365
1750,0.170954083,1785043182.455874,158.71844480652072,169.38278125298496,101.59009197726846,13,-0.0016907691315282136,1.4333063773810863,0.14827809482812881
1752,0.170954083,1785043182.747128,167.4785101116213,169.15238067468997,93.90206719562411,13,-0.0003129702527076006,1.7070561647415161,0.11591637739911675
1754,0.170954083,1785043183.030541,183.52703752734777,170.22841832975126,69.6094394698739,12,-0.0017431018350180238,0.9588779583573341,0.1814901176840067
1756,0.170954083,1785043183.3347142,142.35855138539807,169.99818497920856,108.72904966026545,12,-0.00047963878023438156,1.3392033316195011,0.06452104763593525
1758,0.170954083,1785043183.612109,186.1731878715276,170.0255736608395,72.80568613484502,11,-0.0014886007338645868,1.144727174192667,0.14477558620274067
1760,0.170954083,1785043183.884511,170.5341126047369,170.64575276427436,77.02774982899427,12,-0.001298604067414999,1.3373827077448368,0.15615519043058157
1762,0.170954083,1785043184.212935,157.86155253368256,170.47983836295495,89.61977691575885,14,-0.001375052161165513,2.4661838933825493,0.07289058505557477
1764,0.170954083,1785043184.490478,170.23135826697808,170.48727185704607,75.291338481009,11,-0.0014421073719859123,0.8540456704795361,0.09990608016960323
1766,0.170954083,1785043184.792706,181.0919624308363,170.71283083453724,75.5010569319129,12,-0.0028689216123893857,2.0175182670354843,0.1301489807665348
1768,0.170954083,1785043185.06414,189.42454433140446,171.33234501395108,69.10114381834865,10,-0.0026185036404058337,0.6686138417571783,0.19242666475474834
1770,0.170954083,1785043185.339199,183.5057146467857,171.92556839574848,77.86053489148617,11,-0.0028707352466881275,1.0380411632359028,0.19202349428087473
1772,0.170954083,1785043185.640099,169.98851249155598,171.6906405389366,90.27805509231985,14,-0.0023992215865291655,0.618501540273428,0.1459013083949685
1774,0.170954083,1785043185.915434,161.8184319152808,171.46118189555457,93.94195636734366,14,-0.0007466272509191185,1.2749608308076859,0.08735124999657273
1776,0.170954083,1785043186.190648,154.08523223629402,171.5574449482097,92.76953623257577,12,-0.0012187794636702165,1.0156137682497501,0.11948228720575571
1778,0.170954083,1785043186.493875,174.65554471965217,171.6741934421259,79.20408343151212,12,-0.002061129780486226,0.880330104380846,0.1384799787774682
1780,0.170954083,1785043186.794515,174.65483051342775,170.59198468611555,78.15338349714875,13,-0.00150381401181221,1.625776618719101,0.13167453231289983
1782,0.170954083,1785043187.137831,165.5293738853642,170.36946430811489,95.2708408292383,11,-0.0009479322179686278,1.880799237638712,0.07340314192697406
1784,0.170954083,1785043187.42413,156.86864583973943,169.7458634841525,92.2244639955461,14,-0.0016425772046204656,1.2401077076792717,0.14861793629825115
1786,0.170954083,1785043187.702343,175.1887771845394,170.10229817952705,86.6209338568151,13,-0.0015721629606559873,0.9455130696296692,0.13560434384271502
1788,0.170954083,1785043188.0114539,162.8951174638246,170.2286179960109,87.32375864684582,13,-0.0010007210075855255,1.3276784867048264,0.09765250002965331
1790,0.170954083,1785043188.292585,181.58204541142044,170.6435144921752,70.53230374865234,12,-0.002046053356025368,0.7624392174184322,0.11370730865746737
1792,0.170954083,1785043188.587539,174.45420509833005,171.61351431609194,79.65476870443672,14,-0.0015775233623571694,1.639557383954525,0.1299248249270022
1794,0.170954083,1785043189.087935,161.19544377287409,171.47370922923284,85.79512088000774,13,-0.0014585271710529923,0.3788297213613987,0.14124984247609973
1796,0.170954083,1785043189.366119,165.5000867314939,171.50675000414347,87.27106787264347,15,-0.0023186765974969603,1.3505238145589828,0.16951095033437014
1798,0.170954083,1785043189.705643,163.84137533903242,171.62222544800352,98.86345547065139,13,-0.0013966470723971725,2.9629332572221756,0.13107075402513146
1800,0.170954083,1785043190.007207,176.58932416184382,172.43548333994127,75.51230937987566,12,-0.0017395845497958362,0.5713531617075205,0.16079115075990558
1802,0.170954083,1785043190.276077,156.19756602656767,172.27573345063382,99.1084762327373,13,-0.0017057775112334639,1.0966500379145145,0.14114805962890387
1804,0.170954083,1785043190.570369,177.93379328762103,172.27030267744962,76.35550355166197,10,-0.003273776346759405,0.92239960283041,0.16975772473961115
1806,0.170954083,1785043190.8775759,163.985327879857,172.78304008798074,90.9052717499435,11,-0.0016846985672600567,0.5336487200111151,0.1351967304944992
1808,0.170954083,1785043191.233322,163.77994028969133,172.1172088823536,87.07966585829854,13,-0.0009881668956950307,4.036328122019768,0.07768316543661058
1810,0.170954083,1785043191.5315268,170.34444812419315,172.1470302888902,90.33079951256514,11,-0.0015778146917000413,0.602567981928587,0.14114261511713266
1812,0.170954083,1785043191.900691,185.63866889552241,172.7300995808383,75.12787917256355,9,-0.003094429150223732,1.0537616237998009,0.16039639431983232
1814,0.170954083,1785043192.241159,173.3764133005221,173.02229054076668,91.15564420074224,9,-0.00025263185671065,1.4377706833183765,0.07335593272000551
1816,0.170954083,1785043192.516426,176.19211741108143,172.54859572878715,79.71149539574981,12,-0.0019017980521311983,0.5917053613811731,0.17186521459370852
1818,0.170954083,1785043192.7822652,165.5485739755302,172.45072245752235,84.54657274484634,10,-0.0015355368668679148,2.7256920784711838,0.15265451604500413
1820,0.170954083,1785043193.104946,186.2782554279806,171.86281105311807,71.86207512393594,12,-0.003056424713577144,0.9113575033843517,0.216013646684587
1822,0.170954083,1785043193.417747,173.20138342727913,172.16082932301055,76.39879172295332,12,-0.000898487342055887,0.7281406223773956,0.12582409149035811
1824,0.170954083,1785043193.691957,148.44650929008907,171.89903159165732,95.67340528592467,15,-0.0012781093246303499,1.4183680042624474,0.15508430916815996
1826,0.170954083,1785043194.020629,161.0224107895473,172.03144992572544,100.97502292692661,14,-0.001006645557936281,2.0777984261512756,0.11686585191637278
1828,0.170954083,1785043194.3755689,178.78887323666106,172.23825145341948,81.30319721251726,9,-0.001599455892574042,1.0723176673054695,0.1642857789993286
1830,0.170954083,1785043194.7220569,182.8432162121907,172.77446869236664,74.96762800309807,11,-0.0012876797700300813,0.9279727302491665,0.13267355225980282
1832,0.170954083,1785043194.991233,166.83488567587685,172.56588410761208,85.63381403684616,15,-0.0018666508549358696,1.325926624238491,0.1766727352514863
1834,0.170954083,1785043195.279683,185.7099599379625,173.54877266117052,71.28451453149319,12,-0.001976998581085354,1.476731151342392,0.18141531571745872
1836,0.170954083,1785043195.588095,149.27059960173577,172.9793014225175,109.49223216250539,12,-0.001019630377413705,0.8495988138020039,0.0600203110370785
1838,0.170954083,1785043195.871659,161.12925973571546,171.87956996273869,100.19633058831096,12,-0.0013183624250814319,1.6914655417203903,0.12308959336951375
1840,0.170954083,1785043196.16956,185.05397917212292,172.253417577913,72.60039372369647,10,-0.0023066847352311015,1.2118645533919334,0.1481620236299932
1842,0.170954083,1785043196.4713202,163.17541521779646,171.41500249810983,87.56245835870504,10,-0.0008521153795300052,0.8252340815961361,0.08230172423645854
1844,0.170954083,1785043196.740188,169.71993941485727,171.40079787627243,85.80418882891536,11,-0.0016464481595903635,0.8475956134498119,0.11523870378732681
1846,0.170954083,1785043197.044362,172.07444129174468,171.62467903071996,83.18414419516921,11,-0.0013827937073074281,0.8207898568361998,0.1325696357525885
1848,0.170954083,1785043197.313313,173.31796876041702,172.2246787056766,78.24655075371265,11,-0.001738598890369758,1.4123673811554909,0.14023241261020303
1850,0.170954083,1785043197.625338,176.85883235167648,172.19161889823786,79.58626544848084,12,-0.0015366958687081933,1.9533372893929482,0.13070820597931743
1852,0.170954083,1785043197.920081,185.2027941052343,172.4234988893452,70.50289365835488,10,-0.0027591502584982663,0.8870580978691578,0.14185938192531466
1854,0.170954083,1785043198.187168,190.75476259868344,172.6213286852977,73.60718401893973,9,-0.002323091553989798,0.7587135694921017,0.14012628514319658
1856,0.170954083,1785043198.455848,167.7921040983076,172.356647147637,85.72060558758676,12,-0.0017880145460367203,1.1545446403324604,0.16698926873505116
1858,0.170954083,1785043198.779163,181.05066741876908,172.7779754082376,81.92096378281713,11,-0.002005535119678825,1.646136850118637,0.22620976343750954
1860,0.170954083,1785043199.04866,162.4541597788524,172.42226293793968,89.48837512731552,12,-0.0007922618533484638,1.241549987345934,0.0838940804824233
1862,0.170954083,1785043199.347497,168.85852421105744,171.94495860985288,97.5086007323116,13,-0.0010525713441893458,1.26603564620018,0.09893539175391197
1864,0.170954083,1785043199.617314,176.8584914806731,171.63209355239724,76.18252420704812,13,-0.0008866986609064043,1.0437088198959827,0.1599252764135599
1866,0.170954083,1785043199.91308,161.40202683399932,171.26837564896337,89.72673793882132,13,-0.0007013945141807199,0.7379182949662209,0.06294212630018592
1868,0.170954083,1785043200.206453,177.47782743198727,171.22373564990193,76.58123705349863,11,-0.00176321787876077,0.7679512239992619,0.16954060457646847
1870,0.170954083,1785043200.476021,181.1293938652588,171.34056157940225,74.18110197223723,11,-0.0012693078315351158,0.5719743184745312,0.10258594527840614
1872,0.170954083,1785043200.756187,160.34128775849706,171.00582813322637,98.34130270779133,11,-0.0015654867165721953,0.8075473085045815,0.16098707402125
1874,0.170954083,1785043201.083501,181.51125130271683,171.7690545148754,74.50025457516313,9,-0.000973197806160897,1.3471907451748848,0.1161785745061934
1876,0.170954083,1785043201.5316339,177.99375334580924,172.1909892149157,85.16062800399959,10,-0.002839144639438018,1.008764885365963,0.1247740276157856
1878,0.170954083,1785043201.90384,163.69057939603402,172.049896598931,88.83152897655964,11,-0.0020251001114957035,0.8319959454238415,0.11400865530595183
1880,0.170954083,1785043202.269423,179.45857707260333,172.44941001870623,72.16308327391744,11,-0.0012536798967630602,1.268646702170372,0.15408543962985277
1882,0.170954083,1785043202.567492,170.2670695560136,172.52289411889564,88.35505568049848,13,-0.001851672655902803,1.4107265621423721,0.1800251742824912
1884,0.170954083,1785043202.898307,173.5185116981314,172.0762134226533,80.02974864654243,12,-0.0016487230022903532,0.5512074325233698,0.14482053369283676
1886,0.170954083,1785043203.173465,175.80960654823522,172.28070208622833,79.2010129392147,12,-0.0033694602898322046,1.1159963347017765,0.13899361062794924
1888,0.170954083,1785043203.4471838,163.40194707839467,172.9285364142268,87.94837893173099,13,-0.0029652718221768737,0.7156274616718292,0.14958761539310217
1890,0.170954083,1785043203.747637,181.73821954405472,172.41959399388426,76.6169300833717,10,-0.0015105080092325807,1.023508358746767,0.1354481279850006
1892,0.170954083,1785043204.032883,168.55152860615553,172.7463253026333,89.01680383458734,15,-0.0006122357517597266,1.13794981315732,0.09357760660350323
1894,0.170954083,1785043204.335588,169.6393642590018,172.57866721858625,86.61803238838911,12,-0.001025427525746636,2.567454256117344,0.10626995284110308
1896,0.170954083,1785043204.628716,154.26719676198954,171.89560891700796,94.95194536074996,13,-0.0013499832202796824,1.540575385093689,0.09948027692735195
1898,0.170954083,1785043204.915924,181.03111516432614,172.08568725304983,75.39187779650092,11,-0.002526871263398789,0.9960446581244469,0.1847590645775199
1900,0.170954083,1785043205.21104,184.35526448946933,172.05277514150123,71.71806704625487,14,-0.0012987691443413496,0.5932290870696306,0.1526444130577147
1902,0.170954083,1785043205.4805062,175.02953510622726,171.60439085862927,80.66689724847674,12,-0.001470882969442755,0.9452283345162868,0.11776127992197871
1904,0.170954083,1785043205.746804,167.59766783820388,170.92004936190398,85.72933074831963,12,-0.002221228671260178,2.4521305933594704,0.1670660339295864
1906,0.170954083,1785043206.042888,170.81683328540842,171.30401382231642,88.94376999884844,11,-0.0017286523361690342,0.6987917684018612,0.126017683185637
1908,0.170954083,1785043206.313389,180.94413620542338,171.31584509406858,73.49397625029087,10,-0.0010490368003956974,1.2610700353980064,0.1237113606184721
1910,0.170954083,1785043206.642474,172.40053780333412,171.16707614134575,79.73433427512646,15,-0.0012709048460237682,1.8521907851099968,0.11972720129415393
1912,0.170954083,1785043206.937123,181.5324214694642,171.1800488486673,77.19395809620619,12,-0.0019417810690356418,1.1315894797444344,0.1847424991428852
1914,0.170954083,1785043207.2190871,186.42808919937016,171.74772945727594,70.50477545894682,12,-0.0030092891538515687,0.9377058371901512,0.16872457042336464
1916,0.170954083,1785043207.511019,190.44007563294429,172.9229225374929,68.42323338612914,11,-0.002785687567666173,0.6911571174860001,0.1263463506475091
1918,0.170954083,1785043207.7808719,168.33453027408436,172.61394650401303,83.71759846666828,14,-0.0011957462411373854,1.1021320074796677,0.11972750583663583
1920,0.170954083,1785043208.0500538,165.46506783932398,172.36188951067643,94.04731632769108,12,-0.0018487142078811303,1.3422125428915024,0.15891349967569113
1922,0.170954083,1785043208.375245,171.68124503201136,172.45916376539068,90.05123770609498,14,-0.002137743926141411,0.9234507232904434,0.11047833785414696
1924,0.170954083,1785043208.646542,165.84975009106418,171.9720731181173,89.99315006285906,15,-0.001373515828163363,1.9631082117557526,0.13744364632293582
1926,0.170954083,1785043208.942411,187.03935429318219,171.79955589032048,75.29482395015657,10,-0.001239259960129857,0.7933558709919453,0.12467021495103836
1928,0.170954083,1785043209.210651,182.51759811318325,172.2041944126712,76.63164439611137,11,-0.0025759933050721884,1.0184985995292664,0.15751438681036234
1930,0.170954083,1785043209.4864361,184.20829711500076,172.66374536192862,76.60696076229215,10,-0.0015589648392051458,1.0041284635663033,0.13766669388860464
1932,0.170954083,1785043209.7897952,163.47313837821176,172.37668973757235,93.24955689907074,10,-0.00147557447780855,0.5790936723351479,0.13471306255087256
1934,0.170954083,1785043210.063293,186.3813622505029,172.76248880025958,73.29790112562478,10,-0.001459168503060937,0.39405817072838545,0.1470616590231657
1936,0.170954083,1785043210.33339,162.68110363851298,172.94271527655167,95.26682449504733,13,-0.0017285234644077718,1.0591908060014248,0.15185724990442395
1938,0.170954083,1785043210.631451,147.2613467339214,172.68600172033493,104.16011924296618,14,-0.0008134919917210937,2.5762490555644035,0.08412143704481423
1940,0.170954083,1785043210.934276,174.65648188620375,172.93090788475737,79.58022930473089,10,-0.001779425423592329,0.4735111352056265,0.10703841084614396
1942,0.170954083,1785043211.3430452,175.26555256093525,172.88253217939666,79.30074722319841,11,-0.001136420905822888,0.5796805415302515,0.10072955396026373
1944,0.170954083,1785043211.667229,186.66409261814724,173.66980672260706,72.71477788314223,10,-0.0029107219306752086,0.7118628844618797,0.15562125016003847
1946,0.170954083,1785043211.9649122,152.4882555119223,174.0648370476989,103.7077526524663,11,-0.0009090846288017929,1.7684267237782478,0.10237873857840896
1948,0.170954083,1785043212.4798982,186.99789800540162,173.46976701089486,73.78849589824677,10,-0.0022949043195694685,1.0437661930918694,0.17397212702780962
1950,0.170954083,1785043212.762829,164.8144981838384,173.08835725705111,91.82985327020288,13,-0.0011902806581929326,1.3881501033902168,0.11740718549117446
1952,0.170954083,1785043213.077355,152.43226891881392,173.31887849180305,101.57953551970422,14,-0.0009300467791035771,1.7173904813826084,0.09304666705429554
1954,0.170954083,1785043213.381588,173.6802669952877,173.59315920214223,76.78229750320315,11,-0.0010181047255173326,0.7856699973344803,0.09641362586989999
1956,0.170954083,1785043213.659435,168.4535690270579,172.8625243412321,81.93087332323194,10,-0.0011485146824270487,0.9990483596920967,0.08257605880498886
1958,0.170954083,1785043213.963243,159.72491420678924,172.51247932017276,95.67401182092726,12,-0.0014226202911231667,0.8562201634049416,0.1091195628978312
1960,0.170954083,1785043214.2340548,176.4212073495005,173.12077109780503,82.06055884435773,11,-0.001756815705448389,1.7817049771547318,0.1431909902021289
1962,0.170954083,1785043214.50856,147.89355815753785,172.84287405540664,114.11213837191463,10,-0.0017357816686853766,0.9188016541302204,0.16410561930388212
1964,0.170954083,1785043214.949733,161.57340434156288,172.28979511979412,94.75670150667429,10,-0.0009301342579419725,0.7758739180862904,0.09974813042208552
1966,0.170954083,1785043215.332726,161.72893823625245,171.55352550420605,86.26310331188142,15,-0.0014926600269973278,1.1825935207307339,0.12562014069408178
1968,0.170954083,1785043215.607318,182.7363071647541,171.90064575359688,76.58135369233787,10,-0.001612041683983989,1.3201831057667732,0.12584928516298532
1970,0.170954083,1785043215.9484742,171.9345255143114,172.1775969705972,86.61807653680444,12,-0.0016150676528923213,2.409281089901924,0.1119089312851429
1972,0.170954083,1785043216.2148259,188.81998418956408,172.62573034538545,68.87992883101106,12,-0.002276615530718118,1.648727796971798,0.1638225675560534
1974,0.170954083,1785043216.510556,171.3573259727586,172.44583725347044,91.61343793198466,10,-0.0023933174088597298,1.2262351103127003,0.13076131278648973
1976,0.170954083,1785043216.7743611,172.56212961364287,172.5033992180263,76.73193780425936,11,-0.002338280202820897,0.9493340775370598,0.178179778624326
1978,0.170954083,1785043217.035421,183.24758409487532,172.1570977300025,71.14862130209804,12,-0.0013589815716841258,1.301645427942276,0.13826270448043942
1980,0.170954083,1785043217.321559,169.48802762599212,171.8124638735079,100.61006414145231,9,-0.0016943077207542956,2.507146343588829,0.10358830587938428
1982,0.170954083,1785043217.619308,176.70509089218422,172.38366735738234,83.21194161474705,11,-0.0015977888833731413,1.0000100061297417,0.10195626365020871
1984,0.170954083,1785043217.8845499,155.18333655948354,171.65611844414772,96.01433645188808,12,-0.0016898176399990916,1.436400145292282,0.18673184979707003
1986,0.170954083,1785043218.191036,165.9693345757235,171.51812002591828,83.28240446001291,11,-0.0014182453451212496,0.8609150163829327,0.1392355621792376
1988,0.170954083,1785043218.544996,187.5624171537715,172.28919448090312,72.7138779964298,11,-0.0011693245032802224,0.7717558555305004,0.12916005356237292
1990,0.170954083,1785043218.868366,174.19568560217976,172.14432130484857,81.85130747035146,11,-0.0010562234092503786,0.7450572662055492,0.10153799271211028
1992,0.170954083,1785043219.149725,185.17531040725174,172.5081287683669,71.49185644462705,9,-0.0018217393662780523,0.866343330591917,0.16524678468704224
1994,0.170954083,1785043219.4243479,173.95633889523612,171.95804677566525,80.1938567198813,13,-0.000764024443924427,1.4792758002877235,0.11252407869324088
1996,0.170954083,1785043219.721635,176.61481970922534,172.1551298428203,77.69026698544621,12,-0.002103884646203369,1.5664168149232864,0.19801945891231298
1998,0.170954083,1785043220.014972,151.83663191711562,171.38617075925802,104.55895621329546,12,-0.0011024397535948083,2.896866589784622,0.11684689205139875
2000,0.206132791,1785043220.651398,158.57867440179845,171.078270387618,87.85817181691527,10,-0.0016208468150580302,1.0661008395254612,0.12247741408646107
2000,0.206132791,1785043220.651398,158.57867440179845,171.078270387618,87.85817181691527,10,-0.0016208468150580302,1.0661008395254612,0.12247741408646107
