clip,label,metric,step,mean,std,sem
-5e-05,lower clip -5e-05,rew,0,0.1439204,0.0,0.0
-5e-05,lower clip -5e-05,rew,1,0.14394166,0.0,0.0
-5e-05,lower clip -5e-05,rew,2,0.14395657,0.0,0.0
-5e-05,lower clip -5e-05,rew,3,0.1439655,0.0,0.0
-5e-05,lower clip -5e-05,rew,4,0.14396876,0.0,0.0
-5e-05,lower clip -5e-05,rew,5,0.14396672,0.0,0.0
-5e-05,lower clip -5e-05,rew,6,0.14395969,0.0,0.0
-5e-05,lower clip -5e-05,rew,7,0.14394793,0.0,0.0
-5e-05,lower clip -5e-05,rew,8,0.14393178,0.0,0.0
-5e-05,lower clip -5e-05,rew,9,0.14391147,0.0,0.0
-5e-05,lower clip -5e-05,rew,10,0.14388728,0.0,0.0
-5e-05,lower clip -5e-05,rew,11,0.14385945,0.0,0.0
-5e-05,lower clip -5e-05,rew,12,0.14382823,0.0,0.0
-5e-05,lower clip -5e-05,rew,13,0.34864414,0.0,0.0
-5e-05,lower clip -5e-05,rew,14,0.5,0.0,0.0
-5e-05,lower clip -5e-05,rew,15,0.5,0.0,0.0
-5e-05,lower clip -5e-05,rew,16,0.5,0.0,0.0
-5e-05,lower clip -5e-05,rew,17,0.5,0.0,0.0
-5e-05,lower clip -5e-05,rew,18,0.5,0.0,0.0
-5e-05,lower clip -5e-05,rew,19,0.5,0.0,0.0
-5e-05,lower clip -5e-05,rew,20,0.5,0.0,0.0
-5e-05,lower clip -5e-05,rew,21,0.5,0.0,0.0
-5e-05,lower clip -5e-05,rew,22,0.5,0.0,0.0
-5e-05,lower clip -5e-05,rew,23,0.5,0.0,0.0
-5e-05,lower clip -5e-05,rew,24,0.5,0.0,0.0
-5e-05,lower clip -5e-05,rew,25,0.5,0.0,0.0
-5e-05,lower clip -5e-05,rew,26,0.5,0.0,0.0
-5e-05,lower clip -5e-05,rew,27,0.5,0.0,0.0
-5e-05,lower clip -5e-05,rew,28,0.5,0.0,0.0
-5e-05,lower clip -5e-05,rew,29,0.5,0.0,0.0
-5e-05,lower clip -5e-05,rew,30,0.3499964,0.0,0.0
-5e-05,lower clip -5e-05,rew,31,0.5,0.0,0.0
-5e-05,lower clip -5e-05,rew,32,0.349959,0.0,0.0
-5e-05,lower clip -5e-05,rew,33,0.3499781,0.0,0.0
-5e-05,lower clip -5e-05,rew,34,0.34995347,0.0,0.0
-5e-05,lower clip -5e-05,rew,35,0.3499204,0.0,0.0
-5e-05,lower clip -5e-05,rew,36,0.34987944,0.0,0.0
-5e-05,lower clip -5e-05,rew,37,0.3498311,0.0,0.0
-5e-05,lower clip -5e-05,rew,38,0.34977585,0.0,0.0
-5e-05,lower clip -5e-05,rew,39,0.34956977,0.0,0.0
-5e-05,lower clip -5e-05,rew,40,0.3494909,0.0,0.0
-5e-05,lower clip -5e-05,rew,41,0.34957916,0.0,0.0
-5e-05,lower clip -5e-05,rew,42,0.34931493,0.0,0.0
-5e-05,lower clip -5e-05,rew,43,0.34922236,0.0,0.0
-5e-05,lower clip -5e-05,rew,44,0.34912595,0.0,0.0
-5e-05,lower clip -5e-05,rew,45,0.34902596,0.0,0.0
-5e-05,lower clip -5e-05,rew,46,0.34892276,0.0,0.0
-5e-05,lower clip -5e-05,rew,47,0.5,0.0,0.0
-5e-05,lower clip -5e-05,rew,48,0.34982795,0.0,0.0
-5e-05,lower clip -5e-05,rew,49,0.34509525,0.0,0.0
-5e-05,lower clip -5e-05,rew,50,0.19983484,0.0,0.0
-5e-05,lower clip -5e-05,rew,51,0.1996145,0.0,0.0
-5e-05,lower clip -5e-05,rew,52,0.19783872,0.0,0.0
-5e-05,lower clip -5e-05,rew,53,0.3489755,0.0,0.0
-5e-05,lower clip -5e-05,rew,54,0.34862256,0.0,0.0
-5e-05,lower clip -5e-05,rew,55,0.19765615,0.0,0.0
-5e-05,lower clip -5e-05,rew,56,0.34832427,0.0,0.0
-5e-05,lower clip -5e-05,rew,57,0.3484106,0.0,0.0
-5e-05,lower clip -5e-05,rew,58,0.34812364,0.0,0.0
-5e-05,lower clip -5e-05,rew,59,0.34846315,0.0,0.0
-5e-05,lower clip -5e-05,rew,60,0.34886622,0.0,0.0
-5e-05,lower clip -5e-05,rew,61,0.34892753,0.0,0.0
-5e-05,lower clip -5e-05,rew,62,0.34916794,0.0,0.0
-5e-05,lower clip -5e-05,rew,63,0.34957877,0.0,0.0
-5e-05,lower clip -5e-05,rew,64,0.34971556,0.0,0.0
-5e-05,lower clip -5e-05,rew,65,0.34978157,0.0,0.0
-5e-05,lower clip -5e-05,rew,66,0.3499546,0.0,0.0
-5e-05,lower clip -5e-05,rew,67,0.34999657,0.0,0.0
-5e-05,lower clip -5e-05,rew,68,0.35,0.0,0.0
-5e-05,lower clip -5e-05,rew,69,0.5,0.0,0.0
-5e-05,lower clip -5e-05,rew,70,0.5,0.0,0.0
-5e-05,lower clip -5e-05,rew,71,0.5,0.0,0.0
-5e-05,lower clip -5e-05,rew,72,0.5,0.0,0.0
-5e-05,lower clip -5e-05,rew,73,0.5,0.0,0.0
-5e-05,lower clip -5e-05,rew,74,0.5,0.0,0.0
-5e-05,lower clip -5e-05,rew,75,0.5,0.0,0.0
-5e-05,lower clip -5e-05,rew,76,0.5,0.0,0.0
-5e-05,lower clip -5e-05,rew,77,0.5,0.0,0.0
-5e-05,lower clip -5e-05,rew,78,0.5,0.0,0.0
-5e-05,lower clip -5e-05,rew,79,0.5,0.0,0.0
-5e-05,lower clip -5e-05,rew,80,0.5,0.0,0.0
-5e-05,lower clip -5e-05,rew,81,0.5,0.0,0.0
-5e-05,lower clip -5e-05,rew,82,0.5,0.0,0.0
-5e-05,lower clip -5e-05,rew,83,0.3499816,0.0,0.0
-5e-05,lower clip -5e-05,rew,84,0.3499585,0.0,0.0
-5e-05,lower clip -5e-05,rew,85,0.34997776,0.0,0.0
-5e-05,lower clip -5e-05,rew,86,0.34988573,0.0,0.0
-5e-05,lower clip -5e-05,rew,87,0.34992117,0.0,0.0
-5e-05,lower clip -5e-05,rew,88,0.34988037,0.0,0.0
-5e-05,lower clip -5e-05,rew,89,0.34983218,0.0,0.0
-5e-05,lower clip -5e-05,rew,90,0.34977704,0.0,0.0
-5e-05,lower clip -5e-05,rew,91,0.34971544,0.0,0.0
-5e-05,lower clip -5e-05,rew,92,0.3496478,0.0,0.0
-5e-05,lower clip -5e-05,rew,93,0.34957448,0.0,0.0
-5e-05,lower clip -5e-05,rew,94,0.34949592,0.0,0.0
-5e-05,lower clip -5e-05,rew,95,0.34941247,0.0,0.0
-5e-05,lower clip -5e-05,rew,96,0.34911808,0.0,0.0
-5e-05,lower clip -5e-05,rew,97,0.34911746,0.0,0.0
-5e-05,lower clip -5e-05,rew,98,0.34937382,0.0,0.0
-5e-05,lower clip -5e-05,rew,99,0.34937325,0.0,0.0
-5e-05,lower clip -5e-05,rew,100,0.34958583,0.0,0.0
-5e-05,lower clip -5e-05,rew,101,0.34958535,0.0,0.0
-5e-05,lower clip -5e-05,rew,102,0.34958488,0.0,0.0
-5e-05,lower clip -5e-05,rew,103,0.3495844,0.0,0.0
-5e-05,lower clip -5e-05,rew,104,0.34958392,0.0,0.0
-5e-05,lower clip -5e-05,rew,105,0.34975305,0.0,0.0
-5e-05,lower clip -5e-05,rew,106,0.34975266,0.0,0.0
-5e-05,lower clip -5e-05,rew,107,0.34975228,0.0,0.0
-5e-05,lower clip -5e-05,rew,108,0.3497519,0.0,0.0
-5e-05,lower clip -5e-05,rew,109,0.3497515,0.0,0.0
-5e-05,lower clip -5e-05,rew,110,0.34975114,0.0,0.0
-5e-05,lower clip -5e-05,rew,111,0.34975076,0.0,0.0
-5e-05,lower clip -5e-05,rew,112,0.34987667,0.0,0.0
-5e-05,lower clip -5e-05,rew,113,0.3498764,0.0,0.0
-5e-05,lower clip -5e-05,rew,114,0.3498761,0.0,0.0
-5e-05,lower clip -5e-05,rew,115,0.34987584,0.0,0.0
-5e-05,lower clip -5e-05,rew,116,0.34987557,0.0,0.0
-5e-05,lower clip -5e-05,rew,117,0.34987527,0.0,0.0
-5e-05,lower clip -5e-05,rew,118,0.34995794,0.0,0.0
-5e-05,lower clip -5e-05,rew,119,0.34995776,0.0,0.0
-5e-05,lower clip -5e-05,rew,120,0.3499576,0.0,0.0
-5e-05,lower clip -5e-05,rew,121,0.34995744,0.0,0.0
-5e-05,lower clip -5e-05,rew,122,0.34995726,0.0,0.0
-5e-05,lower clip -5e-05,rew,123,0.34995708,0.0,0.0
-5e-05,lower clip -5e-05,rew,124,0.3499569,0.0,0.0
-5e-05,lower clip -5e-05,rew,125,0.34999645,0.0,0.0
-5e-05,lower clip -5e-05,rew,126,0.34999642,0.0,0.0
-5e-05,lower clip -5e-05,rew,127,0.34999636,0.0,0.0
-5e-05,lower clip -5e-05,rew,128,0.3499963,0.0,0.0
-5e-05,lower clip -5e-05,rew,129,0.34999624,0.0,0.0
-5e-05,lower clip -5e-05,rew,130,0.3499962,0.0,0.0
-5e-05,lower clip -5e-05,rew,131,0.34999615,0.0,0.0
-5e-05,lower clip -5e-05,rew,132,0.3499961,0.0,0.0
-5e-05,lower clip -5e-05,rew,133,0.34999603,0.0,0.0
-5e-05,lower clip -5e-05,rew,134,0.34999597,0.0,0.0
-5e-05,lower clip -5e-05,rew,135,0.5,0.0,0.0
-5e-05,lower clip -5e-05,rew,136,0.5,0.0,0.0
-5e-05,lower clip -5e-05,rew,137,0.5,0.0,0.0
-5e-05,lower clip -5e-05,rew,138,0.5,0.0,0.0
-5e-05,lower clip -5e-05,rew,139,0.5,0.0,0.0
-5e-05,lower clip -5e-05,rew,140,0.5,0.0,0.0
-5e-05,lower clip -5e-05,rew,141,0.5,0.0,0.0
-5e-05,lower clip -5e-05,rew,142,0.5,0.0,0.0
-5e-05,lower clip -5e-05,rew,143,0.5,0.0,0.0
-5e-05,lower clip -5e-05,rew,144,0.34999996,0.0,0.0
-5e-05,lower clip -5e-05,rew,145,0.34999415,0.0,0.0
-5e-05,lower clip -5e-05,rew,146,0.5,0.0,0.0
-5e-05,lower clip -5e-05,rew,147,0.3499999,0.0,0.0
-5e-05,lower clip -5e-05,rew,148,0.34788588,0.0,0.0
-5e-05,lower clip -5e-05,rew,149,0.34967932,0.0,0.0
-5e-05,lower clip -5e-05,rew,150,0.34982052,0.0,0.0
-5e-05,lower clip -5e-05,rew,151,0.3498359,0.0,0.0
-5e-05,lower clip -5e-05,rew,152,0.3499998,0.0,0.0
-5e-05,lower clip -5e-05,rew,153,0.34997803,0.0,0.0
-5e-05,lower clip -5e-05,rew,154,0.19938292,0.0,0.0
-5e-05,lower clip -5e-05,rew,155,0.19398932,0.0,0.0
-5e-05,lower clip -5e-05,rew,156,-0.023235267,0.0,0.0
-5e-05,lower clip -5e-05,rew,157,-0.05172713,0.0,0.0
-5e-05,lower clip -5e-05,rew,158,-0.080671795,0.0,0.0
-5e-05,lower clip -5e-05,rew,159,-0.078731626,0.0,0.0
-5e-05,lower clip -5e-05,rew,160,-0.06984025,0.0,0.0
-5e-05,lower clip -5e-05,rew,161,-0.071809016,0.0,0.0
-5e-05,lower clip -5e-05,rew,162,-0.06620997,0.0,0.0
-5e-05,lower clip -5e-05,rew,163,0.14175117,0.0,0.0
-5e-05,lower clip -5e-05,rew,164,0.13654625,0.0,0.0
-5e-05,lower clip -5e-05,rew,165,-0.069512494,0.0,0.0
-5e-05,lower clip -5e-05,rew,166,-0.11706122,0.0,0.0
-5e-05,lower clip -5e-05,rew,167,-0.17298509,0.0,0.0
-5e-05,lower clip -5e-05,rew,168,-0.13769802,0.0,0.0
-5e-05,lower clip -5e-05,rew,169,-0.1369637,0.0,0.0
-5e-05,lower clip -5e-05,rew,170,-0.15065521,0.0,0.0
-5e-05,lower clip -5e-05,rew,171,-0.11980016,0.0,0.0
-5e-05,lower clip -5e-05,rew,172,-0.11455675,0.0,0.0
-5e-05,lower clip -5e-05,rew,173,-0.12866731,0.0,0.0
-5e-05,lower clip -5e-05,rew,174,0.090697646,0.0,0.0
-5e-05,lower clip -5e-05,rew,175,0.103910625,0.0,0.0
-5e-05,lower clip -5e-05,rew,176,0.09731847,0.0,0.0
-5e-05,lower clip -5e-05,rew,177,0.1083955,0.0,0.0
-5e-05,lower clip -5e-05,rew,178,0.12094717,0.0,0.0
-5e-05,lower clip -5e-05,rew,179,-0.08973018,0.0,0.0
-5e-05,lower clip -5e-05,rew,180,-0.1303753,0.0,0.0
-5e-05,lower clip -5e-05,rew,181,-0.15532133,0.0,0.0
-5e-05,lower clip -5e-05,rew,182,-0.18046409,0.0,0.0
-5e-05,lower clip -5e-05,rew,183,-0.2510159,0.0,0.0
-5e-05,lower clip -5e-05,rew,184,-0.2986557,0.0,0.0
-5e-05,lower clip -5e-05,rew,185,-0.26769692,0.0,0.0
-5e-05,lower clip -5e-05,rew,186,-0.26944372,0.0,0.0
-5e-05,lower clip -5e-05,rew,187,-0.26965368,0.0,0.0
-5e-05,lower clip -5e-05,rew,188,-0.25377473,0.0,0.0
-5e-05,lower clip -5e-05,rew,189,-0.30950528,0.0,0.0
-5e-05,lower clip -5e-05,rew,190,-0.45009327,0.0,0.0
-5e-05,lower clip -5e-05,rew,191,-0.49328065,0.0,0.0
-5e-05,lower clip -5e-05,rew,192,-0.5705187,0.0,0.0
-5e-05,lower clip -5e-05,rew,193,-0.62518424,0.0,0.0
-5e-05,lower clip -5e-05,rew,194,-0.6723367,0.0,0.0
-5e-05,lower clip -5e-05,rew,195,-0.88190645,0.0,0.0
-5e-05,lower clip -5e-05,rew,196,-1.1754588,0.0,0.0
-5e-05,lower clip -5e-05,rew,197,-1.273611,0.0,0.0
-5e-05,lower clip -5e-05,rew,198,-1.3059669,0.0,0.0
-5e-05,lower clip -5e-05,rew,199,-1.4002459,0.0,0.0
-5e-05,lower clip -5e-05,rew,200,-1.5685053,0.0,0.0
-5e-05,lower clip -5e-05,rew,201,-1.8264579,0.0,0.0
-5e-05,lower clip -5e-05,rew,202,-2.1456382,0.0,0.0
-5e-05,lower clip -5e-05,rew,203,-2.5574942,0.0,0.0
-5e-05,lower clip -5e-05,rew,204,-3.054994,0.0,0.0
-5e-05,lower clip -5e-05,rew,205,-2.8915482,0.0,0.0
-5e-05,lower clip -5e-05,rew,206,-3.0108113,0.0,0.0
-5e-05,lower clip -5e-05,rew,207,-3.3774562,0.0,0.0
-5e-05,lower clip -5e-05,rew,208,-3.5792468,0.0,0.0
-5e-05,lower clip -5e-05,rew,209,-4.0860987,0.0,0.0
-5e-05,lower clip -5e-05,rew,210,-5.134216,0.0,0.0
-5e-05,lower clip -5e-05,rew,211,-5.608983,0.0,0.0
-5e-05,lower clip -5e-05,rew,212,-6.15795,0.0,0.0
-5e-05,lower clip -5e-05,rew,213,-6.894729,0.0,0.0
-5e-05,lower clip -5e-05,rew,214,-7.1346846,0.0,0.0
-5e-05,lower clip -5e-05,rew,215,-7.683785,0.0,0.0
-5e-05,lower clip -5e-05,rew,216,-8.4395075,0.0,0.0
-5e-05,lower clip -5e-05,rew,217,-8.75392,0.0,0.0
-5e-05,lower clip -5e-05,rew,218,-9.341562,0.0,0.0
-5e-05,lower clip -5e-05,rew,219,-10.455285,0.0,0.0
-5e-05,lower clip -5e-05,rew,220,-11.706646,0.0,0.0
-5e-05,lower clip -5e-05,rew,221,-12.567951,0.0,0.0
-5e-05,lower clip -5e-05,rew,222,-12.759158,0.0,0.0
-5e-05,lower clip -5e-05,rew,223,-13.15594,0.0,0.0
-5e-05,lower clip -5e-05,rew,224,-13.673558,0.0,0.0
-5e-05,lower clip -5e-05,rew,225,-15.154561,0.0,0.0
-5e-05,lower clip -5e-05,rew,226,-15.301403,0.0,0.0
-5e-05,lower clip -5e-05,rew,227,-15.450386,0.0,0.0
-5e-05,lower clip -5e-05,rew,228,-15.454392,0.0,0.0
-5e-05,lower clip -5e-05,rew,229,-15.584656,0.0,0.0
-5e-05,lower clip -5e-05,rew,230,-15.76445,0.0,0.0
-5e-05,lower clip -5e-05,rew,231,-16.111801,0.0,0.0
-5e-05,lower clip -5e-05,rew,232,-16.705658,0.0,0.0
-5e-05,lower clip -5e-05,rew,233,-17.042074,0.0,0.0
-5e-05,lower clip -5e-05,rew,234,-17.076477,0.0,0.0
-5e-05,lower clip -5e-05,rew,235,-16.891336,0.0,0.0
-5e-05,lower clip -5e-05,rew,236,-16.378199,0.0,0.0
-5e-05,lower clip -5e-05,rew,237,-16.205824,0.0,0.0
-5e-05,lower clip -5e-05,rew,238,-17.02578,0.0,0.0
-5e-05,lower clip -5e-05,rew,239,-17.329935,0.0,0.0
-5e-05,lower clip -5e-05,rew,240,-17.950758,0.0,0.0
-5e-05,lower clip -5e-05,rew,241,-18.55964,0.0,0.0
-5e-05,lower clip -5e-05,rew,242,-18.802313,0.0,0.0
-5e-05,lower clip -5e-05,rew,243,-18.81094,0.0,0.0
-5e-05,lower clip -5e-05,rew,244,-18.757458,0.0,0.0
-5e-05,lower clip -5e-05,rew,245,-18.569927,0.0,0.0
-5e-05,lower clip -5e-05,rew,246,-18.219078,0.0,0.0
-5e-05,lower clip -5e-05,rew,247,-17.762949,0.0,0.0
-5e-05,lower clip -5e-05,rew,248,-17.565853,0.0,0.0
-5e-05,lower clip -5e-05,rew,249,-17.21475,0.0,0.0
-5e-05,lower clip -5e-05,rew,250,-16.86498,0.0,0.0
-5e-05,lower clip -5e-05,rew,251,-16.586832,0.0,0.0
-5e-05,lower clip -5e-05,rew,252,-16.418407,0.0,0.0
-5e-05,lower clip -5e-05,rew,253,-16.115026,0.0,0.0
-5e-05,lower clip -5e-05,rew,254,-15.930429,0.0,0.0
-5e-05,lower clip -5e-05,rew,255,-15.6458435,0.0,0.0
-5e-05,lower clip -5e-05,rew,256,-15.422921,0.0,0.0
-5e-05,lower clip -5e-05,rew,257,-15.189455,0.0,0.0
-5e-05,lower clip -5e-05,rew,258,-14.948292,0.0,0.0
-5e-05,lower clip -5e-05,rew,259,-14.63623,0.0,0.0
-5e-05,lower clip -5e-05,rew,260,-14.34546,0.0,0.0
-5e-05,lower clip -5e-05,rew,261,-14.146422,0.0,0.0
-5e-05,lower clip -5e-05,rew,262,-13.955957,0.0,0.0
-5e-05,lower clip -5e-05,rew,263,-13.731578,0.0,0.0
-5e-05,lower clip -5e-05,rew,264,-13.48612,0.0,0.0
-5e-05,lower clip -5e-05,rew,265,-13.217527,0.0,0.0
-5e-05,lower clip -5e-05,rew,266,-13.050462,0.0,0.0
-5e-05,lower clip -5e-05,rew,267,-12.801673,0.0,0.0
-5e-05,lower clip -5e-05,rew,268,-12.549059,0.0,0.0
-5e-05,lower clip -5e-05,rew,269,-12.427547,0.0,0.0
-5e-05,lower clip -5e-05,rew,270,-12.2209425,0.0,0.0
-5e-05,lower clip -5e-05,rew,271,-12.007916,0.0,0.0
-5e-05,lower clip -5e-05,rew,272,-11.787853,0.0,0.0
-5e-05,lower clip -5e-05,rew,273,-11.632399,0.0,0.0
-5e-05,lower clip -5e-05,rew,274,-11.401598,0.0,0.0
-5e-05,lower clip -5e-05,rew,275,-11.221547,0.0,0.0
-5e-05,lower clip -5e-05,rew,276,-11.040494,0.0,0.0
-5e-05,lower clip -5e-05,rew,277,-10.837911,0.0,0.0
-5e-05,lower clip -5e-05,rew,278,-10.604433,0.0,0.0
-5e-05,lower clip -5e-05,rew,279,-10.52642,0.0,0.0
-5e-05,lower clip -5e-05,rew,280,-10.326793,0.0,0.0
-5e-05,lower clip -5e-05,rew,281,-10.136968,0.0,0.0
-5e-05,lower clip -5e-05,rew,282,-9.93487,0.0,0.0
-5e-05,lower clip -5e-05,rew,283,-9.754692,0.0,0.0
-5e-05,lower clip -5e-05,rew,284,-9.556222,0.0,0.0
-5e-05,lower clip -5e-05,rew,285,-9.436586,0.0,0.0
-5e-05,lower clip -5e-05,rew,286,-9.283707,0.0,0.0
-5e-05,lower clip -5e-05,rew,287,-9.122837,0.0,0.0
-5e-05,lower clip -5e-05,rew,288,-8.822549,0.0,0.0
-5e-05,lower clip -5e-05,rew,289,-8.963155,0.0,0.0
-5e-05,lower clip -5e-05,rew,290,-9.082042,0.0,0.0
-5e-05,lower clip -5e-05,rew,291,-8.995347,0.0,0.0
-5e-05,lower clip -5e-05,rew,292,-9.083196,0.0,0.0
-5e-05,lower clip -5e-05,rew,293,-9.36004,0.0,0.0
-5e-05,lower clip -5e-05,rew,294,-9.894637,0.0,0.0
-5e-05,lower clip -5e-05,rew,295,-9.8634405,0.0,0.0
-5e-05,lower clip -5e-05,rew,296,-10.015962,0.0,0.0
-5e-05,lower clip -5e-05,rew,297,-10.525565,0.0,0.0
-5e-05,lower clip -5e-05,rew,298,-10.857832,0.0,0.0
-5e-05,lower clip -5e-05,rew,299,-11.188755,0.0,0.0
-5e-05,lower clip -5e-05,rew,300,-11.803285,0.0,0.0
-5e-05,lower clip -5e-05,rew,301,-12.757661,0.0,0.0
-5e-05,lower clip -5e-05,rew,302,-13.480706,0.0,0.0
-5e-05,lower clip -5e-05,rew,303,-14.580927,0.0,0.0
-5e-05,lower clip -5e-05,rew,304,-15.147168,0.0,0.0
-5e-05,lower clip -5e-05,rew,305,-15.624966,0.0,0.0
-5e-05,lower clip -5e-05,rew,306,-16.410679,0.0,0.0
-5e-05,lower clip -5e-05,rew,307,-16.626728,0.0,0.0
-5e-05,lower clip -5e-05,rew,308,-15.988909,0.0,0.0
-5e-05,lower clip -5e-05,rew,309,-15.901326,0.0,0.0
-5e-05,lower clip -5e-05,rew,310,-16.476004,0.0,0.0
-5e-05,lower clip -5e-05,rew,311,-17.036148,0.0,0.0
-5e-05,lower clip -5e-05,rew,312,-16.087763,0.0,0.0
-5e-05,lower clip -5e-05,rew,313,-15.444731,0.0,0.0
-5e-05,lower clip -5e-05,rew,314,-14.613041,0.0,0.0
-5e-05,lower clip -5e-05,rew,315,-14.26894,0.0,0.0
-5e-05,lower clip -5e-05,rew,316,-14.59041,0.0,0.0
-5e-05,lower clip -5e-05,rew,317,-15.024656,0.0,0.0
-5e-05,lower clip -5e-05,rew,318,-15.780403,0.0,0.0
-5e-05,lower clip -5e-05,rew,319,-16.247252,0.0,0.0
-5e-05,lower clip -5e-05,rew,320,-16.639046,0.0,0.0
-5e-05,lower clip -5e-05,rew,321,-17.300144,0.0,0.0
-5e-05,lower clip -5e-05,rew,322,-18.246197,0.0,0.0
-5e-05,lower clip -5e-05,rew,323,-18.68124,0.0,0.0
-5e-05,lower clip -5e-05,rew,324,-17.99051,0.0,0.0
-5e-05,lower clip -5e-05,rew,325,-17.208252,0.0,0.0
-5e-05,lower clip -5e-05,rew,326,-16.394974,0.0,0.0
-5e-05,lower clip -5e-05,rew,327,-16.713884,0.0,0.0
-5e-05,lower clip -5e-05,rew,328,-18.020191,0.0,0.0
-5e-05,lower clip -5e-05,rew,329,-17.4993,0.0,0.0
-5e-05,lower clip -5e-05,rew,330,-17.301256,0.0,0.0
-5e-05,lower clip -5e-05,rew,331,-17.662634,0.0,0.0
-5e-05,lower clip -5e-05,rew,332,-18.168034,0.0,0.0
-5e-05,lower clip -5e-05,rew,333,-18.589195,0.0,0.0
-5e-05,lower clip -5e-05,rew,334,-18.695925,0.0,0.0
-5e-05,lower clip -5e-05,rew,335,-18.583895,0.0,0.0
-5e-05,lower clip -5e-05,rew,336,-18.413588,0.0,0.0
-5e-05,lower clip -5e-05,rew,337,-18.467222,0.0,0.0
-5e-05,lower clip -5e-05,rew,338,-19.575153,0.0,0.0
-5e-05,lower clip -5e-05,rew,339,-20.145542,0.0,0.0
-5e-05,lower clip -5e-05,rew,340,-20.297495,0.0,0.0
-5e-05,lower clip -5e-05,rew,341,-20.997478,0.0,0.0
-5e-05,lower clip -5e-05,rew,342,-22.025673,0.0,0.0
-5e-05,lower clip -5e-05,rew,343,-23.15156,0.0,0.0
-5e-05,lower clip -5e-05,rew,344,-24.486578,0.0,0.0
-5e-05,lower clip -5e-05,rew,345,-24.06671,0.0,0.0
-5e-05,lower clip -5e-05,rew,346,-23.82631,0.0,0.0
-5e-05,lower clip -5e-05,rew,347,-24.356297,0.0,0.0
-5e-05,lower clip -5e-05,rew,348,-24.381844,0.0,0.0
-5e-05,lower clip -5e-05,rew,349,-24.329191,0.0,0.0
-5e-05,lower clip -5e-05,rew,350,-23.907337,0.0,0.0
-5e-05,lower clip -5e-05,rew,351,-23.897427,0.0,0.0
-5e-05,lower clip -5e-05,rew,352,-23.976023,0.0,0.0
-5e-05,lower clip -5e-05,rew,353,-23.992863,0.0,0.0
-5e-05,lower clip -5e-05,rew,354,-24.274694,0.0,0.0
-5e-05,lower clip -5e-05,rew,355,-25.404917,0.0,0.0
-5e-05,lower clip -5e-05,rew,356,-26.336819,0.0,0.0
-5e-05,lower clip -5e-05,rew,357,-26.589897,0.0,0.0
-5e-05,lower clip -5e-05,rew,358,-26.68747,0.0,0.0
-5e-05,lower clip -5e-05,rew,359,-26.57351,0.0,0.0
-5e-05,lower clip -5e-05,rew,360,-26.769604,0.0,0.0
-5e-05,lower clip -5e-05,rew,361,-26.510353,0.0,0.0
-5e-05,lower clip -5e-05,rew,362,-26.780663,0.0,0.0
-5e-05,lower clip -5e-05,rew,363,-28.00849,0.0,0.0
-5e-05,lower clip -5e-05,rew,364,-28.920868,0.0,0.0
-5e-05,lower clip -5e-05,rew,365,-28.873297,0.0,0.0
-5e-05,lower clip -5e-05,rew,366,-27.952955,0.0,0.0
-5e-05,lower clip -5e-05,rew,367,-27.156626,0.0,0.0
-5e-05,lower clip -5e-05,rew,368,-27.225464,0.0,0.0
-5e-05,lower clip -5e-05,rew,369,-27.769768,0.0,0.0
-5e-05,lower clip -5e-05,rew,370,-27.594818,0.0,0.0
-5e-05,lower clip -5e-05,rew,371,-28.13362,0.0,0.0
-5e-05,lower clip -5e-05,rew,372,-27.37722,0.0,0.0
-5e-05,lower clip -5e-05,rew,373,-27.128109,0.0,0.0
-5e-05,lower clip -5e-05,rew,374,-26.314442,0.0,0.0
-5e-05,lower clip -5e-05,rew,375,-25.589273,0.0,0.0
-5e-05,lower clip -5e-05,rew,376,-26.216078,0.0,0.0
-5e-05,lower clip -5e-05,rew,377,-27.864183,0.0,0.0
-5e-05,lower clip -5e-05,rew,378,-29.573345,0.0,0.0
-5e-05,lower clip -5e-05,rew,379,-29.42978,0.0,0.0
-5e-05,lower clip -5e-05,rew,380,-29.402016,0.0,0.0
-5e-05,lower clip -5e-05,rew,381,-29.39994,0.0,0.0
-5e-05,lower clip -5e-05,rew,382,-28.009333,0.0,0.0
-5e-05,lower clip -5e-05,rew,383,-27.890793,0.0,0.0
-5e-05,lower clip -5e-05,rew,384,-27.923887,0.0,0.0
-5e-05,lower clip -5e-05,rew,385,-28.168795,0.0,0.0
-5e-05,lower clip -5e-05,rew,386,-28.741325,0.0,0.0
-5e-05,lower clip -5e-05,rew,387,-28.23228,0.0,0.0
-5e-05,lower clip -5e-05,rew,388,-27.527632,0.0,0.0
-5e-05,lower clip -5e-05,rew,389,-26.816608,0.0,0.0
-5e-05,lower clip -5e-05,rew,390,-26.144629,0.0,0.0
-5e-05,lower clip -5e-05,rew,391,-25.164427,0.0,0.0
-5e-05,lower clip -5e-05,rew,392,-24.202015,0.0,0.0
-5e-05,lower clip -5e-05,rew,393,-23.92892,0.0,0.0
-5e-05,lower clip -5e-05,rew,394,-23.182072,0.0,0.0
-5e-05,lower clip -5e-05,rew,395,-22.574732,0.0,0.0
-5e-05,lower clip -5e-05,rew,396,-22.351301,0.0,0.0
-5e-05,lower clip -5e-05,rew,397,-21.852718,0.0,0.0
-5e-05,lower clip -5e-05,rew,398,-21.35257,0.0,0.0
-5e-05,lower clip -5e-05,rew,399,-21.026253,0.0,0.0
-5e-05,lower clip -5e-05,rew,400,-20.652124,0.0,0.0
-5e-05,lower clip -5e-05,rew,401,-20.234037,0.0,0.0
-5e-05,lower clip -5e-05,rew,402,-19.801207,0.0,0.0
-5e-05,lower clip -5e-05,rew,403,-19.46555,0.0,0.0
-5e-05,lower clip -5e-05,rew,404,-19.12642,0.0,0.0
-5e-05,lower clip -5e-05,rew,405,-18.73933,0.0,0.0
-5e-05,lower clip -5e-05,rew,406,-18.406498,0.0,0.0
-5e-05,lower clip -5e-05,rew,407,-18.082111,0.0,0.0
-5e-05,lower clip -5e-05,rew,408,-17.790037,0.0,0.0
-5e-05,lower clip -5e-05,rew,409,-17.534504,0.0,0.0
-5e-05,lower clip -5e-05,rew,410,-17.209288,0.0,0.0
-5e-05,lower clip -5e-05,rew,411,-17.001633,0.0,0.0
-5e-05,lower clip -5e-05,rew,412,-16.717543,0.0,0.0
-5e-05,lower clip -5e-05,rew,413,-16.546827,0.0,0.0
-5e-05,lower clip -5e-05,rew,414,-16.297148,0.0,0.0
-5e-05,lower clip -5e-05,rew,415,-16.060833,0.0,0.0
-5e-05,lower clip -5e-05,rew,416,-15.86484,0.0,0.0
-5e-05,lower clip -5e-05,rew,417,-15.650167,0.0,0.0
-5e-05,lower clip -5e-05,rew,418,-15.425569,0.0,0.0
-5e-05,lower clip -5e-05,rew,419,-15.366447,0.0,0.0
-5e-05,lower clip -5e-05,rew,420,-15.209474,0.0,0.0
-5e-05,lower clip -5e-05,rew,421,-15.036736,0.0,0.0
-5e-05,lower clip -5e-05,rew,422,-14.862853,0.0,0.0
-5e-05,lower clip -5e-05,rew,423,-14.6517935,0.0,0.0
-5e-05,lower clip -5e-05,rew,424,-14.415016,0.0,0.0
-5e-05,lower clip -5e-05,rew,425,-14.250451,0.0,0.0
-5e-05,lower clip -5e-05,rew,426,-14.069783,0.0,0.0
-5e-05,lower clip -5e-05,rew,427,-13.9570055,0.0,0.0
-5e-05,lower clip -5e-05,rew,428,-13.87803,0.0,0.0
-5e-05,lower clip -5e-05,rew,429,-13.694986,0.0,0.0
-5e-05,lower clip -5e-05,rew,430,-13.514797,0.0,0.0
-5e-05,lower clip -5e-05,rew,431,-13.350464,0.0,0.0
5e-05,upper clip +5e-05,rew,0,0.1439204,0.0,0.0
5e-05,upper clip +5e-05,rew,1,0.14394166,0.0,0.0
5e-05,upper clip +5e-05,rew,2,0.14395657,0.0,0.0
5e-05,upper clip +5e-05,rew,3,0.1439655,0.0,0.0
5e-05,upper clip +5e-05,rew,4,0.14396876,0.0,0.0
5e-05,upper clip +5e-05,rew,5,0.14396672,0.0,0.0
5e-05,upper clip +5e-05,rew,6,0.14395969,0.0,0.0
5e-05,upper clip +5e-05,rew,7,0.14394793,0.0,0.0
5e-05,upper clip +5e-05,rew,8,0.14393178,0.0,0.0
5e-05,upper clip +5e-05,rew,9,0.14391147,0.0,0.0
5e-05,upper clip +5e-05,rew,10,0.14388728,0.0,0.0
5e-05,upper clip +5e-05,rew,11,0.14385945,0.0,0.0
5e-05,upper clip +5e-05,rew,12,0.14382823,0.0,0.0
5e-05,upper clip +5e-05,rew,13,0.14379382,0.0,0.0
5e-05,upper clip +5e-05,rew,14,-0.0062438683,0.0,0.0
5e-05,upper clip +5e-05,rew,15,-0.006285378,0.0,0.0
5e-05,upper clip +5e-05,rew,16,-0.0063304813,0.0,0.0
5e-05,upper clip +5e-05,rew,17,-0.0063789305,0.0,0.0
5e-05,upper clip +5e-05,rew,18,-0.0064304913,0.0,0.0
5e-05,upper clip +5e-05,rew,19,-0.0064849397,0.0,0.0
5e-05,upper clip +5e-05,rew,20,-0.006542062,0.0,0.0
5e-05,upper clip +5e-05,rew,21,-0.006601657,0.0,0.0
5e-05,upper clip +5e-05,rew,22,-0.0066635306,0.0,0.0
5e-05,upper clip +5e-05,rew,23,-0.0067275004,0.0,0.0
5e-05,upper clip +5e-05,rew,24,-0.006793393,0.0,0.0
5e-05,upper clip +5e-05,rew,25,-0.0068610427,0.0,0.0
5e-05,upper clip +5e-05,rew,26,-0.0069302926,0.0,0.0
5e-05,upper clip +5e-05,rew,27,-0.0070009935,0.0,0.0
5e-05,upper clip +5e-05,rew,28,-0.0070730043,0.0,0.0
5e-05,upper clip +5e-05,rew,29,-0.0071461913,0.0,0.0
5e-05,upper clip +5e-05,rew,30,-0.007220427,0.0,0.0
5e-05,upper clip +5e-05,rew,31,-0.007295591,0.0,0.0
5e-05,upper clip +5e-05,rew,32,-0.0073715686,0.0,0.0
5e-05,upper clip +5e-05,rew,33,-0.007448253,0.0,0.0
5e-05,upper clip +5e-05,rew,34,-0.007525541,0.0,0.0
5e-05,upper clip +5e-05,rew,35,-0.0076033357,0.0,0.0
5e-05,upper clip +5e-05,rew,36,-0.0076815467,0.0,0.0
5e-05,upper clip +5e-05,rew,37,-0.007760087,0.0,0.0
5e-05,upper clip +5e-05,rew,38,-0.007838875,0.0,0.0
5e-05,upper clip +5e-05,rew,39,-0.0079178335,0.0,0.0
5e-05,upper clip +5e-05,rew,40,-0.00799689,0.0,0.0
5e-05,upper clip +5e-05,rew,41,-0.008075977,0.0,0.0
5e-05,upper clip +5e-05,rew,42,-0.008155028,0.0,0.0
5e-05,upper clip +5e-05,rew,43,-0.008233985,0.0,0.0
5e-05,upper clip +5e-05,rew,44,-0.00831279,0.0,0.0
5e-05,upper clip +5e-05,rew,45,-0.008391389,0.0,0.0
5e-05,upper clip +5e-05,rew,46,-0.0084697325,0.0,0.0
5e-05,upper clip +5e-05,rew,47,-0.008547773,0.0,0.0
5e-05,upper clip +5e-05,rew,48,-0.008625466,0.0,0.0
5e-05,upper clip +5e-05,rew,49,-0.008702773,0.0,0.0
5e-05,upper clip +5e-05,rew,50,-0.008779652,0.0,0.0
5e-05,upper clip +5e-05,rew,51,-0.008856069,0.0,0.0
5e-05,upper clip +5e-05,rew,52,-0.008931992,0.0,0.0
5e-05,upper clip +5e-05,rew,53,-0.009007388,0.0,0.0
5e-05,upper clip +5e-05,rew,54,-0.009082228,0.0,0.0
5e-05,upper clip +5e-05,rew,55,-0.009156486,0.0,0.0
5e-05,upper clip +5e-05,rew,56,-0.009230139,0.0,0.0
5e-05,upper clip +5e-05,rew,57,-0.009303161,0.0,0.0
5e-05,upper clip +5e-05,rew,58,-0.009375535,0.0,0.0
5e-05,upper clip +5e-05,rew,59,-0.009447238,0.0,0.0
5e-05,upper clip +5e-05,rew,60,-0.009518256,0.0,0.0
5e-05,upper clip +5e-05,rew,61,-0.009588571,0.0,0.0
5e-05,upper clip +5e-05,rew,62,-0.00965817,0.0,0.0
5e-05,upper clip +5e-05,rew,63,-0.009727038,0.0,0.0
5e-05,upper clip +5e-05,rew,64,-0.009795166,0.0,0.0
5e-05,upper clip +5e-05,rew,65,-0.009862541,0.0,0.0
5e-05,upper clip +5e-05,rew,66,-0.009929156,0.0,0.0
5e-05,upper clip +5e-05,rew,67,-0.009995002,0.0,0.0
5e-05,upper clip +5e-05,rew,68,-0.010060072,0.0,0.0
5e-05,upper clip +5e-05,rew,69,-0.01012436,0.0,0.0
5e-05,upper clip +5e-05,rew,70,-0.010187862,0.0,0.0
5e-05,upper clip +5e-05,rew,71,-0.010250573,0.0,0.0
5e-05,upper clip +5e-05,rew,72,-0.010312491,0.0,0.0
5e-05,upper clip +5e-05,rew,73,-0.010373612,0.0,0.0
5e-05,upper clip +5e-05,rew,74,-0.010433935,0.0,0.0
5e-05,upper clip +5e-05,rew,75,-0.010493459,0.0,0.0
5e-05,upper clip +5e-05,rew,76,-0.010552185,0.0,0.0
5e-05,upper clip +5e-05,rew,77,-0.010610112,0.0,0.0
5e-05,upper clip +5e-05,rew,78,-0.010667242,0.0,0.0
5e-05,upper clip +5e-05,rew,79,-0.010723576,0.0,0.0
5e-05,upper clip +5e-05,rew,80,-0.010779117,0.0,0.0
5e-05,upper clip +5e-05,rew,81,-0.010833867,0.0,0.0
5e-05,upper clip +5e-05,rew,82,-0.01088783,0.0,0.0
5e-05,upper clip +5e-05,rew,83,-0.010941008,0.0,0.0
5e-05,upper clip +5e-05,rew,84,-0.010993406,0.0,0.0
5e-05,upper clip +5e-05,rew,85,-0.011045028,0.0,0.0
5e-05,upper clip +5e-05,rew,86,-0.01109588,0.0,0.0
5e-05,upper clip +5e-05,rew,87,-0.011145965,0.0,0.0
5e-05,upper clip +5e-05,rew,88,-0.011195291,0.0,0.0
5e-05,upper clip +5e-05,rew,89,-0.011243861,0.0,0.0
5e-05,upper clip +5e-05,rew,90,-0.011291682,0.0,0.0
5e-05,upper clip +5e-05,rew,91,-0.01133876,0.0,0.0
5e-05,upper clip +5e-05,rew,92,-0.011385103,0.0,0.0
5e-05,upper clip +5e-05,rew,93,-0.011430714,0.0,0.0
5e-05,upper clip +5e-05,rew,94,-0.011475604,0.0,0.0
5e-05,upper clip +5e-05,rew,95,-0.011519778,0.0,0.0
5e-05,upper clip +5e-05,rew,96,-0.017315784,0.0,0.0
5e-05,upper clip +5e-05,rew,97,-0.01731598,0.0,0.0
5e-05,upper clip +5e-05,rew,98,-0.017316177,0.0,0.0
5e-05,upper clip +5e-05,rew,99,-0.017316375,0.0,0.0
5e-05,upper clip +5e-05,rew,100,-0.01731657,0.0,0.0
5e-05,upper clip +5e-05,rew,101,-0.017316768,0.0,0.0
5e-05,upper clip +5e-05,rew,102,-0.017316965,0.0,0.0
5e-05,upper clip +5e-05,rew,103,-0.017317163,0.0,0.0
5e-05,upper clip +5e-05,rew,104,-0.01731736,0.0,0.0
5e-05,upper clip +5e-05,rew,105,-0.017317558,0.0,0.0
5e-05,upper clip +5e-05,rew,106,-0.017317755,0.0,0.0
5e-05,upper clip +5e-05,rew,107,-0.017317954,0.0,0.0
5e-05,upper clip +5e-05,rew,108,-0.017318152,0.0,0.0
5e-05,upper clip +5e-05,rew,109,-0.01731835,0.0,0.0
5e-05,upper clip +5e-05,rew,110,-0.017318549,0.0,0.0
5e-05,upper clip +5e-05,rew,111,-0.017318746,0.0,0.0
5e-05,upper clip +5e-05,rew,112,-0.017318945,0.0,0.0
5e-05,upper clip +5e-05,rew,113,-0.017319143,0.0,0.0
5e-05,upper clip +5e-05,rew,114,-0.017319342,0.0,0.0
5e-05,upper clip +5e-05,rew,115,-0.017319541,0.0,0.0
5e-05,upper clip +5e-05,rew,116,-0.01731974,0.0,0.0
5e-05,upper clip +5e-05,rew,117,-0.01731994,0.0,0.0
5e-05,upper clip +5e-05,rew,118,-0.017320137,0.0,0.0
5e-05,upper clip +5e-05,rew,119,-0.017320337,0.0,0.0
5e-05,upper clip +5e-05,rew,120,-0.017320536,0.0,0.0
5e-05,upper clip +5e-05,rew,121,-0.017320737,0.0,0.0
5e-05,upper clip +5e-05,rew,122,-0.017320937,0.0,0.0
5e-05,upper clip +5e-05,rew,123,-0.017321136,0.0,0.0
5e-05,upper clip +5e-05,rew,124,-0.017321337,0.0,0.0
5e-05,upper clip +5e-05,rew,125,-0.017321536,0.0,0.0
5e-05,upper clip +5e-05,rew,126,-0.017321736,0.0,0.0
5e-05,upper clip +5e-05,rew,127,-0.017321937,0.0,0.0
5e-05,upper clip +5e-05,rew,128,-0.017322136,0.0,0.0
5e-05,upper clip +5e-05,rew,129,-0.017322337,0.0,0.0
5e-05,upper clip +5e-05,rew,130,-0.017322538,0.0,0.0
5e-05,upper clip +5e-05,rew,131,-0.01732274,0.0,0.0
5e-05,upper clip +5e-05,rew,132,-0.01732294,0.0,0.0
5e-05,upper clip +5e-05,rew,133,-0.017323142,0.0,0.0
5e-05,upper clip +5e-05,rew,134,-0.017323341,0.0,0.0
5e-05,upper clip +5e-05,rew,135,-0.017323544,0.0,0.0
5e-05,upper clip +5e-05,rew,136,-0.017323745,0.0,0.0
5e-05,upper clip +5e-05,rew,137,-0.017323947,0.0,0.0
5e-05,upper clip +5e-05,rew,138,-0.017324148,0.0,0.0
5e-05,upper clip +5e-05,rew,139,-0.017324349,0.0,0.0
5e-05,upper clip +5e-05,rew,140,-0.017324552,0.0,0.0
5e-05,upper clip +5e-05,rew,141,-0.017324753,0.0,0.0
5e-05,upper clip +5e-05,rew,142,-0.017324956,0.0,0.0
5e-05,upper clip +5e-05,rew,143,-0.017325157,0.0,0.0
5e-05,upper clip +5e-05,rew,144,-0.0115707535,0.0,0.0
5e-05,upper clip +5e-05,rew,145,-0.01161346,0.0,0.0
5e-05,upper clip +5e-05,rew,146,-0.011655471,0.0,0.0
5e-05,upper clip +5e-05,rew,147,-0.011696793,0.0,0.0
5e-05,upper clip +5e-05,rew,148,-0.011737432,0.0,0.0
5e-05,upper clip +5e-05,rew,149,-0.011777399,0.0,0.0
5e-05,upper clip +5e-05,rew,150,-0.0118167,0.0,0.0
5e-05,upper clip +5e-05,rew,151,-0.011855343,0.0,0.0
5e-05,upper clip +5e-05,rew,152,-0.011893338,0.0,0.0
5e-05,upper clip +5e-05,rew,153,-0.01193069,0.0,0.0
5e-05,upper clip +5e-05,rew,154,-0.011967409,0.0,0.0
5e-05,upper clip +5e-05,rew,155,-0.012003504,0.0,0.0
5e-05,upper clip +5e-05,rew,156,-0.012038982,0.0,0.0
5e-05,upper clip +5e-05,rew,157,-0.012073849,0.0,0.0
5e-05,upper clip +5e-05,rew,158,-0.012108118,0.0,0.0
5e-05,upper clip +5e-05,rew,159,-0.012141794,0.0,0.0
5e-05,upper clip +5e-05,rew,160,-0.012174885,0.0,0.0
5e-05,upper clip +5e-05,rew,161,-0.0122074,0.0,0.0
5e-05,upper clip +5e-05,rew,162,-0.012239348,0.0,0.0
5e-05,upper clip +5e-05,rew,163,-0.012270736,0.0,0.0
5e-05,upper clip +5e-05,rew,164,-0.012301572,0.0,0.0
5e-05,upper clip +5e-05,rew,165,-0.012331864,0.0,0.0
5e-05,upper clip +5e-05,rew,166,-0.012361621,0.0,0.0
5e-05,upper clip +5e-05,rew,167,-0.012390849,0.0,0.0
5e-05,upper clip +5e-05,rew,168,-0.012419557,0.0,0.0
5e-05,upper clip +5e-05,rew,169,-0.012447754,0.0,0.0
5e-05,upper clip +5e-05,rew,170,-0.012475446,0.0,0.0
5e-05,upper clip +5e-05,rew,171,-0.012502642,0.0,0.0
5e-05,upper clip +5e-05,rew,172,-0.012529349,0.0,0.0
5e-05,upper clip +5e-05,rew,173,-0.012555574,0.0,0.0
5e-05,upper clip +5e-05,rew,174,-0.012581326,0.0,0.0
5e-05,upper clip +5e-05,rew,175,-0.0126066115,0.0,0.0
5e-05,upper clip +5e-05,rew,176,-0.012631438,0.0,0.0
5e-05,upper clip +5e-05,rew,177,-0.012655812,0.0,0.0
5e-05,upper clip +5e-05,rew,178,-0.012679743,0.0,0.0
5e-05,upper clip +5e-05,rew,179,-0.012703236,0.0,0.0
5e-05,upper clip +5e-05,rew,180,-0.012726299,0.0,0.0
5e-05,upper clip +5e-05,rew,181,-0.01274894,0.0,0.0
5e-05,upper clip +5e-05,rew,182,-0.012771164,0.0,0.0
5e-05,upper clip +5e-05,rew,183,-0.012792979,0.0,0.0
5e-05,upper clip +5e-05,rew,184,-0.012814391,0.0,0.0
5e-05,upper clip +5e-05,rew,185,-0.012835409,0.0,0.0
5e-05,upper clip +5e-05,rew,186,-0.0128560355,0.0,0.0
5e-05,upper clip +5e-05,rew,187,-0.012876281,0.0,0.0
5e-05,upper clip +5e-05,rew,188,-0.01289615,0.0,0.0
5e-05,upper clip +5e-05,rew,189,-0.012915649,0.0,0.0
5e-05,upper clip +5e-05,rew,190,-0.012934785,0.0,0.0
5e-05,upper clip +5e-05,rew,191,-0.012953564,0.0,0.0
5e-05,upper clip +5e-05,rew,192,-0.012971992,0.0,0.0
5e-05,upper clip +5e-05,rew,193,-0.012990074,0.0,0.0
5e-05,upper clip +5e-05,rew,194,-0.013007818,0.0,0.0
5e-05,upper clip +5e-05,rew,195,-0.013025228,0.0,0.0
5e-05,upper clip +5e-05,rew,196,-0.013042311,0.0,0.0
5e-05,upper clip +5e-05,rew,197,-0.013059073,0.0,0.0
5e-05,upper clip +5e-05,rew,198,-0.013075518,0.0,0.0
5e-05,upper clip +5e-05,rew,199,-0.013091654,0.0,0.0
5e-05,upper clip +5e-05,rew,200,-0.013107483,0.0,0.0
5e-05,upper clip +5e-05,rew,201,-0.013123014,0.0,0.0
5e-05,upper clip +5e-05,rew,202,-0.01313825,0.0,0.0
5e-05,upper clip +5e-05,rew,203,-0.013153197,0.0,0.0
5e-05,upper clip +5e-05,rew,204,-0.013167861,0.0,0.0
5e-05,upper clip +5e-05,rew,205,-0.013182245,0.0,0.0
5e-05,upper clip +5e-05,rew,206,-0.013196356,0.0,0.0
5e-05,upper clip +5e-05,rew,207,-0.013210198,0.0,0.0
5e-05,upper clip +5e-05,rew,208,-0.013223776,0.0,0.0
5e-05,upper clip +5e-05,rew,209,-0.0132370945,0.0,0.0
5e-05,upper clip +5e-05,rew,210,-0.013250159,0.0,0.0
5e-05,upper clip +5e-05,rew,211,-0.013262973,0.0,0.0
5e-05,upper clip +5e-05,rew,212,-0.013275542,0.0,0.0
5e-05,upper clip +5e-05,rew,213,-0.01328787,0.0,0.0
5e-05,upper clip +5e-05,rew,214,-0.0132999625,0.0,0.0
5e-05,upper clip +5e-05,rew,215,-0.013311822,0.0,0.0
5e-05,upper clip +5e-05,rew,216,-0.013323453,0.0,0.0
5e-05,upper clip +5e-05,rew,217,-0.013334861,0.0,0.0
5e-05,upper clip +5e-05,rew,218,-0.013346049,0.0,0.0
5e-05,upper clip +5e-05,rew,219,-0.013357022,0.0,0.0
5e-05,upper clip +5e-05,rew,220,-0.013367783,0.0,0.0
5e-05,upper clip +5e-05,rew,221,-0.013378337,0.0,0.0
5e-05,upper clip +5e-05,rew,222,-0.013388687,0.0,0.0
5e-05,upper clip +5e-05,rew,223,-0.013398836,0.0,0.0
5e-05,upper clip +5e-05,rew,224,-0.013408789,0.0,0.0
5e-05,upper clip +5e-05,rew,225,-0.013418551,0.0,0.0
5e-05,upper clip +5e-05,rew,226,-0.013428123,0.0,0.0
5e-05,upper clip +5e-05,rew,227,-0.013437509,0.0,0.0
5e-05,upper clip +5e-05,rew,228,-0.013446714,0.0,0.0
5e-05,upper clip +5e-05,rew,229,-0.013455739,0.0,0.0
5e-05,upper clip +5e-05,rew,230,-0.01346459,0.0,0.0
5e-05,upper clip +5e-05,rew,231,-0.013473269,0.0,0.0
5e-05,upper clip +5e-05,rew,232,-0.013481778,0.0,0.0
5e-05,upper clip +5e-05,rew,233,-0.013490123,0.0,0.0
5e-05,upper clip +5e-05,rew,234,-0.013498304,0.0,0.0
5e-05,upper clip +5e-05,rew,235,-0.013506328,0.0,0.0
5e-05,upper clip +5e-05,rew,236,-0.013514194,0.0,0.0
5e-05,upper clip +5e-05,rew,237,-0.013521907,0.0,0.0
5e-05,upper clip +5e-05,rew,238,-0.013529469,0.0,0.0
5e-05,upper clip +5e-05,rew,239,-0.013536884,0.0,0.0
5e-05,upper clip +5e-05,rew,240,-0.02030569,0.0,0.0
5e-05,upper clip +5e-05,rew,241,-0.020305742,0.0,0.0
5e-05,upper clip +5e-05,rew,242,-0.020305796,0.0,0.0
5e-05,upper clip +5e-05,rew,243,-0.020305848,0.0,0.0
5e-05,upper clip +5e-05,rew,244,-0.0203059,0.0,0.0
5e-05,upper clip +5e-05,rew,245,-0.020305954,0.0,0.0
5e-05,upper clip +5e-05,rew,246,-0.020306006,0.0,0.0
5e-05,upper clip +5e-05,rew,247,-0.02030606,0.0,0.0
5e-05,upper clip +5e-05,rew,248,-0.020306112,0.0,0.0
5e-05,upper clip +5e-05,rew,249,-0.020306164,0.0,0.0
5e-05,upper clip +5e-05,rew,250,-0.020306218,0.0,0.0
5e-05,upper clip +5e-05,rew,251,-0.02030627,0.0,0.0
5e-05,upper clip +5e-05,rew,252,-0.020306323,0.0,0.0
5e-05,upper clip +5e-05,rew,253,-0.020306377,0.0,0.0
5e-05,upper clip +5e-05,rew,254,-0.020306429,0.0,0.0
5e-05,upper clip +5e-05,rew,255,-0.020306481,0.0,0.0
5e-05,upper clip +5e-05,rew,256,-0.020306535,0.0,0.0
5e-05,upper clip +5e-05,rew,257,-0.020306587,0.0,0.0
5e-05,upper clip +5e-05,rew,258,-0.02030664,0.0,0.0
5e-05,upper clip +5e-05,rew,259,-0.020306693,0.0,0.0
5e-05,upper clip +5e-05,rew,260,-0.020306746,0.0,0.0
5e-05,upper clip +5e-05,rew,261,-0.020306798,0.0,0.0
5e-05,upper clip +5e-05,rew,262,-0.020306852,0.0,0.0
5e-05,upper clip +5e-05,rew,263,-0.020306904,0.0,0.0
5e-05,upper clip +5e-05,rew,264,-0.020306956,0.0,0.0
5e-05,upper clip +5e-05,rew,265,-0.02030701,0.0,0.0
5e-05,upper clip +5e-05,rew,266,-0.020307062,0.0,0.0
5e-05,upper clip +5e-05,rew,267,-0.020307114,0.0,0.0
5e-05,upper clip +5e-05,rew,268,-0.020307168,0.0,0.0
5e-05,upper clip +5e-05,rew,269,-0.02030722,0.0,0.0
5e-05,upper clip +5e-05,rew,270,-0.020307273,0.0,0.0
5e-05,upper clip +5e-05,rew,271,-0.020307327,0.0,0.0
5e-05,upper clip +5e-05,rew,272,-0.020307379,0.0,0.0
5e-05,upper clip +5e-05,rew,273,-0.020307431,0.0,0.0
5e-05,upper clip +5e-05,rew,274,-0.020307485,0.0,0.0
5e-05,upper clip +5e-05,rew,275,-0.020307537,0.0,0.0
5e-05,upper clip +5e-05,rew,276,-0.02030759,0.0,0.0
5e-05,upper clip +5e-05,rew,277,-0.020307641,0.0,0.0
5e-05,upper clip +5e-05,rew,278,-0.020307695,0.0,0.0
5e-05,upper clip +5e-05,rew,279,-0.020307748,0.0,0.0
5e-05,upper clip +5e-05,rew,280,-0.0203078,0.0,0.0
5e-05,upper clip +5e-05,rew,281,-0.020307854,0.0,0.0
5e-05,upper clip +5e-05,rew,282,-0.020307906,0.0,0.0
5e-05,upper clip +5e-05,rew,283,-0.020307958,0.0,0.0
5e-05,upper clip +5e-05,rew,284,-0.020308012,0.0,0.0
5e-05,upper clip +5e-05,rew,285,-0.020308064,0.0,0.0
5e-05,upper clip +5e-05,rew,286,-0.020308116,0.0,0.0
5e-05,upper clip +5e-05,rew,287,-0.020308169,0.0,0.0
5e-05,upper clip +5e-05,rew,288,-0.013545826,0.0,0.0
5e-05,upper clip +5e-05,rew,289,-0.013552923,0.0,0.0
5e-05,upper clip +5e-05,rew,290,-0.013559881,0.0,0.0
5e-05,upper clip +5e-05,rew,291,-0.013566703,0.0,0.0
5e-05,upper clip +5e-05,rew,292,-0.013573391,0.0,0.0
5e-05,upper clip +5e-05,rew,293,-0.013579949,0.0,0.0
5e-05,upper clip +5e-05,rew,294,-0.013586378,0.0,0.0
5e-05,upper clip +5e-05,rew,295,-0.01359268,0.0,0.0
5e-05,upper clip +5e-05,rew,296,-0.013598859,0.0,0.0
5e-05,upper clip +5e-05,rew,297,-0.013604918,0.0,0.0
5e-05,upper clip +5e-05,rew,298,-0.013610858,0.0,0.0
5e-05,upper clip +5e-05,rew,299,-0.01361668,0.0,0.0
5e-05,upper clip +5e-05,rew,300,-0.013622388,0.0,0.0
5e-05,upper clip +5e-05,rew,301,-0.013627985,0.0,0.0
5e-05,upper clip +5e-05,rew,302,-0.013633471,0.0,0.0
5e-05,upper clip +5e-05,rew,303,-0.013638849,0.0,0.0
5e-05,upper clip +5e-05,rew,304,-0.013644122,0.0,0.0
5e-05,upper clip +5e-05,rew,305,-0.01364929,0.0,0.0
5e-05,upper clip +5e-05,rew,306,-0.013654358,0.0,0.0
5e-05,upper clip +5e-05,rew,307,-0.013659325,0.0,0.0
5e-05,upper clip +5e-05,rew,308,-0.013664195,0.0,0.0
5e-05,upper clip +5e-05,rew,309,-0.013668969,0.0,0.0
5e-05,upper clip +5e-05,rew,310,-0.013673648,0.0,0.0
5e-05,upper clip +5e-05,rew,311,-0.013678236,0.0,0.0
5e-05,upper clip +5e-05,rew,312,-0.013682733,0.0,0.0
5e-05,upper clip +5e-05,rew,313,-0.013687141,0.0,0.0
5e-05,upper clip +5e-05,rew,314,-0.013691463,0.0,0.0
5e-05,upper clip +5e-05,rew,315,-0.013695699,0.0,0.0
5e-05,upper clip +5e-05,rew,316,-0.013699851,0.0,0.0
5e-05,upper clip +5e-05,rew,317,-0.013703922,0.0,0.0
5e-05,upper clip +5e-05,rew,318,-0.013707912,0.0,0.0
5e-05,upper clip +5e-05,rew,319,-0.013711823,0.0,0.0
5e-05,upper clip +5e-05,rew,320,-0.013715657,0.0,0.0
5e-05,upper clip +5e-05,rew,321,-0.013719415,0.0,0.0
5e-05,upper clip +5e-05,rew,322,-0.0137231,0.0,0.0
5e-05,upper clip +5e-05,rew,323,-0.01372671,0.0,0.0
5e-05,upper clip +5e-05,rew,324,-0.01373025,0.0,0.0
5e-05,upper clip +5e-05,rew,325,-0.0137337195,0.0,0.0
5e-05,upper clip +5e-05,rew,326,-0.013737121,0.0,0.0
5e-05,upper clip +5e-05,rew,327,-0.013740455,0.0,0.0
5e-05,upper clip +5e-05,rew,328,-0.013743722,0.0,0.0
5e-05,upper clip +5e-05,rew,329,-0.013746926,0.0,0.0
5e-05,upper clip +5e-05,rew,330,-0.013750065,0.0,0.0
5e-05,upper clip +5e-05,rew,331,-0.013753142,0.0,0.0
5e-05,upper clip +5e-05,rew,332,-0.013756159,0.0,0.0
5e-05,upper clip +5e-05,rew,333,-0.013759116,0.0,0.0
5e-05,upper clip +5e-05,rew,334,-0.013762013,0.0,0.0
5e-05,upper clip +5e-05,rew,335,0.18623514,0.0,0.0
5e-05,upper clip +5e-05,rew,336,0.18623236,0.0,0.0
5e-05,upper clip +5e-05,rew,337,0.18622963,0.0,0.0
5e-05,upper clip +5e-05,rew,338,0.18622696,0.0,0.0
5e-05,upper clip +5e-05,rew,339,0.18622434,0.0,0.0
5e-05,upper clip +5e-05,rew,340,0.18622176,0.0,0.0
5e-05,upper clip +5e-05,rew,341,0.18621925,0.0,0.0
5e-05,upper clip +5e-05,rew,342,0.18621679,0.0,0.0
5e-05,upper clip +5e-05,rew,343,0.18621436,0.0,0.0
5e-05,upper clip +5e-05,rew,344,0.18621199,0.0,0.0
5e-05,upper clip +5e-05,rew,345,0.18620966,0.0,0.0
5e-05,upper clip +5e-05,rew,346,0.1862074,0.0,0.0
5e-05,upper clip +5e-05,rew,347,0.18620516,0.0,0.0
5e-05,upper clip +5e-05,rew,348,0.18620297,0.0,0.0
5e-05,upper clip +5e-05,rew,349,0.18620083,0.0,0.0
5e-05,upper clip +5e-05,rew,350,0.18619873,0.0,0.0
5e-05,upper clip +5e-05,rew,351,0.18619667,0.0,0.0
5e-05,upper clip +5e-05,rew,352,0.18619464,0.0,0.0
5e-05,upper clip +5e-05,rew,353,0.18619268,0.0,0.0
5e-05,upper clip +5e-05,rew,354,0.18619074,0.0,0.0
5e-05,upper clip +5e-05,rew,355,0.18618883,0.0,0.0
5e-05,upper clip +5e-05,rew,356,0.18618697,0.0,0.0
5e-05,upper clip +5e-05,rew,357,0.18618515,0.0,0.0
5e-05,upper clip +5e-05,rew,358,0.18618336,0.0,0.0
5e-05,upper clip +5e-05,rew,359,0.1861816,0.0,0.0
5e-05,upper clip +5e-05,rew,360,0.18617989,0.0,0.0
5e-05,upper clip +5e-05,rew,361,0.1861782,0.0,0.0
5e-05,upper clip +5e-05,rew,362,0.18617655,0.0,0.0
5e-05,upper clip +5e-05,rew,363,0.18617493,0.0,0.0
5e-05,upper clip +5e-05,rew,364,0.18617335,0.0,0.0
5e-05,upper clip +5e-05,rew,365,0.1861718,0.0,0.0
5e-05,upper clip +5e-05,rew,366,0.18617028,0.0,0.0
5e-05,upper clip +5e-05,rew,367,0.18616877,0.0,0.0
5e-05,upper clip +5e-05,rew,368,0.18616731,0.0,0.0
5e-05,upper clip +5e-05,rew,369,0.18616588,0.0,0.0
5e-05,upper clip +5e-05,rew,370,0.18616448,0.0,0.0
5e-05,upper clip +5e-05,rew,371,0.1861631,0.0,0.0
5e-05,upper clip +5e-05,rew,372,0.18616176,0.0,0.0
5e-05,upper clip +5e-05,rew,373,0.18616043,0.0,0.0
5e-05,upper clip +5e-05,rew,374,0.18615913,0.0,0.0
5e-05,upper clip +5e-05,rew,375,0.18615787,0.0,0.0
5e-05,upper clip +5e-05,rew,376,0.18615662,0.0,0.0
5e-05,upper clip +5e-05,rew,377,0.1861554,0.0,0.0
5e-05,upper clip +5e-05,rew,378,0.1861542,0.0,0.0
5e-05,upper clip +5e-05,rew,379,0.18615304,0.0,0.0
5e-05,upper clip +5e-05,rew,380,0.18615189,0.0,0.0
5e-05,upper clip +5e-05,rew,381,0.18615076,0.0,0.0
5e-05,upper clip +5e-05,rew,382,0.18614966,0.0,0.0
5e-05,upper clip +5e-05,rew,383,0.18614857,0.0,0.0
5e-05,upper clip +5e-05,rew,384,0.17922285,0.0,0.0
5e-05,upper clip +5e-05,rew,385,0.17922285,0.0,0.0
5e-05,upper clip +5e-05,rew,386,0.17922284,0.0,0.0
5e-05,upper clip +5e-05,rew,387,0.17922284,0.0,0.0
5e-05,upper clip +5e-05,rew,388,0.17922282,0.0,0.0
5e-05,upper clip +5e-05,rew,389,0.17922282,0.0,0.0
5e-05,upper clip +5e-05,rew,390,0.1792228,0.0,0.0
5e-05,upper clip +5e-05,rew,391,0.1792228,0.0,0.0
5e-05,upper clip +5e-05,rew,392,0.17922279,0.0,0.0
5e-05,upper clip +5e-05,rew,393,0.17922278,0.0,0.0
5e-05,upper clip +5e-05,rew,394,0.17922278,0.0,0.0
5e-05,upper clip +5e-05,rew,395,0.17922276,0.0,0.0
5e-05,upper clip +5e-05,rew,396,0.17922276,0.0,0.0
5e-05,upper clip +5e-05,rew,397,0.17922275,0.0,0.0
5e-05,upper clip +5e-05,rew,398,0.17922275,0.0,0.0
5e-05,upper clip +5e-05,rew,399,0.17922273,0.0,0.0
5e-05,upper clip +5e-05,rew,400,0.17922273,0.0,0.0
5e-05,upper clip +5e-05,rew,401,0.17922272,0.0,0.0
5e-05,upper clip +5e-05,rew,402,0.17922272,0.0,0.0
5e-05,upper clip +5e-05,rew,403,0.1792227,0.0,0.0
5e-05,upper clip +5e-05,rew,404,0.1792227,0.0,0.0
5e-05,upper clip +5e-05,rew,405,0.17922269,0.0,0.0
5e-05,upper clip +5e-05,rew,406,0.17922269,0.0,0.0
5e-05,upper clip +5e-05,rew,407,0.17922267,0.0,0.0
5e-05,upper clip +5e-05,rew,408,0.17922266,0.0,0.0
5e-05,upper clip +5e-05,rew,409,0.17922266,0.0,0.0
5e-05,upper clip +5e-05,rew,410,0.17922264,0.0,0.0
5e-05,upper clip +5e-05,rew,411,0.17922264,0.0,0.0
5e-05,upper clip +5e-05,rew,412,0.17922263,0.0,0.0
5e-05,upper clip +5e-05,rew,413,0.17922263,0.0,0.0
5e-05,upper clip +5e-05,rew,414,0.17922261,0.0,0.0
5e-05,upper clip +5e-05,rew,415,0.17922261,0.0,0.0
5e-05,upper clip +5e-05,rew,416,0.1792226,0.0,0.0
5e-05,upper clip +5e-05,rew,417,0.1792226,0.0,0.0
5e-05,upper clip +5e-05,rew,418,0.17922258,0.0,0.0
5e-05,upper clip +5e-05,rew,419,0.17922258,0.0,0.0
5e-05,upper clip +5e-05,rew,420,0.17922257,0.0,0.0
5e-05,upper clip +5e-05,rew,421,0.17922257,0.0,0.0
5e-05,upper clip +5e-05,rew,422,0.17922255,0.0,0.0
5e-05,upper clip +5e-05,rew,423,0.17922254,0.0,0.0
5e-05,upper clip +5e-05,rew,424,0.17922254,0.0,0.0
5e-05,upper clip +5e-05,rew,425,0.17922252,0.0,0.0
5e-05,upper clip +5e-05,rew,426,0.17922252,0.0,0.0
5e-05,upper clip +5e-05,rew,427,0.17922251,0.0,0.0
5e-05,upper clip +5e-05,rew,428,0.17922251,0.0,0.0
5e-05,upper clip +5e-05,rew,429,0.1792225,0.0,0.0
5e-05,upper clip +5e-05,rew,430,0.1792225,0.0,0.0
5e-05,upper clip +5e-05,rew,431,0.17922248,0.0,0.0
-5e-05,lower clip -5e-05,dist,0,0.47950786,0.0,0.0
-5e-05,lower clip -5e-05,dist,1,0.47892398,0.0,0.0
-5e-05,lower clip -5e-05,dist,2,0.47839347,0.0,0.0
-5e-05,lower clip -5e-05,dist,3,0.47791374,0.0,0.0
-5e-05,lower clip -5e-05,dist,4,0.4774823,0.0,0.0
-5e-05,lower clip -5e-05,dist,5,0.47709677,0.0,0.0
-5e-05,lower clip -5e-05,dist,6,0.4767548,0.0,0.0
-5e-05,lower clip -5e-05,dist,7,0.47645426,0.0,0.0
-5e-05,lower clip -5e-05,dist,8,0.4761929,0.0,0.0
-5e-05,lower clip -5e-05,dist,9,0.47596875,0.0,0.0
-5e-05,lower clip -5e-05,dist,10,0.4757798,0.0,0.0
-5e-05,lower clip -5e-05,dist,11,0.47562423,0.0,0.0
-5e-05,lower clip -5e-05,dist,12,0.47550017,0.0,0.0
-5e-05,lower clip -5e-05,dist,13,0.47540587,0.0,0.0
-5e-05,lower clip -5e-05,dist,14,0.34416065,0.0,0.0
-5e-05,lower clip -5e-05,dist,15,0.22259463,0.0,0.0
-5e-05,lower clip -5e-05,dist,16,0.13188185,0.0,0.0
-5e-05,lower clip -5e-05,dist,17,0.074098736,0.0,0.0
-5e-05,lower clip -5e-05,dist,18,0.10186256,0.0,0.0
-5e-05,lower clip -5e-05,dist,19,0.13537097,0.0,0.0
-5e-05,lower clip -5e-05,dist,20,0.16880313,0.0,0.0
-5e-05,lower clip -5e-05,dist,21,0.20022658,0.0,0.0
-5e-05,lower clip -5e-05,dist,22,0.22388025,0.0,0.0
-5e-05,lower clip -5e-05,dist,23,0.24809353,0.0,0.0
-5e-05,lower clip -5e-05,dist,24,0.25904298,0.0,0.0
-5e-05,lower clip -5e-05,dist,25,0.25485504,0.0,0.0
-5e-05,lower clip -5e-05,dist,26,0.25634858,0.0,0.0
-5e-05,lower clip -5e-05,dist,27,0.25294557,0.0,0.0
-5e-05,lower clip -5e-05,dist,28,0.2488581,0.0,0.0
-5e-05,lower clip -5e-05,dist,29,0.24625741,0.0,0.0
-5e-05,lower clip -5e-05,dist,30,0.25049886,0.0,0.0
-5e-05,lower clip -5e-05,dist,31,0.25187078,0.0,0.0
-5e-05,lower clip -5e-05,dist,32,0.2473456,0.0,0.0
-5e-05,lower clip -5e-05,dist,33,0.25626138,0.0,0.0
-5e-05,lower clip -5e-05,dist,34,0.25424644,0.0,0.0
-5e-05,lower clip -5e-05,dist,35,0.25638247,0.0,0.0
-5e-05,lower clip -5e-05,dist,36,0.25838354,0.0,0.0
-5e-05,lower clip -5e-05,dist,37,0.2609982,0.0,0.0
-5e-05,lower clip -5e-05,dist,38,0.26378506,0.0,0.0
-5e-05,lower clip -5e-05,dist,39,0.2666994,0.0,0.0
-5e-05,lower clip -5e-05,dist,40,0.27440453,0.0,0.0
-5e-05,lower clip -5e-05,dist,41,0.27745408,0.0,0.0
-5e-05,lower clip -5e-05,dist,42,0.2757009,0.0,0.0
-5e-05,lower clip -5e-05,dist,43,0.28378057,0.0,0.0
-5e-05,lower clip -5e-05,dist,44,0.28694165,0.0,0.0
-5e-05,lower clip -5e-05,dist,45,0.29012793,0.0,0.0
-5e-05,lower clip -5e-05,dist,46,0.2933336,0.0,0.0
-5e-05,lower clip -5e-05,dist,47,0.2968559,0.0,0.0
-5e-05,lower clip -5e-05,dist,48,0.14957258,0.0,0.0
-5e-05,lower clip -5e-05,dist,49,0.15839289,0.0,0.0
-5e-05,lower clip -5e-05,dist,50,0.29506758,0.0,0.0
-5e-05,lower clip -5e-05,dist,51,0.20541677,0.0,0.0
-5e-05,lower clip -5e-05,dist,52,0.21876106,0.0,0.0
-5e-05,lower clip -5e-05,dist,53,0.27958307,0.0,0.0
-5e-05,lower clip -5e-05,dist,54,0.22222094,0.0,0.0
-5e-05,lower clip -5e-05,dist,55,0.2345605,0.0,0.0
-5e-05,lower clip -5e-05,dist,56,0.2902272,0.0,0.0
-5e-05,lower clip -5e-05,dist,57,0.24977449,0.0,0.0
-5e-05,lower clip -5e-05,dist,58,0.24783942,0.0,0.0
-5e-05,lower clip -5e-05,dist,59,0.26351577,0.0,0.0
-5e-05,lower clip -5e-05,dist,60,0.25133893,0.0,0.0
-5e-05,lower clip -5e-05,dist,61,0.24152523,0.0,0.0
-5e-05,lower clip -5e-05,dist,62,0.24230929,0.0,0.0
-5e-05,lower clip -5e-05,dist,63,0.23802137,0.0,0.0
-5e-05,lower clip -5e-05,dist,64,0.22294971,0.0,0.0
-5e-05,lower clip -5e-05,dist,65,0.21822321,0.0,0.0
-5e-05,lower clip -5e-05,dist,66,0.21755847,0.0,0.0
-5e-05,lower clip -5e-05,dist,67,0.20541531,0.0,0.0
-5e-05,lower clip -5e-05,dist,68,0.20002858,0.0,0.0
-5e-05,lower clip -5e-05,dist,69,0.19672607,0.0,0.0
-5e-05,lower clip -5e-05,dist,70,0.1905602,0.0,0.0
-5e-05,lower clip -5e-05,dist,71,0.1908618,0.0,0.0
-5e-05,lower clip -5e-05,dist,72,0.1860435,0.0,0.0
-5e-05,lower clip -5e-05,dist,73,0.18566601,0.0,0.0
-5e-05,lower clip -5e-05,dist,74,0.18701416,0.0,0.0
-5e-05,lower clip -5e-05,dist,75,0.1881384,0.0,0.0
-5e-05,lower clip -5e-05,dist,76,0.18519467,0.0,0.0
-5e-05,lower clip -5e-05,dist,77,0.19051234,0.0,0.0
-5e-05,lower clip -5e-05,dist,78,0.19687478,0.0,0.0
-5e-05,lower clip -5e-05,dist,79,0.19171546,0.0,0.0
-5e-05,lower clip -5e-05,dist,80,0.19853704,0.0,0.0
-5e-05,lower clip -5e-05,dist,81,0.20090777,0.0,0.0
-5e-05,lower clip -5e-05,dist,82,0.19940406,0.0,0.0
-5e-05,lower clip -5e-05,dist,83,0.20362134,0.0,0.0
-5e-05,lower clip -5e-05,dist,84,0.2115569,0.0,0.0
-5e-05,lower clip -5e-05,dist,85,0.21557418,0.0,0.0
-5e-05,lower clip -5e-05,dist,86,0.21487547,0.0,0.0
-5e-05,lower clip -5e-05,dist,87,0.22397159,0.0,0.0
-5e-05,lower clip -5e-05,dist,88,0.22315685,0.0,0.0
-5e-05,lower clip -5e-05,dist,89,0.22751297,0.0,0.0
-5e-05,lower clip -5e-05,dist,90,0.23189886,0.0,0.0
-5e-05,lower clip -5e-05,dist,91,0.23651975,0.0,0.0
-5e-05,lower clip -5e-05,dist,92,0.24110754,0.0,0.0
-5e-05,lower clip -5e-05,dist,93,0.24571948,0.0,0.0
-5e-05,lower clip -5e-05,dist,94,0.25021097,0.0,0.0
-5e-05,lower clip -5e-05,dist,95,0.2545836,0.0,0.0
-5e-05,lower clip -5e-05,dist,96,0.25988623,0.0,0.0
-5e-05,lower clip -5e-05,dist,97,0.26002914,0.0,0.0
-5e-05,lower clip -5e-05,dist,98,0.26062503,0.0,0.0
-5e-05,lower clip -5e-05,dist,99,0.256003,0.0,0.0
-5e-05,lower clip -5e-05,dist,100,0.25601202,0.0,0.0
-5e-05,lower clip -5e-05,dist,101,0.25172475,0.0,0.0
-5e-05,lower clip -5e-05,dist,102,0.2525904,0.0,0.0
-5e-05,lower clip -5e-05,dist,103,0.25283632,0.0,0.0
-5e-05,lower clip -5e-05,dist,104,0.25315198,0.0,0.0
-5e-05,lower clip -5e-05,dist,105,0.2535212,0.0,0.0
-5e-05,lower clip -5e-05,dist,106,0.24915715,0.0,0.0
-5e-05,lower clip -5e-05,dist,107,0.25036436,0.0,0.0
-5e-05,lower clip -5e-05,dist,108,0.25084093,0.0,0.0
-5e-05,lower clip -5e-05,dist,109,0.25133753,0.0,0.0
-5e-05,lower clip -5e-05,dist,110,0.25185192,0.0,0.0
-5e-05,lower clip -5e-05,dist,111,0.25238147,0.0,0.0
-5e-05,lower clip -5e-05,dist,112,0.25292268,0.0,0.0
-5e-05,lower clip -5e-05,dist,113,0.24978311,0.0,0.0
-5e-05,lower clip -5e-05,dist,114,0.25007993,0.0,0.0
-5e-05,lower clip -5e-05,dist,115,0.25038317,0.0,0.0
-5e-05,lower clip -5e-05,dist,116,0.25069132,0.0,0.0
-5e-05,lower clip -5e-05,dist,117,0.25100327,0.0,0.0
-5e-05,lower clip -5e-05,dist,118,0.25131816,0.0,0.0
-5e-05,lower clip -5e-05,dist,119,0.24740052,0.0,0.0
-5e-05,lower clip -5e-05,dist,120,0.24772434,0.0,0.0
-5e-05,lower clip -5e-05,dist,121,0.24804932,0.0,0.0
-5e-05,lower clip -5e-05,dist,122,0.24837418,0.0,0.0
-5e-05,lower clip -5e-05,dist,123,0.24869934,0.0,0.0
-5e-05,lower clip -5e-05,dist,124,0.2490252,0.0,0.0
-5e-05,lower clip -5e-05,dist,125,0.24935077,0.0,0.0
-5e-05,lower clip -5e-05,dist,126,0.24570088,0.0,0.0
-5e-05,lower clip -5e-05,dist,127,0.24603042,0.0,0.0
-5e-05,lower clip -5e-05,dist,128,0.24722055,0.0,0.0
-5e-05,lower clip -5e-05,dist,129,0.24754757,0.0,0.0
-5e-05,lower clip -5e-05,dist,130,0.2478735,0.0,0.0
-5e-05,lower clip -5e-05,dist,131,0.24819894,0.0,0.0
-5e-05,lower clip -5e-05,dist,132,0.24852355,0.0,0.0
-5e-05,lower clip -5e-05,dist,133,0.24884705,0.0,0.0
-5e-05,lower clip -5e-05,dist,134,0.24916941,0.0,0.0
-5e-05,lower clip -5e-05,dist,135,0.24949041,0.0,0.0
-5e-05,lower clip -5e-05,dist,136,0.24612725,0.0,0.0
-5e-05,lower clip -5e-05,dist,137,0.24644989,0.0,0.0
-5e-05,lower clip -5e-05,dist,138,0.24677116,0.0,0.0
-5e-05,lower clip -5e-05,dist,139,0.2479969,0.0,0.0
-5e-05,lower clip -5e-05,dist,140,0.24831413,0.0,0.0
-5e-05,lower clip -5e-05,dist,141,0.24863018,0.0,0.0
-5e-05,lower clip -5e-05,dist,142,0.24894403,0.0,0.0
-5e-05,lower clip -5e-05,dist,143,0.24925579,0.0,0.0
-5e-05,lower clip -5e-05,dist,144,0.2495664,0.0,0.0
-5e-05,lower clip -5e-05,dist,145,0.25382772,0.0,0.0
-5e-05,lower clip -5e-05,dist,146,0.25807536,0.0,0.0
-5e-05,lower clip -5e-05,dist,147,0.12875342,0.0,0.0
-5e-05,lower clip -5e-05,dist,148,0.120548,0.0,0.0
-5e-05,lower clip -5e-05,dist,149,0.21945818,0.0,0.0
-5e-05,lower clip -5e-05,dist,150,0.19238651,0.0,0.0
-5e-05,lower clip -5e-05,dist,151,0.19217378,0.0,0.0
-5e-05,lower clip -5e-05,dist,152,0.19684839,0.0,0.0
-5e-05,lower clip -5e-05,dist,153,0.15923819,0.0,0.0
-5e-05,lower clip -5e-05,dist,154,0.16639161,0.0,0.0
-5e-05,lower clip -5e-05,dist,155,0.2391148,0.0,0.0
-5e-05,lower clip -5e-05,dist,156,0.35298032,0.0,0.0
-5e-05,lower clip -5e-05,dist,157,0.5866777,0.0,0.0
-5e-05,lower clip -5e-05,dist,158,0.7673507,0.0,0.0
-5e-05,lower clip -5e-05,dist,159,0.9038022,0.0,0.0
-5e-05,lower clip -5e-05,dist,160,0.90419513,0.0,0.0
-5e-05,lower clip -5e-05,dist,161,0.8601698,0.0,0.0
-5e-05,lower clip -5e-05,dist,162,0.8502837,0.0,0.0
-5e-05,lower clip -5e-05,dist,163,0.80863047,0.0,0.0
-5e-05,lower clip -5e-05,dist,164,0.7553675,0.0,0.0
-5e-05,lower clip -5e-05,dist,165,0.7658488,0.0,0.0
-5e-05,lower clip -5e-05,dist,166,0.82111657,0.0,0.0
-5e-05,lower clip -5e-05,dist,167,0.9946533,0.0,0.0
-5e-05,lower clip -5e-05,dist,168,1.1658473,0.0,0.0
-5e-05,lower clip -5e-05,dist,169,1.078337,0.0,0.0
-5e-05,lower clip -5e-05,dist,170,1.0726262,0.0,0.0
-5e-05,lower clip -5e-05,dist,171,1.1031177,0.0,0.0
-5e-05,lower clip -5e-05,dist,172,1.0060501,0.0,0.0
-5e-05,lower clip -5e-05,dist,173,0.98111963,0.0,0.0
-5e-05,lower clip -5e-05,dist,174,1.0178144,0.0,0.0
-5e-05,lower clip -5e-05,dist,175,0.95244664,0.0,0.0
-5e-05,lower clip -5e-05,dist,176,0.903966,0.0,0.0
-5e-05,lower clip -5e-05,dist,177,0.9243352,0.0,0.0
-5e-05,lower clip -5e-05,dist,178,0.8828285,0.0,0.0
-5e-05,lower clip -5e-05,dist,179,0.83284086,0.0,0.0
-5e-05,lower clip -5e-05,dist,180,0.906163,0.0,0.0
-5e-05,lower clip -5e-05,dist,181,1.044292,0.0,0.0
-5e-05,lower clip -5e-05,dist,182,1.1330886,0.0,0.0
-5e-05,lower clip -5e-05,dist,183,1.2269124,0.0,0.0
-5e-05,lower clip -5e-05,dist,184,1.3880297,0.0,0.0
-5e-05,lower clip -5e-05,dist,185,1.492762,0.0,0.0
-5e-05,lower clip -5e-05,dist,186,1.433323,0.0,0.0
-5e-05,lower clip -5e-05,dist,187,1.4282454,0.0,0.0
-5e-05,lower clip -5e-05,dist,188,1.4184744,0.0,0.0
-5e-05,lower clip -5e-05,dist,189,1.3959104,0.0,0.0
-5e-05,lower clip -5e-05,dist,190,1.5063236,0.0,0.0
-5e-05,lower clip -5e-05,dist,191,1.7725092,0.0,0.0
-5e-05,lower clip -5e-05,dist,192,1.8469523,0.0,0.0
-5e-05,lower clip -5e-05,dist,193,1.9664599,0.0,0.0
-5e-05,lower clip -5e-05,dist,194,2.054637,0.0,0.0
-5e-05,lower clip -5e-05,dist,195,2.124473,0.0,0.0
-5e-05,lower clip -5e-05,dist,196,2.3923144,0.0,0.0
-5e-05,lower clip -5e-05,dist,197,2.7132058,0.0,0.0
-5e-05,lower clip -5e-05,dist,198,2.8163524,0.0,0.0
-5e-05,lower clip -5e-05,dist,199,2.8462942,0.0,0.0
-5e-05,lower clip -5e-05,dist,200,2.9353297,0.0,0.0
-5e-05,lower clip -5e-05,dist,201,3.0886126,0.0,0.0
-5e-05,lower clip -5e-05,dist,202,3.3103104,0.0,0.0
-5e-05,lower clip -5e-05,dist,203,3.565588,0.0,0.0
-5e-05,lower clip -5e-05,dist,204,3.8644047,0.0,0.0
-5e-05,lower clip -5e-05,dist,205,4.1981654,0.0,0.0
-5e-05,lower clip -5e-05,dist,206,4.092273,0.0,0.0
-5e-05,lower clip -5e-05,dist,207,4.169236,0.0,0.0
-5e-05,lower clip -5e-05,dist,208,4.3949738,0.0,0.0
-5e-05,lower clip -5e-05,dist,209,4.51702,0.0,0.0
-5e-05,lower clip -5e-05,dist,210,4.806465,0.0,0.0
-5e-05,lower clip -5e-05,dist,211,5.3469367,0.0,0.0
-5e-05,lower clip -5e-05,dist,212,5.575505,0.0,0.0
-5e-05,lower clip -5e-05,dist,213,5.8291206,0.0,0.0
-5e-05,lower clip -5e-05,dist,214,6.151485,0.0,0.0
-5e-05,lower clip -5e-05,dist,215,6.2559233,0.0,0.0
-5e-05,lower clip -5e-05,dist,216,6.4835644,0.0,0.0
-5e-05,lower clip -5e-05,dist,217,6.781124,0.0,0.0
-5e-05,lower clip -5e-05,dist,218,6.9025555,0.0,0.0
-5e-05,lower clip -5e-05,dist,219,7.120641,0.0,0.0
-5e-05,lower clip -5e-05,dist,220,7.5133553,0.0,0.0
-5e-05,lower clip -5e-05,dist,221,7.929281,0.0,0.0
-5e-05,lower clip -5e-05,dist,222,8.202421,0.0,0.0
-5e-05,lower clip -5e-05,dist,223,8.261787,0.0,0.0
-5e-05,lower clip -5e-05,dist,224,8.384477,0.0,0.0
-5e-05,lower clip -5e-05,dist,225,8.542033,0.0,0.0
-5e-05,lower clip -5e-05,dist,226,8.97479,0.0,0.0
-5e-05,lower clip -5e-05,dist,227,9.016322,0.0,0.0
-5e-05,lower clip -5e-05,dist,228,9.058389,0.0,0.0
-5e-05,lower clip -5e-05,dist,229,9.061402,0.0,0.0
-5e-05,lower clip -5e-05,dist,230,9.102622,0.0,0.0
-5e-05,lower clip -5e-05,dist,231,9.158741,0.0,0.0
-5e-05,lower clip -5e-05,dist,232,9.260995,0.0,0.0
-5e-05,lower clip -5e-05,dist,233,9.4276,0.0,0.0
-5e-05,lower clip -5e-05,dist,234,9.519518,0.0,0.0
-5e-05,lower clip -5e-05,dist,235,9.52664,0.0,0.0
-5e-05,lower clip -5e-05,dist,236,9.472817,0.0,0.0
-5e-05,lower clip -5e-05,dist,237,9.330272,0.0,0.0
-5e-05,lower clip -5e-05,dist,238,9.281612,0.0,0.0
-5e-05,lower clip -5e-05,dist,239,9.5048065,0.0,0.0
-5e-05,lower clip -5e-05,dist,240,9.587613,0.0,0.0
-5e-05,lower clip -5e-05,dist,241,9.7529125,0.0,0.0
-5e-05,lower clip -5e-05,dist,242,9.911772,0.0,0.0
-5e-05,lower clip -5e-05,dist,243,9.973794,0.0,0.0
-5e-05,lower clip -5e-05,dist,244,9.975011,0.0,0.0
-5e-05,lower clip -5e-05,dist,245,9.959153,0.0,0.0
-5e-05,lower clip -5e-05,dist,246,9.907863,0.0,0.0
-5e-05,lower clip -5e-05,dist,247,9.814044,0.0,0.0
-5e-05,lower clip -5e-05,dist,248,9.692508,0.0,0.0
-5e-05,lower clip -5e-05,dist,249,9.6390915,0.0,0.0
-5e-05,lower clip -5e-05,dist,250,9.544992,0.0,0.0
-5e-05,lower clip -5e-05,dist,251,9.450972,0.0,0.0
-5e-05,lower clip -5e-05,dist,252,9.375855,0.0,0.0
-5e-05,lower clip -5e-05,dist,253,9.330132,0.0,0.0
-5e-05,lower clip -5e-05,dist,254,9.246746,0.0,0.0
-5e-05,lower clip -5e-05,dist,255,9.195414,0.0,0.0
-5e-05,lower clip -5e-05,dist,256,9.115694,0.0,0.0
-5e-05,lower clip -5e-05,dist,257,9.052585,0.0,0.0
-5e-05,lower clip -5e-05,dist,258,8.98607,0.0,0.0
-5e-05,lower clip -5e-05,dist,259,8.916888,0.0,0.0
-5e-05,lower clip -5e-05,dist,260,8.826679,0.0,0.0
-5e-05,lower clip -5e-05,dist,261,8.741776,0.0,0.0
-5e-05,lower clip -5e-05,dist,262,8.683063,0.0,0.0
-5e-05,lower clip -5e-05,dist,263,8.626519,0.0,0.0
-5e-05,lower clip -5e-05,dist,264,8.559454,0.0,0.0
-5e-05,lower clip -5e-05,dist,265,8.485511,0.0,0.0
-5e-05,lower clip -5e-05,dist,266,8.403959,0.0,0.0
-5e-05,lower clip -5e-05,dist,267,8.352668,0.0,0.0
-5e-05,lower clip -5e-05,dist,268,8.275858,0.0,0.0
-5e-05,lower clip -5e-05,dist,269,8.197103,0.0,0.0
-5e-05,lower clip -5e-05,dist,270,8.158693,0.0,0.0
-5e-05,lower clip -5e-05,dist,271,8.093276,0.0,0.0
-5e-05,lower clip -5e-05,dist,272,8.0253105,0.0,0.0
-5e-05,lower clip -5e-05,dist,273,7.9544134,0.0,0.0
-5e-05,lower clip -5e-05,dist,274,7.903732,0.0,0.0
-5e-05,lower clip -5e-05,dist,275,7.828227,0.0,0.0
-5e-05,lower clip -5e-05,dist,276,7.7685604,0.0,0.0
-5e-05,lower clip -5e-05,dist,277,7.708163,0.0,0.0
-5e-05,lower clip -5e-05,dist,278,7.6399937,0.0,0.0
-5e-05,lower clip -5e-05,dist,279,7.5607476,0.0,0.0
-5e-05,lower clip -5e-05,dist,280,7.5336704,0.0,0.0
-5e-05,lower clip -5e-05,dist,281,7.464895,0.0,0.0
-5e-05,lower clip -5e-05,dist,282,7.398743,0.0,0.0
-5e-05,lower clip -5e-05,dist,283,7.327874,0.0,0.0
-5e-05,lower clip -5e-05,dist,284,7.2640605,0.0,0.0
-5e-05,lower clip -5e-05,dist,285,7.193251,0.0,0.0
-5e-05,lower clip -5e-05,dist,286,7.149915,0.0,0.0
-5e-05,lower clip -5e-05,dist,287,7.094269,0.0,0.0
-5e-05,lower clip -5e-05,dist,288,7.03523,0.0,0.0
-5e-05,lower clip -5e-05,dist,289,6.92506,0.0,0.0
-5e-05,lower clip -5e-05,dist,290,6.9782763,0.0,0.0
-5e-05,lower clip -5e-05,dist,291,7.026028,0.0,0.0
-5e-05,lower clip -5e-05,dist,292,6.99965,0.0,0.0
-5e-05,lower clip -5e-05,dist,293,7.036058,0.0,0.0
-5e-05,lower clip -5e-05,dist,294,7.139687,0.0,0.0
-5e-05,lower clip -5e-05,dist,295,7.331534,0.0,0.0
-5e-05,lower clip -5e-05,dist,296,7.3226247,0.0,0.0
-5e-05,lower clip -5e-05,dist,297,7.376437,0.0,0.0
-5e-05,lower clip -5e-05,dist,298,7.552711,0.0,0.0
-5e-05,lower clip -5e-05,dist,299,7.667333,0.0,0.0
-5e-05,lower clip -5e-05,dist,300,7.78172,0.0,0.0
-5e-05,lower clip -5e-05,dist,301,7.986641,0.0,0.0
-5e-05,lower clip -5e-05,dist,302,8.293084,0.0,0.0
-5e-05,lower clip -5e-05,dist,303,8.518822,0.0,0.0
-5e-05,lower clip -5e-05,dist,304,8.847804,0.0,0.0
-5e-05,lower clip -5e-05,dist,305,9.012889,0.0,0.0
-5e-05,lower clip -5e-05,dist,306,9.148825,0.0,0.0
-5e-05,lower clip -5e-05,dist,307,9.366334,0.0,0.0
-5e-05,lower clip -5e-05,dist,308,9.4243145,0.0,0.0
-5e-05,lower clip -5e-05,dist,309,9.247432,0.0,0.0
-5e-05,lower clip -5e-05,dist,310,9.220093,0.0,0.0
-5e-05,lower clip -5e-05,dist,311,9.374548,0.0,0.0
-5e-05,lower clip -5e-05,dist,312,9.522237,0.0,0.0
-5e-05,lower clip -5e-05,dist,313,9.259993,0.0,0.0
-5e-05,lower clip -5e-05,dist,314,9.07715,0.0,0.0
-5e-05,lower clip -5e-05,dist,315,8.839066,0.0,0.0
-5e-05,lower clip -5e-05,dist,316,8.74179,0.0,0.0
-5e-05,lower clip -5e-05,dist,317,8.840894,0.0,0.0
-5e-05,lower clip -5e-05,dist,318,8.971123,0.0,0.0
-5e-05,lower clip -5e-05,dist,319,9.189457,0.0,0.0
-5e-05,lower clip -5e-05,dist,320,9.322966,0.0,0.0
-5e-05,lower clip -5e-05,dist,321,9.433014,0.0,0.0
-5e-05,lower clip -5e-05,dist,322,9.612306,0.0,0.0
-5e-05,lower clip -5e-05,dist,323,9.860778,0.0,0.0
-5e-05,lower clip -5e-05,dist,324,9.9709835,0.0,0.0
-5e-05,lower clip -5e-05,dist,325,9.788553,0.0,0.0
-5e-05,lower clip -5e-05,dist,326,9.577067,0.0,0.0
-5e-05,lower clip -5e-05,dist,327,9.352734,0.0,0.0
-5e-05,lower clip -5e-05,dist,328,9.437059,0.0,0.0
-5e-05,lower clip -5e-05,dist,329,9.783601,0.0,0.0
-5e-05,lower clip -5e-05,dist,330,9.646809,0.0,0.0
-5e-05,lower clip -5e-05,dist,331,9.595543,0.0,0.0
-5e-05,lower clip -5e-05,dist,332,9.693943,0.0,0.0
-5e-05,lower clip -5e-05,dist,333,9.82946,0.0,0.0
-5e-05,lower clip -5e-05,dist,334,9.941198,0.0,0.0
-5e-05,lower clip -5e-05,dist,335,9.969634,0.0,0.0
-5e-05,lower clip -5e-05,dist,336,9.94123,0.0,0.0
-5e-05,lower clip -5e-05,dist,337,9.898489,0.0,0.0
-5e-05,lower clip -5e-05,dist,338,9.914174,0.0,0.0
-5e-05,lower clip -5e-05,dist,339,10.19834,0.0,0.0
-5e-05,lower clip -5e-05,dist,340,10.3431425,0.0,0.0
-5e-05,lower clip -5e-05,dist,341,10.382795,0.0,0.0
-5e-05,lower clip -5e-05,dist,342,10.554865,0.0,0.0
-5e-05,lower clip -5e-05,dist,343,10.801265,0.0,0.0
-5e-05,lower clip -5e-05,dist,344,11.063405,0.0,0.0
-5e-05,lower clip -5e-05,dist,345,11.364951,0.0,0.0
-5e-05,lower clip -5e-05,dist,346,11.268092,0.0,0.0
-5e-05,lower clip -5e-05,dist,347,11.212063,0.0,0.0
-5e-05,lower clip -5e-05,dist,348,11.331978,0.0,0.0
-5e-05,lower clip -5e-05,dist,349,11.337939,0.0,0.0
-5e-05,lower clip -5e-05,dist,350,11.326351,0.0,0.0
-5e-05,lower clip -5e-05,dist,351,11.232083,0.0,0.0
-5e-05,lower clip -5e-05,dist,352,11.230328,0.0,0.0
-5e-05,lower clip -5e-05,dist,353,11.247976,0.0,0.0
-5e-05,lower clip -5e-05,dist,354,11.251191,0.0,0.0
-5e-05,lower clip -5e-05,dist,355,11.314289,0.0,0.0
-5e-05,lower clip -5e-05,dist,356,11.565833,0.0,0.0
-5e-05,lower clip -5e-05,dist,357,11.76979,0.0,0.0
-5e-05,lower clip -5e-05,dist,358,11.824088,0.0,0.0
-5e-05,lower clip -5e-05,dist,359,11.843944,0.0,0.0
-5e-05,lower clip -5e-05,dist,360,11.818846,0.0,0.0
-5e-05,lower clip -5e-05,dist,361,11.860833,0.0,0.0
-5e-05,lower clip -5e-05,dist,362,11.805251,0.0,0.0
-5e-05,lower clip -5e-05,dist,363,11.864581,0.0,0.0
-5e-05,lower clip -5e-05,dist,364,12.127342,0.0,0.0
-5e-05,lower clip -5e-05,dist,365,12.319171,0.0,0.0
-5e-05,lower clip -5e-05,dist,366,12.310456,0.0,0.0
-5e-05,lower clip -5e-05,dist,367,12.119626,0.0,0.0
-5e-05,lower clip -5e-05,dist,368,11.951482,0.0,0.0
-5e-05,lower clip -5e-05,dist,369,11.96593,0.0,0.0
-5e-05,lower clip -5e-05,dist,370,12.080582,0.0,0.0
-5e-05,lower clip -5e-05,dist,371,12.042404,0.0,0.0
-5e-05,lower clip -5e-05,dist,372,12.153227,0.0,0.0
-5e-05,lower clip -5e-05,dist,373,11.990959,0.0,0.0
-5e-05,lower clip -5e-05,dist,374,11.935375,0.0,0.0
-5e-05,lower clip -5e-05,dist,375,11.759879,0.0,0.0
-5e-05,lower clip -5e-05,dist,376,11.602675,0.0,0.0
-5e-05,lower clip -5e-05,dist,377,11.740195,0.0,0.0
-5e-05,lower clip -5e-05,dist,378,12.093405,0.0,0.0
-5e-05,lower clip -5e-05,dist,379,12.448687,0.0,0.0
-5e-05,lower clip -5e-05,dist,380,12.419672,0.0,0.0
-5e-05,lower clip -5e-05,dist,381,12.413065,0.0,0.0
-5e-05,lower clip -5e-05,dist,382,12.412153,0.0,0.0
-5e-05,lower clip -5e-05,dist,383,12.123791,0.0,0.0
-5e-05,lower clip -5e-05,dist,384,12.099058,0.0,0.0
-5e-05,lower clip -5e-05,dist,385,12.107765,0.0,0.0
-5e-05,lower clip -5e-05,dist,386,12.160683,0.0,0.0
-5e-05,lower clip -5e-05,dist,387,12.280021,0.0,0.0
-5e-05,lower clip -5e-05,dist,388,12.172675,0.0,0.0
-5e-05,lower clip -5e-05,dist,389,12.02203,0.0,0.0
-5e-05,lower clip -5e-05,dist,390,11.867406,0.0,0.0
-5e-05,lower clip -5e-05,dist,391,11.719144,0.0,0.0
-5e-05,lower clip -5e-05,dist,392,11.501564,0.0,0.0
-5e-05,lower clip -5e-05,dist,393,11.284453,0.0,0.0
-5e-05,lower clip -5e-05,dist,394,11.221092,0.0,0.0
-5e-05,lower clip -5e-05,dist,395,11.049649,0.0,0.0
-5e-05,lower clip -5e-05,dist,396,10.908519,0.0,0.0
-5e-05,lower clip -5e-05,dist,397,10.856048,0.0,0.0
-5e-05,lower clip -5e-05,dist,398,10.73852,0.0,0.0
-5e-05,lower clip -5e-05,dist,399,10.619272,0.0,0.0
-5e-05,lower clip -5e-05,dist,400,10.54056,0.0,0.0
-5e-05,lower clip -5e-05,dist,401,10.449506,0.0,0.0
-5e-05,lower clip -5e-05,dist,402,10.347018,0.0,0.0
-5e-05,lower clip -5e-05,dist,403,10.239679,0.0,0.0
-5e-05,lower clip -5e-05,dist,404,10.155491,0.0,0.0
-5e-05,lower clip -5e-05,dist,405,10.069708,0.0,0.0
-5e-05,lower clip -5e-05,dist,406,9.970893,0.0,0.0
-5e-05,lower clip -5e-05,dist,407,9.884933,0.0,0.0
-5e-05,lower clip -5e-05,dist,408,9.80026,0.0,0.0
-5e-05,lower clip -5e-05,dist,409,9.723402,0.0,0.0
-5e-05,lower clip -5e-05,dist,410,9.655606,0.0,0.0
-5e-05,lower clip -5e-05,dist,411,9.568703,0.0,0.0
-5e-05,lower clip -5e-05,dist,412,9.5127125,0.0,0.0
-5e-05,lower clip -5e-05,dist,413,9.435752,0.0,0.0
-5e-05,lower clip -5e-05,dist,414,9.388896,0.0,0.0
-5e-05,lower clip -5e-05,dist,415,9.32041,0.0,0.0
-5e-05,lower clip -5e-05,dist,416,9.255096,0.0,0.0
-5e-05,lower clip -5e-05,dist,417,9.200272,0.0,0.0
-5e-05,lower clip -5e-05,dist,418,9.140174,0.0,0.0
-5e-05,lower clip -5e-05,dist,419,9.076796,0.0,0.0
-5e-05,lower clip -5e-05,dist,420,9.059814,0.0,0.0
-5e-05,lower clip -5e-05,dist,421,9.015094,0.0,0.0
-5e-05,lower clip -5e-05,dist,422,8.965237,0.0,0.0
-5e-05,lower clip -5e-05,dist,423,8.914734,0.0,0.0
-5e-05,lower clip -5e-05,dist,424,8.853241,0.0,0.0
-5e-05,lower clip -5e-05,dist,425,8.783795,0.0,0.0
-5e-05,lower clip -5e-05,dist,426,8.734765,0.0,0.0
-5e-05,lower clip -5e-05,dist,427,8.680854,0.0,0.0
-5e-05,lower clip -5e-05,dist,428,8.646494,0.0,0.0
-5e-05,lower clip -5e-05,dist,429,8.622071,0.0,0.0
-5e-05,lower clip -5e-05,dist,430,8.566815,0.0,0.0
-5e-05,lower clip -5e-05,dist,431,8.5117445,0.0,0.0
5e-05,upper clip +5e-05,dist,0,0.47950786,0.0,0.0
5e-05,upper clip +5e-05,dist,1,0.47892398,0.0,0.0
5e-05,upper clip +5e-05,dist,2,0.47839347,0.0,0.0
5e-05,upper clip +5e-05,dist,3,0.47791374,0.0,0.0
5e-05,upper clip +5e-05,dist,4,0.4774823,0.0,0.0
5e-05,upper clip +5e-05,dist,5,0.47709677,0.0,0.0
5e-05,upper clip +5e-05,dist,6,0.4767548,0.0,0.0
5e-05,upper clip +5e-05,dist,7,0.47645426,0.0,0.0
5e-05,upper clip +5e-05,dist,8,0.4761929,0.0,0.0
5e-05,upper clip +5e-05,dist,9,0.47596875,0.0,0.0
5e-05,upper clip +5e-05,dist,10,0.4757798,0.0,0.0
5e-05,upper clip +5e-05,dist,11,0.47562423,0.0,0.0
5e-05,upper clip +5e-05,dist,12,0.47550017,0.0,0.0
5e-05,upper clip +5e-05,dist,13,0.47540587,0.0,0.0
5e-05,upper clip +5e-05,dist,14,0.47533974,0.0,0.0
5e-05,upper clip +5e-05,dist,15,0.47530013,0.0,0.0
5e-05,upper clip +5e-05,dist,16,0.47528556,0.0,0.0
5e-05,upper clip +5e-05,dist,17,0.47529453,0.0,0.0
5e-05,upper clip +5e-05,dist,18,0.47532567,0.0,0.0
5e-05,upper clip +5e-05,dist,19,0.47537762,0.0,0.0
5e-05,upper clip +5e-05,dist,20,0.47544917,0.0,0.0
5e-05,upper clip +5e-05,dist,21,0.47553906,0.0,0.0
5e-05,upper clip +5e-05,dist,22,0.4756461,0.0,0.0
5e-05,upper clip +5e-05,dist,23,0.47576925,0.0,0.0
5e-05,upper clip +5e-05,dist,24,0.4759074,0.0,0.0
5e-05,upper clip +5e-05,dist,25,0.47605956,0.0,0.0
5e-05,upper clip +5e-05,dist,26,0.4762248,0.0,0.0
5e-05,upper clip +5e-05,dist,27,0.47640213,0.0,0.0
5e-05,upper clip +5e-05,dist,28,0.47659078,0.0,0.0
5e-05,upper clip +5e-05,dist,29,0.47678983,0.0,0.0
5e-05,upper clip +5e-05,dist,30,0.47699854,0.0,0.0
5e-05,upper clip +5e-05,dist,31,0.47721615,0.0,0.0
5e-05,upper clip +5e-05,dist,32,0.47744197,0.0,0.0
5e-05,upper clip +5e-05,dist,33,0.4776753,0.0,0.0
5e-05,upper clip +5e-05,dist,34,0.47791544,0.0,0.0
5e-05,upper clip +5e-05,dist,35,0.4781619,0.0,0.0
5e-05,upper clip +5e-05,dist,36,0.47841397,0.0,0.0
5e-05,upper clip +5e-05,dist,37,0.47867122,0.0,0.0
5e-05,upper clip +5e-05,dist,38,0.47893304,0.0,0.0
5e-05,upper clip +5e-05,dist,39,0.47919902,0.0,0.0
5e-05,upper clip +5e-05,dist,40,0.4794686,0.0,0.0
5e-05,upper clip +5e-05,dist,41,0.4797414,0.0,0.0
5e-05,upper clip +5e-05,dist,42,0.48001698,0.0,0.0
5e-05,upper clip +5e-05,dist,43,0.48029494,0.0,0.0
5e-05,upper clip +5e-05,dist,44,0.48057494,0.0,0.0
5e-05,upper clip +5e-05,dist,45,0.48085657,0.0,0.0
5e-05,upper clip +5e-05,dist,46,0.48113957,0.0,0.0
5e-05,upper clip +5e-05,dist,47,0.48142353,0.0,0.0
5e-05,upper clip +5e-05,dist,48,0.48170823,0.0,0.0
5e-05,upper clip +5e-05,dist,49,0.48199338,0.0,0.0
5e-05,upper clip +5e-05,dist,50,0.4822787,0.0,0.0
5e-05,upper clip +5e-05,dist,51,0.48256394,0.0,0.0
5e-05,upper clip +5e-05,dist,52,0.4828489,0.0,0.0
5e-05,upper clip +5e-05,dist,53,0.48313335,0.0,0.0
5e-05,upper clip +5e-05,dist,54,0.48341706,0.0,0.0
5e-05,upper clip +5e-05,dist,55,0.48369986,0.0,0.0
5e-05,upper clip +5e-05,dist,56,0.48398158,0.0,0.0
5e-05,upper clip +5e-05,dist,57,0.48426205,0.0,0.0
5e-05,upper clip +5e-05,dist,58,0.4845411,0.0,0.0
5e-05,upper clip +5e-05,dist,59,0.48481858,0.0,0.0
5e-05,upper clip +5e-05,dist,60,0.48509434,0.0,0.0
5e-05,upper clip +5e-05,dist,61,0.4853683,0.0,0.0
5e-05,upper clip +5e-05,dist,62,0.48564038,0.0,0.0
5e-05,upper clip +5e-05,dist,63,0.4859104,0.0,0.0
5e-05,upper clip +5e-05,dist,64,0.48617825,0.0,0.0
5e-05,upper clip +5e-05,dist,65,0.48644388,0.0,0.0
5e-05,upper clip +5e-05,dist,66,0.48670718,0.0,0.0
5e-05,upper clip +5e-05,dist,67,0.48696813,0.0,0.0
5e-05,upper clip +5e-05,dist,68,0.48722658,0.0,0.0
5e-05,upper clip +5e-05,dist,69,0.4874825,0.0,0.0
5e-05,upper clip +5e-05,dist,70,0.48773587,0.0,0.0
5e-05,upper clip +5e-05,dist,71,0.48798656,0.0,0.0
5e-05,upper clip +5e-05,dist,72,0.48823458,0.0,0.0
5e-05,upper clip +5e-05,dist,73,0.4884799,0.0,0.0
5e-05,upper clip +5e-05,dist,74,0.4887224,0.0,0.0
5e-05,upper clip +5e-05,dist,75,0.48896217,0.0,0.0
5e-05,upper clip +5e-05,dist,76,0.4891991,0.0,0.0
5e-05,upper clip +5e-05,dist,77,0.48943317,0.0,0.0
5e-05,upper clip +5e-05,dist,78,0.48966438,0.0,0.0
5e-05,upper clip +5e-05,dist,79,0.48989266,0.0,0.0
5e-05,upper clip +5e-05,dist,80,0.4901181,0.0,0.0
5e-05,upper clip +5e-05,dist,81,0.49034056,0.0,0.0
5e-05,upper clip +5e-05,dist,82,0.49056014,0.0,0.0
5e-05,upper clip +5e-05,dist,83,0.49077684,0.0,0.0
5e-05,upper clip +5e-05,dist,84,0.49099055,0.0,0.0
5e-05,upper clip +5e-05,dist,85,0.49120134,0.0,0.0
5e-05,upper clip +5e-05,dist,86,0.49140927,0.0,0.0
5e-05,upper clip +5e-05,dist,87,0.49161422,0.0,0.0
5e-05,upper clip +5e-05,dist,88,0.4918163,0.0,0.0
5e-05,upper clip +5e-05,dist,89,0.4920155,0.0,0.0
5e-05,upper clip +5e-05,dist,90,0.4922118,0.0,0.0
5e-05,upper clip +5e-05,dist,91,0.4924052,0.0,0.0
5e-05,upper clip +5e-05,dist,92,0.49259576,0.0,0.0
5e-05,upper clip +5e-05,dist,93,0.49278352,0.0,0.0
5e-05,upper clip +5e-05,dist,94,0.4929684,0.0,0.0
5e-05,upper clip +5e-05,dist,95,0.4931505,0.0,0.0
5e-05,upper clip +5e-05,dist,96,0.4933298,0.0,0.0
5e-05,upper clip +5e-05,dist,97,0.4933259,0.0,0.0
5e-05,upper clip +5e-05,dist,98,0.493322,0.0,0.0
5e-05,upper clip +5e-05,dist,99,0.4933181,0.0,0.0
5e-05,upper clip +5e-05,dist,100,0.4933142,0.0,0.0
5e-05,upper clip +5e-05,dist,101,0.4933103,0.0,0.0
5e-05,upper clip +5e-05,dist,102,0.49330643,0.0,0.0
5e-05,upper clip +5e-05,dist,103,0.49330255,0.0,0.0
5e-05,upper clip +5e-05,dist,104,0.49329865,0.0,0.0
5e-05,upper clip +5e-05,dist,105,0.49329475,0.0,0.0
5e-05,upper clip +5e-05,dist,106,0.4932909,0.0,0.0
5e-05,upper clip +5e-05,dist,107,0.49328703,0.0,0.0
5e-05,upper clip +5e-05,dist,108,0.49328315,0.0,0.0
5e-05,upper clip +5e-05,dist,109,0.49327928,0.0,0.0
5e-05,upper clip +5e-05,dist,110,0.49327543,0.0,0.0
5e-05,upper clip +5e-05,dist,111,0.49327156,0.0,0.0
5e-05,upper clip +5e-05,dist,112,0.49326771,0.0,0.0
5e-05,upper clip +5e-05,dist,113,0.49326384,0.0,0.0
5e-05,upper clip +5e-05,dist,114,0.49326,0.0,0.0
5e-05,upper clip +5e-05,dist,115,0.49325612,0.0,0.0
5e-05,upper clip +5e-05,dist,116,0.4932523,0.0,0.0
5e-05,upper clip +5e-05,dist,117,0.49324843,0.0,0.0
5e-05,upper clip +5e-05,dist,118,0.49324462,0.0,0.0
5e-05,upper clip +5e-05,dist,119,0.49324077,0.0,0.0
5e-05,upper clip +5e-05,dist,120,0.49323693,0.0,0.0
5e-05,upper clip +5e-05,dist,121,0.4932331,0.0,0.0
5e-05,upper clip +5e-05,dist,122,0.49322927,0.0,0.0
5e-05,upper clip +5e-05,dist,123,0.49322543,0.0,0.0
5e-05,upper clip +5e-05,dist,124,0.4932216,0.0,0.0
5e-05,upper clip +5e-05,dist,125,0.4932178,0.0,0.0
5e-05,upper clip +5e-05,dist,126,0.49321398,0.0,0.0
5e-05,upper clip +5e-05,dist,127,0.49321017,0.0,0.0
5e-05,upper clip +5e-05,dist,128,0.49320632,0.0,0.0
5e-05,upper clip +5e-05,dist,129,0.49320254,0.0,0.0
5e-05,upper clip +5e-05,dist,130,0.49319872,0.0,0.0
5e-05,upper clip +5e-05,dist,131,0.4931949,0.0,0.0
5e-05,upper clip +5e-05,dist,132,0.49319112,0.0,0.0
5e-05,upper clip +5e-05,dist,133,0.49318734,0.0,0.0
5e-05,upper clip +5e-05,dist,134,0.49318352,0.0,0.0
5e-05,upper clip +5e-05,dist,135,0.49317974,0.0,0.0
5e-05,upper clip +5e-05,dist,136,0.49317592,0.0,0.0
5e-05,upper clip +5e-05,dist,137,0.49317217,0.0,0.0
5e-05,upper clip +5e-05,dist,138,0.49316838,0.0,0.0
5e-05,upper clip +5e-05,dist,139,0.4931646,0.0,0.0
5e-05,upper clip +5e-05,dist,140,0.49316084,0.0,0.0
5e-05,upper clip +5e-05,dist,141,0.49315706,0.0,0.0
5e-05,upper clip +5e-05,dist,142,0.4931533,0.0,0.0
5e-05,upper clip +5e-05,dist,143,0.4931495,0.0,0.0
5e-05,upper clip +5e-05,dist,144,0.49314573,0.0,0.0
5e-05,upper clip +5e-05,dist,145,0.49332654,0.0,0.0
5e-05,upper clip +5e-05,dist,146,0.49350443,0.0,0.0
5e-05,upper clip +5e-05,dist,147,0.49367958,0.0,0.0
5e-05,upper clip +5e-05,dist,148,0.4938519,0.0,0.0
5e-05,upper clip +5e-05,dist,149,0.49402145,0.0,0.0
5e-05,upper clip +5e-05,dist,150,0.49418825,0.0,0.0
5e-05,upper clip +5e-05,dist,151,0.49435234,0.0,0.0
5e-05,upper clip +5e-05,dist,152,0.49451375,0.0,0.0
5e-05,upper clip +5e-05,dist,153,0.4946725,0.0,0.0
5e-05,upper clip +5e-05,dist,154,0.49482858,0.0,0.0
5e-05,upper clip +5e-05,dist,155,0.49498212,0.0,0.0
5e-05,upper clip +5e-05,dist,156,0.4951331,0.0,0.0
5e-05,upper clip +5e-05,dist,157,0.49528152,0.0,0.0
5e-05,upper clip +5e-05,dist,158,0.49542746,0.0,0.0
5e-05,upper clip +5e-05,dist,159,0.4955709,0.0,0.0
5e-05,upper clip +5e-05,dist,160,0.49571192,0.0,0.0
5e-05,upper clip +5e-05,dist,161,0.4958505,0.0,0.0
5e-05,upper clip +5e-05,dist,162,0.49598676,0.0,0.0
5e-05,upper clip +5e-05,dist,163,0.49612063,0.0,0.0
5e-05,upper clip +5e-05,dist,164,0.4962522,0.0,0.0
5e-05,upper clip +5e-05,dist,165,0.4963815,0.0,0.0
5e-05,upper clip +5e-05,dist,166,0.4965085,0.0,0.0
5e-05,upper clip +5e-05,dist,167,0.49663335,0.0,0.0
5e-05,upper clip +5e-05,dist,168,0.49675596,0.0,0.0
5e-05,upper clip +5e-05,dist,169,0.49687645,0.0,0.0
5e-05,upper clip +5e-05,dist,170,0.49699476,0.0,0.0
5e-05,upper clip +5e-05,dist,171,0.49711105,0.0,0.0
5e-05,upper clip +5e-05,dist,172,0.49722525,0.0,0.0
5e-05,upper clip +5e-05,dist,173,0.49733737,0.0,0.0
5e-05,upper clip +5e-05,dist,174,0.49744752,0.0,0.0
5e-05,upper clip +5e-05,dist,175,0.4975557,0.0,0.0
5e-05,upper clip +5e-05,dist,176,0.49766195,0.0,0.0
5e-05,upper clip +5e-05,dist,177,0.4977663,0.0,0.0
5e-05,upper clip +5e-05,dist,178,0.4978687,0.0,0.0
5e-05,upper clip +5e-05,dist,179,0.49796933,0.0,0.0
5e-05,upper clip +5e-05,dist,180,0.4980681,0.0,0.0
5e-05,upper clip +5e-05,dist,181,0.49816507,0.0,0.0
5e-05,upper clip +5e-05,dist,182,0.49826023,0.0,0.0
5e-05,upper clip +5e-05,dist,183,0.49835372,0.0,0.0
5e-05,upper clip +5e-05,dist,184,0.49844548,0.0,0.0
5e-05,upper clip +5e-05,dist,185,0.49853557,0.0,0.0
5e-05,upper clip +5e-05,dist,186,0.49862397,0.0,0.0
5e-05,upper clip +5e-05,dist,187,0.49871078,0.0,0.0
5e-05,upper clip +5e-05,dist,188,0.498796,0.0,0.0
5e-05,upper clip +5e-05,dist,189,0.4988796,0.0,0.0
5e-05,upper clip +5e-05,dist,190,0.4989617,0.0,0.0
5e-05,upper clip +5e-05,dist,191,0.4990422,0.0,0.0
5e-05,upper clip +5e-05,dist,192,0.4991213,0.0,0.0
5e-05,upper clip +5e-05,dist,193,0.49919888,0.0,0.0
5e-05,upper clip +5e-05,dist,194,0.499275,0.0,0.0
5e-05,upper clip +5e-05,dist,195,0.49934974,0.0,0.0
5e-05,upper clip +5e-05,dist,196,0.49942306,0.0,0.0
5e-05,upper clip +5e-05,dist,197,0.499495,0.0,0.0
5e-05,upper clip +5e-05,dist,198,0.49956563,0.0,0.0
5e-05,upper clip +5e-05,dist,199,0.49963492,0.0,0.0
5e-05,upper clip +5e-05,dist,200,0.4997029,0.0,0.0
5e-05,upper clip +5e-05,dist,201,0.49976957,0.0,0.0
5e-05,upper clip +5e-05,dist,202,0.499835,0.0,0.0
5e-05,upper clip +5e-05,dist,203,0.49989924,0.0,0.0
5e-05,upper clip +5e-05,dist,204,0.4999622,0.0,0.0
5e-05,upper clip +5e-05,dist,205,0.50002396,0.0,0.0
5e-05,upper clip +5e-05,dist,206,0.50008464,0.0,0.0
5e-05,upper clip +5e-05,dist,207,0.5001441,0.0,0.0
5e-05,upper clip +5e-05,dist,208,0.5002025,0.0,0.0
5e-05,upper clip +5e-05,dist,209,0.5002597,0.0,0.0
5e-05,upper clip +5e-05,dist,210,0.50031585,0.0,0.0
5e-05,upper clip +5e-05,dist,211,0.5003709,0.0,0.0
5e-05,upper clip +5e-05,dist,212,0.5004249,0.0,0.0
5e-05,upper clip +5e-05,dist,213,0.5004779,0.0,0.0
5e-05,upper clip +5e-05,dist,214,0.50052994,0.0,0.0
5e-05,upper clip +5e-05,dist,215,0.5005809,0.0,0.0
5e-05,upper clip +5e-05,dist,216,0.5006309,0.0,0.0
5e-05,upper clip +5e-05,dist,217,0.50067997,0.0,0.0
5e-05,upper clip +5e-05,dist,218,0.50072813,0.0,0.0
5e-05,upper clip +5e-05,dist,219,0.5007753,0.0,0.0
5e-05,upper clip +5e-05,dist,220,0.5008216,0.0,0.0
5e-05,upper clip +5e-05,dist,221,0.50086695,0.0,0.0
5e-05,upper clip +5e-05,dist,222,0.5009115,0.0,0.0
5e-05,upper clip +5e-05,dist,223,0.5009551,0.0,0.0
5e-05,upper clip +5e-05,dist,224,0.50099796,0.0,0.0
5e-05,upper clip +5e-05,dist,225,0.5010399,0.0,0.0
5e-05,upper clip +5e-05,dist,226,0.5010811,0.0,0.0
5e-05,upper clip +5e-05,dist,227,0.5011215,0.0,0.0
5e-05,upper clip +5e-05,dist,228,0.5011611,0.0,0.0
5e-05,upper clip +5e-05,dist,229,0.5011999,0.0,0.0
5e-05,upper clip +5e-05,dist,230,0.50123805,0.0,0.0
5e-05,upper clip +5e-05,dist,231,0.50127536,0.0,0.0
5e-05,upper clip +5e-05,dist,232,0.501312,0.0,0.0
5e-05,upper clip +5e-05,dist,233,0.50134796,0.0,0.0
5e-05,upper clip +5e-05,dist,234,0.5013831,0.0,0.0
5e-05,upper clip +5e-05,dist,235,0.50141764,0.0,0.0
5e-05,upper clip +5e-05,dist,236,0.5014515,0.0,0.0
5e-05,upper clip +5e-05,dist,237,0.5014847,0.0,0.0
5e-05,upper clip +5e-05,dist,238,0.50151724,0.0,0.0
5e-05,upper clip +5e-05,dist,239,0.5015492,0.0,0.0
5e-05,upper clip +5e-05,dist,240,0.5015805,0.0,0.0
5e-05,upper clip +5e-05,dist,241,0.50158,0.0,0.0
5e-05,upper clip +5e-05,dist,242,0.5015795,0.0,0.0
5e-05,upper clip +5e-05,dist,243,0.5015791,0.0,0.0
5e-05,upper clip +5e-05,dist,244,0.50157857,0.0,0.0
5e-05,upper clip +5e-05,dist,245,0.50157815,0.0,0.0
5e-05,upper clip +5e-05,dist,246,0.5015777,0.0,0.0
5e-05,upper clip +5e-05,dist,247,0.5015772,0.0,0.0
5e-05,upper clip +5e-05,dist,248,0.5015767,0.0,0.0
5e-05,upper clip +5e-05,dist,249,0.5015763,0.0,0.0
5e-05,upper clip +5e-05,dist,250,0.5015758,0.0,0.0
5e-05,upper clip +5e-05,dist,251,0.50157535,0.0,0.0
5e-05,upper clip +5e-05,dist,252,0.5015749,0.0,0.0
5e-05,upper clip +5e-05,dist,253,0.5015744,0.0,0.0
5e-05,upper clip +5e-05,dist,254,0.5015739,0.0,0.0
5e-05,upper clip +5e-05,dist,255,0.50157344,0.0,0.0
5e-05,upper clip +5e-05,dist,256,0.501573,0.0,0.0
5e-05,upper clip +5e-05,dist,257,0.5015726,0.0,0.0
5e-05,upper clip +5e-05,dist,258,0.5015721,0.0,0.0
5e-05,upper clip +5e-05,dist,259,0.50157166,0.0,0.0
5e-05,upper clip +5e-05,dist,260,0.5015712,0.0,0.0
5e-05,upper clip +5e-05,dist,261,0.50157076,0.0,0.0
5e-05,upper clip +5e-05,dist,262,0.5015703,0.0,0.0
5e-05,upper clip +5e-05,dist,263,0.5015698,0.0,0.0
5e-05,upper clip +5e-05,dist,264,0.50156933,0.0,0.0
5e-05,upper clip +5e-05,dist,265,0.50156885,0.0,0.0
5e-05,upper clip +5e-05,dist,266,0.50156844,0.0,0.0
5e-05,upper clip +5e-05,dist,267,0.50156796,0.0,0.0
5e-05,upper clip +5e-05,dist,268,0.5015675,0.0,0.0
5e-05,upper clip +5e-05,dist,269,0.50156707,0.0,0.0
5e-05,upper clip +5e-05,dist,270,0.5015666,0.0,0.0
5e-05,upper clip +5e-05,dist,271,0.5015661,0.0,0.0
5e-05,upper clip +5e-05,dist,272,0.50156564,0.0,0.0
5e-05,upper clip +5e-05,dist,273,0.5015652,0.0,0.0
5e-05,upper clip +5e-05,dist,274,0.50156474,0.0,0.0
5e-05,upper clip +5e-05,dist,275,0.50156426,0.0,0.0
5e-05,upper clip +5e-05,dist,276,0.5015638,0.0,0.0
5e-05,upper clip +5e-05,dist,277,0.5015634,0.0,0.0
5e-05,upper clip +5e-05,dist,278,0.5015629,0.0,0.0
5e-05,upper clip +5e-05,dist,279,0.5015625,0.0,0.0
5e-05,upper clip +5e-05,dist,280,0.501562,0.0,0.0
5e-05,upper clip +5e-05,dist,281,0.5015616,0.0,0.0
5e-05,upper clip +5e-05,dist,282,0.5015611,0.0,0.0
5e-05,upper clip +5e-05,dist,283,0.5015606,0.0,0.0
5e-05,upper clip +5e-05,dist,284,0.50156015,0.0,0.0
5e-05,upper clip +5e-05,dist,285,0.50155973,0.0,0.0
5e-05,upper clip +5e-05,dist,286,0.50155926,0.0,0.0
5e-05,upper clip +5e-05,dist,287,0.5015588,0.0,0.0
5e-05,upper clip +5e-05,dist,288,0.50155836,0.0,0.0
5e-05,upper clip +5e-05,dist,289,0.50158954,0.0,0.0
5e-05,upper clip +5e-05,dist,290,0.50162005,0.0,0.0
5e-05,upper clip +5e-05,dist,291,0.50165,0.0,0.0
5e-05,upper clip +5e-05,dist,292,0.50167936,0.0,0.0
5e-05,upper clip +5e-05,dist,293,0.5017081,0.0,0.0
5e-05,upper clip +5e-05,dist,294,0.50173634,0.0,0.0
5e-05,upper clip +5e-05,dist,295,0.501764,0.0,0.0
5e-05,upper clip +5e-05,dist,296,0.5017911,0.0,0.0
5e-05,upper clip +5e-05,dist,297,0.5018177,0.0,0.0
5e-05,upper clip +5e-05,dist,298,0.50184375,0.0,0.0
5e-05,upper clip +5e-05,dist,299,0.50186926,0.0,0.0
5e-05,upper clip +5e-05,dist,300,0.50189435,0.0,0.0
5e-05,upper clip +5e-05,dist,301,0.5019189,0.0,0.0
5e-05,upper clip +5e-05,dist,302,0.501943,0.0,0.0
5e-05,upper clip +5e-05,dist,303,0.5019666,0.0,0.0
5e-05,upper clip +5e-05,dist,304,0.5019898,0.0,0.0
5e-05,upper clip +5e-05,dist,305,0.50201243,0.0,0.0
5e-05,upper clip +5e-05,dist,306,0.5020347,0.0,0.0
5e-05,upper clip +5e-05,dist,307,0.5020565,0.0,0.0
5e-05,upper clip +5e-05,dist,308,0.5020779,0.0,0.0
5e-05,upper clip +5e-05,dist,309,0.50209886,0.0,0.0
5e-05,upper clip +5e-05,dist,310,0.50211936,0.0,0.0
5e-05,upper clip +5e-05,dist,311,0.5021395,0.0,0.0
5e-05,upper clip +5e-05,dist,312,0.50215924,0.0,0.0
5e-05,upper clip +5e-05,dist,313,0.50217855,0.0,0.0
5e-05,upper clip +5e-05,dist,314,0.50219756,0.0,0.0
5e-05,upper clip +5e-05,dist,315,0.50221616,0.0,0.0
5e-05,upper clip +5e-05,dist,316,0.50223434,0.0,0.0
5e-05,upper clip +5e-05,dist,317,0.5022523,0.0,0.0
5e-05,upper clip +5e-05,dist,318,0.5022698,0.0,0.0
5e-05,upper clip +5e-05,dist,319,0.5022869,0.0,0.0
5e-05,upper clip +5e-05,dist,320,0.5023038,0.0,0.0
5e-05,upper clip +5e-05,dist,321,0.5023203,0.0,0.0
5e-05,upper clip +5e-05,dist,322,0.50233644,0.0,0.0
5e-05,upper clip +5e-05,dist,323,0.5023523,0.0,0.0
5e-05,upper clip +5e-05,dist,324,0.50236785,0.0,0.0
5e-05,upper clip +5e-05,dist,325,0.50238305,0.0,0.0
5e-05,upper clip +5e-05,dist,326,0.502398,0.0,0.0
5e-05,upper clip +5e-05,dist,327,0.5024126,0.0,0.0
5e-05,upper clip +5e-05,dist,328,0.502427,0.0,0.0
5e-05,upper clip +5e-05,dist,329,0.50244105,0.0,0.0
5e-05,upper clip +5e-05,dist,330,0.5024548,0.0,0.0
5e-05,upper clip +5e-05,dist,331,0.50246835,0.0,0.0
5e-05,upper clip +5e-05,dist,332,0.5024816,0.0,0.0
5e-05,upper clip +5e-05,dist,333,0.5024946,0.0,0.0
5e-05,upper clip +5e-05,dist,334,0.5025073,0.0,0.0
5e-05,upper clip +5e-05,dist,335,0.5025197,0.0,0.0
5e-05,upper clip +5e-05,dist,336,0.50253195,0.0,0.0
5e-05,upper clip +5e-05,dist,337,0.5025439,0.0,0.0
5e-05,upper clip +5e-05,dist,338,0.50255567,0.0,0.0
5e-05,upper clip +5e-05,dist,339,0.50256723,0.0,0.0
5e-05,upper clip +5e-05,dist,340,0.5025785,0.0,0.0
5e-05,upper clip +5e-05,dist,341,0.5025895,0.0,0.0
5e-05,upper clip +5e-05,dist,342,0.50260043,0.0,0.0
5e-05,upper clip +5e-05,dist,343,0.50261104,0.0,0.0
5e-05,upper clip +5e-05,dist,344,0.5026215,0.0,0.0
5e-05,upper clip +5e-05,dist,345,0.50263166,0.0,0.0
5e-05,upper clip +5e-05,dist,346,0.5026417,0.0,0.0
5e-05,upper clip +5e-05,dist,347,0.50265145,0.0,0.0
5e-05,upper clip +5e-05,dist,348,0.5026611,0.0,0.0
5e-05,upper clip +5e-05,dist,349,0.50267047,0.0,0.0
5e-05,upper clip +5e-05,dist,350,0.50267977,0.0,0.0
5e-05,upper clip +5e-05,dist,351,0.5026888,0.0,0.0
5e-05,upper clip +5e-05,dist,352,0.50269765,0.0,0.0
5e-05,upper clip +5e-05,dist,353,0.50270635,0.0,0.0
5e-05,upper clip +5e-05,dist,354,0.5027149,0.0,0.0
5e-05,upper clip +5e-05,dist,355,0.5027233,0.0,0.0
5e-05,upper clip +5e-05,dist,356,0.50273144,0.0,0.0
5e-05,upper clip +5e-05,dist,357,0.5027394,0.0,0.0
5e-05,upper clip +5e-05,dist,358,0.5027473,0.0,0.0
5e-05,upper clip +5e-05,dist,359,0.50275505,0.0,0.0
5e-05,upper clip +5e-05,dist,360,0.50276256,0.0,0.0
5e-05,upper clip +5e-05,dist,361,0.50276995,0.0,0.0
5e-05,upper clip +5e-05,dist,362,0.5027772,0.0,0.0
5e-05,upper clip +5e-05,dist,363,0.5027843,0.0,0.0
5e-05,upper clip +5e-05,dist,364,0.5027913,0.0,0.0
5e-05,upper clip +5e-05,dist,365,0.50279814,0.0,0.0
5e-05,upper clip +5e-05,dist,366,0.5028048,0.0,0.0
5e-05,upper clip +5e-05,dist,367,0.5028114,0.0,0.0
5e-05,upper clip +5e-05,dist,368,0.5028178,0.0,0.0
5e-05,upper clip +5e-05,dist,369,0.5028241,0.0,0.0
5e-05,upper clip +5e-05,dist,370,0.5028303,0.0,0.0
5e-05,upper clip +5e-05,dist,371,0.50283635,0.0,0.0
5e-05,upper clip +5e-05,dist,372,0.50284225,0.0,0.0
5e-05,upper clip +5e-05,dist,373,0.50284815,0.0,0.0
5e-05,upper clip +5e-05,dist,374,0.5028538,0.0,0.0
5e-05,upper clip +5e-05,dist,375,0.5028594,0.0,0.0
5e-05,upper clip +5e-05,dist,376,0.5028649,0.0,0.0
5e-05,upper clip +5e-05,dist,377,0.50287026,0.0,0.0
5e-05,upper clip +5e-05,dist,378,0.5028755,0.0,0.0
5e-05,upper clip +5e-05,dist,379,0.5028807,0.0,0.0
5e-05,upper clip +5e-05,dist,380,0.5028857,0.0,0.0
5e-05,upper clip +5e-05,dist,381,0.50289065,0.0,0.0
5e-05,upper clip +5e-05,dist,382,0.50289553,0.0,0.0
5e-05,upper clip +5e-05,dist,383,0.5029003,0.0,0.0
5e-05,upper clip +5e-05,dist,384,0.5029049,0.0,0.0
5e-05,upper clip +5e-05,dist,385,0.50290483,0.0,0.0
5e-05,upper clip +5e-05,dist,386,0.50290483,0.0,0.0
5e-05,upper clip +5e-05,dist,387,0.5029047,0.0,0.0
5e-05,upper clip +5e-05,dist,388,0.50290465,0.0,0.0
5e-05,upper clip +5e-05,dist,389,0.5029046,0.0,0.0
5e-05,upper clip +5e-05,dist,390,0.50290453,0.0,0.0
5e-05,upper clip +5e-05,dist,391,0.5029045,0.0,0.0
5e-05,upper clip +5e-05,dist,392,0.5029044,0.0,0.0
5e-05,upper clip +5e-05,dist,393,0.50290436,0.0,0.0
5e-05,upper clip +5e-05,dist,394,0.5029043,0.0,0.0
5e-05,upper clip +5e-05,dist,395,0.50290424,0.0,0.0
5e-05,upper clip +5e-05,dist,396,0.5029042,0.0,0.0
5e-05,upper clip +5e-05,dist,397,0.5029041,0.0,0.0
5e-05,upper clip +5e-05,dist,398,0.5029041,0.0,0.0
5e-05,upper clip +5e-05,dist,399,0.502904,0.0,0.0
5e-05,upper clip +5e-05,dist,400,0.50290394,0.0,0.0
5e-05,upper clip +5e-05,dist,401,0.5029039,0.0,0.0
5e-05,upper clip +5e-05,dist,402,0.5029038,0.0,0.0
5e-05,upper clip +5e-05,dist,403,0.50290376,0.0,0.0
5e-05,upper clip +5e-05,dist,404,0.5029037,0.0,0.0
5e-05,upper clip +5e-05,dist,405,0.50290364,0.0,0.0
5e-05,upper clip +5e-05,dist,406,0.5029036,0.0,0.0
5e-05,upper clip +5e-05,dist,407,0.5029035,0.0,0.0
5e-05,upper clip +5e-05,dist,408,0.50290346,0.0,0.0
5e-05,upper clip +5e-05,dist,409,0.5029034,0.0,0.0
5e-05,upper clip +5e-05,dist,410,0.50290334,0.0,0.0
5e-05,upper clip +5e-05,dist,411,0.5029033,0.0,0.0
5e-05,upper clip +5e-05,dist,412,0.50290316,0.0,0.0
5e-05,upper clip +5e-05,dist,413,0.50290316,0.0,0.0
5e-05,upper clip +5e-05,dist,414,0.50290304,0.0,0.0
5e-05,upper clip +5e-05,dist,415,0.50290304,0.0,0.0
5e-05,upper clip +5e-05,dist,416,0.502903,0.0,0.0
5e-05,upper clip +5e-05,dist,417,0.50290287,0.0,0.0
5e-05,upper clip +5e-05,dist,418,0.5029028,0.0,0.0
5e-05,upper clip +5e-05,dist,419,0.50290275,0.0,0.0
5e-05,upper clip +5e-05,dist,420,0.5029027,0.0,0.0
5e-05,upper clip +5e-05,dist,421,0.5029026,0.0,0.0
5e-05,upper clip +5e-05,dist,422,0.50290257,0.0,0.0
5e-05,upper clip +5e-05,dist,423,0.5029025,0.0,0.0
5e-05,upper clip +5e-05,dist,424,0.50290245,0.0,0.0
5e-05,upper clip +5e-05,dist,425,0.5029024,0.0,0.0
5e-05,upper clip +5e-05,dist,426,0.5029023,0.0,0.0
5e-05,upper clip +5e-05,dist,427,0.50290227,0.0,0.0
5e-05,upper clip +5e-05,dist,428,0.5029022,0.0,0.0
5e-05,upper clip +5e-05,dist,429,0.50290215,0.0,0.0
5e-05,upper clip +5e-05,dist,430,0.5029021,0.0,0.0
5e-05,upper clip +5e-05,dist,431,0.50290203,0.0,0.0
-5e-05,lower clip -5e-05,signed,0,-0.08173164,0.0,0.0
-5e-05,lower clip -5e-05,signed,1,-0.0817567,0.0,0.0
-5e-05,lower clip -5e-05,signed,2,-0.08178125,0.0,0.0
-5e-05,lower clip -5e-05,signed,3,-0.08180532,0.0,0.0
-5e-05,lower clip -5e-05,signed,4,-0.0818289,0.0,0.0
-5e-05,lower clip -5e-05,signed,5,-0.08185201,0.0,0.0
-5e-05,lower clip -5e-05,signed,6,-0.08187465,0.0,0.0
-5e-05,lower clip -5e-05,signed,7,-0.08189685,0.0,0.0
-5e-05,lower clip -5e-05,signed,8,-0.081918605,0.0,0.0
-5e-05,lower clip -5e-05,signed,9,-0.08193991,0.0,0.0
-5e-05,lower clip -5e-05,signed,10,-0.081960805,0.0,0.0
-5e-05,lower clip -5e-05,signed,11,-0.08198128,0.0,0.0
-5e-05,lower clip -5e-05,signed,12,-0.082001336,0.0,0.0
-5e-05,lower clip -5e-05,signed,13,-0.082021005,0.0,0.0
-5e-05,lower clip -5e-05,signed,14,-0.02744562,0.0,0.0
-5e-05,lower clip -5e-05,signed,15,0.0,0.0,0.0
-5e-05,lower clip -5e-05,signed,16,0.0,0.0,0.0
-5e-05,lower clip -5e-05,signed,17,0.0,0.0,0.0
-5e-05,lower clip -5e-05,signed,18,0.0,0.0,0.0
-5e-05,lower clip -5e-05,signed,19,0.0,0.0,0.0
-5e-05,lower clip -5e-05,signed,20,0.0,0.0,0.0
-5e-05,lower clip -5e-05,signed,21,0.0,0.0,0.0
-5e-05,lower clip -5e-05,signed,22,0.0,0.0,0.0
-5e-05,lower clip -5e-05,signed,23,0.0,0.0,0.0
-5e-05,lower clip -5e-05,signed,24,0.0,0.0,0.0
-5e-05,lower clip -5e-05,signed,25,0.0,0.0,0.0
-5e-05,lower clip -5e-05,signed,26,0.0,0.0,0.0
-5e-05,lower clip -5e-05,signed,27,0.0,0.0,0.0
-5e-05,lower clip -5e-05,signed,28,0.0,0.0,0.0
-5e-05,lower clip -5e-05,signed,29,0.0,0.0,0.0
-5e-05,lower clip -5e-05,signed,30,0.0,0.0,0.0
-5e-05,lower clip -5e-05,signed,31,-0.0014156451,0.0,0.0
-5e-05,lower clip -5e-05,signed,32,0.0,0.0,0.0
-5e-05,lower clip -5e-05,signed,33,-0.00477387,0.0,0.0
-5e-05,lower clip -5e-05,signed,34,-0.0034879197,0.0,0.0
-5e-05,lower clip -5e-05,signed,35,-0.0050848275,0.0,0.0
-5e-05,lower clip -5e-05,signed,36,-0.0066497973,0.0,0.0
-5e-05,lower clip -5e-05,signed,37,-0.008183469,0.0,0.0
-5e-05,lower clip -5e-05,signed,38,-0.009686465,0.0,0.0
-5e-05,lower clip -5e-05,signed,39,-0.0111594,0.0,0.0
-5e-05,lower clip -5e-05,signed,40,-0.015460025,0.0,0.0
-5e-05,lower clip -5e-05,signed,41,-0.01681749,0.0,0.0
-5e-05,lower clip -5e-05,signed,42,-0.015290663,0.0,0.0
-5e-05,lower clip -5e-05,signed,43,-0.01950866,0.0,0.0
-5e-05,lower clip -5e-05,signed,44,-0.020785153,0.0,0.0
-5e-05,lower clip -5e-05,signed,45,-0.022036115,0.0,0.0
-5e-05,lower clip -5e-05,signed,46,-0.02326206,0.0,0.0
-5e-05,lower clip -5e-05,signed,47,-0.024463484,0.0,0.0
-5e-05,lower clip -5e-05,signed,48,0.0,0.0,0.0
-5e-05,lower clip -5e-05,signed,49,0.009776711,0.0,0.0
-5e-05,lower clip -5e-05,signed,50,0.052200228,0.0,0.0
-5e-05,lower clip -5e-05,signed,51,0.013235539,0.0,0.0
-5e-05,lower clip -5e-05,signed,52,0.018627912,0.0,0.0
-5e-05,lower clip -5e-05,signed,53,0.049004227,0.0,0.0
-5e-05,lower clip -5e-05,signed,54,0.023856997,0.0,0.0
-5e-05,lower clip -5e-05,signed,55,0.027662903,0.0,0.0
-5e-05,lower clip -5e-05,signed,56,0.04448842,0.0,0.0
-5e-05,lower clip -5e-05,signed,57,0.030511588,0.0,0.0
-5e-05,lower clip -5e-05,signed,58,0.02971513,0.0,0.0
-5e-05,lower clip -5e-05,signed,59,0.032286573,0.0,0.0
-5e-05,lower clip -5e-05,signed,60,0.029219985,0.0,0.0
-5e-05,lower clip -5e-05,signed,61,0.02509741,0.0,0.0
-5e-05,lower clip -5e-05,signed,62,0.024409244,0.0,0.0
-5e-05,lower clip -5e-05,signed,63,0.0215002,0.0,0.0
-5e-05,lower clip -5e-05,signed,64,0.015297383,0.0,0.0
-5e-05,lower clip -5e-05,signed,65,0.01257058,0.0,0.0
-5e-05,lower clip -5e-05,signed,66,0.011015634,0.0,0.0
-5e-05,lower clip -5e-05,signed,67,0.0050225058,0.0,0.0
-5e-05,lower clip -5e-05,signed,68,0.0013838807,0.0,0.0
-5e-05,lower clip -5e-05,signed,69,5.2660704e-05,0.0,0.0
-5e-05,lower clip -5e-05,signed,70,0.0,0.0,0.0
-5e-05,lower clip -5e-05,signed,71,0.0,0.0,0.0
-5e-05,lower clip -5e-05,signed,72,0.0,0.0,0.0
-5e-05,lower clip -5e-05,signed,73,0.0,0.0,0.0
-5e-05,lower clip -5e-05,signed,74,0.0,0.0,0.0
-5e-05,lower clip -5e-05,signed,75,0.0,0.0,0.0
-5e-05,lower clip -5e-05,signed,76,0.0,0.0,0.0
-5e-05,lower clip -5e-05,signed,77,0.0,0.0,0.0
-5e-05,lower clip -5e-05,signed,78,0.0,0.0,0.0
-5e-05,lower clip -5e-05,signed,79,0.0,0.0,0.0
-5e-05,lower clip -5e-05,signed,80,0.0,0.0,0.0
-5e-05,lower clip -5e-05,signed,81,0.0,0.0,0.0
-5e-05,lower clip -5e-05,signed,82,0.0,0.0,0.0
-5e-05,lower clip -5e-05,signed,83,0.0,0.0,0.0
-5e-05,lower clip -5e-05,signed,84,-0.003197844,0.0,0.0
-5e-05,lower clip -5e-05,signed,85,-0.004800553,0.0,0.0
-5e-05,lower clip -5e-05,signed,86,-0.0035140614,0.0,0.0
-5e-05,lower clip -5e-05,signed,87,-0.007967596,0.0,0.0
-5e-05,lower clip -5e-05,signed,88,-0.0066177696,0.0,0.0
-5e-05,lower clip -5e-05,signed,89,-0.008152078,0.0,0.0
-5e-05,lower clip -5e-05,signed,90,-0.009655704,0.0,0.0
-5e-05,lower clip -5e-05,signed,91,-0.011129255,0.0,0.0
-5e-05,lower clip -5e-05,signed,92,-0.012573336,0.0,0.0
-5e-05,lower clip -5e-05,signed,93,-0.01398854,0.0,0.0
-5e-05,lower clip -5e-05,signed,94,-0.015375435,0.0,0.0
-5e-05,lower clip -5e-05,signed,95,-0.01673459,0.0,0.0
-5e-05,lower clip -5e-05,signed,96,-0.018066565,0.0,0.0
-5e-05,lower clip -5e-05,signed,97,-0.018073091,0.0,0.0
-5e-05,lower clip -5e-05,signed,98,-0.018079618,0.0,0.0
-5e-05,lower clip -5e-05,signed,99,-0.015229002,0.0,0.0
-5e-05,lower clip -5e-05,signed,100,-0.015235807,0.0,0.0
-5e-05,lower clip -5e-05,signed,101,-0.012385473,0.0,0.0
-5e-05,lower clip -5e-05,signed,102,-0.01239257,0.0,0.0
-5e-05,lower clip -5e-05,signed,103,-0.012399663,0.0,0.0
-5e-05,lower clip -5e-05,signed,104,-0.012406756,0.0,0.0
-5e-05,lower clip -5e-05,signed,105,-0.012413849,0.0,0.0
-5e-05,lower clip -5e-05,signed,106,-0.009563804,0.0,0.0
-5e-05,lower clip -5e-05,signed,107,-0.00957118,0.0,0.0
-5e-05,lower clip -5e-05,signed,108,-0.009578556,0.0,0.0
-5e-05,lower clip -5e-05,signed,109,-0.009585932,0.0,0.0
-5e-05,lower clip -5e-05,signed,110,-0.009593308,0.0,0.0
-5e-05,lower clip -5e-05,signed,111,-0.009600679,0.0,0.0
-5e-05,lower clip -5e-05,signed,112,-0.009608055,0.0,0.0
-5e-05,lower clip -5e-05,signed,113,-0.006758278,0.0,0.0
-5e-05,lower clip -5e-05,signed,114,-0.006765937,0.0,0.0
-5e-05,lower clip -5e-05,signed,115,-0.006773591,0.0,0.0
-5e-05,lower clip -5e-05,signed,116,-0.0067812502,0.0,0.0
-5e-05,lower clip -5e-05,signed,117,-0.0067889043,0.0,0.0
-5e-05,lower clip -5e-05,signed,118,-0.006796559,0.0,0.0
-5e-05,lower clip -5e-05,signed,119,-0.003947074,0.0,0.0
-5e-05,lower clip -5e-05,signed,120,-0.0039550117,0.0,0.0
-5e-05,lower clip -5e-05,signed,121,-0.003962954,0.0,0.0
-5e-05,lower clip -5e-05,signed,122,-0.003970886,0.0,0.0
-5e-05,lower clip -5e-05,signed,123,-0.003978824,0.0,0.0
-5e-05,lower clip -5e-05,signed,124,-0.003986761,0.0,0.0
-5e-05,lower clip -5e-05,signed,125,-0.0039946935,0.0,0.0
-5e-05,lower clip -5e-05,signed,126,-0.0011454821,0.0,0.0
-5e-05,lower clip -5e-05,signed,127,-0.0011536976,0.0,0.0
-5e-05,lower clip -5e-05,signed,128,-0.001161918,0.0,0.0
-5e-05,lower clip -5e-05,signed,129,-0.0011701336,0.0,0.0
-5e-05,lower clip -5e-05,signed,130,-0.001178349,0.0,0.0
-5e-05,lower clip -5e-05,signed,131,-0.0011865646,0.0,0.0
-5e-05,lower clip -5e-05,signed,132,-0.0011947801,0.0,0.0
-5e-05,lower clip -5e-05,signed,133,-0.0012029955,0.0,0.0
-5e-05,lower clip -5e-05,signed,134,-0.0012112061,0.0,0.0
-5e-05,lower clip -5e-05,signed,135,-0.0012194216,0.0,0.0
-5e-05,lower clip -5e-05,signed,136,0.0,0.0,0.0
-5e-05,lower clip -5e-05,signed,137,0.0,0.0,0.0
-5e-05,lower clip -5e-05,signed,138,0.0,0.0,0.0
-5e-05,lower clip -5e-05,signed,139,0.0,0.0,0.0
-5e-05,lower clip -5e-05,signed,140,0.0,0.0,0.0
-5e-05,lower clip -5e-05,signed,141,0.0,0.0,0.0
-5e-05,lower clip -5e-05,signed,142,0.0,0.0,0.0
-5e-05,lower clip -5e-05,signed,143,0.0,0.0,0.0
-5e-05,lower clip -5e-05,signed,144,0.0,0.0,0.0
-5e-05,lower clip -5e-05,signed,145,-0.00013634066,0.0,0.0
-5e-05,lower clip -5e-05,signed,146,-0.0018002788,0.0,0.0
-5e-05,lower clip -5e-05,signed,147,0.0,0.0,0.0
-5e-05,lower clip -5e-05,signed,148,0.00022817652,0.0,0.0
-5e-05,lower clip -5e-05,signed,149,0.03427123,0.0,0.0
-5e-05,lower clip -5e-05,signed,150,0.013347715,0.0,0.0
-5e-05,lower clip -5e-05,signed,151,0.009985517,0.0,0.0
-5e-05,lower clip -5e-05,signed,152,0.00954771,0.0,0.0
-5e-05,lower clip -5e-05,signed,153,0.00033552447,0.0,0.0
-5e-05,lower clip -5e-05,signed,154,0.003494541,0.0,0.0
-5e-05,lower clip -5e-05,signed,155,0.025909215,0.0,0.0
-5e-05,lower clip -5e-05,signed,156,0.07775205,0.0,0.0
-5e-05,lower clip -5e-05,signed,157,0.15989046,0.0,0.0
-5e-05,lower clip -5e-05,signed,158,0.26348567,0.0,0.0
-5e-05,lower clip -5e-05,signed,159,0.34334973,0.0,0.0
-5e-05,lower clip -5e-05,signed,160,0.34677944,0.0,0.0
-5e-05,lower clip -5e-05,signed,161,0.31895962,0.0,0.0
-5e-05,lower clip -5e-05,signed,162,0.30743742,0.0,0.0
-5e-05,lower clip -5e-05,signed,163,0.2756575,0.0,0.0
-5e-05,lower clip -5e-05,signed,164,0.24694292,0.0,0.0
-5e-05,lower clip -5e-05,signed,165,0.25971222,0.0,0.0
-5e-05,lower clip -5e-05,signed,166,0.28130612,0.0,0.0
-5e-05,lower clip -5e-05,signed,167,0.3784375,0.0,0.0
-5e-05,lower clip -5e-05,signed,168,0.47506896,0.0,0.0
-5e-05,lower clip -5e-05,signed,169,0.43274355,0.0,0.0
-5e-05,lower clip -5e-05,signed,170,0.4269494,0.0,0.0
-5e-05,lower clip -5e-05,signed,171,0.4384314,0.0,0.0
-5e-05,lower clip -5e-05,signed,172,0.37998843,0.0,0.0
-5e-05,lower clip -5e-05,signed,173,0.36047664,0.0,0.0
-5e-05,lower clip -5e-05,signed,174,0.3771783,0.0,0.0
-5e-05,lower clip -5e-05,signed,175,0.3423239,0.0,0.0
-5e-05,lower clip -5e-05,signed,176,0.31679294,0.0,0.0
-5e-05,lower clip -5e-05,signed,177,0.3322674,0.0,0.0
-5e-05,lower clip -5e-05,signed,178,0.31153452,0.0,0.0
-5e-05,lower clip -5e-05,signed,179,0.2861245,0.0,0.0
-5e-05,lower clip -5e-05,signed,180,0.3290902,0.0,0.0
-5e-05,lower clip -5e-05,signed,181,0.40867758,0.0,0.0
-5e-05,lower clip -5e-05,signed,182,0.46620655,0.0,0.0
-5e-05,lower clip -5e-05,signed,183,0.5298316,0.0,0.0
-5e-05,lower clip -5e-05,signed,184,0.6186325,0.0,0.0
-5e-05,lower clip -5e-05,signed,185,0.67960864,0.0,0.0
-5e-05,lower clip -5e-05,signed,186,0.6456153,0.0,0.0
-5e-05,lower clip -5e-05,signed,187,0.63699794,0.0,0.0
-5e-05,lower clip -5e-05,signed,188,0.6244307,0.0,0.0
-5e-05,lower clip -5e-05,signed,189,0.61688143,0.0,0.0
-5e-05,lower clip -5e-05,signed,190,0.6784068,0.0,0.0
-5e-05,lower clip -5e-05,signed,191,0.838861,0.0,0.0
-5e-05,lower clip -5e-05,signed,192,0.8832119,0.0,0.0
-5e-05,lower clip -5e-05,signed,193,0.9520922,0.0,0.0
-5e-05,lower clip -5e-05,signed,194,1.0066075,0.0,0.0
-5e-05,lower clip -5e-05,signed,195,1.04574,0.0,0.0
-5e-05,lower clip -5e-05,signed,196,1.2022147,0.0,0.0
-5e-05,lower clip -5e-05,signed,197,1.3874735,0.0,0.0
-5e-05,lower clip -5e-05,signed,198,1.4462417,0.0,0.0
-5e-05,lower clip -5e-05,signed,199,1.4593233,0.0,0.0
-5e-05,lower clip -5e-05,signed,200,1.5102005,0.0,0.0
-5e-05,lower clip -5e-05,signed,201,1.6002307,0.0,0.0
-5e-05,lower clip -5e-05,signed,202,1.7280957,0.0,0.0
-5e-05,lower clip -5e-05,signed,203,1.8760371,0.0,0.0
-5e-05,lower clip -5e-05,signed,204,2.048458,0.0,0.0
-5e-05,lower clip -5e-05,signed,205,2.242386,0.0,0.0
-5e-05,lower clip -5e-05,signed,206,2.1735823,0.0,0.0
-5e-05,lower clip -5e-05,signed,207,2.2130089,0.0,0.0
-5e-05,lower clip -5e-05,signed,208,2.3401015,0.0,0.0
-5e-05,lower clip -5e-05,signed,209,2.4071634,0.0,0.0
-5e-05,lower clip -5e-05,signed,210,2.5720084,0.0,0.0
-5e-05,lower clip -5e-05,signed,211,2.8799477,0.0,0.0
-5e-05,lower clip -5e-05,signed,212,3.0098019,0.0,0.0
-5e-05,lower clip -5e-05,signed,213,3.1578798,0.0,0.0
-5e-05,lower clip -5e-05,signed,214,3.3433454,0.0,0.0
-5e-05,lower clip -5e-05,signed,215,3.4100072,0.0,0.0
-5e-05,lower clip -5e-05,signed,216,3.5451136,0.0,0.0
-5e-05,lower clip -5e-05,signed,217,3.7159376,0.0,0.0
-5e-05,lower clip -5e-05,signed,218,3.7846758,0.0,0.0
-5e-05,lower clip -5e-05,signed,219,3.9084225,0.0,0.0
-5e-05,lower clip -5e-05,signed,220,4.1259704,0.0,0.0
-5e-05,lower clip -5e-05,signed,221,4.349436,0.0,0.0
-5e-05,lower clip -5e-05,signed,222,4.491185,0.0,0.0
-5e-05,lower clip -5e-05,signed,223,4.514833,0.0,0.0
-5e-05,lower clip -5e-05,signed,224,4.5771794,0.0,0.0
-5e-05,lower clip -5e-05,signed,225,4.6626153,0.0,0.0
-5e-05,lower clip -5e-05,signed,226,4.8963966,0.0,0.0
-5e-05,lower clip -5e-05,signed,227,4.9087086,0.0,0.0
-5e-05,lower clip -5e-05,signed,228,4.9213843,0.0,0.0
-5e-05,lower clip -5e-05,signed,229,4.9285254,0.0,0.0
-5e-05,lower clip -5e-05,signed,230,4.9706388,0.0,0.0
-5e-05,lower clip -5e-05,signed,231,5.0227113,0.0,0.0
-5e-05,lower clip -5e-05,signed,232,5.0964293,0.0,0.0
-5e-05,lower clip -5e-05,signed,233,5.19689,0.0,0.0
-5e-05,lower clip -5e-05,signed,234,5.2452116,0.0,0.0
-5e-05,lower clip -5e-05,signed,235,5.231661,0.0,0.0
-5e-05,lower clip -5e-05,signed,236,5.184986,0.0,0.0
-5e-05,lower clip -5e-05,signed,237,5.0945296,0.0,0.0
-5e-05,lower clip -5e-05,signed,238,5.0607967,0.0,0.0
-5e-05,lower clip -5e-05,signed,239,5.1917033,0.0,0.0
-5e-05,lower clip -5e-05,signed,240,5.239723,0.0,0.0
-5e-05,lower clip -5e-05,signed,241,5.332272,0.0,0.0
-5e-05,lower clip -5e-05,signed,242,5.4228206,0.0,0.0
-5e-05,lower clip -5e-05,signed,243,5.458944,0.0,0.0
-5e-05,lower clip -5e-05,signed,244,5.4579024,0.0,0.0
-5e-05,lower clip -5e-05,signed,245,5.439857,0.0,0.0
-5e-05,lower clip -5e-05,signed,246,5.400177,0.0,0.0
-5e-05,lower clip -5e-05,signed,247,5.3360763,0.0,0.0
-5e-05,lower clip -5e-05,signed,248,5.2611938,0.0,0.0
-5e-05,lower clip -5e-05,signed,249,5.2290115,0.0,0.0
-5e-05,lower clip -5e-05,signed,250,5.1786337,0.0,0.0
-5e-05,lower clip -5e-05,signed,251,5.1324015,0.0,0.0
-5e-05,lower clip -5e-05,signed,252,5.0978475,0.0,0.0
-5e-05,lower clip -5e-05,signed,253,5.0793486,0.0,0.0
-5e-05,lower clip -5e-05,signed,254,5.0397515,0.0,0.0
-5e-05,lower clip -5e-05,signed,255,5.0141735,0.0,0.0
-5e-05,lower clip -5e-05,signed,256,4.973319,0.0,0.0
-5e-05,lower clip -5e-05,signed,257,4.942559,0.0,0.0
-5e-05,lower clip -5e-05,signed,258,4.9083524,0.0,0.0
-5e-05,lower clip -5e-05,signed,259,4.8721814,0.0,0.0
-5e-05,lower clip -5e-05,signed,260,4.8251624,0.0,0.0
-5e-05,lower clip -5e-05,signed,261,4.780809,0.0,0.0
-5e-05,lower clip -5e-05,signed,262,4.7504945,0.0,0.0
-5e-05,lower clip -5e-05,signed,263,4.7209907,0.0,0.0
-5e-05,lower clip -5e-05,signed,264,4.686161,0.0,0.0
-5e-05,lower clip -5e-05,signed,265,4.6475697,0.0,0.0
-5e-05,lower clip -5e-05,signed,266,4.6045156,0.0,0.0
-5e-05,lower clip -5e-05,signed,267,4.5775895,0.0,0.0
-5e-05,lower clip -5e-05,signed,268,4.5370417,0.0,0.0
-5e-05,lower clip -5e-05,signed,269,4.495352,0.0,0.0
-5e-05,lower clip -5e-05,signed,270,4.474672,0.0,0.0
-5e-05,lower clip -5e-05,signed,271,4.4395347,0.0,0.0
-5e-05,lower clip -5e-05,signed,272,4.4029593,0.0,0.0
-5e-05,lower clip -5e-05,signed,273,4.364584,0.0,0.0
-5e-05,lower clip -5e-05,signed,274,4.3363714,0.0,0.0
-5e-05,lower clip -5e-05,signed,275,4.2954164,0.0,0.0
-5e-05,lower clip -5e-05,signed,276,4.261989,0.0,0.0
-5e-05,lower clip -5e-05,signed,277,4.2283554,0.0,0.0
-5e-05,lower clip -5e-05,signed,278,4.19018,0.0,0.0
-5e-05,lower clip -5e-05,signed,279,4.1461763,0.0,0.0
-5e-05,lower clip -5e-05,signed,280,4.1289372,0.0,0.0
-5e-05,lower clip -5e-05,signed,281,4.0900917,0.0,0.0
-5e-05,lower clip -5e-05,signed,282,4.0515456,0.0,0.0
-5e-05,lower clip -5e-05,signed,283,4.011649,0.0,0.0
-5e-05,lower clip -5e-05,signed,284,3.975251,0.0,0.0
-5e-05,lower clip -5e-05,signed,285,3.9358015,0.0,0.0
-5e-05,lower clip -5e-05,signed,286,3.9093568,0.0,0.0
-5e-05,lower clip -5e-05,signed,287,3.8764942,0.0,0.0
-5e-05,lower clip -5e-05,signed,288,3.8420208,0.0,0.0
-5e-05,lower clip -5e-05,signed,289,3.78041,0.0,0.0
-5e-05,lower clip -5e-05,signed,290,3.8063443,0.0,0.0
-5e-05,lower clip -5e-05,signed,291,3.8409011,0.0,0.0
-5e-05,lower clip -5e-05,signed,292,3.8388736,0.0,0.0
-5e-05,lower clip -5e-05,signed,293,3.8686848,0.0,0.0
-5e-05,lower clip -5e-05,signed,294,3.9365437,0.0,0.0
-5e-05,lower clip -5e-05,signed,295,4.0480685,0.0,0.0
-5e-05,lower clip -5e-05,signed,296,4.050331,0.0,0.0
-5e-05,lower clip -5e-05,signed,297,4.0833564,0.0,0.0
-5e-05,lower clip -5e-05,signed,298,4.1850953,0.0,0.0
-5e-05,lower clip -5e-05,signed,299,4.2519894,0.0,0.0
-5e-05,lower clip -5e-05,signed,300,4.3182273,0.0,0.0
-5e-05,lower clip -5e-05,signed,301,4.434941,0.0,0.0
-5e-05,lower clip -5e-05,signed,302,4.6089764,0.0,0.0
-5e-05,lower clip -5e-05,signed,303,4.732902,0.0,0.0
-5e-05,lower clip -5e-05,signed,304,4.9212337,0.0,0.0
-5e-05,lower clip -5e-05,signed,305,5.0133533,0.0,0.0
-5e-05,lower clip -5e-05,signed,306,5.0925403,0.0,0.0
-5e-05,lower clip -5e-05,signed,307,5.2244334,0.0,0.0
-5e-05,lower clip -5e-05,signed,308,5.261245,0.0,0.0
-5e-05,lower clip -5e-05,signed,309,5.1579337,0.0,0.0
-5e-05,lower clip -5e-05,signed,310,5.143749,0.0,0.0
-5e-05,lower clip -5e-05,signed,311,5.234346,0.0,0.0
-5e-05,lower clip -5e-05,signed,312,5.3132815,0.0,0.0
-5e-05,lower clip -5e-05,signed,313,5.1567245,0.0,0.0
-5e-05,lower clip -5e-05,signed,314,5.046681,0.0,0.0
-5e-05,lower clip -5e-05,signed,315,4.9129925,0.0,0.0
-5e-05,lower clip -5e-05,signed,316,4.864366,0.0,0.0
-5e-05,lower clip -5e-05,signed,317,4.925697,0.0,0.0
-5e-05,lower clip -5e-05,signed,318,5.000857,0.0,0.0
-5e-05,lower clip -5e-05,signed,319,5.124048,0.0,0.0
-5e-05,lower clip -5e-05,signed,320,5.192412,0.0,0.0
-5e-05,lower clip -5e-05,signed,321,5.2463818,0.0,0.0
-5e-05,lower clip -5e-05,signed,322,5.351147,0.0,0.0
-5e-05,lower clip -5e-05,signed,323,5.5054665,0.0,0.0
-5e-05,lower clip -5e-05,signed,324,5.5772834,0.0,0.0
-5e-05,lower clip -5e-05,signed,325,5.4744973,0.0,0.0
-5e-05,lower clip -5e-05,signed,326,5.350094,0.0,0.0
-5e-05,lower clip -5e-05,signed,327,5.2151384,0.0,0.0
-5e-05,lower clip -5e-05,signed,328,5.263098,0.0,0.0
-5e-05,lower clip -5e-05,signed,329,5.4593034,0.0,0.0
-5e-05,lower clip -5e-05,signed,330,5.3822045,0.0,0.0
-5e-05,lower clip -5e-05,signed,331,5.3549824,0.0,0.0
-5e-05,lower clip -5e-05,signed,332,5.4145465,0.0,0.0
-5e-05,lower clip -5e-05,signed,333,5.4952464,0.0,0.0
-5e-05,lower clip -5e-05,signed,334,5.559831,0.0,0.0
-5e-05,lower clip -5e-05,signed,335,5.5732713,0.0,0.0
-5e-05,lower clip -5e-05,signed,336,5.5552773,0.0,0.0
-5e-05,lower clip -5e-05,signed,337,5.529564,0.0,0.0
-5e-05,lower clip -5e-05,signed,338,5.5378976,0.0,0.0
-5e-05,lower clip -5e-05,signed,339,5.707148,0.0,0.0
-5e-05,lower clip -5e-05,signed,340,5.7876496,0.0,0.0
-5e-05,lower clip -5e-05,signed,341,5.8029265,0.0,0.0
-5e-05,lower clip -5e-05,signed,342,5.9041657,0.0,0.0
-5e-05,lower clip -5e-05,signed,343,6.0535927,0.0,0.0
-5e-05,lower clip -5e-05,signed,344,6.211125,0.0,0.0
-5e-05,lower clip -5e-05,signed,345,6.386934,0.0,0.0
-5e-05,lower clip -5e-05,signed,346,6.329491,0.0,0.0
-5e-05,lower clip -5e-05,signed,347,6.295259,0.0,0.0
-5e-05,lower clip -5e-05,signed,348,6.362967,0.0,0.0
-5e-05,lower clip -5e-05,signed,349,6.3641715,0.0,0.0
-5e-05,lower clip -5e-05,signed,350,6.3553596,0.0,0.0
-5e-05,lower clip -5e-05,signed,351,6.2979507,0.0,0.0
-5e-05,lower clip -5e-05,signed,352,6.2945213,0.0,0.0
-5e-05,lower clip -5e-05,signed,353,6.2990265,0.0,0.0
-5e-05,lower clip -5e-05,signed,354,6.2994137,0.0,0.0
-5e-05,lower clip -5e-05,signed,355,6.3400617,0.0,0.0
-5e-05,lower clip -5e-05,signed,356,6.4903626,0.0,0.0
-5e-05,lower clip -5e-05,signed,357,6.609361,0.0,0.0
-5e-05,lower clip -5e-05,signed,358,6.6387916,0.0,0.0
-5e-05,lower clip -5e-05,signed,359,6.6463304,0.0,0.0
-5e-05,lower clip -5e-05,signed,360,6.630436,0.0,0.0
-5e-05,lower clip -5e-05,signed,361,6.6527314,0.0,0.0
-5e-05,lower clip -5e-05,signed,362,6.6200614,0.0,0.0
-5e-05,lower clip -5e-05,signed,363,6.6571965,0.0,0.0
-5e-05,lower clip -5e-05,signed,364,6.8138614,0.0,0.0
-5e-05,lower clip -5e-05,signed,365,6.927428,0.0,0.0
-5e-05,lower clip -5e-05,signed,366,6.9251323,0.0,0.0
-5e-05,lower clip -5e-05,signed,367,6.818092,0.0,0.0
-5e-05,lower clip -5e-05,signed,368,6.7219663,0.0,0.0
-5e-05,lower clip -5e-05,signed,369,6.729959,0.0,0.0
-5e-05,lower clip -5e-05,signed,370,6.79537,0.0,0.0
-5e-05,lower clip -5e-05,signed,371,6.7712464,0.0,0.0
-5e-05,lower clip -5e-05,signed,372,6.827511,0.0,0.0
-5e-05,lower clip -5e-05,signed,373,6.7269444,0.0,0.0
-5e-05,lower clip -5e-05,signed,374,6.688001,0.0,0.0
-5e-05,lower clip -5e-05,signed,375,6.589127,0.0,0.0
-5e-05,lower clip -5e-05,signed,376,6.505024,0.0,0.0
-5e-05,lower clip -5e-05,signed,377,6.586048,0.0,0.0
-5e-05,lower clip -5e-05,signed,378,6.785789,0.0,0.0
-5e-05,lower clip -5e-05,signed,379,6.983169,0.0,0.0
-5e-05,lower clip -5e-05,signed,380,6.969393,0.0,0.0
-5e-05,lower clip -5e-05,signed,381,6.962151,0.0,0.0
-5e-05,lower clip -5e-05,signed,382,6.960298,0.0,0.0
-5e-05,lower clip -5e-05,signed,383,6.802257,0.0,0.0
-5e-05,lower clip -5e-05,signed,384,6.789037,0.0,0.0
-5e-05,lower clip -5e-05,signed,385,6.798061,0.0,0.0
-5e-05,lower clip -5e-05,signed,386,6.8307757,0.0,0.0
-5e-05,lower clip -5e-05,signed,387,6.89809,0.0,0.0
-5e-05,lower clip -5e-05,signed,388,6.8337083,0.0,0.0
-5e-05,lower clip -5e-05,signed,389,6.7418194,0.0,0.0
-5e-05,lower clip -5e-05,signed,390,6.6458116,0.0,0.0
-5e-05,lower clip -5e-05,signed,391,6.552017,0.0,0.0
-5e-05,lower clip -5e-05,signed,392,6.4217277,0.0,0.0
-5e-05,lower clip -5e-05,signed,393,6.2952275,0.0,0.0
-5e-05,lower clip -5e-05,signed,394,6.254759,0.0,0.0
-5e-05,lower clip -5e-05,signed,395,6.1595693,0.0,0.0
-5e-05,lower clip -5e-05,signed,396,6.082599,0.0,0.0
-5e-05,lower clip -5e-05,signed,397,6.053816,0.0,0.0
-5e-05,lower clip -5e-05,signed,398,5.9907403,0.0,0.0
-5e-05,lower clip -5e-05,signed,399,5.926391,0.0,0.0
-5e-05,lower clip -5e-05,signed,400,5.882816,0.0,0.0
-5e-05,lower clip -5e-05,signed,401,5.8318467,0.0,0.0
-5e-05,lower clip -5e-05,signed,402,5.775686,0.0,0.0
-5e-05,lower clip -5e-05,signed,403,5.715792,0.0,0.0
-5e-05,lower clip -5e-05,signed,404,5.667599,0.0,0.0
-5e-05,lower clip -5e-05,signed,405,5.618406,0.0,0.0
-5e-05,lower clip -5e-05,signed,406,5.562281,0.0,0.0
-5e-05,lower clip -5e-05,signed,407,5.5122,0.0,0.0
-5e-05,lower clip -5e-05,signed,408,5.461504,0.0,0.0
-5e-05,lower clip -5e-05,signed,409,5.415773,0.0,0.0
-5e-05,lower clip -5e-05,signed,410,5.3747687,0.0,0.0
-5e-05,lower clip -5e-05,signed,411,5.321958,0.0,0.0
-5e-05,lower clip -5e-05,signed,412,5.28691,0.0,0.0
-5e-05,lower clip -5e-05,signed,413,5.240297,0.0,0.0
-5e-05,lower clip -5e-05,signed,414,5.2076173,0.0,0.0
-5e-05,lower clip -5e-05,signed,415,5.165626,0.0,0.0
-5e-05,lower clip -5e-05,signed,416,5.1255035,0.0,0.0
-5e-05,lower clip -5e-05,signed,417,5.087852,0.0,0.0
-5e-05,lower clip -5e-05,signed,418,5.050529,0.0,0.0
-5e-05,lower clip -5e-05,signed,419,5.0089054,0.0,0.0
-5e-05,lower clip -5e-05,signed,420,4.9936824,0.0,0.0
-5e-05,lower clip -5e-05,signed,421,4.963684,0.0,0.0
-5e-05,lower clip -5e-05,signed,422,4.927693,0.0,0.0
-5e-05,lower clip -5e-05,signed,423,4.8933296,0.0,0.0
-5e-05,lower clip -5e-05,signed,424,4.85377,0.0,0.0
-5e-05,lower clip -5e-05,signed,425,4.809729,0.0,0.0
-5e-05,lower clip -5e-05,signed,426,4.7744813,0.0,0.0
-5e-05,lower clip -5e-05,signed,427,4.738831,0.0,0.0
-5e-05,lower clip -5e-05,signed,428,4.7109876,0.0,0.0
-5e-05,lower clip -5e-05,signed,429,4.688227,0.0,0.0
-5e-05,lower clip -5e-05,signed,430,4.652532,0.0,0.0
-5e-05,lower clip -5e-05,signed,431,4.612348,0.0,0.0
5e-05,upper clip +5e-05,signed,0,-0.08173164,0.0,0.0
5e-05,upper clip +5e-05,signed,1,-0.0817567,0.0,0.0
5e-05,upper clip +5e-05,signed,2,-0.08178125,0.0,0.0
5e-05,upper clip +5e-05,signed,3,-0.08180532,0.0,0.0
5e-05,upper clip +5e-05,signed,4,-0.0818289,0.0,0.0
5e-05,upper clip +5e-05,signed,5,-0.08185201,0.0,0.0
5e-05,upper clip +5e-05,signed,6,-0.08187465,0.0,0.0
5e-05,upper clip +5e-05,signed,7,-0.08189685,0.0,0.0
5e-05,upper clip +5e-05,signed,8,-0.081918605,0.0,0.0
5e-05,upper clip +5e-05,signed,9,-0.08193991,0.0,0.0
5e-05,upper clip +5e-05,signed,10,-0.081960805,0.0,0.0
5e-05,upper clip +5e-05,signed,11,-0.08198128,0.0,0.0
5e-05,upper clip +5e-05,signed,12,-0.082001336,0.0,0.0
5e-05,upper clip +5e-05,signed,13,-0.082021005,0.0,0.0
5e-05,upper clip +5e-05,signed,14,-0.08204027,0.0,0.0
5e-05,upper clip +5e-05,signed,15,-0.08248488,0.0,0.0
5e-05,upper clip +5e-05,signed,16,-0.08305354,0.0,0.0
5e-05,upper clip +5e-05,signed,17,-0.08361081,0.0,0.0
5e-05,upper clip +5e-05,signed,18,-0.08415694,0.0,0.0
5e-05,upper clip +5e-05,signed,19,-0.08469214,0.0,0.0
5e-05,upper clip +5e-05,signed,20,-0.08521665,0.0,0.0
5e-05,upper clip +5e-05,signed,21,-0.085730664,0.0,0.0
5e-05,upper clip +5e-05,signed,22,-0.0862344,0.0,0.0
5e-05,upper clip +5e-05,signed,23,-0.08672806,0.0,0.0
5e-05,upper clip +5e-05,signed,24,-0.08721185,0.0,0.0
5e-05,upper clip +5e-05,signed,25,-0.08768595,0.0,0.0
5e-05,upper clip +5e-05,signed,26,-0.08815058,0.0,0.0
5e-05,upper clip +5e-05,signed,27,-0.08860592,0.0,0.0
5e-05,upper clip +5e-05,signed,28,-0.08905214,0.0,0.0
5e-05,upper clip +5e-05,signed,29,-0.08948945,0.0,0.0
5e-05,upper clip +5e-05,signed,30,-0.08991801,0.0,0.0
5e-05,upper clip +5e-05,signed,31,-0.09033799,0.0,0.0
5e-05,upper clip +5e-05,signed,32,-0.090749584,0.0,0.0
5e-05,upper clip +5e-05,signed,33,-0.091152936,0.0,0.0
5e-05,upper clip +5e-05,signed,34,-0.09154823,0.0,0.0
5e-05,upper clip +5e-05,signed,35,-0.091935605,0.0,0.0
5e-05,upper clip +5e-05,signed,36,-0.092315234,0.0,0.0
5e-05,upper clip +5e-05,signed,37,-0.09268729,0.0,0.0
5e-05,upper clip +5e-05,signed,38,-0.09305188,0.0,0.0
5e-05,upper clip +5e-05,signed,39,-0.09340919,0.0,0.0
5e-05,upper clip +5e-05,signed,40,-0.09375936,0.0,0.0
5e-05,upper clip +5e-05,signed,41,-0.094102524,0.0,0.0
5e-05,upper clip +5e-05,signed,42,-0.09443881,0.0,0.0
5e-05,upper clip +5e-05,signed,43,-0.09476838,0.0,0.0
5e-05,upper clip +5e-05,signed,44,-0.095091365,0.0,0.0
5e-05,upper clip +5e-05,signed,45,-0.09540788,0.0,0.0
5e-05,upper clip +5e-05,signed,46,-0.09571808,0.0,0.0
5e-05,upper clip +5e-05,signed,47,-0.09602206,0.0,0.0
5e-05,upper clip +5e-05,signed,48,-0.096319966,0.0,0.0
5e-05,upper clip +5e-05,signed,49,-0.09661192,0.0,0.0
5e-05,upper clip +5e-05,signed,50,-0.09689802,0.0,0.0
5e-05,upper clip +5e-05,signed,51,-0.0971784,0.0,0.0
5e-05,upper clip +5e-05,signed,52,-0.09745318,0.0,0.0
5e-05,upper clip +5e-05,signed,53,-0.09772247,0.0,0.0
5e-05,upper clip +5e-05,signed,54,-0.09798637,0.0,0.0
5e-05,upper clip +5e-05,signed,55,-0.09824499,0.0,0.0
5e-05,upper clip +5e-05,signed,56,-0.098498434,0.0,0.0
5e-05,upper clip +5e-05,signed,57,-0.098746814,0.0,0.0
5e-05,upper clip +5e-05,signed,58,-0.098990224,0.0,0.0
5e-05,upper clip +5e-05,signed,59,-0.09922876,0.0,0.0
5e-05,upper clip +5e-05,signed,60,-0.09946254,0.0,0.0
5e-05,upper clip +5e-05,signed,61,-0.09969163,0.0,0.0
5e-05,upper clip +5e-05,signed,62,-0.09991614,0.0,0.0
5e-05,upper clip +5e-05,signed,63,-0.10013617,0.0,0.0
5e-05,upper clip +5e-05,signed,64,-0.10035179,0.0,0.0
5e-05,upper clip +5e-05,signed,65,-0.10056311,0.0,0.0
5e-05,upper clip +5e-05,signed,66,-0.1007702,0.0,0.0
5e-05,upper clip +5e-05,signed,67,-0.10097313,0.0,0.0
5e-05,upper clip +5e-05,signed,68,-0.10117201,0.0,0.0
5e-05,upper clip +5e-05,signed,69,-0.10136693,0.0,0.0
5e-05,upper clip +5e-05,signed,70,-0.10155793,0.0,0.0
5e-05,upper clip +5e-05,signed,71,-0.10174512,0.0,0.0
5e-05,upper clip +5e-05,signed,72,-0.10192857,0.0,0.0
5e-05,upper clip +5e-05,signed,73,-0.10210834,0.0,0.0
5e-05,upper clip +5e-05,signed,74,-0.10228452,0.0,0.0
5e-05,upper clip +5e-05,signed,75,-0.10245717,0.0,0.0
5e-05,upper clip +5e-05,signed,76,-0.10262638,0.0,0.0
5e-05,upper clip +5e-05,signed,77,-0.1027922,0.0,0.0
5e-05,upper clip +5e-05,signed,78,-0.10295471,0.0,0.0
5e-05,upper clip +5e-05,signed,79,-0.10311395,0.0,0.0
5e-05,upper clip +5e-05,signed,80,-0.103270024,0.0,0.0
5e-05,upper clip +5e-05,signed,81,-0.10342297,0.0,0.0
5e-05,upper clip +5e-05,signed,82,-0.10357285,0.0,0.0
5e-05,upper clip +5e-05,signed,83,-0.10371975,0.0,0.0
5e-05,upper clip +5e-05,signed,84,-0.103863694,0.0,0.0
5e-05,upper clip +5e-05,signed,85,-0.10400477,0.0,0.0
5e-05,upper clip +5e-05,signed,86,-0.10414302,0.0,0.0
5e-05,upper clip +5e-05,signed,87,-0.10427851,0.0,0.0
5e-05,upper clip +5e-05,signed,88,-0.10441128,0.0,0.0
5e-05,upper clip +5e-05,signed,89,-0.1045414,0.0,0.0
5e-05,upper clip +5e-05,signed,90,-0.10466894,0.0,0.0
5e-05,upper clip +5e-05,signed,91,-0.1047939,0.0,0.0
5e-05,upper clip +5e-05,signed,92,-0.104916364,0.0,0.0
5e-05,upper clip +5e-05,signed,93,-0.105036385,0.0,0.0
5e-05,upper clip +5e-05,signed,94,-0.105154,0.0,0.0
5e-05,upper clip +5e-05,signed,95,-0.105269276,0.0,0.0
5e-05,upper clip +5e-05,signed,96,-0.105382234,0.0,0.0
5e-05,upper clip +5e-05,signed,97,-0.10538012,0.0,0.0
5e-05,upper clip +5e-05,signed,98,-0.105378,0.0,0.0
5e-05,upper clip +5e-05,signed,99,-0.10537589,0.0,0.0
5e-05,upper clip +5e-05,signed,100,-0.10537379,0.0,0.0
5e-05,upper clip +5e-05,signed,101,-0.10537168,0.0,0.0
5e-05,upper clip +5e-05,signed,102,-0.105369575,0.0,0.0
5e-05,upper clip +5e-05,signed,103,-0.105367474,0.0,0.0
5e-05,upper clip +5e-05,signed,104,-0.105365366,0.0,0.0
5e-05,upper clip +5e-05,signed,105,-0.10536327,0.0,0.0
5e-05,upper clip +5e-05,signed,106,-0.10536116,0.0,0.0
5e-05,upper clip +5e-05,signed,107,-0.10535907,0.0,0.0
5e-05,upper clip +5e-05,signed,108,-0.10535697,0.0,0.0
5e-05,upper clip +5e-05,signed,109,-0.10535488,0.0,0.0
5e-05,upper clip +5e-05,signed,110,-0.10535279,0.0,0.0
5e-05,upper clip +5e-05,signed,111,-0.105350696,0.0,0.0
5e-05,upper clip +5e-05,signed,112,-0.10534861,0.0,0.0
5e-05,upper clip +5e-05,signed,113,-0.10534652,0.0,0.0
5e-05,upper clip +5e-05,signed,114,-0.10534444,0.0,0.0
5e-05,upper clip +5e-05,signed,115,-0.10534235,0.0,0.0
5e-05,upper clip +5e-05,signed,116,-0.105340265,0.0,0.0
5e-05,upper clip +5e-05,signed,117,-0.10533818,0.0,0.0
5e-05,upper clip +5e-05,signed,118,-0.10533609,0.0,0.0
5e-05,upper clip +5e-05,signed,119,-0.10533402,0.0,0.0
5e-05,upper clip +5e-05,signed,120,-0.105331935,0.0,0.0
5e-05,upper clip +5e-05,signed,121,-0.10532987,0.0,0.0
5e-05,upper clip +5e-05,signed,122,-0.105327785,0.0,0.0
5e-05,upper clip +5e-05,signed,123,-0.10532572,0.0,0.0
5e-05,upper clip +5e-05,signed,124,-0.10532364,0.0,0.0
5e-05,upper clip +5e-05,signed,125,-0.10532158,0.0,0.0
5e-05,upper clip +5e-05,signed,126,-0.1053195,0.0,0.0
5e-05,upper clip +5e-05,signed,127,-0.10531744,0.0,0.0
5e-05,upper clip +5e-05,signed,128,-0.105315365,0.0,0.0
5e-05,upper clip +5e-05,signed,129,-0.1053133,0.0,0.0
5e-05,upper clip +5e-05,signed,130,-0.10531125,0.0,0.0
5e-05,upper clip +5e-05,signed,131,-0.10530919,0.0,0.0
5e-05,upper clip +5e-05,signed,132,-0.105307125,0.0,0.0
5e-05,upper clip +5e-05,signed,133,-0.10530507,0.0,0.0
5e-05,upper clip +5e-05,signed,134,-0.10530301,0.0,0.0
5e-05,upper clip +5e-05,signed,135,-0.105300955,0.0,0.0
5e-05,upper clip +5e-05,signed,136,-0.10529891,0.0,0.0
5e-05,upper clip +5e-05,signed,137,-0.10529685,0.0,0.0
5e-05,upper clip +5e-05,signed,138,-0.1052948,0.0,0.0
5e-05,upper clip +5e-05,signed,139,-0.10529276,0.0,0.0
5e-05,upper clip +5e-05,signed,140,-0.10529071,0.0,0.0
5e-05,upper clip +5e-05,signed,141,-0.105288655,0.0,0.0
5e-05,upper clip +5e-05,signed,142,-0.10528662,0.0,0.0
5e-05,upper clip +5e-05,signed,143,-0.10528457,0.0,0.0
5e-05,upper clip +5e-05,signed,144,-0.10528252,0.0,0.0
5e-05,upper clip +5e-05,signed,145,-0.10539522,0.0,0.0
5e-05,upper clip +5e-05,signed,146,-0.10550567,0.0,0.0
5e-05,upper clip +5e-05,signed,147,-0.105613895,0.0,0.0
5e-05,upper clip +5e-05,signed,148,-0.10571996,0.0,0.0
5e-05,upper clip +5e-05,signed,149,-0.10582391,0.0,0.0
5e-05,upper clip +5e-05,signed,150,-0.10592579,0.0,0.0
5e-05,upper clip +5e-05,signed,151,-0.106025614,0.0,0.0
5e-05,upper clip +5e-05,signed,152,-0.106123455,0.0,0.0
5e-05,upper clip +5e-05,signed,153,-0.10621933,0.0,0.0
5e-05,upper clip +5e-05,signed,154,-0.10631329,0.0,0.0
5e-05,upper clip +5e-05,signed,155,-0.10640537,0.0,0.0
5e-05,upper clip +5e-05,signed,156,-0.10649561,0.0,0.0
5e-05,upper clip +5e-05,signed,157,-0.10658404,0.0,0.0
5e-05,upper clip +5e-05,signed,158,-0.10667071,0.0,0.0
5e-05,upper clip +5e-05,signed,159,-0.106755644,0.0,0.0
5e-05,upper clip +5e-05,signed,160,-0.10683888,0.0,0.0
5e-05,upper clip +5e-05,signed,161,-0.10692045,0.0,0.0
5e-05,upper clip +5e-05,signed,162,-0.10700038,0.0,0.0
5e-05,upper clip +5e-05,signed,163,-0.10707872,0.0,0.0
5e-05,upper clip +5e-05,signed,164,-0.1071555,0.0,0.0
5e-05,upper clip +5e-05,signed,165,-0.10723073,0.0,0.0
5e-05,upper clip +5e-05,signed,166,-0.107304476,0.0,0.0
5e-05,upper clip +5e-05,signed,167,-0.107376724,0.0,0.0
5e-05,upper clip +5e-05,signed,168,-0.107447535,0.0,0.0
5e-05,upper clip +5e-05,signed,169,-0.10751694,0.0,0.0
5e-05,upper clip +5e-05,signed,170,-0.107584946,0.0,0.0
5e-05,upper clip +5e-05,signed,171,-0.10765159,0.0,0.0
5e-05,upper clip +5e-05,signed,172,-0.107716896,0.0,0.0
5e-05,upper clip +5e-05,signed,173,-0.10778091,0.0,0.0
5e-05,upper clip +5e-05,signed,174,-0.10784364,0.0,0.0
5e-05,upper clip +5e-05,signed,175,-0.10790511,0.0,0.0
5e-05,upper clip +5e-05,signed,176,-0.10796536,0.0,0.0
5e-05,upper clip +5e-05,signed,177,-0.108024396,0.0,0.0
5e-05,upper clip +5e-05,signed,178,-0.10808226,0.0,0.0
5e-05,upper clip +5e-05,signed,179,-0.108138956,0.0,0.0
5e-05,upper clip +5e-05,signed,180,-0.10819453,0.0,0.0
5e-05,upper clip +5e-05,signed,181,-0.10824899,0.0,0.0
5e-05,upper clip +5e-05,signed,182,-0.108302355,0.0,0.0
5e-05,upper clip +5e-05,signed,183,-0.10835465,0.0,0.0
5e-05,upper clip +5e-05,signed,184,-0.10840591,0.0,0.0
5e-05,upper clip +5e-05,signed,185,-0.108456135,0.0,0.0
5e-05,upper clip +5e-05,signed,186,-0.10850536,0.0,0.0
5e-05,upper clip +5e-05,signed,187,-0.108553596,0.0,0.0
5e-05,upper clip +5e-05,signed,188,-0.10860088,0.0,0.0
5e-05,upper clip +5e-05,signed,189,-0.108647205,0.0,0.0
5e-05,upper clip +5e-05,signed,190,-0.10869261,0.0,0.0
5e-05,upper clip +5e-05,signed,191,-0.1087371,0.0,0.0
5e-05,upper clip +5e-05,signed,192,-0.108780704,0.0,0.0
5e-05,upper clip +5e-05,signed,193,-0.10882344,0.0,0.0
5e-05,upper clip +5e-05,signed,194,-0.10886532,0.0,0.0
5e-05,upper clip +5e-05,signed,195,-0.10890636,0.0,0.0
5e-05,upper clip +5e-05,signed,196,-0.108946584,0.0,0.0
5e-05,upper clip +5e-05,signed,197,-0.10898599,0.0,0.0
5e-05,upper clip +5e-05,signed,198,-0.109024614,0.0,0.0
5e-05,upper clip +5e-05,signed,199,-0.10906247,0.0,0.0
5e-05,upper clip +5e-05,signed,200,-0.10909957,0.0,0.0
5e-05,upper clip +5e-05,signed,201,-0.109135926,0.0,0.0
5e-05,upper clip +5e-05,signed,202,-0.10917156,0.0,0.0
5e-05,upper clip +5e-05,signed,203,-0.10920647,0.0,0.0
5e-05,upper clip +5e-05,signed,204,-0.10924069,0.0,0.0
5e-05,upper clip +5e-05,signed,205,-0.109274216,0.0,0.0
5e-05,upper clip +5e-05,signed,206,-0.10930708,0.0,0.0
5e-05,upper clip +5e-05,signed,207,-0.10933929,0.0,0.0
5e-05,upper clip +5e-05,signed,208,-0.10937085,0.0,0.0
5e-05,upper clip +5e-05,signed,209,-0.109401785,0.0,0.0
5e-05,upper clip +5e-05,signed,210,-0.109432094,0.0,0.0
5e-05,upper clip +5e-05,signed,211,-0.10946179,0.0,0.0
5e-05,upper clip +5e-05,signed,212,-0.10949091,0.0,0.0
5e-05,upper clip +5e-05,signed,213,-0.10951943,0.0,0.0
5e-05,upper clip +5e-05,signed,214,-0.1095474,0.0,0.0
5e-05,upper clip +5e-05,signed,215,-0.109574795,0.0,0.0
5e-05,upper clip +5e-05,signed,216,-0.10960165,0.0,0.0
5e-05,upper clip +5e-05,signed,217,-0.10962796,0.0,0.0
5e-05,upper clip +5e-05,signed,218,-0.10965375,0.0,0.0
5e-05,upper clip +5e-05,signed,219,-0.10967902,0.0,0.0
5e-05,upper clip +5e-05,signed,220,-0.10970378,0.0,0.0
5e-05,upper clip +5e-05,signed,221,-0.10972806,0.0,0.0
5e-05,upper clip +5e-05,signed,222,-0.10975184,0.0,0.0
5e-05,upper clip +5e-05,signed,223,-0.10977515,0.0,0.0
5e-05,upper clip +5e-05,signed,224,-0.10979799,0.0,0.0
5e-05,upper clip +5e-05,signed,225,-0.10982039,0.0,0.0
5e-05,upper clip +5e-05,signed,226,-0.10984232,0.0,0.0
5e-05,upper clip +5e-05,signed,227,-0.10986382,0.0,0.0
5e-05,upper clip +5e-05,signed,228,-0.109884895,0.0,0.0
5e-05,upper clip +5e-05,signed,229,-0.10990554,0.0,0.0
5e-05,upper clip +5e-05,signed,230,-0.10992578,0.0,0.0
5e-05,upper clip +5e-05,signed,231,-0.1099456,0.0,0.0
5e-05,upper clip +5e-05,signed,232,-0.10996505,0.0,0.0
5e-05,upper clip +5e-05,signed,233,-0.10998409,0.0,0.0
5e-05,upper clip +5e-05,signed,234,-0.110002756,0.0,0.0
5e-05,upper clip +5e-05,signed,235,-0.110021055,0.0,0.0
5e-05,upper clip +5e-05,signed,236,-0.11003897,0.0,0.0
5e-05,upper clip +5e-05,signed,237,-0.11005654,0.0,0.0
5e-05,upper clip +5e-05,signed,238,-0.11007375,0.0,0.0
5e-05,upper clip +5e-05,signed,239,-0.110090636,0.0,0.0
5e-05,upper clip +5e-05,signed,240,-0.11010716,0.0,0.0
5e-05,upper clip +5e-05,signed,241,-0.11010686,0.0,0.0
5e-05,upper clip +5e-05,signed,242,-0.11010658,0.0,0.0
5e-05,upper clip +5e-05,signed,243,-0.11010629,0.0,0.0
5e-05,upper clip +5e-05,signed,244,-0.11010599,0.0,0.0
5e-05,upper clip +5e-05,signed,245,-0.11010569,0.0,0.0
5e-05,upper clip +5e-05,signed,246,-0.1101054,0.0,0.0
5e-05,upper clip +5e-05,signed,247,-0.11010512,0.0,0.0
5e-05,upper clip +5e-05,signed,248,-0.11010482,0.0,0.0
5e-05,upper clip +5e-05,signed,249,-0.11010453,0.0,0.0
5e-05,upper clip +5e-05,signed,250,-0.11010424,0.0,0.0
5e-05,upper clip +5e-05,signed,251,-0.11010394,0.0,0.0
5e-05,upper clip +5e-05,signed,252,-0.11010366,0.0,0.0
5e-05,upper clip +5e-05,signed,253,-0.11010337,0.0,0.0
5e-05,upper clip +5e-05,signed,254,-0.11010307,0.0,0.0
5e-05,upper clip +5e-05,signed,255,-0.11010278,0.0,0.0
5e-05,upper clip +5e-05,signed,256,-0.1101025,0.0,0.0
5e-05,upper clip +5e-05,signed,257,-0.11010221,0.0,0.0
5e-05,upper clip +5e-05,signed,258,-0.110101916,0.0,0.0
5e-05,upper clip +5e-05,signed,259,-0.11010162,0.0,0.0
5e-05,upper clip +5e-05,signed,260,-0.110101335,0.0,0.0
5e-05,upper clip +5e-05,signed,261,-0.110101044,0.0,0.0
5e-05,upper clip +5e-05,signed,262,-0.11010077,0.0,0.0
5e-05,upper clip +5e-05,signed,263,-0.11010047,0.0,0.0
5e-05,upper clip +5e-05,signed,264,-0.11010019,0.0,0.0
5e-05,upper clip +5e-05,signed,265,-0.11009989,0.0,0.0
5e-05,upper clip +5e-05,signed,266,-0.110099606,0.0,0.0
5e-05,upper clip +5e-05,signed,267,-0.110099316,0.0,0.0
5e-05,upper clip +5e-05,signed,268,-0.11009904,0.0,0.0
5e-05,upper clip +5e-05,signed,269,-0.11009874,0.0,0.0
5e-05,upper clip +5e-05,signed,270,-0.11009846,0.0,0.0
5e-05,upper clip +5e-05,signed,271,-0.110098176,0.0,0.0
5e-05,upper clip +5e-05,signed,272,-0.110097885,0.0,0.0
5e-05,upper clip +5e-05,signed,273,-0.110097595,0.0,0.0
5e-05,upper clip +5e-05,signed,274,-0.11009731,0.0,0.0
5e-05,upper clip +5e-05,signed,275,-0.11009702,0.0,0.0
5e-05,upper clip +5e-05,signed,276,-0.110096745,0.0,0.0
5e-05,upper clip +5e-05,signed,277,-0.110096455,0.0,0.0
5e-05,upper clip +5e-05,signed,278,-0.110096164,0.0,0.0
5e-05,upper clip +5e-05,signed,279,-0.11009588,0.0,0.0
5e-05,upper clip +5e-05,signed,280,-0.1100956,0.0,0.0
5e-05,upper clip +5e-05,signed,281,-0.110095315,0.0,0.0
5e-05,upper clip +5e-05,signed,282,-0.110095024,0.0,0.0
5e-05,upper clip +5e-05,signed,283,-0.11009475,0.0,0.0
5e-05,upper clip +5e-05,signed,284,-0.11009446,0.0,0.0
5e-05,upper clip +5e-05,signed,285,-0.11009418,0.0,0.0
5e-05,upper clip +5e-05,signed,286,-0.11009389,0.0,0.0
5e-05,upper clip +5e-05,signed,287,-0.110093616,0.0,0.0
5e-05,upper clip +5e-05,signed,288,-0.11009333,0.0,0.0
5e-05,upper clip +5e-05,signed,289,-0.110109806,0.0,0.0
5e-05,upper clip +5e-05,signed,290,-0.11012596,0.0,0.0
5e-05,upper clip +5e-05,signed,291,-0.110141784,0.0,0.0
5e-05,upper clip +5e-05,signed,292,-0.1101573,0.0,0.0
5e-05,upper clip +5e-05,signed,293,-0.1101725,0.0,0.0
5e-05,upper clip +5e-05,signed,294,-0.11018739,0.0,0.0
5e-05,upper clip +5e-05,signed,295,-0.11020199,0.0,0.0
5e-05,upper clip +5e-05,signed,296,-0.1102163,0.0,0.0
5e-05,upper clip +5e-05,signed,297,-0.11023033,0.0,0.0
5e-05,upper clip +5e-05,signed,298,-0.11024406,0.0,0.0
5e-05,upper clip +5e-05,signed,299,-0.11025753,0.0,0.0
5e-05,upper clip +5e-05,signed,300,-0.110270716,0.0,0.0
5e-05,upper clip +5e-05,signed,301,-0.11028365,0.0,0.0
5e-05,upper clip +5e-05,signed,302,-0.11029633,0.0,0.0
5e-05,upper clip +5e-05,signed,303,-0.110308744,0.0,0.0
5e-05,upper clip +5e-05,signed,304,-0.110320926,0.0,0.0
5e-05,upper clip +5e-05,signed,305,-0.11033285,0.0,0.0
5e-05,upper clip +5e-05,signed,306,-0.11034454,0.0,0.0
5e-05,upper clip +5e-05,signed,307,-0.110355996,0.0,0.0
5e-05,upper clip +5e-05,signed,308,-0.110367216,0.0,0.0
5e-05,upper clip +5e-05,signed,309,-0.11037823,0.0,0.0
5e-05,upper clip +5e-05,signed,310,-0.11038902,0.0,0.0
5e-05,upper clip +5e-05,signed,311,-0.110399574,0.0,0.0
5e-05,upper clip +5e-05,signed,312,-0.11040994,0.0,0.0
5e-05,upper clip +5e-05,signed,313,-0.11042008,0.0,0.0
5e-05,upper clip +5e-05,signed,314,-0.110430025,0.0,0.0
5e-05,upper clip +5e-05,signed,315,-0.11043977,0.0,0.0
5e-05,upper clip +5e-05,signed,316,-0.11044932,0.0,0.0
5e-05,upper clip +5e-05,signed,317,-0.11045868,0.0,0.0
5e-05,upper clip +5e-05,signed,318,-0.11046785,0.0,0.0
5e-05,upper clip +5e-05,signed,319,-0.110476844,0.0,0.0
5e-05,upper clip +5e-05,signed,320,-0.11048565,0.0,0.0
5e-05,upper clip +5e-05,signed,321,-0.110494286,0.0,0.0
5e-05,upper clip +5e-05,signed,322,-0.11050275,0.0,0.0
5e-05,upper clip +5e-05,signed,323,-0.11051104,0.0,0.0
5e-05,upper clip +5e-05,signed,324,-0.11051917,0.0,0.0
5e-05,upper clip +5e-05,signed,325,-0.110527135,0.0,0.0
5e-05,upper clip +5e-05,signed,326,-0.110534936,0.0,0.0
5e-05,upper clip +5e-05,signed,327,-0.11054259,0.0,0.0
5e-05,upper clip +5e-05,signed,328,-0.110550076,0.0,0.0
5e-05,upper clip +5e-05,signed,329,-0.11055743,0.0,0.0
5e-05,upper clip +5e-05,signed,330,-0.11056463,0.0,0.0
5e-05,upper clip +5e-05,signed,331,-0.110571675,0.0,0.0
5e-05,upper clip +5e-05,signed,332,-0.11057859,0.0,0.0
5e-05,upper clip +5e-05,signed,333,-0.11058536,0.0,0.0
5e-05,upper clip +5e-05,signed,334,-0.11059201,0.0,0.0
5e-05,upper clip +5e-05,signed,335,-0.11059851,0.0,0.0
5e-05,upper clip +5e-05,signed,336,-0.110607415,0.0,0.0
5e-05,upper clip +5e-05,signed,337,-0.110620596,0.0,0.0
5e-05,upper clip +5e-05,signed,338,-0.110633515,0.0,0.0
5e-05,upper clip +5e-05,signed,339,-0.11064616,0.0,0.0
5e-05,upper clip +5e-05,signed,340,-0.11065856,0.0,0.0
5e-05,upper clip +5e-05,signed,341,-0.11067072,0.0,0.0
5e-05,upper clip +5e-05,signed,342,-0.11068263,0.0,0.0
5e-05,upper clip +5e-05,signed,343,-0.11069431,0.0,0.0
5e-05,upper clip +5e-05,signed,344,-0.11070574,0.0,0.0
5e-05,upper clip +5e-05,signed,345,-0.11071696,0.0,0.0
5e-05,upper clip +5e-05,signed,346,-0.11072794,0.0,0.0
5e-05,upper clip +5e-05,signed,347,-0.1107387,0.0,0.0
5e-05,upper clip +5e-05,signed,348,-0.11074925,0.0,0.0
5e-05,upper clip +5e-05,signed,349,-0.11075961,0.0,0.0
5e-05,upper clip +5e-05,signed,350,-0.11076974,0.0,0.0
5e-05,upper clip +5e-05,signed,351,-0.110779665,0.0,0.0
5e-05,upper clip +5e-05,signed,352,-0.110789396,0.0,0.0
5e-05,upper clip +5e-05,signed,353,-0.11079893,0.0,0.0
5e-05,upper clip +5e-05,signed,354,-0.11080828,0.0,0.0
5e-05,upper clip +5e-05,signed,355,-0.11081744,0.0,0.0
5e-05,upper clip +5e-05,signed,356,-0.11082641,0.0,0.0
5e-05,upper clip +5e-05,signed,357,-0.11083522,0.0,0.0
5e-05,upper clip +5e-05,signed,358,-0.11084384,0.0,0.0
5e-05,upper clip +5e-05,signed,359,-0.11085229,0.0,0.0
5e-05,upper clip +5e-05,signed,360,-0.110860564,0.0,0.0
5e-05,upper clip +5e-05,signed,361,-0.110868685,0.0,0.0
5e-05,upper clip +5e-05,signed,362,-0.11087664,0.0,0.0
5e-05,upper clip +5e-05,signed,363,-0.11088443,0.0,0.0
5e-05,upper clip +5e-05,signed,364,-0.110892065,0.0,0.0
5e-05,upper clip +5e-05,signed,365,-0.110899545,0.0,0.0
5e-05,upper clip +5e-05,signed,366,-0.11090688,0.0,0.0
5e-05,upper clip +5e-05,signed,367,-0.110914074,0.0,0.0
5e-05,upper clip +5e-05,signed,368,-0.110921115,0.0,0.0
5e-05,upper clip +5e-05,signed,369,-0.11092802,0.0,0.0
5e-05,upper clip +5e-05,signed,370,-0.110934794,0.0,0.0
5e-05,upper clip +5e-05,signed,371,-0.11094142,0.0,0.0
5e-05,upper clip +5e-05,signed,372,-0.110947914,0.0,0.0
5e-05,upper clip +5e-05,signed,373,-0.110954285,0.0,0.0
5e-05,upper clip +5e-05,signed,374,-0.11096052,0.0,0.0
5e-05,upper clip +5e-05,signed,375,-0.110966645,0.0,0.0
5e-05,upper clip +5e-05,signed,376,-0.110972635,0.0,0.0
5e-05,upper clip +5e-05,signed,377,-0.11097851,0.0,0.0
5e-05,upper clip +5e-05,signed,378,-0.110984266,0.0,0.0
5e-05,upper clip +5e-05,signed,379,-0.110989906,0.0,0.0
5e-05,upper clip +5e-05,signed,380,-0.110995434,0.0,0.0
5e-05,upper clip +5e-05,signed,381,-0.11100084,0.0,0.0
5e-05,upper clip +5e-05,signed,382,-0.11100616,0.0,0.0
5e-05,upper clip +5e-05,signed,383,-0.111011356,0.0,0.0
5e-05,upper clip +5e-05,signed,384,-0.11101645,0.0,0.0
5e-05,upper clip +5e-05,signed,385,-0.11101648,0.0,0.0
5e-05,upper clip +5e-05,signed,386,-0.111016504,0.0,0.0
5e-05,upper clip +5e-05,signed,387,-0.111016534,0.0,0.0
5e-05,upper clip +5e-05,signed,388,-0.11101655,0.0,0.0
5e-05,upper clip +5e-05,signed,389,-0.11101658,0.0,0.0
5e-05,upper clip +5e-05,signed,390,-0.11101661,0.0,0.0
5e-05,upper clip +5e-05,signed,391,-0.11101663,0.0,0.0
5e-05,upper clip +5e-05,signed,392,-0.11101665,0.0,0.0
5e-05,upper clip +5e-05,signed,393,-0.11101668,0.0,0.0
5e-05,upper clip +5e-05,signed,394,-0.11101671,0.0,0.0
5e-05,upper clip +5e-05,signed,395,-0.11101673,0.0,0.0
5e-05,upper clip +5e-05,signed,396,-0.11101676,0.0,0.0
5e-05,upper clip +5e-05,signed,397,-0.11101678,0.0,0.0
5e-05,upper clip +5e-05,signed,398,-0.11101681,0.0,0.0
5e-05,upper clip +5e-05,signed,399,-0.11101683,0.0,0.0
5e-05,upper clip +5e-05,signed,400,-0.11101686,0.0,0.0
5e-05,upper clip +5e-05,signed,401,-0.11101688,0.0,0.0
5e-05,upper clip +5e-05,signed,402,-0.11101691,0.0,0.0
5e-05,upper clip +5e-05,signed,403,-0.11101693,0.0,0.0
5e-05,upper clip +5e-05,signed,404,-0.11101696,0.0,0.0
5e-05,upper clip +5e-05,signed,405,-0.11101698,0.0,0.0
5e-05,upper clip +5e-05,signed,406,-0.11101701,0.0,0.0
5e-05,upper clip +5e-05,signed,407,-0.111017026,0.0,0.0
5e-05,upper clip +5e-05,signed,408,-0.11101705,0.0,0.0
5e-05,upper clip +5e-05,signed,409,-0.11101708,0.0,0.0
5e-05,upper clip +5e-05,signed,410,-0.11101711,0.0,0.0
5e-05,upper clip +5e-05,signed,411,-0.11101713,0.0,0.0
5e-05,upper clip +5e-05,signed,412,-0.11101716,0.0,0.0
5e-05,upper clip +5e-05,signed,413,-0.111017175,0.0,0.0
5e-05,upper clip +5e-05,signed,414,-0.111017205,0.0,0.0
5e-05,upper clip +5e-05,signed,415,-0.11101723,0.0,0.0
5e-05,upper clip +5e-05,signed,416,-0.11101726,0.0,0.0
5e-05,upper clip +5e-05,signed,417,-0.11101729,0.0,0.0
5e-05,upper clip +5e-05,signed,418,-0.11101731,0.0,0.0
5e-05,upper clip +5e-05,signed,419,-0.111017324,0.0,0.0
5e-05,upper clip +5e-05,signed,420,-0.111017354,0.0,0.0
5e-05,upper clip +5e-05,signed,421,-0.111017376,0.0,0.0
5e-05,upper clip +5e-05,signed,422,-0.111017406,0.0,0.0
5e-05,upper clip +5e-05,signed,423,-0.11101743,0.0,0.0
5e-05,upper clip +5e-05,signed,424,-0.11101746,0.0,0.0
5e-05,upper clip +5e-05,signed,425,-0.11101747,0.0,0.0
5e-05,upper clip +5e-05,signed,426,-0.1110175,0.0,0.0
5e-05,upper clip +5e-05,signed,427,-0.111017525,0.0,0.0
5e-05,upper clip +5e-05,signed,428,-0.111017555,0.0,0.0
5e-05,upper clip +5e-05,signed,429,-0.11101758,0.0,0.0
5e-05,upper clip +5e-05,signed,430,-0.11101761,0.0,0.0
5e-05,upper clip +5e-05,signed,431,-0.11101762,0.0,0.0
